marker,allMean,activeMean,activeFrames,frames,activeFraction,calls,selfMean,selfActiveMean,p95,activeP95,max,peakCall,peakFrame,peakWholeFrame,frames3,frames16,wrapper,transparentAlias,selfMax,selfActiveP95
PlayerLoop,33.42485479294155,33.42485479294155,1194,1194,1.0,1194,0.2687970775942285,0.2687970775942285,35.075469970703125,35.075469970703125,90.19291687011719,90.19291687011719,729,90.23799896240234,1194,1194,True,False,0.9657241830609564,0.361918508875533
TimeStubTemplate`1,0.11727325931959552,0.11727325931959552,1194,1194,1.0,33432,0.038480520984467,0.038480520984467,0.17265599424717948,0.17265599424717948,0.3003139946376905,0.18468700349330902,504,32.99399948120117,0,0,True,False,0.19333499571075663,0.05609400029061362
UnityEngine.CoreModule.dll!::UpdateFunction.Invoke(),4.303429955944608,4.303429955944608,1194,1194,1.0,40596,0.1045208036979468,0.1045208036979468,6.673544994730037,6.673544994730037,10.65098594117444,6.4760942459106445,547,36.79600143432617,1066,0,True,False,0.3089029578550253,0.14823161970707588
EarlyUpdate.GpuTimestamp,9.208793913112123e-05,9.208793913112123e-05,1194,1194,1.0,1194,9.208793913112123e-05,9.208793913112123e-05,0.00020799999765586108,0.00020799999765586108,0.00046900002053007483,0.00046900002053007483,74,31.610000610351562,0,0,True,False,0.00046900002053007483,0.00020799999765586108
EarlyUpdate.AnalyticsCoreStatsUpdate,0.0008117554359191832,0.0008117554359191832,1194,1194,1.0,1194,0.0008117554359191832,0.0008117554359191832,0.001197999925352633,0.001197999925352633,0.006823000032454729,0.006823000032454729,241,32.952999114990234,0,0,True,False,0.006823000032454729,0.001197999925352633
EarlyUpdate.UnityWebRequestUpdate,0.00038529062387026485,0.00038529062387026485,1194,1194,1.0,1194,0.00038529062387026485,0.00038529062387026485,0.0006769999745301902,0.0006769999745301902,0.0018229999113827944,0.0018229999113827944,95,43.25699996948242,0,0,True,False,0.0018229999113827944,0.0006769999745301902
EarlyUpdate.ExecuteMainThreadJobs,0.008153839175467702,0.008153839175467702,1194,1194,1.0,1194,0.008153839175467702,0.008153839175467702,0.012916999869048595,0.012916999869048595,0.2004689872264862,0.2004689872264862,347,33.74599838256836,0,0,True,False,0.2004689872264862,0.012916999869048595
EarlyUpdate.ProcessMouseInWindow,0.0016054388391024822,0.0016054388391024822,1194,1194,1.0,1194,0.0016054388391024822,0.0016054388391024822,0.002604000037536025,0.002604000037536025,0.007188000250607729,0.007188000250607729,522,36.15800094604492,0,0,True,False,0.007188000250607729,0.002604000037536025
EarlyUpdate.ClearLines,8.458626411818268e-05,8.458626411818268e-05,1194,1194,1.0,1194,8.458626411818268e-05,8.458626411818268e-05,0.00015700000221841037,0.00015700000221841037,0.0005729999975301325,0.0005729999975301325,924,32.731998443603516,0,0,True,False,0.0005729999975301325,0.00015700000221841037
EarlyUpdate.PresentBeforeUpdate,0.00010197822408293085,0.00010197822408293085,1194,1194,1.0,1194,0.00010197822408293085,0.00010197822408293085,0.00026000000070780516,0.00026000000070780516,0.0007810000097379088,0.0007810000097379088,1113,32.97999954223633,0,0,True,False,0.0007810000097379088,0.00026000000070780516
EarlyUpdate.ResetFrameStatsAfterPresent,9.811138995887806e-05,9.811138995887806e-05,1194,1194,1.0,1194,9.811138995887806e-05,9.811138995887806e-05,0.00020900000527035445,0.00020900000527035445,0.0006769999745301902,0.0006769999745301902,1131,34.14699935913086,0,0,True,False,0.0006769999745301902,0.00020900000527035445
EarlyUpdate.UpdateAsyncReadbackManager,0.0005443450597098188,0.0005443450597098188,1194,1194,1.0,1194,0.0005443450597098188,0.0005443450597098188,0.0008329999982379377,0.0008329999982379377,0.0043750000186264515,0.0043750000186264515,825,33.24800109863281,0,0,True,False,0.0043750000186264515,0.0008329999982379377
EarlyUpdate.UpdateStreamingManager,0.016999361807655176,0.016999361807655176,1194,1194,1.0,1194,0.016999361807655176,0.016999361807655176,0.051823001354932785,0.051823001354932785,0.1603650003671646,0.1603650003671646,980,34.334999084472656,0,0,True,False,0.1603650003671646,0.051823001354932785
EarlyUpdate.UpdateTextureStreamingManager,0.40455039063315695,0.40455039063315695,1194,1194,1.0,1194,0.0006536918082329097,0.0006536918082329097,0.6954169869422913,0.6954169869422913,1.077760934829712,1.077760934829712,560,34.07600021362305,0,0,True,True,0.0023959875106811523,0.0011449754238128662
TextureStreamingManager.Update,0.403896698824924,0.403896698824924,1194,1194,1.0,1194,0.05303416993308417,0.05303416993308417,0.6947919726371765,0.6947919726371765,1.0759899616241455,1.0759899616241455,560,34.07600021362305,0,0,False,False,0.3702599605785508,0.0886459699140687
TextureStreamingManager.LoadMipLevels,0.00017914907958329666,0.00017914907958329666,1194,1194,1.0,1194,0.00017914907958329666,0.00017914907958329666,0.0002610000083222985,0.0002610000083222985,0.06755200028419495,0.06755200028419495,399,32.85900115966797,0,0,False,False,0.06755200028419495,0.0002610000083222985
TextureStreamingManager.UpdateRenderers,0.35068337981225656,0.35068337981225656,1194,1194,1.0,1194,0.3506798881873991,0.3506798881873991,0.636510968208313,0.636510968208313,1.0220839977264404,1.0220839977264404,560,34.07600021362305,0,0,False,False,1.0220839977264404,0.636510968208313
EarlyUpdate.UpdatePreloading,0.03664917914431629,0.03664917914431629,1194,1194,1.0,1194,0.00027931731648998993,0.00027931731648998993,0.1028130054473877,0.1028130054473877,0.2571359872817993,0.2571359872817993,719,33.55699920654297,0,0,True,True,0.0017710011452436447,0.0005719996988773346
Loading.UpdatePreloading,0.036369861827826304,0.036369861827826304,1194,1194,1.0,1194,0.0007030009093165547,0.0007030009093165547,0.10239499807357788,0.10239499807357788,0.2567189931869507,0.2567189931869507,719,33.55699920654297,0,0,False,True,0.0020310012623667717,0.001042000949382782
UpdatePreloading,0.03566686091850975,0.03566686091850975,1194,1194,1.0,1194,0.0006427745866375528,0.0006427745866375528,0.10161499679088593,0.10161499679088593,0.2562499940395355,0.2562499940395355,719,33.55699920654297,0,0,False,True,0.002916000783443451,0.0010409997776150703
Application.Integrate Assets in Background,0.0350240863318722,0.0350240863318722,1194,1194,1.0,1194,0.0010395712318190201,0.0010395712318190201,0.10109400004148483,0.10109400004148483,0.25557300448417664,0.25557300448417664,719,33.55699920654297,0,0,False,False,0.03770800249185413,0.001509999536210671
Preload Single Step,0.03373303519703457,0.03373303519703457,1194,1194,1.0,1194,0.0021867052245073152,0.0021867052245073152,0.09958399832248688,0.09958399832248688,0.25416702032089233,0.25416702032089233,719,33.55699920654297,0,0,False,False,0.1341660050675273,0.0028650015592575073
Gfx.RunRenderingThread,0.12367652914979396,0.12367652914979396,1194,1194,1.0,4777,0.12367652914979396,0.12367652914979396,0.2345320014283061,0.2345320014283061,0.4577609742991626,0.4478129744529724,704,34.82699966430664,0,0,False,False,0.4577609742991626,0.2345320014283061
suspendPointHook.Invoke,0.00025147990301860595,0.00025147990301860595,1194,1194,1.0,1194,0.00025147990301860595,0.00025147990301860595,0.00041700000292621553,0.00041700000292621553,0.0014589999336749315,0.0014589999336749315,1069,31.707000732421875,0,0,False,False,0.0014589999336749315,0.00041700000292621553
EarlyUpdate.RendererNotifyInvisible,0.002456262133531179,0.002456262133531179,1194,1194,1.0,1194,0.002456262133531179,0.002456262133531179,0.004426999948918819,0.004426999948918819,0.07062499970197678,0.07062499970197678,453,32.590999603271484,0,0,True,False,0.07062499970197678,0.004426999948918819
EarlyUpdate.PlayerCleanupCachedData,0.006138250416018369,0.006138250416018369,1194,1194,1.0,1194,0.00026041710471587766,0.00026041710471587766,0.008750000037252903,0.008750000037252903,0.20229099690914154,0.20229099690914154,104,38.46900177001953,0,0,True,False,0.01427099946886301,0.0004170006141066551
Cleanup Unused Cached Data,0.005877833311302491,0.005877833311302491,1194,1194,1.0,1194,0.0002841658446036117,0.0002841658446036117,0.008280999958515167,0.008280999958515167,0.20213499665260315,0.20213499665260315,104,38.46900177001953,0,0,False,False,0.0015620002523064613,0.00046900007873773575
PlayerCleanupCachedData,0.005593667466698879,0.005593667466698879,1194,1194,1.0,1194,0.0016063743468761676,0.0016063743468761676,0.00786499958485365,0.00786499958485365,0.20177099108695984,0.20177099108695984,104,38.46900177001953,0,0,False,False,0.19546799117233604,0.001979999942705035
RenderTexture.GarbageCollectTemporary,0.0029606607963348205,0.0029606607963348205,1194,1194,1.0,1194,0.0029606607963348205,0.0029606607963348205,0.004686999600380659,0.004686999600380659,0.010312999598681927,0.010312999598681927,985,34.01300048828125,0,0,False,False,0.010312999598681927,0.004686999600380659
CleanUp.TextRenderingGarbageCollect,0.0010266323234878912,0.0010266323234878912,1194,1194,1.0,1194,0.0010266323234878912,0.0010266323234878912,0.0013539999490603805,0.0013539999490603805,0.15390600264072418,0.15390600264072418,1189,34.99700164794922,0,0,False,False,0.15390600264072418,0.0013539999490603805
EarlyUpdate.UpdateCanvasRectTransform,0.05326067423837968,0.05326067423837968,1194,1194,1.0,1194,0.05326067423837968,0.05326067423837968,0.09234300255775452,0.09234300255775452,0.24171899259090424,0.24171899259090424,138,33.1609992980957,0,0,True,False,0.24171899259090424,0.09234300255775452
EarlyUpdate.XRUpdate,0.000976925456063382,0.000976925456063382,1194,1194,1.0,1194,0.000976925456063382,0.000976925456063382,0.0014070000033825636,0.0014070000033825636,0.0034370000939816236,0.0034370000939816236,220,32.73400115966797,0,0,True,False,0.0034370000939816236,0.0014070000033825636
EarlyUpdate.UpdateInputManager,0.005184386906579099,0.005184386906579099,1194,1194,1.0,1194,0.005184386906579099,0.005184386906579099,0.006823000032454729,0.006823000032454729,0.0997919961810112,0.0997919961810112,636,33.03200149536133,0,0,True,False,0.0997919961810112,0.006823000032454729
EarlyUpdate.ScriptRunDelayedStartupFrame,0.0026866658253870573,0.0026866658253870573,1194,1194,1.0,1194,0.0007580175966552266,0.0007580175966552266,0.0029159998521208763,0.0029159998521208763,0.09614600241184235,0.09614600241184235,12,30.913000106811523,0,0,True,False,0.07703100005164742,0.0011460002278909087
CoroutinesDelayedCalls,0.522877585669718,0.522877585669718,1194,1194,1.0,6108,0.017578917367780323,0.017578917367780323,0.665936017918284,0.665936017918284,65.122393493657,65.05489349365234,729,90.23799896240234,4,1,False,False,0.24130200928630074,0.02145899056631606
EarlyUpdate.TangoUpdate,0.000539191792041878,0.000539191792041878,1194,1194,1.0,1194,0.000539191792041878,0.000539191792041878,0.0008329999982379377,0.0008329999982379377,0.0018229999113827944,0.0018229999113827944,54,33.62099838256836,0,0,True,False,0.0018229999113827944,0.0008329999982379377
EarlyUpdate.DispatchEventQueueEvents,0.00082854103057437,0.00082854103057437,1194,1194,1.0,1194,0.0002551658227965885,0.0002551658227965885,0.0010420000180602074,0.0010420000180602074,0.07567699998617172,0.07567699998617172,1159,33.33100128173828,0,0,True,False,0.0749480000231415,0.0003649999853223562
GlobalEventQueue,0.0005733752077777815,0.0005733752077777815,1194,1194,1.0,1194,0.0005733752077777815,0.0005733752077777815,0.0008329999982379377,0.0008329999982379377,0.001614999957382679,0.001614999957382679,714,32.04999923706055,0,0,False,False,0.001614999957382679,0.0008329999982379377
EarlyUpdate.PhysicsResetInterpolatedTransformPosition,0.0017351172241654132,0.0017351172241654132,1194,1194,1.0,1194,0.00021428642825202445,0.00021428642825202445,0.0023950000759214163,0.0023950000759214163,0.005156000144779682,0.005156000144779682,545,34.20399856567383,0,0,True,False,0.002031999872997403,0.00041600014083087444
Physics.Interpolation,0.0017816465447894321,0.0017816465447894321,1194,1194,1.0,2388,0.0017816465447894321,0.0017816465447894321,0.002498999980161898,0.002498999980161898,0.004063000014866702,0.003854000009596348,270,33.39799880981445,0,0,False,False,0.004063000014866702,0.002498999980161898
EarlyUpdate.SpriteAtlasManagerUpdate,0.0004475762192337098,0.0004475762192337098,1194,1194,1.0,1194,0.0004475762192337098,0.0004475762192337098,0.0006249999860301614,0.0006249999860301614,0.03744800016283989,0.03744800016283989,4,33.547000885009766,0,0,True,False,0.03744800016283989,0.0006249999860301614
EarlyUpdate.PerformanceAnalyticsUpdate,0.0004870829161914581,0.0004870829161914581,1194,1194,1.0,1194,0.0004870829161914581,0.0004870829161914581,0.0003650000144261867,0.0003650000144261867,0.17192700505256653,0.17192700505256653,525,32.198001861572266,0,0,True,False,0.17192700505256653,0.0003650000144261867
FixedUpdate.ClearLines,9.183919515160039e-05,9.183919515160039e-05,1194,1194,1.0,1332,9.183919515160039e-05,9.183919515160039e-05,0.00015699999858043157,0.00015699999858043157,0.0003640000068116933,0.0003640000068116933,451,33.69300079345703,0,0,True,False,0.0003640000068116933,0.00015699999858043157
FixedUpdate.NewInputFixedUpdate,0.006864025141697508,0.006864025141697508,1194,1194,1.0,1332,0.003814823328951936,0.003814823328951936,0.008802000433206558,0.008802000433206558,0.0951559990644455,0.0951559990644455,26,33.275001525878906,0,0,True,False,0.09083399892551824,0.005000000179279596
UnityEngine.InputModule.dll!UnityEngineInternal.Input::NativeInputSystem.ShouldRunUpdate(),0.003520582868144358,0.003520582868144358,1194,1194,1.0,3720,0.003520582868144358,0.003520582868144358,0.0045830000744899735,0.0045830000744899735,0.0373950012944988,0.03468700125813484,697,33.81999969482422,0,0,False,False,0.0373950012944988,0.0045830000744899735
UnityEngine.InputModule.dll!UnityEngineInternal.Input::NativeInputSystem.NotifyBeforeUpdate(),0.0014657880929495161,0.0014657880929495161,1194,1194,1.0,3720,0.0014657880929495161,0.0014657880929495161,0.0018759999802568927,0.0018759999802568927,0.00380199992650887,0.003020999953150749,112,32.93899917602539,0,0,False,False,0.00380199992650887,0.0018759999802568927
UnityEngine.InputModule.dll!UnityEngineInternal.Input::NativeInputSystem.NotifyUpdate(),0.0013229631642367667,0.0013229631642367667,1194,1194,1.0,3720,0.0013229631642367667,0.0013229631642367667,0.0015109999731066637,0.0015109999731066637,0.09838600334478542,0.09718800336122513,243,33.33599853515625,0,0,False,False,0.09838600334478542,0.0015109999731066637
FixedUpdate.DirectorFixedSampleTime,0.00038333417492132524,0.00038333417492132524,1194,1194,1.0,1332,0.00038333417492132524,0.00038333417492132524,0.0006769999745301902,0.0006769999745301902,0.0031769999768584967,0.0031769999768584967,586,32.49399948120117,0,0,True,False,0.0031769999768584967,0.0006769999745301902
FixedUpdate.AudioFixedUpdate,0.001499905343274929,0.001499905343274929,1194,1194,1.0,1332,0.0011020778697297029,0.0011020778697297029,0.001979999942705035,0.001979999942705035,0.08286500233225524,0.08145800232887268,184,33.78900146484375,0,0,True,False,0.08192700232029893,0.0014579999260604382
AudioManager.FixedUpdate,0.00039782747354522626,0.00039782747354522626,1194,1194,1.0,1332,0.00039782747354522626,0.00039782747354522626,0.0007300000143004581,0.0007300000143004581,0.001927000004798174,0.001927000004798174,19,33.87699890136719,0,0,False,False,0.001927000004798174,0.0007300000143004581
FixedUpdate.ScriptRunBehaviourFixedUpdate,0.002200597130186104,0.002200597130186104,1194,1194,1.0,1332,0.0019005895871915242,0.0019005895871915242,0.002761000010650605,0.002761000010650605,0.0825520008802414,0.0825520008802414,679,34.22999954223633,0,0,True,False,0.08203200087882578,0.00234500014630612
FixedBehaviourUpdate,0.00030000754299457967,0.00030000754299457967,1194,1194,1.0,1332,0.00030000754299457967,0.00030000754299457967,0.0004690000059781596,0.0004690000059781596,0.0014579999260604382,0.0014579999260604382,424,35.06999969482422,0,0,False,False,0.0014579999260604382,0.0004690000059781596
FixedUpdate.DirectorFixedUpdate,0.0018145452005187302,0.0018145452005187302,1194,1194,1.0,1332,0.0012454907547596382,0.0012454907547596382,0.002343999978620559,0.002343999978620559,0.0933850035071373,0.0933850035071373,1134,34.51900100708008,0,0,True,False,0.09286500349116977,0.0016150000301422551
Director.PrepareFrame,0.0029432252979872896,0.0029432252979872896,1194,1194,1.0,8634,0.0029432252979872896,0.0029432252979872896,0.003698000011354452,0.003698000011354452,0.14749799968922161,0.1463019996881485,267,30.486000061035156,0,0,False,False,0.14749799968922161,0.003698000011354452
Director.ProcessFrame,0.001746278067295505,0.001746278067295505,1194,1194,1.0,8634,0.001746278067295505,0.001746278067295505,0.00197899997147033,0.00197899997147033,0.06734599644914852,0.06624999642372131,325,33.67300033569336,0,0,False,False,0.06734599644914852,0.00197899997147033
FixedUpdate.LegacyFixedAnimationUpdate,0.0004821574595394664,0.0004821574595394664,1194,1194,1.0,1332,0.0004821574595394664,0.0004821574595394664,0.00062600000819657,0.00062600000819657,0.048333000391721725,0.048333000391721725,453,32.590999603271484,0,0,True,False,0.048333000391721725,0.00062600000819657
FixedUpdate.XRFixedUpdate,0.00010675041845857697,0.00010675041845857697,1194,1194,1.0,1332,0.00010675041845857697,0.00010675041845857697,0.00020899999799439684,0.00020899999799439684,0.0012499999720603228,0.0012499999720603228,939,34.59700012207031,0,0,True,False,0.0012499999720603228,0.00020899999799439684
FixedUpdate.PhysicsFixedUpdate,0.000112442210760723,0.000112442210760723,1194,1194,1.0,1332,0.000112442210760723,0.000112442210760723,0.00026000000070780516,0.00026000000070780516,0.0011979999944742303,0.001145999995060265,58,32.900001525878906,0,0,True,False,0.0011979999944742303,0.00026000000070780516
FixedUpdate.Physics2DFixedUpdate,0.0037635075236211253,0.0037635075236211253,1194,1194,1.0,1332,0.0015921264784870797,0.0015921264784870797,0.004842999915126711,0.004842999915126711,0.06104100123047829,0.06104100123047829,242,33.66400146484375,0,0,True,False,0.005052000225987285,0.002187000005505979
Physics2D.Simulate,0.0021713810451340454,0.0021713810451340454,1194,1194,1.0,1332,0.001037874346609903,0.001037874346609903,0.0029170000925660133,0.0029170000925660133,0.05916599929332733,0.05916599929332733,242,33.66400146484375,0,0,False,False,0.017709000734612346,0.0015109999512787908
Physics2D.SyncTransformChanges,0.0011335066985241427,0.0011335066985241427,1194,1194,1.0,1332,0.0003435410290820094,0.0003435410290820094,0.0015099999436642975,0.0015099999436642975,0.057812001556158066,0.057812001556158066,242,33.66400146484375,0,0,False,False,0.0019270024495199323,0.0006239999747776892
Physics2D.SyncRigidbodyTransformChanges,0.00034638693987335727,0.00034638693987335727,1194,1194,1.0,1332,0.00034638693987335727,0.00034638693987335727,0.0005729999975301325,0.0005729999975301325,0.00229199999012053,0.00229199999012053,939,34.59700012207031,0,0,False,False,0.00229199999012053,0.0005729999975301325
Physics2D.SyncColliderTransformChanges,0.00044357872956877586,0.00044357872956877586,1194,1194,1.0,1332,0.00044357872956877586,0.00044357872956877586,0.0005729999975301325,0.0005729999975301325,0.05562499910593033,0.05562499910593033,242,33.66400146484375,0,0,False,False,0.05562499910593033,0.0005729999975301325
FixedUpdate.DirectorFixedUpdatePostPhysics,0.0006330410481738301,0.0006330410481738301,1194,1194,1.0,1332,0.00044532496925894153,0.00044532496925894153,0.0009380000410601497,0.0009380000410601497,0.10447899918654002,0.10401099920272827,365,33.02799987792969,0,0,True,False,0.1039589991705725,0.0006250000442378223
FixedUpdate.ScriptRunDelayedFixedFrameRate,0.0003668006777521956,0.0003668006777521956,1194,1194,1.0,1332,0.00017574204684933648,0.00017574204684933648,0.0006250000151339918,0.0006250000151339918,0.0022400000016205013,0.001927000004798174,365,33.02799987792969,0,0,True,False,0.000886000067112036,0.0003640000068116933
PreUpdate.PhysicsUpdate,0.000491385262974708,0.000491385262974708,1194,1194,1.0,1194,0.00023056951409866457,0.00023056951409866457,0.0006769999745301902,0.0006769999745301902,0.0018749999580904841,0.0018749999580904841,356,33.49100112915039,0,0,True,False,0.0014579999988200143,0.0003659999929368496
PreUpdate.Physics2DUpdate,0.0007434790545272667,0.0007434790545272667,1194,1194,1.0,1194,0.0005598835754246779,0.0005598835754246779,0.0009380000410601497,0.0009380000410601497,0.09161499887704849,0.09161499887704849,68,32.96799850463867,0,0,True,False,0.09151099887822056,0.0007809999988239724
Physics2D.InterpolatePoses,0.0001835954791025888,0.0001835954791025888,1194,1194,1.0,1194,0.0001835954791025888,0.0001835954791025888,0.0003129999968223274,0.0003129999968223274,0.000989000080153346,0.000989000080153346,226,33.590999603271484,0,0,False,False,0.000989000080153346,0.0003129999968223274
PreUpdate.CheckTexFieldInput,0.0001969455632608707,0.0001969455632608707,1194,1194,1.0,1194,0.0001969455632608707,0.0001969455632608707,0.0003129999968223274,0.0003129999968223274,0.0010939999483525753,0.0010939999483525753,277,32.67100143432617,0,0,True,False,0.0010939999483525753,0.0003129999968223274
PreUpdate.IMGUISendQueuedEvents,0.0014192855724500543,0.0014192855724500543,1194,1194,1.0,1194,0.0014192855724500543,0.0014192855724500543,0.0020309998653829098,0.0020309998653829098,0.035624999552965164,0.035624999552965164,991,33.22700119018555,0,0,True,False,0.035624999552965164,0.0020309998653829098
PreUpdate.NewInputUpdate,0.0011800025117667814,0.0011800025117667814,1194,1194,1.0,1194,0.0007232353359182857,0.0007232353359182857,0.0012499999720603228,0.0012499999720603228,0.09854099899530411,0.09854099899530411,243,33.33599853515625,0,0,True,False,0.019479998976748902,0.0008859999652486295
PreUpdate.SendMouseEvents,0.042649551013943236,0.042649551013943236,1194,1194,1.0,1194,0.00017263298507910876,0.00017263298507910876,0.05338499695062637,0.05338499695062637,0.24333299696445465,0.24333299696445465,325,33.67300033569336,0,0,True,True,0.000626005232334137,0.0002610012888908386
Monobehaviour.OnMouse_,0.04247691802886413,0.04247691802886413,1194,1194,1.0,1194,0.0013986618478019632,0.0013986618478019632,0.05322900041937828,0.05322900041937828,0.24296899139881134,0.24296899139881134,325,33.67300033569336,0,0,False,False,0.00411500409245491,0.001927003264427185
UnityEngine.InputLegacyModule.dll!UnityEngine::SendMouseEvents.DoSendMouseEvents(),0.041078256181062166,0.041078256181062166,1194,1194,1.0,1194,0.03285681143534691,0.03285681143534691,0.05161500349640846,0.05161500349640846,0.24161501228809357,0.24161501228809357,325,33.67300033569336,0,0,False,False,0.22067699496255955,0.040781998344755266
Transform.GetScene,0.005297734508660486,0.005297734508660486,1194,1194,1.0,41832,0.005297734508660486,0.005297734508660486,0.00797000005695736,0.00797000005695736,0.1327090070299164,0.12916600704193115,740,33.35499954223633,0,0,False,False,0.1327090070299164,0.00797000005695736
Physics.Raycast,0.007460706886728926,0.007460706886728926,1194,1194,1.0,2388,0.006881657470033466,0.006881657470033466,0.009323000034783036,0.009323000034783036,0.06067700160201639,0.05932300165295601,313,33.10100173950195,0,0,False,False,0.059792001578898635,0.008594000013545156
Physics.SyncRigidbodyTransform,0.0003693425495012391,0.0003693425495012391,1194,1194,1.0,2388,0.0003693425495012391,0.0003693425495012391,0.0005210000017541461,0.0005210000017541461,0.0020310000036261044,0.001927000004798174,422,32.972999572753906,0,0,False,False,0.0020310000036261044,0.0005210000017541461
Physics.SyncColliderTransform,0.0002097068671942203,0.0002097068671942203,1194,1194,1.0,2388,0.0002097068671942203,0.0002097068671942203,0.000313000004098285,0.000313000004098285,0.0010419999598525465,0.0007289999630302191,939,34.59700012207031,0,0,False,False,0.0010419999598525465,0.000313000004098285
Physics2D.GetRayIntersection,0.0003382303206814062,0.0003382303206814062,1194,1194,1.0,2388,0.0003382303206814062,0.0003382303206814062,0.0005210000017541461,0.0005210000017541461,0.03135399895836599,0.0309899989515543,15,31.27400016784668,0,0,False,False,0.03135399895836599,0.0005210000017541461
PreUpdate.AIUpdate,0.005723840036972346,0.005723840036972346,1194,1194,1.0,1194,0.002336587163948663,0.002336587163948663,0.00723999971523881,0.00723999971523881,0.10348999500274658,0.10348999500274658,725,34.62900161743164,0,0,True,False,0.0986459949053824,0.003124000155366957
UnityEngine.AIModule.dll!UnityEngine.AI::NavMesh.Internal_CallOnNavMeshPreUpdate(),0.0015181733373175429,0.0015181733373175429,1194,1194,1.0,1194,0.0015181733373175429,0.0015181733373175429,0.0020840000361204147,0.0020840000361204147,0.0041149999015033245,0.0041149999015033245,761,33.8650016784668,0,0,False,False,0.0041149999015033245,0.0020840000361204147
NavMeshManager,0.004188754558327281,0.004188754558327281,1194,1194,1.0,2388,0.003749030098842435,0.003749030098842435,0.005260000005364418,0.005260000005364418,0.11708299489691854,0.11515599489212036,238,33.233001708984375,0,0,False,False,0.11656299489550292,0.004687999869929627
Carving.ApplyResults,0.00043972445948484666,0.00043972445948484666,1194,1194,1.0,1194,0.00043972445948484666,0.00043972445948484666,0.0006779999821446836,0.0006779999821446836,0.00229199999012053,0.00229199999012053,861,32.69900131225586,0,0,False,False,0.00229199999012053,0.0006779999821446836
PreUpdate.WindUpdate,0.0011953634696554743,0.0011953634696554743,1194,1194,1.0,1194,0.0011953634696554743,0.0011953634696554743,0.0016670000040903687,0.0016670000040903687,0.0034379998687654734,0.0034379998687654734,132,32.733001708984375,0,0,True,False,0.0034379998687654734,0.0016670000040903687
PreUpdate.UpdateVideo,0.004011254583702265,0.004011254583702265,1194,1194,1.0,1194,0.0031807838926430896,0.0031807838926430896,0.005104000214487314,0.005104000214487314,0.07708299905061722,0.07708299905061722,961,33.683998107910156,0,0,True,False,0.07609299902105704,0.004061999963596463
VideoPlayer.Update,0.0008304706910591755,0.0008304706910591755,1194,1194,1.0,2388,0.0006438894522782398,0.0006438894522782398,0.001145999995060265,0.001145999995060265,0.002239999972516671,0.0018749999580904841,697,33.81999969482422,0,0,False,False,0.0020309999490564223,0.0009370000188937411
VideoPlayer.InvokeScriptCallbacks,0.00018658123878093568,0.00018658123878093568,1194,1194,1.0,2388,0.00018658123878093568,0.00018658123878093568,0.00041700000292621553,0.00041700000292621553,0.0015109999949345365,0.0014059999957680702,53,33.3129997253418,0,0,False,False,0.0015109999949345365,0.00041700000292621553
Update.ScriptRunBehaviourUpdate,8.754593937440934,8.754593937440934,1194,1194,1.0,1194,0.0018430171500098964,0.0018430171500098964,13.595728874206543,13.595728874206543,22.889375686645508,22.889375686645508,628,60.51300048828125,1194,6,True,True,0.0711979866027832,0.0022907257080078125
BehaviourUpdate,8.752750920290923,8.752750920290923,1194,1194,1.0,1194,0.10963905893365017,0.10963905893365017,13.593801498413086,13.593801498413086,22.887187957763672,22.887187957763672,628,60.51300048828125,1194,6,True,False,0.3429669257820933,0.15916275708150351
UnityEngine.UI.dll!UnityEngine.EventSystems::EventSystem.Update(),0.02802195392199597,0.02802195392199597,1194,1194,1.0,1194,0.02297924622391012,0.02297924622391012,0.03463499993085861,0.03463499993085861,0.2219270020723343,0.2219270020723343,725,34.62900161743164,0,0,False,False,0.21635500201955438,0.028697998262941837
m_CurrentInputModule.Process,0.005042707698085849,0.005042707698085849,1194,1194,1.0,1194,0.005042707698085849,0.005042707698085849,0.005885000340640545,0.005885000340640545,0.08401000499725342,0.08401000499725342,1081,32.28499984741211,0,0,False,False,0.08401000499725342,0.005885000340640545
UnityEngine.UI.dll!UnityEngine.UI::UGuiMgr.Update(),0.020084154108068103,0.020084154108068103,1194,1194,1.0,1194,0.020082583756289563,0.020082583756289563,0.02505199983716011,0.02505199983716011,0.15770798921585083,0.15770798921585083,1109,33.1619987487793,0,0,False,False,0.15770798921585083,0.02505199983716011
Wwise.dll!::AkAudioListener.Update(),0.001747163290889556,0.001747163290889556,1194,1194,1.0,1194,0.001747163290889556,0.001747163290889556,0.0023440001532435417,0.0023440001532435417,0.0045830002054572105,0.0045830002054572105,227,32.54399871826172,0,0,False,False,0.0045830002054572105,0.0023440001532435417
Wwise.dll!::AkGameObj.Update(),0.008244735325185092,0.008244735325185092,1194,1194,1.0,2388,0.008244735325185092,0.008244735325185092,0.009948000079020858,0.009948000079020858,0.12739699892699718,0.12531299889087677,728,33.67100143432617,0,0,False,False,0.12739699892699718,0.009948000079020858
ChinaSDK.dll!GCloud::ApolloObjectManager.Update(),0.013161252095197114,0.013161252095197114,1194,1194,1.0,1194,0.013161252095197114,0.013161252095197114,0.030105000361800194,0.030105000361800194,0.19828100502490997,0.19828100502490997,551,33.69900131225586,0,0,False,False,0.19828100502490997,0.030105000361800194
ChinaSDK.dll!GCloud.MSDK::MSDKMessageCenter.Update(),0.005254838341290141,0.005254838341290141,1194,1194,1.0,1194,0.005254838341290141,0.005254838341290141,0.006718999706208706,0.006718999706208706,0.09734400361776352,0.09734400361776352,761,33.8650016784668,0,0,False,False,0.09734400361776352,0.006718999706208706
TBU.SDK.dll!::PermissionManager.Update(),0.001517751228888761,0.001517751228888761,1194,1194,1.0,1194,0.001517751228888761,0.001517751228888761,0.001927000004798174,0.001927000004798174,0.07578099519014359,0.07578099519014359,502,32.54800033569336,0,0,False,False,0.07578099519014359,0.001927000004798174
ChinaSDK.dll!com.tencent.mna::MnaMessageCenter.Update(),0.0020813684831268095,0.0020813684831268095,1194,1194,1.0,1194,0.0020813684831268095,0.0020813684831268095,0.0027609998360276222,0.0027609998360276222,0.07073000073432922,0.07073000073432922,300,33.29399871826172,0,0,False,False,0.07073000073432922,0.0027609998360276222
Assembly-CSharp-firstpass.dll!::PocoManager.Update(),0.058535541900725324,0.058535541900725324,1194,1194,1.0,1194,0.002195893680767298,0.002195893680767298,0.07682299613952637,0.07682299613952637,0.9983850121498108,0.9983850121498108,612,33.13199996948242,0,0,False,False,0.10078100115060806,0.002709001302719116
pocomanager,0.05633964821995802,0.05633964821995802,1194,1194,1.0,1194,0.05548054687437683,0.05548054687437683,0.07239600270986557,0.07239600270986557,0.9956250190734863,0.9956250190734863,612,33.13199996948242,0,0,False,False,0.9799990189967502,0.07161399662436452
GC.Alloc,0.12573113193298813,0.12573113193298813,1194,1194,1.0,736244,0.12573113193298813,0.12573113193298813,0.2285809958812024,0.2285809958812024,0.6173880005881074,0.3466149866580963,628,60.51300048828125,0,0,False,False,0.6173880005881074,0.2285809958812024
AOE.dll!AOE::DeviceScreenShotCallback.Update(),0.0018198274423963418,0.0018198274423963418,1194,1194,1.0,1194,0.0018198274423963418,0.0018198274423963418,0.0024480000138282776,0.0024480000138282776,0.00760400015860796,0.00760400015860796,448,32.9379997253418,0,0,False,False,0.00760400015860796,0.0024480000138282776
AOE.dll!AOE::AndroidActivityResolution.Update(),0.08947025949581584,0.08947025949581584,1194,1194,1.0,1194,0.08850824357561313,0.08850824357561313,0.1321360021829605,0.1321360021829605,0.719635009765625,0.719635009765625,940,28.78499984741211,0,0,False,False,0.7185410097517888,0.13073000217264052
Unity.RenderPipelines.Core.Runtime.dll!UnityEngine.Rendering::DebugUpdater.Update(),0.025061930479853098,0.025061930479853098,1194,1194,1.0,1194,0.025061930479853098,0.025061930479853098,0.02864599972963333,0.02864599972963333,0.31416699290275574,0.31416699290275574,209,33.59600067138672,0,0,False,False,0.31416699290275574,0.02864599972963333
UnityEngine.UI.dll!UnityEngine.UI::CanvasScaler.Update(),0.008707906181535604,0.008707906181535604,1194,1194,1.0,1194,0.008707906181535604,0.008707906181535604,0.0107810003682971,0.0107810003682971,0.09312500059604645,0.09312500059604645,755,34.10200119018555,0,0,False,False,0.09312500059604645,0.0107810003682971
UnityEngine.UI.dll!UnityEngine.UI::UGUIUpdateMgr.Update(),0.005825771335251099,0.005825771335251099,1194,1194,1.0,1194,0.004609881049195434,0.004609881049195434,0.011301999911665916,0.011301999911665916,0.16197900474071503,0.16197900474071503,629,31.104999542236328,0,0,False,False,0.1524990051984787,0.006041999440640211
UGUIUpdateCallback,0.001215890286055665,0.001215890286055665,1194,1194,1.0,1194,0.0012136214418099142,0.0012136214418099142,0.006718999706208706,0.006718999706208706,0.12583300471305847,0.12583300471305847,1023,33.255001068115234,0,0,False,False,0.12583300471305847,0.006718999706208706
ChinaSDK.dll!GCloud.TGPA::TGPAGameComponent.Update(),0.000617020103477497,0.000617020103477497,1194,1194,1.0,1194,0.000617020103477497,0.000617020103477497,0.0007289999630302191,0.0007289999630302191,0.09119799733161926,0.09119799733161926,327,33.71500015258789,0,0,False,False,0.09119799733161926,0.0007289999630302191
AOE.dll!AOE.Video::SingleVideoPlayer.Update(),0.0028349765468879415,0.0028349765468879415,1194,1194,1.0,1194,0.0028349765468879415,0.0028349765468879415,0.003490000031888485,0.003490000031888485,0.11468800157308578,0.11468800157308578,441,32.89400100708008,0,0,False,False,0.11468800157308578,0.003490000031888485
UnityEngine.UI.dll!UnityEngine.UI.Extensions::ListBoxItem.Update(),0.004449236206880964,0.004449236206880964,1194,1194,1.0,27462,0.004449236206880964,0.004449236206880964,0.005940000126429368,0.005940000126429368,0.12432300160435261,0.11958400160074234,273,33.54800033569336,0,0,False,False,0.12432300160435261,0.005940000126429368
AOE.dll!::CustomGridMatMgr.Update(),0.0006159078687018171,0.0006159078687018171,1194,1194,1.0,1194,0.0006159078687018171,0.0006159078687018171,0.0008849999867379665,0.0008849999867379665,0.0020830000285059214,0.0020830000285059214,283,33.224998474121094,0,0,False,False,0.0020830000285059214,0.0008849999867379665
TBU.Rendering.dll!AOE::AoETextureStreamingManager.Update(),0.09755154851343564,0.09755154851343564,1194,1194,1.0,1194,0.09699363812406031,0.09699363812406031,0.12760399281978607,0.12760399281978607,0.447812020778656,0.447812020778656,193,33.569000244140625,0,0,False,False,0.44677002080425154,0.12723899281263584
AOE.dll!::WorldTileStreaming.Update(),0.0028051708431908987,0.0028051708431908987,1194,1194,1.0,1194,0.0028051708431908987,0.0028051708431908987,0.003541999962180853,0.003541999962180853,0.14864599704742432,0.14864599704742432,1120,32.9739990234375,0,0,False,False,0.14864599704742432,0.003541999962180853
UnityEngine.UI.dll!UnityEngine.UI::Toggle.Update(),0.0022285284865443777,0.0022285284865443777,1194,1194,1.0,8358,0.0022285284865443777,0.0022285284865443777,0.002916000026743859,0.002916000026743859,0.03646000016306061,0.03500000014901161,719,33.55699920654297,0,0,False,False,0.03646000016306061,0.002916000026743859
AOE.dll!::VxToggleAutoAnimation.Update(),0.002427208547096156,0.002427208547096156,1194,1194,1.0,7164,0.002427208547096156,0.002427208547096156,0.0031249999738065526,0.0031249999738065526,0.07781100372812944,0.07546800374984741,1124,33.03300094604492,0,0,False,False,0.07781100372812944,0.0031249999738065526
UnityEngine.UI.dll!UnityEngine.UI.Extensions::ImageEx.Update(),0.0009649932977646045,0.0009649932977646045,1194,1194,1.0,2388,0.0009649932977646045,0.0009649932977646045,0.0013010000548092648,0.0013010000548092648,0.044114999516750686,0.04390599951148033,515,34.91299819946289,0,0,False,False,0.044114999516750686,0.0013010000548092648
UnityEngine.UI.dll!UnityEngine.UI.Extensions::ListBox.Update(),0.001145041887351759,0.001145041887351759,1194,1194,1.0,5970,0.001145041887351759,0.001145041887351759,0.0016660000183037482,0.0016660000183037482,0.0048960001149680465,0.002187000121921301,502,32.54800033569336,0,0,False,False,0.0048960001149680465,0.0016660000183037482
AOE.dll!::WatermarkUI.Update(),0.011664603873884533,0.011664603873884533,1194,1194,1.0,1194,0.011664603873884533,0.011664603873884533,0.013593999668955803,0.013593999668955803,0.3029170036315918,0.3029170036315918,598,31.016000747680664,0,0,False,False,0.3029170036315918,0.013593999668955803
AOE.dll!::TerrainVT_MeshToVT.Update(),0.00285292041542202,0.00285292041542202,1194,1194,1.0,1194,0.00285292041542202,0.00285292041542202,0.0035940001253038645,0.0035940001253038645,0.15260499715805054,0.15260499715805054,221,33.395999908447266,0,0,False,False,0.15260499715805054,0.0035940001253038645
Framework.dll!AOE::PooledGameobject.Update(),0.004763030144254368,0.004763030144254368,1194,1194,1.0,27462,0.004763030144254368,0.004763030144254368,0.005520999846339691,0.005520999846339691,0.13015599942445988,0.12562499940395355,874,33.60900115966797,0,0,False,False,0.13015599942445988,0.005520999846339691
AOE.dll!::OutsideForestRenderer.Update(),0.05901619844088702,0.05901619844088702,1194,1194,1.0,1194,0.006581373506504886,0.006581373506504886,0.07411399483680725,0.07411399483680725,0.2708340287208557,0.2708340287208557,477,32.435001373291016,0,0,False,False,0.1155719943344593,0.008697997778654099
OutsideForest.FrustumCull,0.05243482493438213,0.05243482493438213,1194,1194,1.0,1194,0.01769316247598823,0.01769316247598823,0.06526000052690506,0.06526000052690506,0.2627609968185425,0.2627609968185425,477,32.435001373291016,0,0,False,False,0.21604099610703997,0.021144000231288373
OutsideForest.FrustumCull.Collect,0.02330951421120683,0.02330951421120683,1194,1194,1.0,1194,0.02330951421120683,0.02330951421120683,0.028958000242710114,0.028958000242710114,0.16651099920272827,0.16651099920272827,889,33.119998931884766,0,0,False,False,0.16651099920272827,0.028958000242710114
OutsideForest.FrustumCull.BurstJob,0.011095731993793967,0.011095731993793967,1194,1194,1.0,1194,0.007142244576170558,0.007142244576170558,0.01380200032144785,0.01380200032144785,0.08104199916124344,0.08104199916124344,248,33.590999603271484,0,0,False,False,0.05614600027911365,0.00921800045762211
OutsideForestFrustumCull:ForestFrustumCullJob (Burst),0.0029814589492332382,0.0029814589492332382,1194,1194,1.0,1194,0.0029814589492332382,0.0029814589492332382,0.003541999962180853,0.003541999962180853,0.07432299852371216,0.07432299852371216,248,33.590999603271484,0,0,False,False,0.07432299852371216,0.003541999962180853
OutsideForestFrustumCull:ForestFrustumCullJob (Cleanup),0.0009720284683901701,0.0009720284683901701,1194,1194,1.0,1194,0.0009720284683901701,0.0009720284683901701,0.0016659999964758754,0.0016659999964758754,0.002709000138565898,0.002709000138565898,406,32.26499938964844,0,0,False,False,0.002709000138565898,0.0016659999964758754
OutsideForest.FrustumCull.BuildVisibleSet,0.000336416253393108,0.000336416253393108,1194,1194,1.0,1194,0.000336416253393108,0.000336416253393108,0.0005210000090301037,0.0005210000090301037,0.01421900000423193,0.01421900000423193,2,32.17900085449219,0,0,False,False,0.01421900000423193,0.0005210000090301037
AOE.dll!AOE::GameLauncher.Update(),8.15990314571502,8.15990314571502,1194,1194,1.0,1194,0.010827759104435019,0.010827759104435019,13.065625190734863,13.065625190734863,22.2524471282959,22.2524471282959,628,60.51300048828125,1194,4,True,True,0.12698101089335978,0.013543138760724105
Core.Tick,0.05449228806405037,0.05449228806405037,1194,1194,1.0,1194,0.00870256441080749,0.00870256441080749,0.12406199425458908,0.12406199425458908,0.40723901987075806,0.40723901987075806,98,33.11600112915039,0,0,False,False,0.1056220012542326,0.022034997044102056
CS:AOE.LoggerManager,0.0019053048726068002,0.0019053048726068002,1194,1194,1.0,6569,0.0019053048726068002,0.0019053048726068002,0.002553000012994744,0.002553000012994744,0.07338600386719918,0.07114600390195847,526,32.85200119018555,0,0,False,False,0.07338600386719918,0.002553000012994744
CS:AOE.ResManager,0.1651092280420624,0.1651092280420624,1194,1194,1.0,6569,0.05012658607248071,0.05012658607248071,0.19114400994294556,0.19114400994294556,11.515103453602933,11.48109245300293,984,52.75299835205078,3,0,False,False,0.38156397342390846,0.06437199822175899
CS:AOE.RenderManager,0.034132234515359176,0.034132234515359176,1194,1194,1.0,6569,0.021763659976147227,0.021763659976147227,0.07390600109647494,0.07390600109647494,0.13661299971863627,0.13557299971580505,807,34.18600082397461,0,0,False,False,0.11385399919527117,0.06020799488032935
CS:AOE.FrameMgr,0.0021936222769414243,0.0021936222769414243,1194,1194,1.0,6569,0.0021936222769414243,0.0021936222769414243,0.0024469999843859114,0.0024469999843859114,0.18650999844248872,0.1846349984407425,379,32.98500061035156,0,0,False,False,0.18650999844248872,0.0024469999843859114
CS:AOE.NogcEventManager,0.0011161691871918694,0.0011161691871918694,1194,1194,1.0,6569,0.0011161691871918694,0.0011161691871918694,0.0013530000287573785,0.0013530000287573785,0.07958400573988911,0.07906300574541092,729,90.23799896240234,0,0,False,False,0.07958400573988911,0.0013530000287573785
CS:AOE.GameObjectPool,0.001973288102774949,0.001973288102774949,1194,1194,1.0,6569,0.001973288102774949,0.001973288102774949,0.0028119999878981616,0.0028119999878981616,0.08093700327299302,0.08005200326442719,109,34.58000183105469,0,0,False,False,0.08093700327299302,0.0028119999878981616
CS:AOE.ObjectPoolManager,0.0010376239536784015,0.0010376239536784015,1194,1194,1.0,6569,0.0010376239536784015,0.0010376239536784015,0.0011990000130026601,0.0011990000130026601,0.1017720003001159,0.10125000029802322,600,33.00600051879883,0,0,False,False,0.1017720003001159,0.0011990000130026601
CS:AOE.ListPoolManager,0.001172418770767833,0.001172418770767833,1194,1194,1.0,6569,0.001172418770767833,0.001172418770767833,0.0014600000031350646,0.0014600000031350646,0.09864599933644058,0.09775999933481216,43,33.52199935913086,0,0,False,False,0.09864599933644058,0.0014600000031350646
CS:AOE.VisualWrapperPoolManager,0.018855518451036883,0.018855518451036883,1194,1194,1.0,6569,0.018655338385952368,0.018655338385952368,0.03911499742389424,0.03911499742389424,0.37437600157863926,0.37296900153160095,1074,32.83599853515625,0,0,False,False,0.318851001393341,0.03911499742389424
CS:AOE.ModulelManager,0.0010894606495923252,0.0010894606495923252,1194,1194,1.0,6569,0.0010894606495923252,0.0010894606495923252,0.0014070000033825636,0.0014070000033825636,0.05515600143553456,0.054062001407146454,953,33.42300033569336,0,0,False,False,0.05515600143553456,0.0014070000033825636
CS:AOE.TServerManager,0.30779298445043635,0.30779298445043635,1194,1194,1.0,6569,0.03475655456842445,0.03475655456842445,1.515623037754267,1.515623037754267,11.939114794200577,11.929166793823242,628,60.51300048828125,11,0,False,False,0.5477590716182021,0.04151404552612803
CS:AOE.SdkManager,0.0017067847790988874,0.0017067847790988874,1194,1194,1.0,6569,0.0017067847790988874,0.0017067847790988874,0.002134999980626162,0.002134999980626162,0.07968899865227286,0.07828199863433838,1072,33.67100143432617,0,0,False,False,0.07968899865227286,0.002134999980626162
CS:AOE.DOTS.DotsManager,0.10845672191193431,0.10845672191193431,1194,1194,1.0,6569,0.02688627458296445,0.02688627458296445,0.21239399744808907,0.21239399744808907,7.905416110435908,7.8990631103515625,145,34.922000885009766,1,0,False,False,0.21833299945865292,0.033176003395055886
CS:AOE.ConfigManager,0.0012459405478415161,0.0012459405478415161,1194,1194,1.0,6569,0.0012459405478415161,0.0012459405478415161,0.0016130000076373108,0.0016130000076373108,0.07447899673570646,0.07374999672174454,955,33.59299850463867,0,0,False,False,0.07447899673570646,0.0016130000076373108
CS:AOE.PerformanceManager,0.001998585425738854,0.001998585425738854,1194,1194,1.0,6569,0.001998585425738854,0.001998585425738854,0.0032820000560604967,0.0032820000560604967,0.05036299833591329,0.04781299829483032,854,35.27399826049805,0,0,False,False,0.05036299833591329,0.0032820000560604967
CS:AOE.AudioMgr,0.0023379648232388825,0.0023379648232388825,1194,1194,1.0,6569,0.0023379648232388825,0.0023379648232388825,0.0026049999651149847,0.0026049999651149847,0.11880400054724305,0.11703100055456161,778,35.347999572753906,0,0,False,False,0.11880400054724305,0.0026049999651149847
CS:GRobotMgr,0.003703010043850486,0.003703010043850486,1194,1194,1.0,6569,0.003703010043850486,0.003703010043850486,0.004375000156869646,0.004375000156869646,0.0586469966583536,0.05567699670791626,337,33.56700134277344,0,0,False,False,0.0586469966583536,0.004375000156869646
CS:AoERtEditorMgr,0.008545642362882081,0.008545642362882081,1194,1194,1.0,6569,0.008545642362882081,0.008545642362882081,0.009583999701135326,0.009583999701135326,0.15541700537505676,0.15062500536441803,272,33.415000915527344,0,0,False,False,0.15541700537505676,0.009583999701135326
CS:AOE.LuaMgr,6.907674638210009,6.907674638210009,1194,1194,1.0,6569,0.08663387501010632,0.08663387501010632,11.187447148302454,11.187447148302454,70.37140852630546,64.75729370117188,729,90.23799896240234,1194,2,True,False,0.6338011642219499,0.11640395713038743
LUA:Launcher._95,0.001470559458575918,0.002931298820600411,599,1194,0.501675041876047,599,0.001470559458575918,0.002931298820600411,0.0037499999161809683,0.004011000040918589,0.005885000340640545,0.005885000340640545,572,33.347999572753906,0,0,True,False,0.005885000340640545,0.004011000040918589
CS:AOE.StoryMgr,0.0022200259647961107,0.0022200259647961107,1194,1194,1.0,6569,0.0022200259647961107,0.0022200259647961107,0.0027079999636043794,0.0027079999636043794,0.13338599344569957,0.13187499344348907,1040,33.50899887084961,0,0,False,False,0.13338599344569957,0.0027079999636043794
CS:AOE.InjectProfilerManager,0.0015807328203529866,0.0015807328203529866,1194,1194,1.0,6569,0.0015807328203529866,0.0015807328203529866,0.0018770000388030894,0.0018770000388030894,0.08109399762179237,0.08062499761581421,694,35.33300018310547,0,0,False,False,0.08109399762179237,0.0018770000388030894
CS:AOE.TimeSliceManager,0.001566208542593679,0.001566208542593679,1194,1194,1.0,6569,0.001566208542593679,0.001566208542593679,0.001978000011149561,0.001978000011149561,0.08953100425060256,0.0884380042552948,117,33.827999114990234,0,0,False,False,0.08953100425060256,0.001978000011149561
CS:AOE.NetRecordMgr,0.0025886800608996862,0.0025886800608996862,1194,1194,1.0,6569,0.0025886800608996862,0.0025886800608996862,0.0027069999341620132,0.0027069999341620132,0.11598899906675797,0.11322899907827377,517,33.40299987792969,0,0,False,False,0.11598899906675797,0.0027069999341620132
CS:AOE.Outside.MapManager,2.202888965747989,2.202888965747989,1194,1194,1.0,6569,0.11127840391862362,0.11127840391862362,2.6798439670237713,2.6798439670237713,3.585469041878241,3.0467710494995117,1141,32.702999114990234,16,0,False,False,0.556357010944339,0.17004895505669992
CS:AOE.DOTS.DotsOutFarmerMgr,0.0011200636561738023,0.0011200636561738023,1194,1194,1.0,2987,0.0011200636561738023,0.0011200636561738023,0.0018230001151096076,0.0018230001151096076,0.0430730004736688,0.042500000447034836,468,33.57500076293945,0,0,False,False,0.0430730004736688,0.0018230001151096076
CS:AOE.DOTS.DotsOutLegendaryMonsterMgr,0.0005339330034427744,0.0005339330034427744,1194,1194,1.0,2987,0.0005339330034427744,0.0005339330034427744,0.0007810000315657817,0.0007810000315657817,0.03979099862772273,0.03947899863123894,984,52.75299835205078,0,0,False,False,0.03979099862772273,0.0007810000315657817
CS:AOE.DOTS.MapEntityManager,0.003962496631484131,0.003962496631484131,1194,1194,1.0,2987,0.003962496631484131,0.003962496631484131,0.004949000023771077,0.004949000023771077,0.09057300434506033,0.09046800434589386,1078,33.0359992980957,0,0,False,False,0.09057300434506033,0.004949000023771077
CS:AOE.DOTS.ArmyEntityManager,0.0029185368460441694,0.0029185368460441694,1194,1194,1.0,2987,0.0023608282986312024,0.0023608282986312024,0.0032819999141793232,0.0032819999141793232,0.12036400263605174,0.1202080026268959,1194,33.11199951171875,0,0,False,False,0.09104199914145283,0.002864999871235341
CS:AOE.Outside.MapModelGoMgr,0.0022242143858873064,0.0022242143858873064,1194,1194,1.0,2987,0.0022242143858873064,0.0022242143858873064,0.0029169998597353697,0.0029169998597353697,0.06520800267753657,0.06505200266838074,875,32.935001373291016,0,0,False,False,0.06520800267753657,0.0029169998597353697
CS:AOE.Outside.MapEntityEffectMgr,0.19960213309360053,0.19960213309360053,1194,1194,1.0,2987,0.012756016913404264,0.012756016913404264,0.2969269907443959,0.2969269907443959,0.7880719743261579,0.7876039743423462,171,33.2400016784668,0,0,False,False,0.14421897706779419,0.01604100039548939
CS:AOE.Outside.OutsideConfigCtrl,0.0006174765584755261,0.0006174765584755261,1194,1194,1.0,2987,0.0006174765584755261,0.0006174765584755261,0.0009900000295601785,0.0009900000295601785,0.04552100153523497,0.04484400153160095,402,33.78799819946289,0,0,False,False,0.04552100153523497,0.0009900000295601785
CS:AOE.DOTS.BattleFieldMgr,0.006898465640805987,0.006898465640805987,1194,1194,1.0,2987,0.0025535209250065875,0.0025535209250065875,0.046456998235953506,0.046456998235953506,0.14494798683881527,0.14458298683166504,90,32.25899887084961,0,0,False,False,0.06307199950970244,0.005833002083818428
CS:AOE.WorldNpcMgr,0.0007068953144937019,0.0007068953144937019,1194,1194,1.0,2987,0.0007068953144937019,0.0007068953144937019,0.0009369999970658682,0.0009369999970658682,0.053073002312885365,0.05286500230431557,146,29.743999481201172,0,0,False,False,0.053073002312885365,0.0009369999970658682
CS:AOE.Outside.OutsideYZFogOfWarCtrl,0.002285583729378111,0.002285583729378111,1194,1194,1.0,2987,0.002285583729378111,0.002285583729378111,0.002344999957131222,0.002344999957131222,0.19098899839445949,0.19046799838542938,521,33.823001861572266,0,0,False,False,0.19098899839445949,0.002344999957131222
CS:AOE.HeightMapManager,0.0005704279809067387,0.0005704279809067387,1194,1194,1.0,2987,0.0005704279809067387,0.0005704279809067387,0.0008860000380082056,0.0008860000380082056,0.04458200002409285,0.044218000024557114,1169,30.402999877929688,0,0,False,False,0.04458200002409285,0.0008860000380082056
CS:AOE.Outside.OutsideTouchMgr,0.00382813232398905,0.00382813232398905,1194,1194,1.0,2987,0.00382813232398905,0.00382813232398905,0.004479000112041831,0.004479000112041831,0.18151000351645052,0.17885400354862213,577,33.10900115966797,0,0,False,False,0.18151000351645052,0.004479000112041831
CS:AOE.DOTS.ArmyPerfClipMgr,0.0007454430557252093,0.0007454430557252093,1194,1194,1.0,2987,0.0007454430557252093,0.0007454430557252093,0.0009370000043418258,0.0009370000043418258,0.08130200268351473,0.08067700266838074,1093,32.959999084472656,0,0,False,False,0.08130200268351473,0.0009370000043418258
CS:AOE.DOTS.OutsideUIMgr,0.022203554435097188,0.022203554435097188,1194,1194,1.0,2987,0.008507845048437686,0.008507845048437686,0.026458999462192878,0.026458999462192878,0.24369799080159282,0.2435939908027649,951,34.00899887084961,0,0,False,False,0.22921899068023777,0.010157000448089093
CS:AOE.Battle.BattleUIManager,0.41361482857823684,0.41361482857823684,1194,1194,1.0,2987,0.005378026928978691,0.005378026928978691,0.5772909874067409,0.5772909874067409,1.2387499620963354,1.2383849620819092,338,34.76900100708008,0,0,False,True,0.04458402714226395,0.007135025196475908
CS:AOE.Battle.BattleMeshUIManager,0.00366663147807951,0.00366663147807951,1194,1194,1.0,2987,0.00366663147807951,0.00366663147807951,0.004844999886699952,0.004844999886699952,0.04276200261665508,0.039844002574682236,850,33.28499984741211,0,0,False,False,0.04276200261665508,0.004844999886699952
CS:AOE.Outside.OutsideViewTreeMgr,0.1507590601716522,0.1507590601716522,1194,1194,1.0,2987,0.007402135929223245,0.007402135929223245,0.20390500900975894,0.20390500900975894,0.6554169864393771,0.6493229866027832,1062,33.768001556396484,0,0,False,False,0.07234400245215511,0.009063996840268373
CS:AOE.Outside.OutsideViewBigCityManorLine,0.007792259621140877,0.007792259621140877,1194,1194,1.0,2987,0.007668218580000508,0.007668218580000508,0.0341660000194679,0.0341660000194679,0.12203099792532157,0.12182299792766571,39,33.36000061035156,0,0,False,False,0.12124899790796917,0.033696996804792434
CS:AOE.Outside.OutsideViewGridLine,0.0005888015128394686,0.0005888015128394686,1194,1194,1.0,2987,0.0005888015128394686,0.0005888015128394686,0.0008860000052663963,0.0008860000052663963,0.04447800085472409,0.04395800083875656,1081,32.28499984741211,0,0,False,False,0.04447800085472409,0.0008860000052663963
CS:AOE.Outside.OutsideForestCtrl,0.004076203536321222,0.004076203536321222,1194,1194,1.0,2987,0.004076203536321222,0.004076203536321222,0.004530999878625153,0.004530999878625153,0.30911401873163413,0.30890601873397827,1163,33.654998779296875,0,0,False,False,0.30911401873163413,0.004530999878625153
CS:AOE.Outside.OutsideBuildingMeshCtrl,0.0004859958126891593,0.0004859958126891593,1194,1194,1.0,2987,0.0004859958126891593,0.0004859958126891593,0.0006250000151339918,0.0006250000151339918,0.08312500002648449,0.08302100002765656,135,33.3129997253418,0,0,False,False,0.08312500002648449,0.0006250000151339918
CS:AOE.Outside.OutSideViewArmyLineMgr,0.9106007477065801,0.9106007477065801,1194,1194,1.0,2987,0.8438899072397098,0.8438899072397098,1.1664060399707523,1.1664060399707523,1.7987510474631563,1.798490047454834,61,33.64899826049805,0,0,False,False,1.6463000362709863,1.0783839434807305
CS:AOE.Outside.OutSideViewArmyAudioMgr,0.03837078473378682,0.03837078473378682,1194,1194,1.0,2987,0.03827983582036959,0.03827983582036959,0.094376996250503,0.094376996250503,0.3542710051406175,0.35359400510787964,1089,33.14500045776367,0,0,False,False,0.3542710051406175,0.0934919962346612
CS:AOE.Outside.OutSideViewArmyModelTypeMgr,0.0061436725334127395,0.0061436725334127395,1194,1194,1.0,2987,0.0061436725334127395,0.0061436725334127395,0.007238999889523257,0.007238999889523257,0.09801999959017849,0.09791599959135056,203,33.784000396728516,0,0,False,False,0.09801999959017849,0.007238999889523257
CS:AOE.Outside.OutSideViewArmyEffectMgr,0.0033773927994840643,0.0033773927994840643,1194,1194,1.0,2987,0.0033773927994840643,0.0033773927994840643,0.00375000003259629,0.00375000003259629,0.12328099673322868,0.12307299673557281,483,33.54100036621094,0,0,False,False,0.12328099673322868,0.00375000003259629
CS:AOE.Outside.CampaignEffectCtrl,0.0018074656355798909,0.0018074656355798909,1194,1194,1.0,2987,0.0018074656355798909,0.0018074656355798909,0.0023429998836945742,0.0023429998836945742,0.052863998476823326,0.051353998482227325,432,32.50199890136719,0,0,False,False,0.052863998476823326,0.0023429998836945742
CS:AOE.Outside.CampaignAirWallCtrl,0.0006764087213632653,0.0006764087213632653,1194,1194,1.0,2987,0.0006764087213632653,0.0006764087213632653,0.0008320000197272748,0.0008320000197272748,0.05156300084126997,0.051511000841856,311,32.827999114990234,0,0,False,False,0.05156300084126997,0.0008320000197272748
CS:AOE.Outside.OutsideCellDebugViewer,0.0017619287930876752,0.0017619287930876752,1194,1194,1.0,2987,0.0017619287930876752,0.0017619287930876752,0.002135999919119058,0.002135999919119058,0.12510500037751626,0.12421900033950806,8,33.2239990234375,0,0,False,False,0.12510500037751626,0.002135999919119058
CS:AOE.Outside.OutsideEnvEffectMgr,0.07135839951072524,0.07135839951072524,1194,1194,1.0,2987,0.07042237437943086,0.07042237437943086,0.0760949984578474,0.0760949984578474,0.3892709872452542,0.3879689872264862,423,44.21900177001953,0,0,False,False,0.3879189872604911,0.0748980048665544
CS:AOE.MiracleMgr,0.0007124589646808995,0.0007124589646808995,1194,1194,1.0,2987,0.0007124589646808995,0.0007124589646808995,0.0005740000196965411,0.0005740000196965411,0.12489600214030361,0.12479200214147568,111,32.005001068115234,0,0,False,False,0.12489600214030361,0.0005740000196965411
CS:AOE.Outside.OutsideRoadsMgr,0.10224094899364916,0.10224094899364916,1194,1194,1.0,2987,0.10144199420960641,0.10144199420960641,0.13994699664908694,0.13994699664908694,0.34520798366793315,0.3448439836502075,804,42.32600021362305,0,0,False,False,0.3440619836655969,0.13083499882850447
CS:AOE.Outside.MapFogMgr,0.0027207018281071604,0.0027207018281071604,1194,1194,1.0,2987,0.0027049966355413716,0.0027049966355413716,0.002915999990364071,0.002915999990364071,0.10677100035536569,0.10520900040864944,752,32.606998443603516,0,0,False,False,0.10677100035536569,0.002915999990364071
CS:AOE.Outside.MapSpecialTerrainMgr,0.0005226951454195426,0.0005226951454195426,1194,1194,1.0,2987,0.0005226951454195426,0.0005226951454195426,0.0007300000252143946,0.0007300000252143946,0.050417000962625025,0.05036500096321106,1020,32.268001556396484,0,0,False,False,0.050417000962625025,0.0007300000252143946
CS:AOE.Outside.MapWeatherMgr,0.0019106297892128535,0.0019106297892128535,1194,1194,1.0,2987,0.0019106297892128535,0.0019106297892128535,0.002290999975230079,0.002290999975230079,0.11114499400719069,0.11072899401187897,63,33.48899841308594,0,0,False,False,0.11114499400719069,0.002290999975230079
CS:AOE.Outside.OutsideLogicGridMgr,0.0004993668391009605,0.0004993668391009605,1194,1194,1.0,2987,0.0004993668391009605,0.0004993668391009605,0.0006770000254618935,0.0006770000254618935,0.04588600093848072,0.045469000935554504,476,33.520999908447266,0,0,False,False,0.04588600093848072,0.0006770000254618935
CS:AOE.Outside.OutsideBaseColorUnitMgr,0.0005617504203218471,0.0005617504203218471,1194,1194,1.0,2987,0.0005617504203218471,0.0005617504203218471,0.0008329999909619801,0.0008329999909619801,0.061406998545862734,0.061145998537540436,763,33.9379997253418,0,0,False,False,0.061406998545862734,0.0008329999909619801
CS:AOE.Outside.WorldEnvironmentMeshItemMgr,0.11914407204838935,0.11914407204838935,1194,1194,1.0,2987,0.11845488109018401,0.11845488109018401,0.1541159962216625,0.1541159962216625,0.42968701305653667,0.42958301305770874,1096,33.09400177001953,0,0,False,False,0.42604201303765876,0.15296900692919735
CS:AOE.Outside.OutsideSubEntityMgr,0.023844529341847834,0.023844529341847834,1194,1194,1.0,6569,0.02285146737065488,0.02285146737065488,0.027604000439168885,0.027604000439168885,0.17672000011225464,0.17583400011062622,373,34.81999969482422,0,0,False,False,0.17453299999033334,0.026407999175717123
CS:AOE.CommonSubEntityMgr,0.0014968986750446406,0.0014968986750446406,1194,1194,1.0,6569,0.0014968986750446406,0.0014968986750446406,0.0019270000193500891,0.0019270000193500891,0.0607809986686334,0.059790998697280884,261,33.59600067138672,0,0,False,False,0.0607809986686334,0.0019270000193500891
CS:AOE.GizmosHost,0.0010202378577393956,0.0010202378577393956,1194,1194,1.0,6569,0.0010202378577393956,0.0010202378577393956,0.0009920000011334196,0.0009920000011334196,0.09911399849806912,0.09822899848222733,536,33.74800109863281,0,0,False,False,0.09911399849806912,0.0009920000011334196
CS:AOE.City.CitySceneMgr,0.003613702638932246,0.003613702638932246,1194,1194,1.0,6569,0.003613702638932246,0.003613702638932246,0.00416699993002112,0.00416699993002112,0.20525900076245307,0.20359300076961517,47,33.659000396728516,0,0,False,False,0.20525900076245307,0.00416699993002112
CS:AOE.Skill.SkillMgr,0.0022132797254699123,0.0022132797254699123,1194,1194,1.0,6569,0.0022132797254699123,0.0022132797254699123,0.0027599999848462176,0.0027599999848462176,0.07593800140239182,0.07458300143480301,1123,33.790000915527344,0,0,False,False,0.07593800140239182,0.0027599999848462176
CS:AOE.Skill.BuffMgr,0.0020842277955495808,0.0020842277955495808,1194,1194,1.0,6569,0.0020842277955495808,0.0020842277955495808,0.0024990000092657283,0.0024990000092657283,0.07354199497058289,0.07223999500274658,743,32.941001892089844,0,0,False,False,0.07354199497058289,0.0024990000092657283
CS:AOE.Outside.InfiniteZoomMgr,0.014423903685639203,0.014423903685639203,1194,1194,1.0,6569,0.014423903685639203,0.014423903685639203,0.016407000010076445,0.016407000010076445,0.2726570043596439,0.2701050043106079,98,33.11600112915039,0,0,False,False,0.2726570043596439,0.016407000010076445
CS:AOE.TexCompressMgr,0.0024537587706957797,0.0024537587706957797,1194,1194,1.0,6569,0.0024537587706957797,0.0024537587706957797,0.003022000062628649,0.003022000062628649,0.04552000185140059,0.044791001826524734,327,33.71500015258789,0,0,False,False,0.04552000185140059,0.003022000062628649
CS:WeatherMgr,0.0013699916352359854,0.0013699916352359854,1194,1194,1.0,6569,0.0013699916352359854,0.0013699916352359854,0.0014060000212339219,0.0014060000212339219,0.09130199794526561,0.09057299792766571,1014,33.3489990234375,0,0,False,False,0.09130199794526561,0.0014060000212339219
CS:ECSScopeMgr,0.0012408107280073026,0.0012408107280073026,1194,1194,1.0,6569,0.0012408107280073026,0.0012408107280073026,0.0016649999852234032,0.0016649999852234032,0.06880099577028886,0.0678119957447052,250,35.76100158691406,0,0,False,False,0.06880099577028886,0.0016649999852234032
CS:AOE.ShakeScreenMgr,0.0030197571020871873,0.0030197571020871873,1194,1194,1.0,6569,0.0030197571020871873,0.0030197571020871873,0.003229999987524934,0.003229999987524934,0.1310429963414208,0.1287499964237213,612,33.13199996948242,0,0,False,False,0.1310429963414208,0.003229999987524934
CS:AOE.Sdf.SdfFontManager,0.030886852519341812,0.030886852519341812,1194,1194,1.0,6569,0.009598193853792325,0.009598193853792325,0.0666130029494525,0.0666130029494525,10.19828087262431,10.197342872619629,423,44.21900177001953,1,0,False,False,2.018800421959895,0.009947999253199669
CS:AOE.MeshUIManager,1.1736253860935675,1.1736253860935675,1194,1194,1.0,6569,1.1550942461148366,1.1550942461148366,1.6432280129483843,1.6432280129483843,3.2117700244489242,3.156198024749756,517,33.40299987792969,1,0,False,False,2.2138518856190785,1.5518219454752398
CS:AOE.Outside.OutsideLineCtrl,0.03993996985233784,0.03993996985233784,1194,1194,1.0,6569,0.03993996985233784,0.03993996985233784,0.05489599856809946,0.05489599856809946,0.24505199655686738,0.23151099681854248,767,32.53499984741211,0,0,False,False,0.24505199655686738,0.05489599856809946
CS:AOE.Battle.BattleCore,0.005482116375236396,0.005482116375236396,1194,1194,1.0,6569,0.005482116375236396,0.005482116375236396,0.006145999821455916,0.006145999821455916,0.11338699412590358,0.10843699425458908,884,32.992000579833984,0,0,False,False,0.11338699412590358,0.006145999821455916
CS:AOE.UIControlMgr,0.005183790606581895,0.005183790606581895,1194,1194,1.0,6569,0.005183790606581895,0.005183790606581895,0.007032999954390107,0.007032999954390107,0.14192599900707137,0.13713499903678894,498,33.69499969482422,0,0,False,False,0.14192599900707137,0.007032999954390107
Core.Update,8.093942972084186,8.093942972084186,1194,1194,1.0,1194,0.01909785143020165,0.01909785143020165,12.99781322479248,12.99781322479248,22.140365600585938,22.140365600585938,628,60.51300048828125,1194,4,True,False,0.56250250246012,0.02838769380468875
TServer.SendMessages,0.007557649863289711,0.007557649863289711,1194,1194,1.0,1194,0.007356143999984751,0.007356143999984751,0.10807299613952637,0.10807299613952637,0.2334900051355362,0.2334900051355362,630,33.643001556396484,0,0,False,False,0.23005600511532975,0.10489499612594955
TServer.RecvMesssages,0.015802341677136157,0.015802341677136157,1194,1194,1.0,1194,0.015802341677136157,0.015802341677136157,0.025415999814867973,0.025415999814867973,0.5378649830818176,0.5378649830818176,389,34.750999450683594,0,0,False,False,0.5378649830818176,0.025415999814867973
TServer.DecodeMesssages,0.15733156806396997,0.15733156806396997,1194,1194,1.0,1194,0.0027382266621369697,0.0027382266621369697,0.9519270062446594,0.9519270062446594,9.10994815826416,9.10994815826416,1008,39.22700119018555,5,0,False,True,0.22343699634075165,0.008281906746560708
TServer.HandleMessages,0.09234325637474619,0.09234325637474619,1194,1194,1.0,1194,0.01702149697382176,0.01702149697382176,0.48729097843170166,0.48729097843170166,10.121042251586914,10.121042251586914,628,60.51300048828125,2,0,False,False,0.26328302489127964,0.06437401723815128
XLua.Tick,0.012362519270347328,0.012362519270347328,1194,1194,1.0,1194,0.012362519270347328,0.012362519270347328,0.01885399967432022,0.01885399967432022,0.11375000327825546,0.11375000327825546,750,32.650001525878906,0,0,False,False,0.11375000327825546,0.01885399967432022
LUA:Launcher._98,5.847180832570522,5.847180832570522,1194,1194,1.0,1194,0.005056943725700954,0.005056943725700954,10.132134437561035,10.132134437561035,15.576301574707031,15.576301574707031,1009,53.58100128173828,1184,0,True,True,0.12026119232177734,0.007083892822265625
LUA:Mgr.OnUpdate,5.842123888844821,5.842123888844821,1194,1194,1.0,1194,0.02152664627051057,0.02152664627051057,10.12932300567627,10.12932300567627,15.572813034057617,15.572813034057617,1009,53.58100128173828,1184,0,True,True,0.26494783242378617,0.029531166750530247
C#name,0.11648724110421867,0.11648724110421867,1194,1194,1.0,17048,0.10938758024773353,0.10938758024773353,0.18645999673753977,0.18645999673753977,0.7536450101761147,0.5270310044288635,1103,38.21099853515625,0,0,False,False,0.7470869928583852,0.17219199716782896
LuaMgr.OnTick&UpdateSchedule,5.804830839685859,5.804830839685859,1194,1194,1.0,1194,0.010529735538027432,0.010529735538027432,10.11036491394043,10.11036491394043,15.551094055175781,15.551094055175781,1009,53.58100128173828,1182,0,True,False,0.4068738906644285,0.012812602333724499
LUA:Scheduler.UpdateEntityFunc,6.248644023894611,6.248644023894611,1194,1194,1.0,7164,0.051685844001521014,0.051685844001521014,10.392134327907115,10.392134327907115,14.074115436524153,12.864323616027832,830,39.435001373291016,1194,0,True,False,0.3432278049585875,0.0871353795810137
LUA:EntityGameLoop.UpdateEntityFunc,6.148357673233675,6.148357673233675,1194,1194,1.0,7164,0.4878365230416334,0.4878365230416334,10.298645249684341,10.298645249684341,13.987760209478438,12.855990409851074,830,39.435001373291016,1193,0,True,False,1.901148886536248,0.7004062785417773
AttrMgr,0.01772530737857161,0.01772530737857161,1194,1194,1.0,1194,0.00711421608664345,0.00711421608664345,0.021042000502347946,0.021042000502347946,0.4461979866027832,0.4461979866027832,736,32.78900146484375,0,0,False,False,0.05229100212454796,0.009374999441206455
LUA:AttrMgr.OnUpdate,0.010611091291928162,0.010611091291928162,1194,1194,1.0,1194,0.006559903704279712,0.006559903704279712,0.012083000503480434,0.012083000503480434,0.43968701362609863,0.43968701362609863,736,32.78900146484375,0,0,False,False,0.21177000179886818,0.007916999515146017
LUA:TblUtil.Clear,0.0169583977377127,0.0169583977377127,1194,1194,1.0,19525,0.0169583977377127,0.0169583977377127,0.05135699937818572,0.05135699937818572,0.24156699914601631,0.171875,842,32.36399841308594,0,0,False,False,0.24156699914601631,0.05135699937818572
TimeMgr,0.07493847478676426,0.07493847478676426,1194,1194,1.0,1712,0.006102679174623906,0.006102679174623906,0.1159369945526123,0.1159369945526123,0.44874998927116394,0.44874998927116394,412,35.0359992980957,0,0,False,False,0.2245829999446869,0.010989000904373825
LUA:TimeMgr.OnUpdate,0.06828024034611443,0.06828024034611443,1194,1194,1.0,1194,0.018389819171198255,0.018389819171198255,0.10562500357627869,0.10562500357627869,0.4435940086841583,0.4435940086841583,412,35.0359992980957,0,0,False,False,0.18025899573694915,0.02151100162882358
C#frameCount,0.004365083718101238,0.004365083718101238,1194,1194,1.0,4373,0.004365083718101238,0.004365083718101238,0.0058849999331869185,0.0058849999331869185,0.2604159919428639,0.2579689919948578,853,30.347000122070312,0,0,False,False,0.2604159919428639,0.0058849999331869185
C#deltaTime,0.002014250397514782,0.002014250397514782,1194,1194,1.0,2392,0.002014250397514782,0.002014250397514782,0.0028119998751208186,0.0028119998751208186,0.11927199584897608,0.11770899593830109,333,33.20199966430664,0,0,False,False,0.11927199584897608,0.0028119998751208186
C#realtimeSinceStartup,0.04595993032012645,0.04595993032012645,1194,1194,1.0,71196,0.04595993032012645,0.04595993032012645,0.1067210007167887,0.1067210007167887,0.549893981195055,0.5035939812660217,747,33.334999084472656,0,0,False,False,0.549893981195055,0.1067210007167887
C#GetHeartBeatServerTs,0.005675596342198988,0.005675596342198988,1194,1194,1.0,1194,0.005675596342198988,0.005675596342198988,0.007552000228315592,0.007552000228315592,0.11859399825334549,0.11859399825334549,566,28.847000122070312,0,0,False,False,0.11859399825334549,0.007552000228315592
LUA:TimeMgr.CalcTime,0.03646988852863735,0.03646988852863735,1194,1194,1.0,1194,0.020553015858980936,0.020553015858980936,0.045469000935554504,0.045469000935554504,0.4103129804134369,0.4103129804134369,412,35.0359992980957,0,0,False,False,0.23364499752642587,0.025780998083064333
C#GetUTCTsInMs,0.008578845063927218,0.008578845063927218,1194,1194,1.0,1421,0.008578845063927218,0.008578845063927218,0.009948000311851501,0.009948000311851501,0.2940100133419037,0.2940100133419037,65,31.108999252319336,0,0,False,False,0.2940100133419037,0.009948000311851501
C#GetLocalTsInMs,0.0013687822223743158,0.0013687822223743158,1194,1194,1.0,1194,0.0013687822223743158,0.0013687822223743158,0.0015629999106749892,0.0015629999106749892,0.10479199886322021,0.10479199886322021,1168,36.470001220703125,0,0,False,False,0.10479199886322021,0.0015629999106749892
LUA:ScaleTimeMgr.CalcScaledTime,0.003250692626289786,0.003250692626289786,1194,1194,1.0,1194,0.003250692626289786,0.003250692626289786,0.003959000110626221,0.003959000110626221,0.11458300054073334,0.11458300054073334,247,33.03799819946289,0,0,False,False,0.11458300054073334,0.003959000110626221
C#SetGameDt,0.00086674706605421,0.00086674706605421,1194,1194,1.0,1194,0.00086674706605421,0.00086674706605421,0.001197999925352633,0.001197999925352633,0.03500000014901161,0.03500000014901161,854,35.27399826049805,0,0,False,False,0.03500000014901161,0.001197999925352633
C#SetServerGameTick,0.0012063056920749453,0.0012063056920749453,1194,1194,1.0,1194,0.0012063056920749453,0.0012063056920749453,0.0013020000187680125,0.0013020000187680125,0.3596870005130768,0.3596870005130768,412,35.0359992980957,0,0,False,False,0.3596870005130768,0.0013020000187680125
C#SetServerUTCTsInMs,0.0006484723717145469,0.0006484723717145469,1194,1194,1.0,1194,0.0006484723717145469,0.0006484723717145469,0.0005210000090301037,0.0005210000090301037,0.20442700386047363,0.20442700386047363,199,33.1870002746582,0,0,False,False,0.20442700386047363,0.0005210000090301037
LUA:ScaleTimeMgr.CalClientPlaybackSpeed,0.0008571348335258342,0.0008571348335258342,1194,1194,1.0,1194,0.0008571348335258342,0.0008571348335258342,0.0010930000571534038,0.0010930000571534038,0.10328099876642227,0.10328099876642227,832,32.875,0,0,False,False,0.10328099876642227,0.0010930000571534038
LUA:TimeMgr.CheckTime,0.001177159951834228,0.001177159951834228,1194,1194,1.0,1194,0.001177159951834228,0.001177159951834228,0.0015620000194758177,0.0015620000194758177,0.004270999692380428,0.004270999692380428,714,32.04999923706055,0,0,False,False,0.004270999692380428,0.0015620000194758177
CoMgr,0.33563520199185554,0.33563520199185554,1194,1194,1.0,4100,0.016214301343227253,0.016214301343227253,0.7814579764381051,0.7814579764381051,3.6431250576861203,3.604011058807373,64,35.91999816894531,1,0,False,False,0.20015697088092566,0.02218900015577674
LUA:CoMgr.OnUpdate,0.27589047510470177,0.27589047510470177,1194,1194,1.0,1194,0.017692264029553876,0.017692264029553876,0.7129690051078796,0.7129690051078796,3.5965099334716797,3.5965099334716797,64,35.91999816894531,1,0,False,False,0.3329699916939717,0.02520799936610274
LUA:CoInfo.Finished,0.014541639913896967,0.014541639913896967,1194,1194,1.0,26322,0.014541639913896967,0.014541639913896967,0.02254900021944195,0.02254900021944195,0.5356239883112721,0.5273439884185791,389,34.750999450683594,0,0,False,False,0.5356239883112721,0.02254900021944195
LUA:CoMgr._resumeCoInfo,0.2711598006961633,0.2711598006961633,1194,1194,1.0,3076,0.15544051782176463,0.15544051782176463,0.7215100228786469,0.7215100228786469,3.5795310586690903,3.5164060592651367,64,35.91999816894531,1,0,False,False,2.099167994085292,0.250156999900355
LUA:CoMgr.GetRunningCoInfo,0.008024428747982407,0.008024428747982407,1194,1194,1.0,5546,0.008024428747982407,0.008024428747982407,0.015312999719753861,0.015312999719753861,0.16864600509870797,0.16041700541973114,959,32.89799880981445,0,0,False,False,0.16864600509870797,0.015312999719753861
UP_PHASE|采样对齐/阶段标记,0.010738246228469464,0.010738246228469464,1194,1194,1.0,1194,0.010521664986104583,0.010521664986104583,0.01343700010329485,0.01343700010329485,0.12135399878025055,0.12135399878025055,343,33.59000015258789,0,0,True,False,0.1211449987749802,0.013176999847928528
PerformanceMgr,0.1379427704971808,0.1379427704971808,1194,1194,1.0,3582,0.01956256699979998,0.01956256699979998,0.191511994227767,0.191511994227767,1.0786460526287556,1.0543750524520874,985,34.01300048828125,0,0,False,False,0.2689059996046126,0.024584000930190086
LUA:Entity.OnUpdate,0.00889713980167421,0.00889713980167421,1194,1194,1.0,3582,0.0055354354801262886,0.0055354354801262886,0.010051999939605594,0.010051999939605594,0.2777610067278147,0.2686980068683624,916,32.69599914550781,0,0,False,False,0.2733330065966584,0.006355000019539148
LUA:Entity.updateChildren,0.00336170432154792,0.00336170432154792,1194,1194,1.0,3582,0.00336170432154792,0.00336170432154792,0.003855000017210841,0.003855000017210841,0.09994699852541089,0.09822899848222733,438,32.814998626708984,0,0,False,False,0.09994699852541089,0.003855000017210841
UIMgr,0.2100152166519732,0.2100152166519732,1194,1194,1.0,1194,0.004304285156517172,0.004304285156517172,0.3307810127735138,0.3307810127735138,0.8168230056762695,0.8168230056762695,374,32.9739990234375,0,0,False,True,0.09687501192092896,0.0054170191287994385
LUA:UIManager.OnUpdate,0.20571093149545605,0.20571093149545605,1194,1194,1.0,1194,0.010729368345223207,0.010729368345223207,0.32572901248931885,0.32572901248931885,0.7973439693450928,0.7973439693450928,374,32.9739990234375,0,0,False,False,0.13703199927840615,0.013646019186126068
UIManager.OnUpdate,0.18588864609249672,0.18588864609249672,1194,1194,1.0,1194,0.03131734958932576,0.03131734958932576,0.30145901441574097,0.30145901441574097,0.7630730271339417,0.7630730271339417,374,32.9739990234375,0,0,False,False,0.24671900167595595,0.04729002469684929
C#BeginCpuSample,0.02925082652984028,0.02925082652984028,1194,1194,1.0,12182,0.02925082652984028,0.02925082652984028,0.04015600070124492,0.04015600070124492,0.22495000273920596,0.2048960030078888,807,34.18600082397461,0,0,False,False,0.22495000273920596,0.04015600070124492
LUA:UIConflictQueue.OnUpdate,0.001084320761438481,0.001084320761438481,1194,1194,1.0,1194,0.001084320761438481,0.001084320761438481,0.0014070000033825636,0.0014070000033825636,0.06302099674940109,0.06302099674940109,247,33.03799819946289,0,0,False,False,0.06302099674940109,0.0014070000033825636
LUA:UIPopupboxConflictQueue.OnUpdate,0.0006766741977327143,0.0006766741977327143,1194,1194,1.0,1194,0.0006766741977327143,0.0006766741977327143,0.0007289999630302191,0.0007289999630302191,0.12947998940944672,0.12947998940944672,1103,38.21099853515625,0,0,False,False,0.12947998940944672,0.0007289999630302191
LUA:UIDebug.OnUpdate,0.13191469110411216,0.13191469110411216,1194,1194,1.0,1194,0.023344808332143325,0.023344808332143325,0.223906010389328,0.223906010389328,0.5631250143051147,0.5631250143051147,374,32.9739990234375,0,0,False,False,0.2315619922010228,0.028542959946207702
C#touchCount,0.0027924765387097204,0.0027924765387097204,1194,1194,1.0,1234,0.0027924765387097204,0.0027924765387097204,0.004010000266134739,0.004010000266134739,0.24729099869728088,0.24729099869728088,86,33.41600036621094,0,0,False,False,0.24729099869728088,0.004010000266134739
C#GetKeyUp,0.027132376042640044,0.027132376042640044,1194,1194,1.0,5970,0.027132376042640044,0.027132376042640044,0.052291001193225384,0.052291001193225384,0.5292190245818347,0.46760502457618713,805,32.42499923706055,0,0,False,False,0.5292190245818347,0.052291001193225384
LUA:UIManager.FindUI,0.00254593045900272,0.00254593045900272,1194,1194,1.0,1724,0.00254593045900272,0.00254593045900272,0.004063000087626278,0.004063000087626278,0.24208299815654755,0.24208299815654755,965,32.85599899291992,0,0,False,False,0.24208299815654755,0.004063000087626278
LUA:Entity.Tick,0.11039223124400262,0.11039223124400262,1194,1194,1.0,4820,0.00573384422226614,0.00573384422226614,0.1956250029616058,0.1956250029616058,0.5375530002638698,0.3881250023841858,46,33.09700012207031,0,0,False,False,0.07604099065065384,0.010052004363387823
LUA:Menu_DebugNew.OnTick,0.08194496155945799,0.08194496155945799,1194,1194,1.0,1194,0.06252483820747297,0.06252483820747297,0.1446869969367981,0.1446869969367981,0.383959025144577,0.383959025144577,374,32.9739990234375,0,0,False,False,0.28650998695229646,0.1082739936755388
LUA:Menu_Debug_CmdBase.Tick,0.015222092419735022,0.015222092419735022,1194,1194,1.0,62088,0.015222092419735022,0.015222092419735022,0.055049996939487755,0.055049996939487755,0.21051699596864637,0.19255200028419495,464,33.07899856567383,0,0,False,False,0.21051699596864637,0.055049996939487755
LUA:Menu_Debug_OutSide.Tick,0.001265939678825201,0.001265939678825201,1194,1194,1.0,1194,0.001265939678825201,0.001265939678825201,0.0017189999343827367,0.0017189999343827367,0.004894999787211418,0.004894999787211418,805,32.42499923706055,0,0,False,False,0.004894999787211418,0.0017189999343827367
LUA:Menu_Debug_Network.Tick,0.001499622256653594,0.001499622256653594,1194,1194,1.0,1194,0.001499622256653594,0.001499622256653594,0.0020830000285059214,0.0020830000285059214,0.07770799845457077,0.07770799845457077,781,33.87300109863281,0,0,False,False,0.07770799845457077,0.0020830000285059214
LUA:Menu_Debug_Tool.Tick,0.0014324689967712032,0.0014324689967712032,1194,1194,1.0,1194,0.0014324689967712032,0.0014324689967712032,0.0017709999810904264,0.0017709999810904264,0.16218800842761993,0.16218800842761993,678,32.50899887084961,0,0,False,False,0.16218800842761993,0.0017709999810904264
LUA:TblUtil.GetTableLength,0.009854448001851856,0.009854448001851856,1194,1194,1.0,11819,0.009854448001851856,0.009854448001851856,0.01348700001835823,0.01348700001835823,0.19312600485864095,0.1864590048789978,125,37.77000045776367,0,0,False,False,0.19312600485864095,0.01348700001835823
C#GetMouseButtonDown,0.001485483239917611,0.001485483239917611,1194,1194,1.0,1194,0.001485483239917611,0.001485483239917611,0.001614999957382679,0.001614999957382679,0.2677080035209656,0.2677080035209656,508,41.40299987792969,0,0,False,False,0.2677080035209656,0.001614999957382679
C#EndCpuSample,0.014753504937299771,0.014753504937299771,1194,1194,1.0,12182,0.014753504937299771,0.014753504937299771,0.021354000025894493,0.021354000025894493,0.26005299811367877,0.24619799852371216,1150,33.428001403808594,0,0,False,False,0.26005299811367877,0.021354000025894493
OrientationMgr,0.07866001097014302,0.07866001097014302,1194,1194,1.0,1194,0.00886799851229642,0.00886799851229642,0.14989499747753143,0.14989499747753143,0.601822018623352,0.601822018623352,802,33.09000015258789,0,0,False,False,0.13359399884939194,0.011613994836807251
LUA:OrientationMgr.OnUpdate,0.0697920124578466,0.0697920124578466,1194,1194,1.0,1194,0.02515228298486197,0.02515228298486197,0.1383340060710907,0.1383340060710907,0.5921880006790161,0.5921880006790161,802,33.09000015258789,0,0,False,False,0.25155999258277006,0.02942698964034207
C#IsDisableSafeArea,0.0035027160573578354,0.0035027160573578354,1194,1194,1.0,1194,0.0035027160573578354,0.0035027160573578354,0.003072999883443117,0.003072999883443117,0.17130200564861298,0.17130200564861298,685,35.33300018310547,0,0,False,False,0.17130200564861298,0.003072999883443117
C#height,0.014207944781096321,0.014207944781096321,1194,1194,1.0,8358,0.014207944781096321,0.014207944781096321,0.05838600196875632,0.05838600196875632,0.338019994815113,0.33390599489212036,802,33.09000015258789,0,0,False,False,0.338019994815113,0.05838600196875632
C#width,0.003556747059786296,0.003556747059786296,1194,1194,1.0,7164,0.003556747059786296,0.003556747059786296,0.004477999958908185,0.004477999958908185,0.09541799798898865,0.09208399802446365,603,34.665000915527344,0,0,False,False,0.09541799798898865,0.004477999958908185
LUA:OrientationMgr.GetCurScreenOri,0.02000983160884561,0.02000983160884561,1194,1194,1.0,3582,0.01030710128948059,0.01030710128948059,0.022916000802069902,0.022916000802069902,0.2926559979096055,0.20536400377750397,350,33.30699920654297,0,0,False,False,0.27499999830615707,0.011196999868843704
C#orientation,0.007695521746984983,0.007695521746984983,1194,1194,1.0,7164,0.007695521746984983,0.007695521746984983,0.009376000089105219,0.009376000089105219,0.11291600309778005,0.10625000298023224,503,35.40800094604492,0,0,False,False,0.11291600309778005,0.009376000089105219
LUA:OrientationMgr.IsPortrait,0.0007933408727926331,0.0007933408727926331,1194,1194,1.0,2388,0.0007933408727926331,0.0007933408727926331,0.0009900000150082633,0.0009900000150082633,0.0023969999165274203,0.0015629999106749892,135,33.3129997253418,0,0,False,False,0.0023969999165274203,0.0009900000150082633
DynamicDownloadMgr,0.02928454012546058,0.02928454012546058,1194,1194,1.0,1194,0.007241211000087373,0.007241211000087373,0.036615002900362015,0.036615002900362015,0.42301997542381287,0.42301997542381287,708,32.72700119018555,0,0,False,False,0.1307280007749796,0.00974000059068203
LUA:DynamicDownloadMgr.OnUpdate,0.02204332912537321,0.02204332912537321,1194,1194,1.0,1194,0.008146711875149478,0.008146711875149478,0.026458000764250755,0.026458000764250755,0.4135409891605377,0.4135409891605377,708,32.72700119018555,0,0,False,False,0.17656198143959045,0.009790999814867973
C#Update,0.01389661725022373,0.01389661725022373,1194,1194,1.0,1194,0.01389661725022373,0.01389661725022373,0.016927000135183334,0.016927000135183334,0.23697900772094727,0.23697900772094727,708,32.72700119018555,0,0,False,False,0.23697900772094727,0.016927000135183334
CosFileDownloadMgr,0.009676153262432858,0.009676153262432858,1194,1194,1.0,1194,0.007372742071353878,0.007372742071353878,0.011874999850988388,0.011874999850988388,0.2290630042552948,0.2290630042552948,561,32.32099914550781,0,0,False,False,0.1980210030451417,0.009114000014960766
LUA:CosFileDownloadMgr.OnUpdate,0.0023034111910789795,0.0023034111910789795,1194,1194,1.0,1194,0.002128447210115897,0.002128447210115897,0.002864000154659152,0.002864000154659152,0.22010499238967896,0.22010499238967896,561,32.32099914550781,0,0,False,False,0.09755299985408783,0.002864000154659152
NetMgr,0.015635298174249017,0.015635298174249017,1194,1194,1.0,1194,0.004304774724090569,0.004304774724090569,0.01921899989247322,0.01921899989247322,0.25718700885772705,0.25718700885772705,1019,37.19599914550781,0,0,False,False,0.24062500894069672,0.005104999989271164
LUA:NetMgr.func,0.011354775543962692,0.011354775543962692,1194,1194,1.0,1198,0.0022242478942467365,0.0022242478942467365,0.014166999608278275,0.014166999608278275,0.14015600085258484,0.14015600085258484,487,33.4640007019043,0,0,False,False,0.006822999566793442,0.0030730003491044044
LUA:NetMgr.CheckMsgStat,0.009130527649715954,0.009130527649715954,1194,1194,1.0,1198,0.006455869387050972,0.006455869387050972,0.01140700001269579,0.01140700001269579,0.1381250023841858,0.1381250023841858,487,33.4640007019043,0,0,False,False,0.10500100196804851,0.008333000354468822
LUA:NetMgr.CanRecordMsg,0.002053104669691342,0.002053104669691342,1194,1194,1.0,1830,0.002053104669691342,0.002053104669691342,0.003333000000566244,0.003333000000566244,0.12776000797748566,0.12776000797748566,487,33.4640007019043,0,0,False,False,0.12776000797748566,0.003333000000566244
Hud_Msg,0.05094612818960119,0.05094612818960119,1194,1194,1.0,1194,0.003571165174907276,0.003571165174907276,0.09281300008296967,0.09281300008296967,0.6706770062446594,0.6706770062446594,743,32.941001892089844,0,0,False,False,0.08624900504946709,0.005000002682209015
LUA:Hud_Msg.OnUpdate,0.04737496301469391,0.04737496301469391,1194,1194,1.0,1194,0.0037198524680916827,0.0037198524680916827,0.08749999850988388,0.08749999850988388,0.6665109992027283,0.6665109992027283,743,32.941001892089844,0,0,False,False,0.11947899870574474,0.00463500153273344
LUA:Hud_Msg.UpdateBroadcast,0.024482041884407127,0.024482041884407127,1194,1194,1.0,1194,0.013225799906576501,0.013225799906576501,0.028750000521540642,0.028750000521540642,0.6411979794502258,0.6411979794502258,743,32.941001892089844,0,0,False,False,0.616978979727719,0.015624009363818914
LUA:Hud_Msg.CheckFuncOpen,0.0027705912425228,0.0027705912425228,1194,1194,1.0,2388,0.0027705912425228,0.0027705912425228,0.002969999914057553,0.002969999914057553,0.24458299612160772,0.2438019961118698,310,33.720001220703125,0,0,False,False,0.24458299612160772,0.002969999914057553
LUA:MarqueeDataCenter.TakeMarqueeMsg,0.0035484874109839755,0.0035484874109839755,1194,1194,1.0,3582,0.0035484874109839755,0.0035484874109839755,0.004061999963596463,0.004061999963596463,0.12265700145508163,0.12052100151777267,756,32.571998596191406,0,0,False,False,0.12265700145508163,0.004061999963596463
C#IsSelfVisible,0.008784546053514409,0.008784546053514409,1194,1194,1.0,2388,0.008784546053514409,0.008784546053514409,0.010677000042051077,0.010677000042051077,0.18333300482481718,0.17744800448417664,980,34.334999084472656,0,0,False,False,0.18333300482481718,0.010677000042051077
LUA:Hud_Msg.UpdateNormalMsg,0.0139504648398739,0.0139504648398739,1194,1194,1.0,1194,0.00901811394930764,0.00901811394930764,0.016302000731229782,0.016302000731229782,0.15963499248027802,0.15963499248027802,401,33.63800048828125,0,0,False,False,0.1486449931981042,0.010467999090906233
LUA:MarqueeDataCenter.TakeNormalMsg,0.0010849681613757003,0.0010849681613757003,1194,1194,1.0,1194,0.0010849681613757003,0.0010849681613757003,0.0015629999106749892,0.0015629999106749892,0.05817699804902077,0.05817699804902077,541,36.064998626708984,0,0,False,False,0.05817699804902077,0.0015629999106749892
LUA:Hud_Msg.UpdateWarningMsg,0.005222603822321205,0.005222603822321205,1194,1194,1.0,1194,0.004211330798742111,0.004211330798742111,0.006145999766886234,0.006145999766886234,0.13400998711585999,0.13400998711585999,201,32.91400146484375,0,0,False,False,0.13182198721915483,0.004948000074364245
LUA:MarqueeDataCenter.TakeWarningMsg,0.0010112730235790942,0.0010112730235790942,1194,1194,1.0,1194,0.0010112730235790942,0.0010112730235790942,0.0013550000730901957,0.0013550000730901957,0.06442700326442719,0.06442700326442719,244,33.56999969482422,0,0,False,False,0.06442700326442719,0.0013550000730901957
BattleHeadMgr,1.852708781384543,1.852708781384543,1194,1194,1.0,1194,0.006690568660371867,0.006690568660371867,4.236615180969238,4.236615180969238,5.4901556968688965,5.4901556968688965,660,34.775001525878906,105,0,False,True,0.20166707038879395,0.00916600227355957
LUA:BattleHeadMgr.OnUpdate,1.8460182127241713,1.8460182127241713,1194,1194,1.0,1194,0.012441716902880585,0.012441716902880585,4.223333835601807,4.223333835601807,5.48156213760376,5.48156213760376,660,34.775001525878906,105,0,False,True,0.2358850035816431,0.015623994113411754
LUA:BattleHeadMgr.IsInMapScene,0.0038611825573941776,0.0038611825573941776,1194,1194,1.0,1234,0.0038611825573941776,0.0038611825573941776,0.0036459998227655888,0.0036459998227655888,0.14229099452495575,0.14229099452495575,930,32.24300003051758,0,0,False,False,0.14229099452495575,0.0036459998227655888
BattleHeadMgr.OnUpdate,1.8295214129253048,1.8295214129253048,1194,1194,1.0,1194,0.13048633478660004,0.13048633478660004,4.211094379425049,4.211094379425049,5.4670305252075195,5.4670305252075195,660,34.775001525878906,104,0,False,False,1.8818679506948683,0.21145505650201812
LUA:MapSignificanceMgr.AdjustMgrMaxUpdateTime,0.011907301475395335,0.011907301475395335,1194,1194,1.0,1194,0.0094004070457807,0.0094004070457807,0.012291999533772469,0.012291999533772469,1.7586979866027832,1.7586979866027832,86,33.41600036621094,0,0,False,False,0.21301999362185597,0.011146000120788813
LUA:LinkedList.Length,0.0056043752023899615,0.0056043752023899615,1194,1194,1.0,11741,0.0056043752023899615,0.0056043752023899615,0.009165000010398217,0.009165000010398217,1.747083959140582,1.7464059591293335,86,33.41600036621094,0,0,False,False,1.747083959140582,0.009165000010398217
LUA:MapSignificanceMgr.GetMgrMaxUpdateTime,0.006297287290176405,0.006297287290176405,1194,1194,1.0,16471,0.006297287290176405,0.006297287290176405,0.009483000161708333,0.009483000161708333,0.12135499741998501,0.11510399729013443,537,36.356998443603516,0,0,False,False,0.12135499741998501,0.009483000161708333
LUA:BattleHeadMgr.UpdatePriorityTimeTexts,0.14152038112669635,0.14152038112669635,1194,1194,1.0,1194,0.03845315893558287,0.03845315893558287,0.25260400772094727,0.25260400772094727,0.8288540244102478,0.8288540244102478,466,30.774999618530273,0,0,False,False,0.6639000276336446,0.08812799485167488
LUA:BattleHeadMgr._124,0.12369947752615412,0.12369947752615412,1194,1194,1.0,100958,0.12369947752615412,0.12369947752615412,0.21110299907741137,0.21110299907741137,0.4814029973349534,0.2844269871711731,386,34.441001892089844,0,0,False,False,0.4814029973349534,0.21110299907741137
LUA:BattleHeadMgr._23,0.054110291832824,0.054110291832824,1194,1194,1.0,28581,0.0353924259685038,0.0353924259685038,0.10536299680825323,0.10536299680825323,0.5436460247728974,0.5092710256576538,747,33.334999084472656,0,0,False,False,0.47536099681747146,0.07895800028927624
LUA:BattleHeadItemTimeText.OnUpdate,1.1141404164767819,1.1141404164767819,1194,1194,1.0,26763,0.04058769403023168,0.04058769403023168,1.5157279819250107,1.5157279819250107,3.231667920947075,2.8556249141693115,686,32.30699920654297,1,0,False,False,0.35239703580737114,0.08353802049532533
LUA:BattleHeadItemTimeText._73,0.8429828522486262,0.8429828522486262,1194,1194,1.0,26931,0.26760070529389407,0.26760070529389407,1.1644810121506453,1.1644810121506453,3.110936924815178,2.834322929382324,686,32.30699920654297,1,0,False,False,1.6740039580108714,0.39067799045005813
LUA:TimeMgr.TransTickToTimeInMs,0.05772132371207918,0.05772132371207918,1194,1194,1.0,26931,0.025986222599120576,0.025986222599120576,0.11749800352845341,0.11749800352845341,1.914112993166782,1.8926039934158325,202,33.86199951171875,0,0,False,False,1.9011959931231104,0.06718700134661049
LUA:ScaleTimeMgr.TransTickToTime,0.0317351011129586,0.0317351011129586,1194,1194,1.0,26931,0.018163286985018172,0.018163286985018172,0.07302199956029654,0.07302199956029654,0.45943000476108864,0.4422920048236847,793,33.520999908447266,0,0,False,False,0.4521910046751145,0.02562899915210437
LUA:ScaleTimeMgr.IsInTickLogic,0.021144847755489145,0.021144847755489145,1194,1194,1.0,53862,0.021144847755489145,0.021144847755489145,0.05614300379238557,0.05614300379238557,0.19004899737774394,0.1800519973039627,304,33.470001220703125,0,0,False,False,0.19004899737774394,0.05614300379238557
LUA:ScaleTimeMgr.GetSceneLeftTime,0.024160310664152574,0.024160310664152574,1194,1194,1.0,26931,0.016587277036603856,0.016587277036603856,0.05984700011322275,0.05984700011322275,0.27880300069227815,0.2738550007343292,74,31.610000610351562,0,0,False,False,0.27677200065227225,0.048022998991655186
LUA:BattleHeadItemBase.GetDynamicCtrlData,0.01009786526437542,0.01009786526437542,1194,1194,1.0,28667,0.01009786526437542,0.01009786526437542,0.012028000128339045,0.012028000128339045,1.859896037261933,1.8569270372390747,477,32.435001373291016,0,0,False,False,1.859896037261933,0.012028000128339045
TimeText.6,0.20541801242180438,0.20541801242180438,1194,1194,1.0,26907,0.048710035802515685,0.048710035802515685,0.3060429999604821,0.3060429999604821,2.870833058375865,2.7976560592651367,686,32.30699920654297,0,0,False,False,0.9350530172232538,0.09380499832332134
LUA:TimeUtil.FormatCountdown,0.1556930117906965,0.1556930117906965,1194,1194,1.0,26836,0.1556930117906965,0.1556930117906965,0.2307849987410009,0.2307849987410009,2.8456250983290374,2.7889060974121094,686,32.30699920654297,0,0,False,False,2.8456250983290374,0.2307849987410009
TimeText.7,0.2697696884262564,0.2697696884262564,1194,1194,1.0,26907,0.10320103753384353,0.10320103753384353,0.41948099760338664,0.41948099760338664,1.857969045639038,1.857969045639038,978,34.36600112915039,0,0,False,False,0.46437399595743045,0.1678100018762052
LUA:MeshUICtrlData.__index,0.04828857154139065,0.04828857154139065,1194,1194,1.0,30919,0.03807277089936255,0.03807277089936255,0.1630699998640921,0.1630699998640921,0.6822899748221971,0.5939589738845825,1007,33.319000244140625,0,0,False,False,0.635985973814968,0.0741669979179278
C#SetTextContent,0.15773008851306372,0.15773008851306372,1194,1194,1.0,27669,0.1534221621984202,0.1534221621984202,0.2805220023728907,0.2805220023728907,1.8381249904632568,1.8381249904632568,978,34.36600112915039,0,0,False,False,1.8380199904640904,0.2752599993691547
LUA:BattleHeadItemTimeText.SetUpdateEnable,0.23318744639197592,0.23318744639197592,1194,1194,1.0,27375,0.02830583914483381,0.02830583914483381,0.3527580024674535,0.3527580024674535,1.9638030212372541,1.893854022026062,14,35.209999084472656,0,0,False,False,0.2657739905989729,0.03667200118070468
LUA:BattleHeadItemBase.SetUpdateEnable,0.03835025184093218,0.03835025184093218,1194,1194,1.0,31054,0.02092216726474603,0.02092216726474603,0.09088700136635453,0.09088700136635453,1.058019069954753,1.0422390699386597,719,33.55699920654297,0,0,False,False,1.047238070052117,0.05318000091938302
LUA:BattleHeadMgr.SetItemUpdateEnable,0.01742808457618615,0.01742808457618615,1194,1194,1.0,31054,0.01742808457618615,0.01742808457618615,0.039898000497487374,0.039898000497487374,0.21609401257592253,0.1997920125722885,290,33.29499816894531,0,0,False,False,0.21609401257592253,0.039898000497487374
LUA:BattleHeadItemBase.SetRootVisible,0.20723015359670194,0.20723015359670194,1194,1194,1.0,31831,0.08835471938552139,0.08835471938552139,0.38499599779606797,0.38499599779606797,2.231614025775343,1.8910410404205322,439,33.356998443603516,0,0,False,False,0.7438500034622848,0.16661500878399238
C#IsVisible,0.07963811025011078,0.07963811025011078,1194,1194,1.0,31270,0.07963811025011078,0.07963811025011078,0.13353699899744242,0.13353699899744242,1.738542965380475,1.713176965713501,14,35.209999084472656,0,0,False,False,1.738542965380475,0.13353699899744242
C#SetVisible,0.03422728882231566,0.03422728882231566,1194,1194,1.0,31993,0.03107624526139499,0.03107624526139499,0.06520599953364581,0.06520599953364581,1.889479053847026,1.4571360349655151,984,52.75299835205078,0,0,False,False,0.4413540148525499,0.06520599953364581
SkillMgr,0.12571202591373593,0.12571202591373593,1194,1194,1.0,1194,0.007488336451538843,0.007488336451538843,0.233488991856575,0.233488991856575,2.2197399139404297,2.2197399139404297,478,34.198001861572266,0,0,False,False,0.16166698932647705,0.010729998350143433
LUA:SkillMgr.OnUpdate,0.11822368946219709,0.11822368946219709,1194,1194,1.0,1194,0.011736783397007905,0.011736783397007905,0.22400999069213867,0.22400999069213867,2.2139060497283936,2.2139060497283936,478,34.198001861572266,0,0,False,False,0.30817598794965306,0.013958004128653556
SkillMgr.OnUpdate,0.10061444124671783,0.10061444124671783,1194,1194,1.0,1194,0.014535524249087568,0.014535524249087568,0.183228999376297,0.183228999376297,2.2002079486846924,2.2002079486846924,478,34.198001861572266,0,0,False,False,0.4408339959336445,0.01755100244190544
LUA:SkillMgr.UpdateOutTimeQueue,0.006556074511941516,0.006556074511941516,1194,1194,1.0,1194,0.004203551870838418,0.004203551870838418,0.006041999906301498,0.006041999906301498,1.7727609872817993,1.7727609872817993,478,34.198001861572266,0,0,False,False,0.16484401444904506,0.004998999764211476
LUA:LuaQueue.IsEmpty,0.0028811231463645635,0.0028811231463645635,1194,1194,1.0,2388,0.0028811231463645635,0.0028811231463645635,0.001665999967372045,0.001665999967372045,1.7679690429358743,1.7675000429153442,478,34.198001861572266,0,0,False,False,1.7679690429358743,0.001665999967372045
LUA:BattleEventMgr.Update,0.03993190365252233,0.03993190365252233,1194,1194,1.0,1194,0.008311690143597648,0.008311690143597648,0.07880200445652008,0.07880200445652008,0.4076560139656067,0.4076560139656067,735,33.529998779296875,0,0,False,False,0.22265599854290485,0.009893030975945294
LUA:SkillMgr.GetUpdateTime,0.000627359296711473,0.000627359296711473,1194,1194,1.0,1194,0.000627359296711473,0.000627359296711473,0.0007289999630302191,0.0007289999630302191,0.10604199767112732,0.10604199767112732,1128,33.79899978637695,0,0,False,False,0.10604199767112732,0.0007289999630302191
LUA:BattleEventMgr.UpdateBattleEvent,0.010509876870913697,0.010509876870913697,1194,1194,1.0,1194,0.007011079557423651,0.007011079557423651,0.013437999412417412,0.013437999412417412,0.31046900153160095,0.31046900153160095,676,32.29899978637695,0,0,False,False,0.28005099709844217,0.009270999144064263
BattleEventMgr.OnUpdateNetEvent,0.0032868777128549566,0.0032868777128549566,1194,1194,1.0,1194,0.0027582772075934914,0.0027582772075934914,0.0036979999858886003,0.0036979999858886003,0.29822900891304016,0.29822900891304016,676,32.29899978637695,0,0,False,False,0.2958850087597966,0.0032290000235661864
LUA:BattleEventMgr.UpdateBubble,0.015612248720919443,0.015612248720919443,1194,1194,1.0,1194,0.0042894028150477735,0.0042894028150477735,0.020260998979210854,0.020260998979210854,0.385468989610672,0.385468989610672,735,33.529998779296875,0,0,False,False,0.3387489845335949,0.0061979995589354075
BattleEventMgr.OnUpdateBubble,0.01113532161202837,0.01113532161202837,1194,1194,1.0,1194,0.0036374933514946844,0.0036374933514946844,0.013542000204324722,0.013542000204324722,0.3771350085735321,0.3771350085735321,735,33.529998779296875,0,0,False,False,0.091093007940799,0.004531999817118049
LUA:BattleEventMgr._81,0.004402761255990374,0.004402761255990374,1194,1194,1.0,2388,0.003061560248554188,0.003061560248554188,0.005572000052779913,0.005572000052779913,0.28250000067055225,0.2796880006790161,735,33.529998779296875,0,0,False,False,0.27166700025554746,0.003958999936003238
LUA:BattleEventMgr.CheckEntityValid,0.004682216055026681,0.004686140796061908,1193,1194,0.9991624790619765,1193,0.00391923867390683,0.0039225238697776655,0.005833000410348177,0.005833000410348177,0.25166699290275574,0.25166699290275574,34,34.03900146484375,0,0,False,False,0.24843799276277423,0.004895000020042062
LUA:BattleEventMgr.UpdateMultBubble,0.001221172523058263,0.001221172523058263,1194,1194,1.0,1194,0.001221172523058263,0.001221172523058263,0.001614999957382679,0.001614999957382679,0.05692699924111366,0.05692699924111366,413,29.4689998626709,0,0,False,False,0.05692699924111366,0.001614999957382679
LUA:BattleEventMgr.UpdateHeadEffect,0.003649556097321811,0.003649556097321811,1194,1194,1.0,1194,0.0020624070468384438,0.0020624070468384438,0.003854000009596348,0.003854000009596348,0.29426997900009155,0.29426997900009155,175,32.78799819946289,0,0,False,False,0.2857799790799618,0.0021880000131204724
LUA:SkillMgr.UpdateCsInstances,0.020813551122030958,0.020813551122030958,1194,1194,1.0,1194,0.005049177599911713,0.005049177599911713,0.023749999701976776,0.023749999701976776,0.5364589691162109,0.5364589691162109,523,31.323999404907227,0,0,False,False,0.15442600194364786,0.005988996243104339
LUA:SkillMgr._77,0.001710989917909268,0.001710989917909268,1194,1194,1.0,1194,0.001183794773147883,0.001183794773147883,0.0018229999113827944,0.0018229999113827944,0.1404159963130951,0.1404159963130951,1055,33.05400085449219,0,0,False,False,0.1377599963452667,0.0013540000072680414
C#StaticUpdateSkillAndBuff,0.014053383604209976,0.014065163473115433,1193,1194,0.9991624790619765,1193,0.014053383604209976,0.014065163473115433,0.015677999705076218,0.015677999705076218,0.3920830190181732,0.3920830190181732,100,35.612998962402344,0,0,False,False,0.3920830190181732,0.015677999705076218
LUA:SkillMgr.UpdateSkillEvent,0.014241253757861816,0.014241253757861816,1194,1194,1.0,1194,0.006384282232016201,0.006384282232016201,0.020416999235749245,0.020416999235749245,0.20229099690914154,0.20229099690914154,1195,34.03900146484375,0,0,False,False,0.17531299935944844,0.009739000699482858
SkillMgr.ReleaseSkillEvent,0.007679006699831467,0.007679006699831467,1194,1194,1.0,1194,0.00490442380877824,0.00490442380877824,0.010468999855220318,0.010468999855220318,0.1555209904909134,0.1555209904909134,877,33.71900177001953,0,0,False,False,0.14630199049133807,0.006355000310577452
LUA:SkillMgr.CheckSkillEffectAlpha,0.0018685008239288077,0.0018685008239288077,1194,1194,1.0,1194,0.0018685008239288077,0.0018685008239288077,0.0027600000612437725,0.0027600000612437725,0.04932300001382828,0.04932300001382828,661,32.54399871826172,0,0,False,False,0.04932300001382828,0.0027600000612437725
DramaMgr,0.010804671694140825,0.010804671694140825,1194,1194,1.0,1194,0.007370319098883139,0.007370319098883139,0.013646000064909458,0.013646000064909458,0.2508859932422638,0.2508859932422638,743,32.941001892089844,0,0,False,False,0.1488019973039627,0.009948000544682145
LUA:DramaMgr.OnUpdate,0.0034343525952576868,0.0034343525952576868,1194,1194,1.0,1194,0.0034343525952576868,0.0034343525952576868,0.004010000266134739,0.004010000266134739,0.24328100681304932,0.24328100681304932,743,32.941001892089844,0,0,False,False,0.24328100681304932,0.004010000266134739
ArmyEntityUIMgr,0.02104110469483151,0.02104110469483151,1194,1194,1.0,1194,0.004971375256009288,0.004971375256009288,0.029999999329447746,0.029999999329447746,0.3041670024394989,0.3041670024394989,412,35.0359992980957,0,0,False,False,0.246823001652956,0.0056250011548399925
LUA:ArmyEntityUIMgr.OnUpdate,0.016069729438822223,0.016069729438822223,1194,1194,1.0,1194,0.008192533476072728,0.008192533476072728,0.02203099988400936,0.02203099988400936,0.2125519961118698,0.2125519961118698,53,33.3129997253418,0,0,False,False,0.19890599639620632,0.011666000384138897
ArmyEntityUIMgr.OnUpdate,0.007600673347426082,0.007600673347426082,1194,1194,1.0,1194,0.004823505862750943,0.004823505862750943,0.0096879992634058,0.0096879992634058,0.19484399259090424,0.19484399259090424,178,33.56399917602539,0,0,False,False,0.19166699261404574,0.005781000014394522
OutsideArmyMgr,0.006001624771295555,0.006001624771295555,1194,1194,1.0,1194,0.004632282239198529,0.004632282239198529,0.008593999780714512,0.008593999780714512,0.15354099869728088,0.15354099869728088,636,33.03200149536133,0,0,False,False,0.1508849987294525,0.006874999729916453
LUA:OutsideArmyMgr.OnUpdate,0.0013693425320970266,0.0013693425320970266,1194,1194,1.0,1194,0.0013693425320970266,0.0013693425320970266,0.0017189999343827367,0.0017189999343827367,0.06609400361776352,0.06609400361776352,878,33.018001556396484,0,0,False,False,0.06609400361776352,0.0017189999343827367
MapWeatherMgr,0.00407860466100469,0.00407860466100469,1194,1194,1.0,1194,0.0035796163829888445,0.0035796163829888445,0.0048439996317029,0.0048439996317029,0.20775999128818512,0.20775999128818512,533,33.736000061035156,0,0,False,False,0.20562499132938683,0.004166000115219504
LUA:MapWeatherMgr.OnUpdate,0.0004989882780158451,0.0004989882780158451,1194,1194,1.0,1194,0.0004989882780158451,0.0004989882780158451,0.0007820000173524022,0.0007820000173524022,0.0021349999587982893,0.0021349999587982893,533,33.736000061035156,0,0,False,False,0.0021349999587982893,0.0007820000173524022
Float_Root,0.00444895223610281,0.00444895223610281,1194,1194,1.0,1194,0.0029544572892303968,0.0029544572892303968,0.005364999640733004,0.005364999640733004,0.1805730015039444,0.1805730015039444,636,33.03200149536133,0,0,False,False,0.17880200152285397,0.0034900002647191286
LUA:Float_Root.OnUpdate,0.001494494946872413,0.001494494946872413,1194,1194,1.0,1194,0.001494494946872413,0.001494494946872413,0.001927000004798174,0.001927000004798174,0.03114599920809269,0.03114599920809269,1057,32.209999084472656,0,0,False,False,0.03114599920809269,0.001927000004798174
NewbieMaskCtrl,0.0043639539114247936,0.0043639539114247936,1194,1194,1.0,1194,0.0026178844202402666,0.0026178844202402666,0.005156000144779682,0.005156000144779682,0.144896000623703,0.144896000623703,893,33.4379997253418,0,0,False,False,0.14114600070752203,0.003019999712705612
LUA:NewbieMaskCtrl.OnUpdate,0.0017460694911845271,0.0017460694911845271,1194,1194,1.0,1194,0.0017460694911845271,0.0017460694911845271,0.0024480000138282776,0.0024480000138282776,0.06604199856519699,0.06604199856519699,962,32.36199951171875,0,0,False,False,0.06604199856519699,0.0024480000138282776
InfiniteZoomMgr,0.07504723528072463,0.07504723528072463,1194,1194,1.0,1194,0.0031515895896021846,0.0031515895896021846,0.13437500596046448,0.13437500596046448,0.5851050019264221,0.5851050019264221,155,32.814998626708984,0,0,False,False,0.08921899646520615,0.003699004650115967
LUA:InfiniteZoomMgr.OnUpdate,0.07189564569112245,0.07189564569112245,1194,1194,1.0,1194,0.028832803147631834,0.028832803147631834,0.12661400437355042,0.12661400437355042,0.5807809829711914,0.5807809829711914,155,32.814998626708984,0,0,False,False,0.5283329805824906,0.03427000064402819
LUA:InfiniteZoomUICtrl.OnUpdate,0.009668956436427432,0.009668956436427432,1194,1194,1.0,1194,0.003353881049948827,0.003353881049948827,0.011250000447034836,0.011250000447034836,0.3156769871711731,0.3156769871711731,532,33.06700134277344,0,0,False,False,0.14557299902662635,0.004011000040918589
LUA:InfiniteZoomMgr.GetCurState,0.007982866832139392,0.007982866832139392,1194,1194,1.0,2476,0.0048736382199988946,0.0048736382199988946,0.010520999727305025,0.010520999727305025,0.32083199569024146,0.3119789958000183,532,33.06700134277344,0,0,False,False,0.1204160003690049,0.006405000283848494
LUA:SceneMgr.IsInScene,0.005346139840858422,0.005346139840858422,1194,1194,1.0,7114,0.005346139840858422,0.005346139840858422,0.009531000032438897,0.009531000032438897,0.31270998454419896,0.30729198455810547,532,33.06700134277344,0,0,False,False,0.31270998454419896,0.009531000032438897
LUA:InfiniteZoomMapGoEffectCtrl.OnUpdate,0.0278877797910953,0.0278877797910953,1194,1194,1.0,1194,0.01787383008298,0.01787383008298,0.036563001573085785,0.036563001573085785,0.217863991856575,0.217863991856575,87,34.09299850463867,0,0,False,False,0.17932300956454128,0.02328300054796273
InfiniteZoomMapGoEffectCtrl.CameraMoveDeferredRefresh,0.003923746207307781,0.003923746207307781,1194,1194,1.0,1194,0.003219440514345125,0.003219440514345125,0.005104000214487314,0.005104000214487314,0.09932299703359604,0.09932299703359604,1048,33.70500183105469,0,0,False,False,0.09822899708524346,0.004269999801181257
LUA:InfiniteZoomMapGoEffectCtrl.TryFlushCameraMoveRefresh,0.0007043056929626555,0.0007043056929626555,1194,1194,1.0,1194,0.0007043056929626555,0.0007043056929626555,0.0009380000410601497,0.0009380000410601497,0.04312499985098839,0.04312499985098839,816,33.75,0,0,False,False,0.04312499985098839,0.0009380000410601497
InfiniteZoomMapGoEffectCtrl.ProcessBigCityIconTasks,0.003967472343117473,0.003967472343117473,1194,1194,1.0,1194,0.002976678376211539,0.002976678376211539,0.0045830002054572105,0.0045830002054572105,0.10520800203084946,0.10520800203084946,938,30.99799919128418,0,0,False,False,0.09932200191542506,0.003489999973680824
LUA:InfiniteZoomMapGoEffectCtrl.ProcessBigCityIconRefreshTasks,0.0009907939669059338,0.0009907939669059338,1194,1194,1.0,1194,0.0009907939669059338,0.0009907939669059338,0.0012499999720603228,0.0012499999720603228,0.06770800054073334,0.06770800054073334,533,33.736000061035156,0,0,False,False,0.06770800054073334,0.0012499999720603228
LUA:InfiniteZoomDebugCtrl.OnUpdate,0.0012193701659819467,0.0012193701659819467,1194,1194,1.0,1194,0.0012193701659819467,0.0012193701659819467,0.0016659999964758754,0.0016659999964758754,0.03682199865579605,0.03682199865579605,673,35.992000579833984,0,0,False,False,0.03682199865579605,0.0016659999964758754
GVoiceMgr,0.024834586242666247,0.024834586242666247,1194,1194,1.0,1194,0.004376195957712592,0.004376195957712592,0.030104000121355057,0.030104000121355057,0.27213597297668457,0.27213597297668457,1190,31.297000885009766,0,0,False,False,0.20291598699986935,0.0056769996881484985
LUA:GVoiceMgr.OnUpdate,0.020458390284953654,0.020458390284953654,1194,1194,1.0,1194,0.005401298154919241,0.005401298154919241,0.02411399967968464,0.02411399967968464,0.26734399795532227,0.26734399795532227,1190,31.297000885009766,0,0,False,False,0.14838500134646893,0.006613999605178833
C#Poll,0.015057092130034413,0.015057092130034413,1194,1194,1.0,1194,0.015057092130034413,0.015057092130034413,0.017865000292658806,0.017865000292658806,0.2618750035762787,0.2618750035762787,1190,31.297000885009766,0,0,False,False,0.2618750035762787,0.017865000292658806
OutsideMapViewCtrl,0.012722865993100869,0.012722865993100869,1194,1194,1.0,1194,0.005728481565188723,0.005728481565188723,0.01619799993932247,0.01619799993932247,0.20484399795532227,0.20484399795532227,1127,32.54800033569336,0,0,False,False,0.09723999816924334,0.007760000415146351
LUA:OutsideMapViewCtrl.OnUpdate,0.006994384427912146,0.006994384427912146,1194,1194,1.0,1194,0.003208053625505449,0.003208053625505449,0.008020000532269478,0.008020000532269478,0.19849000871181488,0.19849000871181488,1127,32.54800033569336,0,0,False,False,0.18760500848293304,0.003750000149011612
LUA:OutsideMapViewCtrl.CheckQueryViewPos,0.0037863308024066976,0.0037863308024066976,1194,1194,1.0,1194,0.0029189271238829256,0.0029189271238829256,0.004478999879211187,0.004478999879211187,0.11848999559879303,0.11848999559879303,719,33.55699920654297,0,0,False,False,0.1170309956651181,0.003540999925462529
MapSignificanceMgr,1.645932258398489,1.645932258398489,1194,1194,1.0,1194,0.005152040340592913,0.005152040340592913,4.866615295410156,4.866615295410156,8.051094055175781,8.051094055175781,350,33.30699920654297,389,0,False,True,0.19036398828029633,0.006562709808349609
LUA:MapSignificanceMgr.OnUpdate,1.640780218057896,1.640780218057896,1194,1194,1.0,1194,0.011153172025371907,0.011153172025371907,4.862032413482666,4.862032413482666,8.04645824432373,8.04645824432373,350,33.30699920654297,389,0,False,True,0.2986459816020215,0.014322814779006876
MapSignificanceMgr.sampler_OnUpdate,1.6279656398461093,1.6279656398461093,1194,1194,1.0,1194,0.016504000554449578,0.016504000554449578,4.848698139190674,4.848698139190674,8.03281307220459,8.03281307220459,350,33.30699920654297,389,0,False,False,0.20421900978544727,0.019427939201705158
C#GridStatsDumpEnabled,0.005023917905586363,0.005023917905586363,1194,1194,1.0,2388,0.005023917905586363,0.005023917905586363,0.006249000318348408,0.006249000318348408,0.29291600559372455,0.2914060056209564,751,34.29999923706055,0,0,False,False,0.29291600559372455,0.006249000318348408
LUA:MapSignificanceMgr.UpdatePrepareTask,0.07152570555863319,0.07152570555863319,1194,1194,1.0,1194,0.009590018592670713,0.009590018592670713,0.3373959958553314,0.3373959958553314,3.898437976837158,3.898437976837158,842,32.36399841308594,2,0,False,False,0.33671999839134514,0.012447014640201814
MapSignificanceMgr.UpdatePrepareTask,0.05937092901980489,0.05937092901980489,1194,1194,1.0,1194,0.006752645120061147,0.006752645120061147,0.3228129744529724,0.3228129744529724,3.8830721378326416,3.8830721378326416,842,32.36399841308594,2,0,False,False,0.26744700540439226,0.018174989498220384
LUA:MapSignificanceMgr.UpdateHighFreqPrepareData,0.0055954329700870645,0.0055954329700870645,1194,1194,1.0,1194,0.002291159107820934,0.002291159107820934,0.018438000231981277,0.018438000231981277,0.25328099727630615,0.25328099727630615,1109,33.1619987487793,0,0,False,False,0.24994699726812541,0.002605000277981162
LUA:MapSignificanceTaskScheduler.ProcessTaskOrder,0.013793245358259995,0.013793245358259995,1194,1194,1.0,1194,0.008170463982538083,0.008170463982538083,0.04479200020432472,0.04479200020432472,0.44999998807907104,0.44999998807907104,834,34.5260009765625,0,0,False,False,0.20853700739098713,0.022806999550084583
LUA:MapSignificanceMgr.ProcessSignificanceTasks,1.5129912621162245,1.5129912621162245,1194,1194,1.0,1194,0.009158162394057066,0.009158162394057066,4.632136344909668,4.632136344909668,7.629271030426025,7.629271030426025,350,33.30699920654297,369,0,False,True,0.3807800122885965,0.013072175352135673
MapSignificanceMgr.ProcessTasks,1.499945339277212,1.499945339277212,1194,1194,1.0,1194,0.04302432169516735,0.04302432169516735,4.621405601501465,4.621405601501465,7.607604026794434,7.607604026794434,350,33.30699920654297,368,0,False,False,0.6153100326555432,0.08078200503223343
LUA:MapSignificanceMgr.ReadyForProcessTask,0.04370494725079692,0.04370494725079692,1194,1194,1.0,1194,0.012514468145351412,0.012514468145351412,0.052657000720500946,0.052657000720500946,0.40385401248931885,0.40385401248931885,475,33.650001525878906,0,0,False,False,0.29812399999354966,0.014738999598193914
C#HasTask,0.037345263836328156,0.037345263836328156,1194,1194,1.0,3198,0.037345263836328156,0.037345263836328156,0.05046800058335066,0.05046800058335066,0.275886005256325,0.2707290053367615,257,34.645999908447266,0,0,False,False,0.275886005256325,0.05046800058335066
MapSignificanceMgr.ForceSubEntity,0.008596922129968265,0.008596922129968265,1194,1194,1.0,1194,0.003286169215495085,0.003286169215495085,0.011823000386357307,0.011823000386357307,0.16374999284744263,0.16374999284744263,800,33.4119987487793,0,0,False,False,0.14973899349570274,0.004374000243842602
LUA:MapSignificanceMgr.ConsumeTasks_ForceSubEntity,0.0053107529144731805,0.0053107529144731805,1194,1194,1.0,1194,0.002073340863369677,0.002073340863369677,0.007656000088900328,0.007656000088900328,0.15666700899600983,0.15666700899600983,172,34.01900100708008,0,0,False,False,0.14979200903326273,0.0027079996652901173
LUA:MapSignificanceMgr.ConsumeTasks_Self,0.010366159118204947,0.010366159118204947,1194,1194,1.0,1194,0.0033355913383061758,0.0033355913383061758,0.011405999772250652,0.011405999772250652,0.20656199753284454,0.20656199753284454,254,34.172000885009766,0,0,False,False,0.08864499442279339,0.0039059999398887157
LUA:MapSignificanceMgr.CanProcessTask,0.014111058482993082,0.014111058482993082,1194,1194,1.0,14083,0.009723204177494435,0.009723204177494435,0.04161400184966624,0.04161400184966624,0.1995319908601232,0.19182299077510834,795,34.35200119018555,0,0,False,False,0.19661499082576483,0.01838599960319698
LUA:MapSignificanceTaskScheduler.PopOwnerTask,0.004916770487455917,0.004925020102367755,1192,1194,0.998324958123953,1192,0.004916770487455917,0.004925020102367756,0.005468999966979027,0.005468999966979027,0.16359399259090424,0.16359399259090424,616,33.12300109863281,0,0,False,False,0.16359399259090424,0.005468999966979027
MapSignificanceMgr.PriorityEntityTask,0.012921066025554373,0.012921066025554373,1194,1194,1.0,1194,0.002423028355676695,0.002423028355676695,0.005781000014394522,0.005781000014394522,1.4544789791107178,1.4544789791107178,984,52.75299835205078,0,0,False,False,0.08661500178277493,0.003437999985180795
LUA:MapSignificanceMgr.ConsumeTasks_PriorityMapEntity,0.010498037669877678,0.010498037669877678,1194,1194,1.0,1194,0.001963177623634887,0.001963177623634887,0.0020840000361204147,0.0020840000361204147,1.451509952545166,1.451509952545166,984,52.75299835205078,0,0,False,False,0.0981770008802414,0.0020830000285059214
MapSignificanceMgr.TimeoutTask,0.013939820783418702,0.013939820783418702,1194,1194,1.0,1194,0.0025983266251620334,0.0025983266251620334,0.021093999966979027,0.021093999966979027,0.3197390139102936,0.3197390139102936,343,33.59000015258789,0,0,False,False,0.12593700364232063,0.0027609914541244507
LUA:MapSignificanceMgr.ConsumeTasks_Timeout,0.011341494158256669,0.011341494158256669,1194,1194,1.0,1194,0.004401785631243286,0.004401785631243286,0.015937000513076782,0.015937000513076782,0.31562501192092896,0.31562501192092896,343,33.59000015258789,0,0,False,False,0.3015620120568201,0.005884999525733292
LUA:MapSignificanceMgr.ConsumeTasks_Common,0.006445589581998985,0.006445589581998985,1194,1194,1.0,2388,0.0031871172283398585,0.0031871172283398585,0.007189000258222222,0.007189000258222222,0.11760500119999051,0.1145320013165474,4,33.547000885009766,0,0,False,False,0.10604200305533595,0.003438000043388456
LUA:LinkedList.First,0.006263618110310295,0.006263618110310295,1194,1194,1.0,16289,0.006263618110310295,0.006263618110310295,0.008440000063274056,0.008440000063274056,0.26656298809393775,0.26249998807907104,942,34.882999420166016,0,0,False,False,0.26656298809393775,0.008440000063274056
MapSignificanceMgr.InfiniteZoomTask,0.005143809844224934,0.005143809844224934,1194,1194,1.0,1194,0.0023607193884109044,0.0023607193884109044,0.005833000410348177,0.005833000410348177,0.26802098751068115,0.26802098751068115,753,32.8849983215332,0,0,False,False,0.2613029875792563,0.00255099986679852
LUA:MapSignificanceMgr.ConsumeTasks_InfiniteZoom,0.002783090455814029,0.002783090455814029,1194,1194,1.0,1194,0.0018664254731178079,0.0018664254731178079,0.003333000000566244,0.003333000000566244,0.10838600248098373,0.10838600248098373,927,32.79499816894531,0,0,False,False,0.10750100249424577,0.00229199999012053
MapSignificanceMgr.EntityTask,1.3343563795556164,1.3343563795556164,1194,1194,1.0,1194,0.0029377236457657024,0.0029377236457657024,4.446511268615723,4.446511268615723,7.495207786560059,7.495207786560059,350,33.30699920654297,350,0,False,True,0.4334369981661439,0.0032806396484375
LUA:MapSignificanceMgr.ConsumeTasks_MapEntity,1.3314186559098506,1.3314186559098506,1194,1194,1.0,1194,0.0371820488875973,0.0371820488875973,4.444375038146973,4.444375038146973,7.4926557540893555,7.4926557540893555,350,33.30699920654297,350,0,False,False,0.5617151860351441,0.1436911320197396
MapSignificanceMgr.CommonTask,0.004586850935702448,0.004586850935702448,1194,1194,1.0,1194,0.0021854255001733025,0.0021854255001733025,0.005572999827563763,0.005572999827563763,0.38307300209999084,0.38307300209999084,291,33.70100021362305,0,0,False,False,0.381511002080515,0.0028640031814575195
MapSignificanceMgr.LocalResEntity,0.004458336665418305,0.004458336665418305,1194,1194,1.0,1194,0.0018852897791014095,0.0018852897791014095,0.004999999888241291,0.004999999888241291,0.11901099979877472,0.11901099979877472,118,33.231998443603516,0,0,False,False,0.11234400002285838,0.0023960003163665533
LUA:MapSignificanceMgr.ConsumeTasks_LocalResEntity,0.002573046886316895,0.002573046886316895,1194,1194,1.0,1194,0.0014153601355482925,0.0014153601355482925,0.002864000154659152,0.002864000154659152,0.07739600539207458,0.07739600539207458,54,33.62099838256836,0,0,False,False,0.07270899770082906,0.0016150000301422551
MapSignificanceMgr.OutsideSubEntityMgr,0.010678566156705557,0.010678566156705557,1194,1194,1.0,1194,0.00281582160683589,0.00281582160683589,0.023228999227285385,0.023228999227285385,0.2977609932422638,0.2977609932422638,751,34.29999923706055,0,0,False,False,0.26515699177980423,0.0031250007450580597
LUA:MapSignificanceMgr.ConsumeTasks_SubEntity,0.007862744549869667,0.007862744549869667,1194,1194,1.0,1194,0.0018044263193691134,0.0018044263193691134,0.020363999530673027,0.020363999530673027,0.20994800329208374,0.20994800329208374,795,34.35200119018555,0,0,False,False,0.07437499612569809,0.003697999578434974
MapSignificanceMgr.DestroyEntity,0.0060066038360850425,0.0060066038360850425,1194,1194,1.0,1194,0.0026166767044378198,0.0026166767044378198,0.007395999971777201,0.007395999971777201,0.308228999376297,0.308228999376297,553,32.35100173950195,0,0,False,False,0.1790089902933687,0.003126000054180622
LUA:MapSignificanceMgr.ConsumeTasks_MapEntityForDestroy,0.0033899271316472222,0.0033899271316472222,1194,1194,1.0,1194,0.0020107395404975526,0.0020107395404975526,0.0041669998317956924,0.0041669998317956924,0.30140700936317444,0.30140700936317444,553,32.35100173950195,0,0,False,False,0.297136009496171,0.0025519999471725896
MapCommandBuffer,0.04834236846721951,0.04834236846721951,1194,1194,1.0,1194,0.008633534283606551,0.008633534283606551,0.09010399878025055,0.09010399878025055,0.6287500262260437,0.6287500262260437,84,31.711000442504883,0,0,False,False,0.32026101276278496,0.011250000447034836
LUA:MapCommandBuffer.OnUpdate,0.039708834183612964,0.039708834183612964,1194,1194,1.0,1194,0.0022936784046104605,0.0022936784046104605,0.07609400153160095,0.07609400153160095,0.6201559901237488,0.6201559901237488,84,31.711000442504883,0,0,False,False,0.1649479940533638,0.00270799919962883
LUA:MapCommandBuffer.ProcessCommandBuffer,0.0374151557790025,0.0374151557790025,1194,1194,1.0,1194,0.008209888637312075,0.008209888637312075,0.07151100039482117,0.07151100039482117,0.6178649663925171,0.6178649663925171,84,31.711000442504883,0,0,False,False,0.5934379662066931,0.010884998089750297
ProcessCommandBuffer,0.02894104938248993,0.02894104938248993,1194,1194,1.0,1194,0.01267190964729096,0.01267190964729096,0.03755199909210205,0.03755199909210205,0.3449479937553406,0.3449479937553406,166,33.52899932861328,0,0,False,False,0.3042169879190624,0.014845000114291906
LUA:MapCommandBuffer.ProcessCommandBuffer_Flag,0.0027674815679024404,0.0027674815679024404,1194,1194,1.0,1194,0.0027674815679024404,0.0027674815679024404,0.0031250000465661287,0.0031250000465661287,0.16203100979328156,0.16203100979328156,309,32.43899917602539,0,0,False,False,0.16203100979328156,0.0031250000465661287
LUA:MapCommandBuffer.ProcessCommandBuffer_DestroyModelGo,0.0014825418528221653,0.0014825418528221653,1194,1194,1.0,1194,0.0014825418528221653,0.0014825418528221653,0.0018749999580904841,0.0018749999580904841,0.05687500163912773,0.05687500163912773,1118,33.435001373291016,0,0,False,False,0.05687500163912773,0.0018749999580904841
LUA:MapCommandBuffer.ProcessCommandBuffer_ModelGo,0.003615654085160637,0.003615654085160637,1194,1194,1.0,1194,0.0023964497493921236,0.0023964497493921236,0.00458399998024106,0.00458399998024106,0.09541600197553635,0.09541600197553635,410,32.19599914550781,0,0,False,False,0.0934370020404458,0.0030219999607652426
LUA:MapCommandBuffer.ProcessCommandBuffer_ECS,0.002332472354442761,0.002332472354442761,1194,1194,1.0,1194,0.0013320753746948765,0.0013320753746948765,0.0029690000228583813,0.0029690000228583813,0.06708300113677979,0.06708300113677979,273,33.54800033569336,0,0,False,False,0.00906199961900711,0.0017709998646751046
LUA:MapCommandBuffer.ProcessCommandBuffer_FloatUIName,0.0021466054988052334,0.0021466054988052334,1194,1194,1.0,1194,0.001515973174193378,0.001515973174193378,0.0023440001532435417,0.0023440001532435417,0.09697899967432022,0.09697899967432022,1190,31.297000885009766,0,0,False,False,0.09645799966529012,0.0017190001672133803
LUA:MapCommandBuffer.ProcessCommandBuffer_ForestTree,0.0019148642900618264,0.0019148642900618264,1194,1194,1.0,1194,0.0013093173789697772,0.0013093173789697772,0.0021349999587982893,0.0021349999587982893,0.17963600158691406,0.17963600158691406,951,34.00899887084961,0,0,False,False,0.17921900158398785,0.0015100001473911107
LUA:MapCommandBuffer.ProcessCommandBuffer_MarkArmyDead,0.0020095200860039044,0.0020095200860039044,1194,1194,1.0,1194,0.0015301750207246145,0.0015301750207246145,0.002187000121921301,0.002187000121921301,0.31901001930236816,0.31901001930236816,166,33.52899932861328,0,0,False,False,0.31484301947057247,0.001665999850956723
MapDataCtrl,0.019788557002898086,0.019788557002898086,1194,1194,1.0,1194,0.005173943103587495,0.005173943103587495,0.016927000135183334,0.016927000135183334,2.3887500762939453,2.3887500762939453,819,33.33399963378906,0,0,False,False,0.19932204484939575,0.007239937782287598
LUA:MapDataCtrl.OnUpdate,0.014614613899310592,0.014614613899310592,1194,1194,1.0,1194,0.0017726321816225997,0.0017726321816225997,0.009895999915897846,0.009895999915897846,2.381927013397217,2.381927013397217,819,33.33399963378906,0,0,False,False,0.0702599985525012,0.0022920002229511738
LUA:MapDataCtrl.UpdateDelayedDeleteInfo,0.012841981717687993,0.012841981717687993,1194,1194,1.0,1194,0.004390952411175774,0.004390952411175774,0.007813000120222569,0.007813000120222569,2.3804171085357666,2.3804171085357666,819,33.33399963378906,0,0,False,False,0.3734370044548996,0.00562599953263998
MapMoveMgr,0.004932739488859279,0.004932739488859279,1194,1194,1.0,1194,0.0035271792083867892,0.0035271792083867892,0.00661499984562397,0.00661499984562397,0.11031199991703033,0.11031199991703033,69,33.902000427246094,0,0,False,False,0.1080199999269098,0.004947999841533601
LUA:MapMoveMgr.OnUpdate,0.0014055602804724896,0.0014055602804724896,1194,1194,1.0,1194,0.0014055602804724896,0.0014055602804724896,0.0018749999580904841,0.0018749999580904841,0.058228999376297,0.058228999376297,649,33.082000732421875,0,0,False,False,0.058228999376297,0.0018749999580904841
MapCoreMgr,0.005729162456956029,0.005729162456956029,1194,1194,1.0,1194,0.002827834991299059,0.002827834991299059,0.006874999962747097,0.006874999962747097,0.19348999857902527,0.19348999857902527,377,33.27399826049805,0,0,False,False,0.10020800260826945,0.0033859999384731054
LUA:MapCoreMgr.OnUpdate,0.00290132746565697,0.00290132746565697,1194,1194,1.0,1194,0.0019607688448268225,0.0019607688448268225,0.003541999962180853,0.003541999962180853,0.11354099959135056,0.11354099959135056,377,33.27399826049805,0,0,False,False,0.11192699964158237,0.0023949998430907726
LUA:MapCoreMgr.CanProcessZombie,0.0009405586208301476,0.0009405586208301476,1194,1194,1.0,1194,0.0009405586208301476,0.0009405586208301476,0.0014059999957680702,0.0014059999957680702,0.04125000163912773,0.04125000163912773,456,33.084999084472656,0,0,False,False,0.04125000163912773,0.0014059999957680702
Hud_Common,0.19271081344963956,0.19271081344963956,1194,1194,1.0,2908,0.014127287345429822,0.014127287345429822,0.30463600531220436,0.30463600531220436,0.9420309960842133,0.8010939955711365,579,34.07699966430664,0,0,False,False,0.2110429685562849,0.02067600004374981
LUA:HUD_Common.OnUpdate,0.01706789699800381,0.01706789699800381,1194,1194,1.0,1194,0.004308211071170255,0.004308211071170255,0.020052000880241394,0.020052000880241394,0.47864601016044617,0.47864601016044617,969,34.24800109863281,0,0,False,False,0.4622920099645853,0.004687000066041946
LUA:Hud_Common_Army.OnUpdate,0.012759685926833556,0.012759685926833556,1194,1194,1.0,1194,0.005975904582490305,0.005975904582490305,0.015155999921262264,0.015155999921262264,0.41307300329208374,0.41307300329208374,805,32.42499923706055,0,0,False,False,0.24729200964793563,0.007031999179162085
LUA:Hud_Common_Army.RefreshBattleSelectLockVisuals,0.0010937638095735263,0.0010937638095735263,1194,1194,1.0,1194,0.0010937638095735263,0.0010937638095735263,0.0014579999260604382,0.0014579999260604382,0.08432299643754959,0.08432299643754959,933,34.15800094604492,0,0,False,False,0.08432299643754959,0.0014579999260604382
LUA:Hud_Common_Army.CanArmyDrag,0.002329726943754399,0.002329726943754399,1194,1194,1.0,1194,0.002329726943754399,0.002329726943754399,0.002604000037536025,0.002604000037536025,0.18718799948692322,0.18718799948692322,795,34.35200119018555,0,0,False,False,0.18718799948692322,0.002604000037536025
LUA:Hud_Common_Army.UpdateDragMoving,0.003360290591015326,0.003360290591015326,1194,1194,1.0,1194,0.003360290591015326,0.003360290591015326,0.0041669998317956924,0.0041669998317956924,0.3469789922237396,0.3469789922237396,134,32.54399871826172,0,0,False,False,0.3469789922237396,0.0041669998317956924
OutsideArmyEntityMingChengNpc,0.01598428714500937,0.01598428714500937,1194,1194,1.0,5970,0.012501860851049209,0.012501860851049209,0.04755200073122978,0.04755200073122978,0.21192699356470257,0.1983339935541153,93,33.374000549316406,0,0,False,False,0.20661299367202446,0.020570000866428018
LUA:OutsideNormalArmyEntity.OnUpdate,0.051952645406226426,0.051952645406226426,1194,1194,1.0,173925,0.051952645406226426,0.051952645406226426,0.09807300170359667,0.09807300170359667,0.40733498439658433,0.3448439836502075,713,34.25199890136719,0,0,False,False,0.40733498439658433,0.09807300170359667
OutsideNormalArmyEntity,0.2712293535858429,0.2712293535858429,1194,1194,1.0,167955,0.2227591344735766,0.2227591344735766,0.5049520067404956,0.5049520067404956,1.3506230018101633,0.5645830035209656,713,34.25199890136719,0,0,False,False,0.9786569911957486,0.44214299813029356
LUA:Scheduler.GetList,0.005765630607766223,0.005765630607766223,1194,1194,1.0,7164,0.005765630607766223,0.005765630607766223,0.0067709998693317175,0.0067709998693317175,0.0810929961153306,0.07682299613952637,498,33.69499969482422,0,0,True,False,0.0810929961153306,0.0067709998693317175
LUA:TimeWheelMgr.OnTick,0.3170991608595329,0.3170991608595329,1194,1194,1.0,1194,0.018969642430601497,0.018969642430601497,1.1388540267944336,1.1388540267944336,5.939478874206543,5.939478874206543,1009,53.58100128173828,2,0,False,False,0.3478639781314996,0.024217994607170112
TimeWheel,0.20656921116243643,0.20656921116243643,1194,1194,1.0,1194,0.007029671953028533,0.007029671953028533,1.0466669797897339,1.0466669797897339,5.835676670074463,5.835676670074463,1009,53.58100128173828,2,0,False,False,0.2839590022340417,0.00953200226649642
LUA:TimeWheelScheduler.Tick,0.263277030744164,0.263277030744164,1194,1194,1.0,2388,0.015574908431782622,0.015574908431782622,1.080780979245901,1.080780979245901,5.871459290385246,5.817136287689209,1009,53.58100128173828,2,0,False,False,0.21640500135254115,0.026251991104800254
LUA:MsTimeWheel.InCrease,0.0030522487269421194,0.0030522487269421194,1194,1194,1.0,1194,0.0026446951277202253,0.0026446951277202253,0.0039059999398887157,0.0039059999398887157,0.07640599459409714,0.07640599459409714,105,31.47599983215332,0,0,False,False,0.07640599459409714,0.0039059999398887157
LUA:TimeWheel.GetAndClearCurSlot,0.0022708148850017684,0.0022708148850017684,1194,1194,1.0,1675,0.0022708148850017684,0.0022708148850017684,0.0026050000451505184,0.0026050000451505184,0.2698440059903078,0.2691670060157776,752,32.606998443603516,0,0,False,False,0.2698440059903078,0.0026050000451505184
LUA:TimeWheelScheduler.InvokeHandler,0.24852179132216304,0.24852179132216304,1194,1194,1.0,5802,0.03190176079360342,0.03190176079360342,1.1098449965938926,1.1098449965938926,10.175262670964003,9.312032699584961,628,60.51300048828125,3,0,False,False,0.32515405328013003,0.0765090297209099
LUA:Hud_Common_Newbie.func,0.024112258789751997,0.07197509248740971,400,1194,0.33500837520938026,400,0.007647057756763248,0.022826467403938296,0.07302100211381912,0.11046899855136871,0.7962499856948853,0.7962499856948853,404,34.66699981689453,0,0,False,False,0.11187497270293534,0.027395999524742365
LUA:TimeUtil.FormatCountdownMS,0.0004399179293671888,0.0013131550191610587,400,1194,0.33500837520938026,400,0.0004399179293671888,0.0013131550191610587,0.001145999995060265,0.0013020000187680125,0.132968008518219,0.132968008518219,119,32.810001373291016,0,0,False,False,0.132968008518219,0.0013020000187680125
LUA:Hud_Common_Newbie.HideTaskPanel,0.004765030158483977,0.01422361502307467,400,1194,0.33500837520938026,400,0.0029150603149535517,0.008701455040136353,0.01286499947309494,0.014426999725401402,0.46760401129722595,0.46760401129722595,404,34.66699981689453,0,0,False,False,0.45734401140362024,0.008229999803006649
LUA:TimeWheel.RegisterHandler,0.027182797260463108,0.027182797260463108,1194,1194,1.0,15107,0.01974017073255433,0.01974017073255433,0.08369800099171698,0.08369800099171698,0.43890598602592945,0.4360939860343933,441,32.89400100708008,0,0,False,False,0.43411298604041804,0.04859599856717978
LUA:TimeWheel.GetJiffies,0.0028132052282601717,0.008355639409310061,402,1194,0.33668341708542715,10331,0.0028132052282601717,0.008355639409310061,0.008957000143709593,0.011457000131485984,0.14327900945500005,0.1373950093984604,595,33.356998443603516,0,0,False,False,0.14327900945500005,0.011457000131485984
LUA:TimeWheel.InserHandler,0.003339106376780902,0.003339106376780902,1194,1194,1.0,5846,0.003339106376780902,0.003339106376780902,0.006872999991173856,0.006872999991173856,0.10427100030938163,0.1036980003118515,719,33.55699920654297,0,0,False,False,0.10427100030938163,0.006872999991173856
LUA:GridPreviewMgr.func,0.001999143220896098,0.0059674425143748525,400,1194,0.33500837520938026,400,0.001138634011644708,0.0033988225247594535,0.006561999674886465,0.007344000041484833,0.09796900302171707,0.09796900302171707,1167,34.03099822998047,0,0,False,False,0.09385500336065888,0.00432299985550344
LUA:GridPreviewMgr._OnTick_OccupyEmptyProcess,0.0008605092092513901,0.0025686199896153995,400,1194,0.33500837520938026,400,0.0008605092092513901,0.0025686199896153995,0.0029690000228583813,0.0034370000939816236,0.03916599974036217,0.03916599974036217,538,36.45800018310547,0,0,False,False,0.03916599974036217,0.0034370000939816236
LUA:Float_BattleLabelBubble.func,0.008436896147945868,0.025184135001618414,400,1194,0.33500837520938026,400,0.004283514232025433,0.012786289982595917,0.026979999616742134,0.033803001046180725,0.22703100740909576,0.22703100740909576,752,32.606998443603516,0,0,False,False,0.12057400929188589,0.017240000423043966
Float_BattleLabelBubble.OnUpdate,0.0035881206078901013,0.010710540014551953,400,1194,0.33500837520938026,400,0.002151427140220153,0.006422010013557156,0.011354000307619572,0.013124999590218067,0.2095310091972351,0.2095310091972351,752,32.606998443603516,0,0,False,False,0.2028120094910264,0.007499999832361937
LUA:Float_DialogBubble.func,0.0007709974810224451,0.0023014274808519984,400,1194,0.33500837520938026,400,0.0007709974810224451,0.0023014274808519984,0.002604000037536025,0.0031250000465661287,0.038332998752593994,0.038332998752593994,835,34.1609992980957,0,0,False,False,0.038332998752593994,0.0031250000465661287
LUA:Float_HeroDialog.func,0.0008233366772014541,0.0024576599814463405,400,1194,0.33500837520938026,400,0.0008233366772014541,0.0024576599814463405,0.0029170000925660133,0.003333000000566244,0.048280999064445496,0.048280999064445496,598,31.016000747680664,0,0,False,False,0.048280999064445496,0.003333000000566244
LUA:RepeatedNetMgr.func,0.00039672613028090577,0.0023684549977770076,200,1194,0.16750418760469013,200,0.00039672613028090577,0.0023684549977770076,0.0024999999441206455,0.0031250000465661287,0.004531000275164843,0.004531000275164843,404,34.66699981689453,0,0,False,False,0.004531000275164843,0.0031250000465661287
LUA:Hud_FPS.func,0.002908247892730799,0.08681119959801435,40,1194,0.03350083752093802,40,0.0009329530917567481,0.027848649788938928,0.0,0.1185929998755455,0.16093699634075165,0.16093699634075165,152,32.654998779296875,0,0,False,False,0.06547099532326683,0.03630100074224174
C#time,9.321942972253315e-05,0.0009198677610636743,121,1194,0.10134003350083752,121,9.321942972253315e-05,0.0009198677610636743,0.0009899999713525176,0.0013539999490603805,0.0016139999497681856,0.0016139999497681856,302,33.24700164794922,0,0,False,False,0.0016139999497681856,0.0013539999490603805
LUA:MathUtil.round,0.0011669195877619001,0.004367717830055513,319,1194,0.26716917922948075,799,0.0011669195877619001,0.004367717830055513,0.004946999775711447,0.007552000344730914,0.11317699466599151,0.11010399460792542,333,33.20199966430664,0,0,False,False,0.11317699466599151,0.007552000344730914
C#Invoke,0.20496392907651603,0.4715355131355687,519,1194,0.43467336683417085,2384,0.147239769578107,0.33873657972304383,0.7305180120747536,1.1908860355615616,64.65411688387394,64.44359588623047,729,90.23799896240234,3,1,False,False,5.900884487804433,1.1255189664880163
FrameTimeWheel,0.07871596727027266,0.07871596727027266,1194,1194,1.0,1194,0.004646596374182059,0.004646596374182059,0.13078199326992035,0.13078199326992035,0.6728649735450745,0.6728649735450745,441,32.89400100708008,0,0,False,False,0.2233330076560378,0.007446996867656708
LUA:TimeWheel.InCrease,0.0039038140554108988,0.0039038140554108988,1194,1194,1.0,1275,0.002473283059407245,0.002473283059407245,0.006250000325962901,0.006250000325962901,0.21427099406719208,0.21427099406719208,314,33.323001861572266,0,0,False,False,0.0420320020057261,0.004165999940596521
LUA:FrameTimeWheel.SyncJiffies,0.0013510988365231476,0.0013510988365231476,1194,1194,1.0,1234,0.0013510988365231476,0.0013510988365231476,0.0014570000057574362,0.0014570000057574362,0.21125000715255737,0.21125000715255737,314,33.323001861572266,0,0,False,False,0.21125000715255737,0.0014570000057574362
LUA:Pan_HudFunctionBtn_AllianceWonder.func,0.004271443853249549,0.004271443853249549,1194,1194,1.0,1194,0.004271443853249549,0.004271443853249549,0.00520800007507205,0.00520800007507205,0.22843699157238007,0.22843699157238007,972,40.75,0,0,False,False,0.22843699157238007,0.00520800007507205
LUA:FrameTimeWheel.GetJiffies,0.0012903149228677007,0.0012903149228677007,1194,1194,1.0,4776,0.0012903149228677007,0.0012903149228677007,0.0014060000103199854,0.0014060000103199854,0.08708400450996123,0.08614600449800491,907,33.95100021362305,0,0,False,False,0.08708400450996123,0.0014060000103199854
LUA:Pan_HudFunctionBtn_War.func,0.024494175932571367,0.024494175932571367,1194,1194,1.0,1194,0.006173080474940102,0.006173080474940102,0.030781999230384827,0.030781999230384827,0.337552011013031,0.337552011013031,223,33.41699981689453,0,0,False,False,0.3139580115675926,0.007186999544501305
LUA:GuildWarData.GetAllianceGuildWarState,0.018321095457631265,0.018321095457631265,1194,1194,1.0,1194,0.010724502496972798,0.010724502496972798,0.023593999445438385,0.023593999445438385,0.2781769931316376,0.2781769931316376,116,33.09199905395508,0,0,False,False,0.27255199290812016,0.013125000521540642
LUA:GuildData.GetGuildID,0.007641172524419936,0.007641172524419936,1194,1194,1.0,1218,0.007641172524419936,0.007641172524419936,0.010937000624835491,0.010937000624835491,0.25911498069763184,0.25911498069763184,707,33.94300079345703,0,0,False,False,0.25911498069763184,0.010937000624835491
LUA:ScheduleHandler.GetTimer,0.0023492487413309306,0.0023492487413309306,1194,1194,1.0,7164,0.0023492487413309306,0.0023492487413309306,0.002446999918902293,0.002446999918902293,0.12458299541322049,0.12281199544668198,567,33.382999420166016,0,0,False,False,0.12458299541322049,0.002446999918902293
LUA:Timer.Update,0.03319943050681918,0.03319943050681918,1194,1194,1.0,7164,0.0074588895029110685,0.0074588895029110685,0.04948000004515052,0.04948000004515052,0.32812400851980783,0.30958300828933716,205,33.137001037597656,0,0,False,False,0.13765500154113397,0.008230000210460275
LUA:ScheduleHandler.IsStopped,0.0037901097093952564,0.0037901097093952564,1194,1194,1.0,7164,0.0037901097093952564,0.0037901097093952564,0.00437499990221113,0.00437499990221113,0.1445839950174559,0.14057299494743347,991,33.22700119018555,0,0,False,False,0.1445839950174559,0.00437499990221113
ArmyEntityManager.CheckSoldierVTCollected,0.0005577085474129669,0.0005577085474129669,1194,1194,1.0,1194,0.0005577085474129669,0.0005577085474129669,0.0007289999630302191,0.0007289999630302191,0.11598899960517883,0.11598899960517883,1194,33.11199951171875,0,0,False,False,0.11598899960517883,0.0007289999630302191
*** LoopEffectInstances ***,0.18684611618019628,0.18684611618019628,1194,1194,1.0,1194,0.10027767688171393,0.10027767688171393,0.27052098512649536,0.27052098512649536,0.7746350169181824,0.7746350169181824,171,33.2400016784668,0,0,False,False,0.5859380036126822,0.14916499506216496
*** UpdateFollowPosAndDir ***,0.08656843929848235,0.08656843929848235,1194,1194,1.0,36927,0.08656843929848235,0.08656843929848235,0.1270830004941672,0.1270830004941672,0.4846880146069452,0.28526002168655396,799,33.14099884033203,0,0,False,False,0.4846880146069452,0.1270830004941672
*** OutsideUIUpdate ***,0.013695709386659502,0.013695709386659502,1194,1194,1.0,1194,0.013695709386659502,0.013695709386659502,0.01651099883019924,0.01651099883019924,0.11703100055456161,0.11703100055456161,893,33.4379997253418,0,0,False,False,0.11703100055456161,0.01651099883019924
*** BattleUIUpdate ***,0.4082368016492582,0.4082368016492582,1194,1194,1.0,1194,0.007341398863773949,0.007341398863773949,0.5709890127182007,0.5709890127182007,1.2325520515441895,1.2325520515441895,338,34.76900100708008,0,0,False,False,0.24583499785512686,0.008542006835341454
UGUI_GetArmyPos,0.009078276368603734,0.009078276368603734,1194,1194,1.0,1194,0.009078276368603734,0.009078276368603734,0.010937000624835491,0.010937000624835491,0.300260990858078,0.300260990858078,1165,33.59400177001953,0,0,False,False,0.300260990858078,0.010937000624835491
MUI_GetArmyPos,0.0474363583416196,0.0474363583416196,1194,1194,1.0,1194,0.0474363583416196,0.0474363583416196,0.06947899609804153,0.06947899609804153,0.6283859610557556,0.6283859610557556,338,34.76900100708008,0,0,False,False,0.6283859610557556,0.06947899609804153
UGUI_UpdateUIPos,0.03708947906067823,0.03708947906067823,1194,1194,1.0,1194,0.03708947906067823,0.03708947906067823,0.04182199761271477,0.04182199761271477,0.6779159903526306,0.6779159903526306,1141,32.702999114990234,0,0,False,False,0.6779159903526306,0.04182199761271477
MUI_UpdateUIPos,0.30729128901458264,0.30729128901458264,1194,1194,1.0,1194,0.30729128901458264,0.30729128901458264,0.45338597893714905,0.45338597893714905,1.0496879816055298,1.0496879816055298,49,33.590999603271484,0,0,False,False,1.0496879816055298,0.45338597893714905
ViewTreeMgr.Tick.Total,0.14335692424242893,0.14335692424242893,1194,1194,1.0,2388,0.0009544601923687823,0.0009544601923687823,0.1933850054629147,0.1933850054629147,0.6504160151816905,0.6466140151023865,1062,33.768001556396484,0,0,False,False,0.07635400118306279,0.0010939990170300007
ViewTreeMgr.Tick.OnUpdate,0.006518774686562181,0.006518774686562181,1194,1194,1.0,1194,0.004542149926141494,0.004542149926141494,0.006823000032454729,0.006823000032454729,0.3433850109577179,0.3433850109577179,1129,32.8849983215332,0,0,False,False,0.34161501098424196,0.004792999941855669
CS.ViewTreeInstancing.OnPreUpdate,0.001976624760420687,0.001976624760420687,1194,1194,1.0,1194,0.001976624760420687,0.001976624760420687,0.00229199999012053,0.00229199999012053,0.18239599466323853,0.18239599466323853,1100,32.26499938964844,0,0,False,False,0.18239599466323853,0.00229199999012053
*** ViewLineMgr_OnUpdateChaserLine ***,0.0006089949724086505,0.0006089949724086505,1194,1194,1.0,1194,0.0006089949724086505,0.0006089949724086505,0.0010939999483525753,0.0010939999483525753,0.002395999850705266,0.002395999850705266,61,33.64899826049805,0,0,False,False,0.002395999850705266,0.0010939999483525753
OutsideLineCtrl:CalculateVertexJob (Burst),0.05848403477360154,0.05848403477360154,1194,1194,1.0,64803,0.05848403477360154,0.05848403477360154,0.10202999814646319,0.10202999814646319,0.4979679975658655,0.23958298563957214,795,34.35200119018555,0,0,False,False,0.4979679975658655,0.10202999814646319
OutSideViewArmyLineMgr:CheckFinalPosInViewJob (Burst),0.007216984094502763,0.007216984094502763,1194,1194,1.0,1194,0.007216984094502763,0.007216984094502763,0.008124999701976776,0.008124999701976776,0.07677000015974045,0.07677000015974045,793,33.520999908447266,0,0,False,False,0.07677000015974045,0.008124999701976776
RecycleEntityPool,0.0009930619711929565,0.0009930619711929565,1194,1194,1.0,1194,0.0009930619711929565,0.0009930619711929565,0.0013539999490603805,0.0013539999490603805,0.05958300083875656,0.05958300083875656,121,32.9379997253418,0,0,False,False,0.05958300083875656,0.0013539999490603805
SdfFontManager.TryUpload,0.0066516046644144785,0.0066516046644144785,1194,1194,1.0,1194,0.005257437997801819,0.005257437997801819,0.039792001247406006,0.039792001247406006,0.14708299934864044,0.14708299934864044,271,32.85599899291992,0,0,False,False,0.14708299934864044,0.026094002183526754
SdfFontManager.TryFontFree,0.006900977407086023,0.006900977407086023,1194,1194,1.0,1194,0.006900977407086023,0.006900977407086023,0.011978999711573124,0.011978999711573124,0.09458299726247787,0.09458299726247787,113,34.486000061035156,0,0,False,False,0.09458299726247787,0.011978999711573124
GameLauncher.Update,0.0006401264623488396,0.0006401264623488396,1194,1194,1.0,1194,0.0006401264623488396,0.0006401264623488396,0.000989000080153346,0.000989000080153346,0.04093699902296066,0.04093699902296066,1039,32.60499954223633,0,0,False,False,0.04093699902296066,0.000989000080153346
AOE.Packages.dll!HedgehogTeam.EasyTouch::EasyTouch.Update(),0.009627045197739973,0.009627045197739973,1194,1194,1.0,1194,0.009627045197739973,0.009627045197739973,0.010937999933958054,0.010937999933958054,0.1875,0.1875,174,33.275001525878906,0,0,False,False,0.1875,0.010937999933958054
ChinaSDK.dll!GCloud.GPM::GPMFrameProcessor.Update(),0.010110831638514197,0.010110831638514197,1194,1194,1.0,1194,0.010110831638514197,0.010110831638514197,0.011666000820696354,0.011666000820696354,0.23244799673557281,0.23244799673557281,615,34.42900085449219,0,0,False,False,0.23244799673557281,0.011666000820696354
Update.ScriptRunDelayedDynamicFrameRate,0.018213246227125054,0.018213246227125054,1194,1194,1.0,1194,0.0008734975000796606,0.0008734975000796606,0.04369800165295601,0.04369800165295601,0.5217189788818359,0.5217189788818359,481,33.36600112915039,0,0,True,False,0.05338600557297468,0.0011459998786449432
Tencent.Timitbu.Util.dll!Tencent.Timitbu.Util::EmptyMonoBehaviour.DoDispatch() [Coroutine: MoveNext],0.004480875174142888,0.004480875174142888,1194,1194,1.0,1194,0.004480875174142888,0.004480875174142888,0.005311999935656786,0.005311999935656786,0.24458399415016174,0.24458399415016174,87,34.09299850463867,0,0,False,False,0.24458399415016174,0.005311999935656786
Tencent.Timitbu.Util.dll!Tencent.Timitbu.Util::EmptyMonoBehaviour.DoDispatch() [Coroutine: System.Collections.IEnumerator.get_Current],0.00032897488154429774,0.00032897488154429774,1194,1194,1.0,1194,0.00032897488154429774,0.00032897488154429774,0.0003640000068116933,0.0003640000068116933,0.052344001829624176,0.052344001829624176,1063,34.08700180053711,0,0,False,False,0.052344001829624176,0.0003640000068116933
Update.ScriptRunDelayedTasks,0.010590672521451036,0.010590672521451036,1194,1194,1.0,1194,0.000879117253375313,0.000879117253375313,0.012083000503480434,0.012083000503480434,0.3668749928474426,0.3668749928474426,996,32.66699981689453,0,0,True,False,0.13333400525152683,0.0010420000180602074
UnityEngine.CoreModule.dll!UnityEngine::UnitySynchronizationContext.ExecuteTasks(),0.009711555268075723,0.009711555268075723,1194,1194,1.0,1194,0.009711555268075723,0.009711555268075723,0.011250000447034836,0.011250000447034836,0.3663020133972168,0.3663020133972168,996,32.66699981689453,0,0,False,False,0.3663020133972168,0.011250000447034836
Update.DirectorUpdate,0.0025279983004338267,0.0025279983004338267,1194,1194,1.0,1194,0.0014935569238812274,0.0014935569238812274,0.003019999945536256,0.003019999945536256,0.14838498830795288,0.14838498830795288,267,30.486000061035156,0,0,True,False,0.07250099672819488,0.0018750000017462298
SimulationSystemGroup,2.1826826464291194,2.1826826464291194,1194,1194,1.0,1194,0.0008053877944722646,0.0008053877944722646,4.2002081871032715,4.2002081871032715,6.4766669273376465,6.4766669273376465,113,34.486000061035156,194,0,True,True,0.05552101135253906,0.0009899139404296875
Default World Unity.Entities.SimulationSystemGroup,2.17808694501019,2.17808694501019,1194,1194,1.0,1194,0.03683123623800864,0.03683123623800864,4.194530963897705,4.194530963897705,6.471561908721924,6.471561908721924,113,34.486000061035156,192,0,True,False,0.359946946540731,0.054583052289672196
Default World Unity.Entities.BeginSimulationEntityCommandBufferSystem,0.004672719424253508,0.004672719424253508,1194,1194,1.0,1194,0.004134482403180598,0.004134482403180598,0.005625000223517418,0.005625000223517418,0.2589070200920105,0.2589070200920105,616,33.12300109863281,0,0,True,False,0.2583860200829804,0.00510399995255284
EntityCommandBuffer.Playback,0.0463547631464629,0.0463547631464629,1194,1194,1.0,37280,0.03572200422226392,0.03572200422226392,0.11270699775923276,0.11270699775923276,7.850780131033389,7.485000133514404,145,34.922000885009766,1,0,False,False,0.44114697877375875,0.10624900045513641
Default World AOE.DOTS.WorldNpcGroup,0.012353005033950485,0.012353005033950485,1194,1194,1.0,1194,0.004652251330190731,0.004652251330190731,0.013280999846756458,0.013280999846756458,0.4138540029525757,0.4138540029525757,86,33.41600036621094,0,0,False,False,0.12468599347630516,0.005259999728878029
Default World AOE.DOTS.WorldNpcMovingSystem,0.0042328542420933864,0.0042328542420933864,1194,1194,1.0,1194,0.0042328542420933864,0.0042328542420933864,0.004896000027656555,0.004896000027656555,0.3931249976158142,0.3931249976158142,86,33.41600036621094,0,0,False,False,0.3931249976158142,0.004896000027656555
Default World AOE.DOTS.WorldNpcIdleStateSystem,0.001766203488724406,0.001766203488724406,1194,1194,1.0,1194,0.001766203488724406,0.001766203488724406,0.00229199999012053,0.00229199999012053,0.005520999897271395,0.005520999897271395,86,33.41600036621094,0,0,False,False,0.005520999897271395,0.00229199999012053
Default World AOE.DOTS.WorldNpcMovingStateSystem,0.0012431582818897846,0.0012431582818897846,1194,1194,1.0,1194,0.0012431582818897846,0.0012431582818897846,0.0015620000194758177,0.0015620000194758177,0.11588600277900696,0.11588600277900696,967,32.13800048828125,0,0,False,False,0.11588600277900696,0.0015620000194758177
Default World AOE.DOTS.EnvEffectGroup,0.2337040202614151,0.2337040202614151,1194,1194,1.0,1194,0.008074928946398496,0.008074928946398496,0.3643229901790619,0.3643229901790619,0.7132290005683899,0.7132290005683899,946,34.22600173950195,0,0,False,False,0.11323003802681342,0.016354007238987833
Default World AOE.DOTS.EnvFolowPathSystem,0.0011714505757058158,0.0011714505757058158,1194,1194,1.0,1194,0.0011714505757058158,0.0011714505757058158,0.001509999972768128,0.001509999972768128,0.0777600035071373,0.0777600035071373,935,33.62099838256836,0,0,False,False,0.0777600035071373,0.001509999972768128
Default World AOE.DOTS.EnvEffectMotionSystem,0.2238370234854956,0.2238370234854956,1194,1194,1.0,1194,0.2238364564838419,0.2238364564838419,0.35078200697898865,0.35078200697898865,0.703125,0.703125,946,34.22600173950195,0,0,False,False,0.703125,0.35078200697898865
Default World AOE.DOTS.FarmerMoveSystem,0.0027887403569242745,0.0027887403569242745,1194,1194,1.0,1194,0.0027887403569242745,0.0027887403569242745,0.006093999836593866,0.006093999836593866,0.07781199365854263,0.07781199365854263,1109,33.1619987487793,0,0,False,False,0.07781199365854263,0.006093999836593866
Default World ShadowQuadComponentSystem,0.010704399482386072,0.010704399482386072,1194,1194,1.0,1194,0.010704399482386072,0.010704399482386072,0.01843699999153614,0.01843699999153614,0.14885400235652924,0.14885400235652924,268,32.1510009765625,0,0,False,False,0.14885400235652924,0.01843699999153614
Default World AOE.DOTS.CityLineMoveSystem,0.0005904195959511301,0.0005904195959511301,1194,1194,1.0,1194,0.0005904195959511301,0.0005904195959511301,0.0012499999720603228,0.0012499999720603228,0.06380199640989304,0.06380199640989304,427,32.34400177001953,0,0,False,False,0.06380199640989304,0.0012499999720603228
Default World AOE.DOTS.WorldNpcAnimSystem,0.0008811792241390116,0.0008811792241390116,1194,1194,1.0,1194,0.0008811792241390116,0.0008811792241390116,0.0014070000033825636,0.0014070000033825636,0.0031250000465661287,0.0031250000465661287,209,33.59600067138672,0,0,False,False,0.0031250000465661287,0.0014070000033825636
Default World AOE.DOTS.Realtime2DRegistSystem,0.01092716665014974,0.01092716665014974,1194,1194,1.0,1194,0.01092716665014974,0.01092716665014974,0.020364999771118164,0.020364999771118164,0.11744799464941025,0.11744799464941025,132,32.733001708984375,0,0,False,False,0.11744799464941025,0.020364999771118164
Default World CompanionGameObjectUpdateSystem,0.005061794796426604,0.005061794796426604,1194,1194,1.0,1194,0.0049957068563595735,0.0049957068563595735,0.0062500000931322575,0.0062500000931322575,0.3000519871711731,0.3000519871711731,711,32.20199966430664,0,0,False,False,0.28515498758497415,0.0062500000931322575
Default World NavJob.Systems.NavMeshQuerySystem,0.0002514447258537034,0.0002514447258537034,1194,1194,1.0,1194,0.0002514447258537034,0.0002514447258537034,0.0003650000144261867,0.0003650000144261867,0.10416600108146667,0.10416600108146667,655,32.678001403808594,0,0,False,False,0.10416600108146667,0.0003650000144261867
Default World AOE.DOTS.LegendaryMonsterMoveSystem,0.0009735628116921322,0.0009735628116921322,1194,1194,1.0,1194,0.0009735628116921322,0.0009735628116921322,0.0014059999957680702,0.0014059999957680702,0.0252080000936985,0.0252080000936985,424,35.06999969482422,0,0,False,False,0.0252080000936985,0.0014059999957680702
Default World AOE.DOTS.ArmyCustomCommandBufferSystem,0.0031031138967399733,0.0031031138967399733,1194,1194,1.0,1194,0.002846129806212459,0.002846129806212459,0.007135000079870224,0.007135000079870224,0.016875000670552254,0.016875000670552254,234,36.367000579833984,0,0,False,False,0.015364000690169632,0.0065110003342852
Default World AOE.DOTS.BattlePerform_ArmySpawnSystem,0.0018812746849005428,0.0018812746849005428,1194,1194,1.0,1194,0.0018812746849005428,0.0018812746849005428,0.0026569999754428864,0.0026569999754428864,0.13166700303554535,0.13166700303554535,575,33.069000244140625,0,0,False,False,0.13166700303554535,0.0026569999754428864
Default World NavJob.Systems.NavAgentFromPositionSyncSystem,0.00023377135704007074,0.00023377135704007074,1194,1194,1.0,1194,0.00023377135704007074,0.00023377135704007074,0.0003640000068116933,0.0003640000068116933,0.08854199945926666,0.08854199945926666,797,33.624000549316406,0,0,False,False,0.08854199945926666,0.0003640000068116933
Default World NavJob.Systems.NavAgentFromRotationSyncSystem,0.00013143634835308435,0.00013143634835308435,1194,1194,1.0,1194,0.00013143634835308435,0.00013143634835308435,0.0002610000083222985,0.0002610000083222985,0.006823000032454729,0.006823000032454729,437,33.68000030517578,0,0,False,False,0.006823000032454729,0.0002610000083222985
Default World NavJob.Systems.NavAgentSystem,0.00015475293299730908,0.00015475293299730908,1194,1194,1.0,1194,0.00015475293299730908,0.00015475293299730908,0.0002610000083222985,0.0002610000083222985,0.03182300180196762,0.03182300180196762,344,33.02299880981445,0,0,False,False,0.03182300180196762,0.0002610000083222985
Default World NavJob.Systems.NavAgentToPositionSyncSystem,0.00015638860845736986,0.00015638860845736986,1194,1194,1.0,1194,0.00015638860845736986,0.00015638860845736986,0.0002610000083222985,0.0002610000083222985,0.03328099846839905,0.03328099846839905,700,30.94499969482422,0,0,False,False,0.03328099846839905,0.0002610000083222985
Default World NavJob.Systems.NavAgentToRotationSyncSystem,0.00022804187724272305,0.00022804187724272305,1194,1194,1.0,1194,0.00022804187724272305,0.00022804187724272305,0.0002610000083222985,0.0002610000083222985,0.12296900153160095,0.12296900153160095,1161,32.96500015258789,0,0,False,False,0.12296900153160095,0.0002610000083222985
Default World PhysicalSimulateECSRenderingDataCollectSystem,0.0009097956412298671,0.0009097956412298671,1194,1194,1.0,1194,0.0009097956412298671,0.0009097956412298671,0.0014059999957680702,0.0014059999957680702,0.0036979999858886003,0.0036979999858886003,700,30.94499969482422,0,0,False,False,0.0036979999858886003,0.0014059999957680702
Default World Rendering.RealTime2D.Realtime2DResetDataSystem,0.0008160117220333808,0.0008160117220333808,1194,1194,1.0,1194,0.0008160117220333808,0.0008160117220333808,0.0013020000187680125,0.0013020000187680125,0.0438540019094944,0.0438540019094944,405,33.00400161743164,0,0,False,False,0.0438540019094944,0.0013020000187680125
Default World AOE.DOTS.ArmyPreUpdateGroup,0.004356652398502464,0.004356652398502464,1194,1194,1.0,1194,0.002885415387013313,0.002885415387013313,0.007915999740362167,0.007915999740362167,0.0726039931178093,0.0726039931178093,465,35.323001861572266,0,0,False,False,0.02140699930168921,0.005261000012978911
Default World AOE.DOTS.ArmyExcuteMgrSystem,0.0011613157354927056,0.0011613157354927056,1194,1194,1.0,1194,0.0011613157354927056,0.0011613157354927056,0.0021349999587982893,0.0021349999587982893,0.0046350001357495785,0.0046350001357495785,413,29.4689998626709,0,0,False,False,0.0046350001357495785,0.0021349999587982893
Default World AOE.DOTS.ArmyGroup,0.6442935548385783,0.6442935548385783,1194,1194,1.0,1194,0.004152583385218153,0.004152583385218153,1.2713019847869873,1.2713019847869873,2.7144789695739746,2.7144789695739746,235,42.39799880981445,0,0,False,False,0.08156197783682728,0.006614993188122753
Default World AOE.DOTS.ArmyUpdateGroup,0.4440333190650197,0.4440333190650197,1194,1194,1.0,1194,0.01089860955416069,0.01089860955416069,0.7615630030632019,0.7615630030632019,1.7926560640335083,1.7926560640335083,548,40.38199996948242,0,0,False,False,0.1163519864785485,0.019738004775717854
Default World AOE.DOTS.ArmySpawnSystem,0.04705532837647031,0.04705532837647031,1194,1194,1.0,1194,0.04705227477508371,0.04705227477508371,0.1976570039987564,0.1976570039987564,0.47932299971580505,0.47932299971580505,485,33.125,0,0,False,False,0.47932299971580505,0.1976570039987564
Default World AOE.DOTS.SoldierFlySystem,0.0012498693351176181,0.0012498693351176181,1194,1194,1.0,1194,0.0012498693351176181,0.0012498693351176181,0.002395999850705266,0.002395999850705266,0.023333000019192696,0.023333000019192696,680,32.1349983215332,0,0,False,False,0.023333000019192696,0.002395999850705266
Default World AOE.DOTS.LifeTimeEffectSystem,0.0258883877709614,0.0258883877709614,1194,1194,1.0,1194,0.025885901171277266,0.025885901171277266,0.18812499940395355,0.18812499940395355,0.6474480032920837,0.6474480032920837,154,33.84199905395508,0,0,False,False,0.6474480032920837,0.18812499940395355
Default World AOE.DOTS.SpawnViewEntitySystem,0.02143893045274981,0.02143893045274981,1194,1194,1.0,1194,0.02143893045274981,0.02143893045274981,0.1347920000553131,0.1347920000553131,0.5165629982948303,0.5165629982948303,798,33.20100021362305,0,0,False,False,0.5165629982948303,0.1347920000553131
Default World AOE.DOTS.MoveChainGroup,0.0038656247710501792,0.0038656247710501792,1194,1194,1.0,1194,0.003510722757362683,0.003510722757362683,0.00723999971523881,0.00723999971523881,0.15791599452495575,0.15791599452495575,655,32.678001403808594,0,0,False,False,0.15557299461215734,0.006718999706208706
Default World AOE.DOTS.BattleChain_SoldierNormalCombatSystem,0.33293058555354826,0.33293058555354826,1194,1194,1.0,1194,0.33292002776474655,0.33292002776474655,0.5885419845581055,0.5885419845581055,1.3430730104446411,1.3430730104446411,548,40.38199996948242,0,0,False,False,1.3430730104446411,0.5885419845581055
Default World AOE.DOTS.LateArmyUpdateGroup,0.19583905606812968,0.19583905606812968,1194,1194,1.0,1194,0.016314732070901936,0.016314732070901936,0.600051999092102,0.600051999092102,1.7684370279312134,1.7684370279312134,810,33.053001403808594,0,0,False,False,0.19411503477022052,0.033384989365004
Default World AOE.DOTS.P2PEffectSystem,0.007343740393879544,0.007343740393879544,1194,1194,1.0,1194,0.007343740393879544,0.007343740393879544,0.006302000023424625,0.006302000023424625,0.5055209994316101,0.5055209994316101,125,37.77000045776367,0,0,False,False,0.5055209994316101,0.006302000023424625
Default World AOE.DOTS.SoundPlaySystem,0.0021019513876783043,0.0021019513876783043,1194,1194,1.0,1194,0.0019167369893169767,0.0019167369893169767,0.002552000107243657,0.002552000107243657,0.2018750011920929,0.2018750011920929,710,33.507999420166016,0,0,False,False,0.10270799696445465,0.002552000107243657
Default World AOE.DOTS.SoldierDeadSystem,0.010741683359378192,0.010741683359378192,1194,1194,1.0,1194,0.010740157396212209,0.010740157396212209,0.0253129992634058,0.0253129992634058,0.7035939693450928,0.7035939693450928,250,35.76100158691406,0,0,False,False,0.7035939693450928,0.0253129992634058
Default World AOE.DOTS.ParabolaEffectSystem,0.001412383564578707,0.001412383564578707,1194,1194,1.0,1194,0.001412383564578707,0.001412383564578707,0.0023950000759214163,0.0023950000759214163,0.04942699894309044,0.04942699894309044,593,33.20399856567383,0,0,False,False,0.04942699894309044,0.0023950000759214163
Default World AOE.DOTS.SoldierLoopAnimSystem,0.08007350517904863,0.08007350517904863,1194,1194,1.0,1194,0.08007350517904863,0.08007350517904863,0.24260400235652924,0.24260400235652924,0.6776559948921204,0.6776559948921204,155,32.814998626708984,0,0,False,False,0.6776559948921204,0.24260400235652924
Default World AOE.DOTS.SoldierAnimSpeedLerpSystem,0.03771678970666864,0.03771678970666864,1194,1194,1.0,1194,0.03771678970666864,0.03771678970666864,0.14588499069213867,0.14588499069213867,0.4405210018157959,0.4405210018157959,651,33.154998779296875,0,0,False,False,0.4405210018157959,0.14588499069213867
Default World AOE.DOTS.SoldierAnimTriggerSystem,0.0029035427078071955,0.0029035427078071955,1194,1194,1.0,1194,0.0029035427078071955,0.0029035427078071955,0.00421899976208806,0.00421899976208806,0.08463600277900696,0.08463600277900696,942,34.882999420166016,0,0,False,False,0.08463600277900696,0.00421899976208806
Default World AOE.DOTS.EntityEffectECSSystem,0.022006121419174785,0.022006121419174785,1194,1194,1.0,1194,0.022006121419174785,0.022006121419174785,0.11656199395656586,0.11656199395656586,0.7411980032920837,0.7411980032920837,235,42.39799880981445,0,0,False,False,0.7411980032920837,0.11656199395656586
Default World AOE.DOTS.EffectDestroyInvokeMainSystem,0.0007998492429110922,0.0007998492429110922,1194,1194,1.0,1194,0.0007998492429110922,0.0007998492429110922,0.0015629999106749892,0.0015629999106749892,0.020833000540733337,0.020833000540733337,262,34.24800109863281,0,0,False,False,0.020833000540733337,0.0015629999106749892
Default World AOE.DOTS.ArmySyncCityTerrainHeightSystem,0.0007886859218177438,0.0007886859218177438,1194,1194,1.0,1194,0.0007886859218177438,0.0007886859218177438,0.0015109999803826213,0.0015109999803826213,0.04692699760198593,0.04692699760198593,759,34.47800064086914,0,0,False,False,0.04692699760198593,0.0015109999803826213
Default World AOE.DOTS.PrepareEffectVisualizationSystem,0.01288770009083767,0.01288770009083767,1194,1194,1.0,1194,0.01288770009083767,0.01288770009083767,0.007552000228315592,0.007552000228315592,0.5752599835395813,0.5752599835395813,127,32.8120002746582,0,0,False,False,0.5752599835395813,0.007552000228315592
Default World AOE.DOTS.TransformLerpGroup,0.518344132688327,0.518344132688327,1194,1194,1.0,1194,0.013484508511226543,0.013484508511226543,1.2141660451889038,1.2141660451889038,1.9855730533599854,1.9855730533599854,516,34.42499923706055,0,0,False,False,0.1767190187019878,0.026979002461303025
Default World AOE.DOTS.ViewTreeSyncTRSSystem,0.0001207931327402094,0.0001207931327402094,1194,1194,1.0,1194,0.0001207931327402094,0.0001207931327402094,0.00026000000070780516,0.00026000000070780516,0.018177000805735588,0.018177000805735588,85,33.15700149536133,0,0,False,False,0.018177000805735588,0.00026000000070780516
Default World AOE.DOTS.PositionLerpSystem,0.11161197583195777,0.11161197583195777,1194,1194,1.0,1194,0.11161197583195777,0.11161197583195777,0.3069800138473511,0.3069800138473511,0.655364990234375,0.655364990234375,967,32.13800048828125,0,0,False,False,0.655364990234375,0.3069800138473511
Default World AOE.DOTS.RotationLerpSystem,0.10877859557415648,0.10877859557415648,1194,1194,1.0,1194,0.10877859557415648,0.10877859557415648,0.29203101992607117,0.29203101992607117,0.7071880102157593,0.7071880102157593,661,32.54399871826172,0,0,False,False,0.7071880102157593,0.29203101992607117
Default World AOE.DOTS.SyncLogicEntitySystem,0.11245704110605732,0.11245704110605732,1194,1194,1.0,1194,0.11245704110605732,0.11245704110605732,0.2696869969367981,0.2696869969367981,0.643750011920929,0.643750011920929,102,31.663000106811523,0,0,False,False,0.643750011920929,0.2696869969367981
Default World AOE.DOTS.SyncViewEntitySystem,0.17091765738649284,0.17091765738649284,1194,1194,1.0,1194,0.17087813477378305,0.17087813477378305,0.3685939908027649,0.3685939908027649,0.9059370160102844,0.9059370160102844,972,40.75,0,0,False,False,0.9059370160102844,0.3685939908027649
Default World Unity.Transforms.TransformSystemGroup,0.5267495379238771,0.5267495379238771,1194,1194,1.0,1194,0.026994161450408928,0.026994161450408928,1.3250000476837158,1.3250000476837158,3.4992709159851074,3.4992709159851074,113,34.486000061035156,1,0,False,False,0.20624809533182997,0.05421900167129934
Default World AOE.DOTS.Realtime2DCollectSystem,0.022794003303941195,0.022794003303941195,1194,1194,1.0,1194,0.022794003303941195,0.022794003303941195,0.0854170024394989,0.0854170024394989,0.49531298875808716,0.49531298875808716,623,33.59700012207031,0,0,False,False,0.49531298875808716,0.0854170024394989
Default World TBU.Rendering.MatrixPreviousSystem,0.002916929645793765,0.002916929645793765,1194,1194,1.0,1194,0.002916929645793765,0.002916929645793765,0.0043750000186264515,0.0043750000186264515,0.14333400130271912,0.14333400130271912,937,39.52399826049805,0,0,False,False,0.14333400130271912,0.0043750000186264515
Default World AOE.DOTS.Realtime2DAnimatorArmySystem,0.0011176599604600238,0.0011176599604600238,1194,1194,1.0,1194,0.0011176599604600238,0.0011176599604600238,0.0018229999113827944,0.0018229999113827944,0.07484400272369385,0.07484400272369385,97,32.95500183105469,0,0,False,False,0.07484400272369385,0.0018229999113827944
Default World Unity.Transforms.EndFrameParentSystem,0.015792454711443915,0.015792454711443915,1194,1194,1.0,1194,0.011076468067185,0.011076468067185,0.017500000074505806,0.017500000074505806,1.6846879720687866,1.6846879720687866,113,34.486000061035156,0,0,False,False,0.14624999463558197,0.016561999917030334
Default World Unity.Transforms.EndFrameRotationEulerSystem,0.0007128140673291335,0.0007128140673291335,1194,1194,1.0,1194,0.0007128140673291335,0.0007128140673291335,0.001145999995060265,0.001145999995060265,0.026978999376296997,0.026978999376296997,995,32.95600128173828,0,0,False,False,0.026978999376296997,0.001145999995060265
Default World Unity.Transforms.EndFrameCompositeScaleSystem,0.0016904187307329778,0.0016904187307329778,1194,1194,1.0,1194,0.0016904187307329778,0.0016904187307329778,0.0024480000138282776,0.0024480000138282776,0.03192700073122978,0.03192700073122978,1013,33.04899978637695,0,0,False,False,0.03192700073122978,0.0024480000138282776
Default World Unity.Transforms.EndFrameCompositeRotationSystem,0.0009857822391849012,0.0009857822391849012,1194,1194,1.0,1194,0.0009857822391849012,0.0009857822391849012,0.0013550000730901957,0.0013550000730901957,0.04770800098776817,0.04770800098776817,158,33.12300109863281,0,0,False,False,0.04770800098776817,0.0013550000730901957
Default World Unity.Transforms.EndFramePostRotationEulerSystem,0.0007375050226190959,0.0007375050226190959,1194,1194,1.0,1194,0.0007375050226190959,0.0007375050226190959,0.0010939999483525753,0.0010939999483525753,0.04104200005531311,0.04104200005531311,889,33.119998931884766,0,0,False,False,0.04104200005531311,0.0010939999483525753
Default World Unity.Transforms.EndFrameParentScaleInverseSystem,0.07771409798875277,0.07771409798875277,1194,1194,1.0,1194,0.07771409798875277,0.07771409798875277,0.19755199551582336,0.19755199551582336,0.7327600121498108,0.7327600121498108,125,37.77000045776367,0,0,False,False,0.7327600121498108,0.19755199551582336
Default World Unity.Transforms.EndFrameTRSToLocalToParentSystem,0.12436628128266215,0.12436628128266215,1194,1194,1.0,1194,0.12436628128266215,0.12436628128266215,0.32557299733161926,0.32557299733161926,1.3130730390548706,1.3130730390548706,56,32.2400016784668,0,0,False,False,1.3130730390548706,0.32557299733161926
Default World Rendering.RealTime2D.Realtime2DConvertSystem,0.002497329132692261,0.002497329132692261,1194,1194,1.0,1194,0.002497329132692261,0.002497329132692261,0.004947999957948923,0.004947999957948923,0.014739000238478184,0.014739000238478184,138,33.1609992980957,0,0,False,False,0.014739000238478184,0.004947999957948923
Default World Unity.Transforms.CopyTransformFromGameObjectSystem,0.0013929430323799564,0.0013929430323799564,1194,1194,1.0,1194,0.0013929430323799564,0.0013929430323799564,0.0020309998653829098,0.0020309998653829098,0.10213500261306763,0.10213500261306763,547,36.79600143432617,0,0,False,False,0.10213500261306763,0.0020309998653829098
Default World Unity.Transforms.EndFrameTRSToLocalToWorldSystem,0.1258939538545707,0.1258939538545707,1194,1194,1.0,1194,0.12589133660160037,0.12589133660160037,0.3468230068683624,0.3468230068683624,0.6776040196418762,0.6776040196418762,387,30.825000762939453,0,0,False,False,0.6776040196418762,0.3468230068683624
Default World Unity.Transforms.EndFrameLocalToParentSystem,0.11507512397215494,0.11507512397215494,1194,1194,1.0,1194,0.11507512397215494,0.11507512397215494,0.28255200386047363,0.28255200386047363,0.6829160451889038,0.6829160451889038,140,33.308998107910156,0,0,False,False,0.6829160451889038,0.28255200386047363
Default World PhysicalSimulateECSComponentSystem,0.0015872721747743665,0.0015872721747743665,1194,1194,1.0,1194,0.0015872721747743665,0.0015872721747743665,0.0029170000925660133,0.0029170000925660133,0.012707999907433987,0.012707999907433987,133,34.47999954223633,0,0,False,False,0.012707999907433987,0.0029170000925660133
Default World Rendering.Animator.FXBoneECSComponentSystem,0.002588914561832645,0.002588914561832645,1194,1194,1.0,1194,0.002588914561832645,0.002588914561832645,0.0036979999858886003,0.0036979999858886003,0.06104100123047829,0.06104100123047829,1114,33.22600173950195,0,0,False,False,0.06104100123047829,0.0036979999858886003
Default World Unity.Transforms.CopyTransformToGameObjectSystem,0.001031313229065,0.001031313229065,1194,1194,1.0,1194,0.001031313229065,0.001031313229065,0.0014070000033825636,0.0014070000033825636,0.039323002099990845,0.039323002099990845,782,32.60599899291992,0,0,False,False,0.039323002099990845,0.0014070000033825636
Default World CompanionGameObjectUpdateTransformSystem,0.14919313238668483,0.14919313238668483,1194,1194,1.0,1194,0.14914968766280745,0.14914968766280745,0.3388020098209381,0.3388020098209381,1.3010939359664917,1.3010939359664917,113,34.486000061035156,0,0,False,False,1.2896879357867874,0.3388020098209381
Default World Unity.Entities.LateSimulationSystemGroup,0.005471985763265678,0.005471985763265678,1194,1194,1.0,1194,0.004715114729207904,0.004715114729207904,0.013124999590218067,0.013124999590218067,0.17218799889087677,0.17218799889087677,614,32.39799880981445,0,0,True,False,0.10973900445969775,0.010990000329911709
Default World Unity.Entities.EndSimulationEntityCommandBufferSystem,0.0019710803727371307,0.0019710803727371307,1194,1194,1.0,1194,0.0016208936033655001,0.0016208936033655001,0.0037499999161809683,0.0037499999161809683,0.057916998863220215,0.057916998863220215,973,33.637001037597656,0,0,True,False,0.008333999605383724,0.0032279998704325408
PreLateUpdate.AIUpdatePostScript,0.002629199327641265,0.002629199327641265,1194,1194,1.0,1194,0.0003095243050201236,0.0003095243050201236,0.0034370000939816236,0.0034370000939816236,0.11531199514865875,0.11531199514865875,238,33.233001708984375,0,0,True,False,0.07104300567880273,0.0003649999853223562
PreLateUpdate.DirectorUpdateAnimationBegin,0.0016093249354254878,0.0016093249354254878,1194,1194,1.0,1194,0.0008723651292222996,0.0008723651292222996,0.002604000037536025,0.002604000037536025,0.05588499829173088,0.05588499829173088,982,33.04399871826172,0,0,True,False,0.03265600084705511,0.0014569999475497752
PreLateUpdate.LegacyAnimationUpdate,0.3211322105934272,0.3211322105934272,1194,1194,1.0,1194,0.03392151088313039,0.03392151088313039,0.5668749809265137,0.5668749809265137,1.8572919368743896,1.8572919368743896,985,34.01300048828125,0,0,True,False,0.3220839944842737,0.05989499895076733
Animation.Update,0.28721069971029684,0.28721069971029684,1194,1194,1.0,71882,0.04976630109286059,0.04976630109286059,0.5012490052758949,0.5012490052758949,1.8255170147240278,1.1046359539031982,985,34.01300048828125,0,0,False,False,0.38193200415116735,0.08666199640720151
Animation.Sample,0.23744439861743627,0.23744439861743627,1194,1194,1.0,53060,0.14818194691855496,0.14818194691855496,0.4336969987489283,0.4336969987489283,1.781875962158665,1.1039589643478394,985,34.01300048828125,0,0,False,False,0.5250050009926781,0.22932499699527398
ValidateBoundCurves,0.03985224593679578,0.03985224593679578,1194,1194,1.0,53060,0.03985224593679578,0.03985224593679578,0.07151099760085344,0.07151099760085344,0.15431700362387346,0.1310420036315918,1061,32.88800048828125,0,0,False,False,0.15431700362387346,0.07151099760085344
UnityEngine.UI.dll!::UIBehaviourForNormalRenderer.OnCanvasGroupChanged(),0.0013267269607493341,0.010703459399558819,148,1194,0.12395309882747069,356,0.0013267269607493341,0.010703459399558819,0.011510000505950302,0.018801999860443175,0.09270799811929464,0.08828099817037582,999,33.32699966430664,0,0,False,False,0.09270799811929464,0.018801999860443175
UnityEngine.CoreModule.dll!UnityEngine::RectTransform.SendReapplyDrivenProperties(),0.010057851740227735,0.07953029786643652,151,1194,0.12646566164154105,1099,0.01005684839013947,0.0795223640915664,0.07135400036349893,0.11172100342810154,0.4500529966317117,0.08442699909210205,1009,53.58100128173828,0,0,False,False,0.4494799966341816,0.11172100342810154
PreLateUpdate.DirectorUpdateAnimationEnd,0.0009136298093724437,0.0009136298093724437,1194,1194,1.0,1194,0.0005700435418137332,0.0005700435418137332,0.0014579999260604382,0.0014579999260604382,0.039792001247406006,0.039792001247406006,1072,33.67100143432617,0,0,True,False,0.039531001246359665,0.0009899999167828355
PreLateUpdate.DirectorDeferredEvaluate,0.00040972613832594316,0.00040972613832594316,1194,1194,1.0,1194,0.00040972613832594316,0.00040972613832594316,0.00046900002053007483,0.00046900002053007483,0.07698000222444534,0.07698000222444534,567,33.382999420166016,0,0,True,False,0.07698000222444534,0.00046900002053007483
PreLateUpdate.EndGraphicsJobsAfterScriptUpdate,0.004031412032006973,0.004031412032006973,1194,1194,1.0,1194,0.0005054891048431384,0.0005054891048431384,0.004739999771118164,0.004739999771118164,0.09119799733161926,0.09119799733161926,258,30.253999710083008,0,0,True,False,0.03703100001439452,0.0006250003352761269
EndGraphicsJobs,0.004115468990881828,0.004115468990881828,1194,1194,1.0,4776,0.0020304413732906926,0.0020304413732906926,0.0049470002377347555,0.0049470002377347555,0.09119699818256777,0.0907289981842041,258,30.253999710083008,0,0,False,False,0.05427100122687989,0.0027079999417765066
Gfx.EndAsyncJobFrame,0.002085027617591135,0.002085027617591135,1194,1194,1.0,1194,0.00037152429171362063,0.00037152429171362063,0.002604000037536025,0.002604000037536025,0.08937499672174454,0.08937499672174454,258,30.253999710083008,0,0,False,False,0.08749999676365405,0.0005200000014156103
WaitForRenderJobs,0.0017135033258775145,0.0017135033258775145,1194,1194,1.0,1194,0.0017135033258775145,0.0017135033258775145,0.00229199999012053,0.00229199999012053,0.0463549979031086,0.0463549979031086,1048,33.70500183105469,0,0,False,False,0.0463549979031086,0.00229199999012053
PreLateUpdate.ParticleSystemBeginUpdateAll,0.6207901586340101,0.6207901586340101,1194,1194,1.0,1194,0.0006582298670182475,0.0006582298670182475,0.8636459708213806,0.8636459708213806,1.8001559972763062,1.8001559972763062,562,37.59299850463867,0,0,True,True,0.1572909951210022,0.000832974910736084
ParticleSystem.Update,0.6201319287669919,0.6201319287669919,1194,1194,1.0,1194,0.42188810711443114,0.42188810711443114,0.8630210161209106,0.8630210161209106,1.7996360063552856,1.7996360063552856,562,37.59299850463867,0,0,False,False,1.4851040152134374,0.5804180041595828
PrepareUpdateRendererBoundingVolumes,0.01301624110809044,0.01301624110809044,1194,1194,1.0,7164,0.008136485651769757,0.008136485651769757,0.01963400043314323,0.01963400043314323,0.18051900021964684,0.16526100039482117,208,33.31999969482422,0,0,False,False,0.0959879996808013,0.011145000156830065
UpdateRendererBoundingVolumes,0.5588087645796157,0.5588087645796157,1194,1194,1.0,88322,0.39707652978923247,0.39707652978923247,1.0070299885919667,1.0070299885919667,1.996974981710082,1.1315100193023682,813,33.72600173950195,0,0,False,False,1.8611409804580035,0.6570309901653673
CombineJobResults,0.0026075611519020335,0.0026075611519020335,1194,1194,1.0,8572,0.0026075611519020335,0.0026075611519020335,0.005051999971328769,0.005051999971328769,0.05739599864318734,0.05510399863123894,731,33.59299850463867,0,0,False,False,0.05739599864318734,0.005051999971328769
FinalizeUpdateRendererBoundingVolumes,0.0086239539134411,0.0086239539134411,1194,1194,1.0,7164,0.005547066121620281,0.005547066121620281,0.014478999830316752,0.014478999830316752,0.09036399584147148,0.08494799584150314,443,33.40399932861328,0,0,False,False,0.08645699582848465,0.008802000054856762
ParticleSystem.WaitForPreviousRenderingToFinish,0.0005085075453138616,0.0005085075453138616,1194,1194,1.0,1466,0.0005085075453138616,0.0005085075453138616,0.0010939999992842786,0.0010939999992842786,0.07755200564861298,0.07755200564861298,743,32.941001892089844,0,0,False,False,0.07755200564861298,0.0010939999992842786
PreLateUpdate.ConstraintManagerUpdate,0.0015456574292634295,0.0015456574292634295,1194,1194,1.0,1194,0.0008552813921948595,0.0008552813921948595,0.0018749999580904841,0.0018749999580904841,0.06630200147628784,0.06630200147628784,244,33.56999969482422,0,0,True,False,0.030885001528076828,0.0011459999368526042
ConstraintManager::Update,0.0006903760370685698,0.0006903760370685698,1194,1194,1.0,1194,0.00042512729535639047,0.00042512729535639047,0.0008329999982379377,0.0008329999982379377,0.06541699916124344,0.06541699916124344,244,33.56999969482422,0,0,False,False,0.0009889999200822785,0.0005740000051446259
ConstraintManager::Update::JobSetup,0.00026524874171217935,0.00026524874171217935,1194,1194,1.0,1194,0.00026524874171217935,0.00026524874171217935,0.0003129999968223274,0.0003129999968223274,0.06473999470472336,0.06473999470472336,244,33.56999969482422,0,0,False,False,0.06473999470472336,0.0003129999968223274
PreLateUpdate.ScriptRunBehaviourLateUpdate,2.9302170442376703,2.9302170442376703,1194,1194,1.0,1194,0.0015794028788555408,0.0015794028788555408,3.586250066757202,3.586250066757202,10.759269714355469,10.759269714355469,145,34.922000885009766,428,0,True,True,0.052187204360961914,0.0021347999572753906
LateBehaviourUpdate,2.9286376413588147,2.9286376413588147,1194,1194,1.0,1194,0.04922565651596206,0.04922565651596206,3.584791898727417,3.584791898727417,10.757448196411133,10.757448196411133,145,34.922000885009766,425,0,True,False,1.1646380366728408,0.06380096945213154
UnityEngine.UI.dll!UnityEngine.UI::UGuiMgr.LateUpdate(),0.0006839840801025568,0.0006839840801025568,1194,1194,1.0,1194,0.0006839840801025568,0.0006839840801025568,0.0009380000410601497,0.0009380000410601497,0.0048439996317029,0.0048439996317029,805,32.42499923706055,0,0,False,False,0.0048439996317029,0.0009380000410601497
Wwise.dll!::AkInitializer.LateUpdate(),0.059708663278026895,0.059708663278026895,1194,1194,1.0,1194,0.059708663278026895,0.059708663278026895,0.11229100078344345,0.11229100078344345,0.4607290029525757,0.4607290029525757,805,32.42499923706055,0,0,False,False,0.4607290029525757,0.11229100078344345
TBU.Rendering.dll!TBU.LOD::TBULODStreamingManager.LateUpdate(),0.0566656523800675,0.0566656523800675,1194,1194,1.0,1194,0.04669823366417873,0.04669823366417873,0.10010399669408798,0.10010399669408798,0.2693229913711548,0.2693229913711548,111,32.005001068115234,0,0,False,False,0.2603629913937766,0.07374999829335138
SetLOD,0.009967418715888767,0.009967418715888767,1194,1194,1.0,15878,0.009967418715888767,0.009967418715888767,0.017345999891404063,0.017345999891404063,0.0817170019436162,0.07395800203084946,368,33.74300003051758,0,0,False,False,0.0817170019436162,0.017345999891404063
TBU.Rendering.dll!AOE::AoELODStreamingManager.LateUpdate(),0.006110979851832148,0.006110979851832148,1194,1194,1.0,1194,0.006110979851832148,0.006110979851832148,0.009479999542236328,0.009479999542236328,0.08307299762964249,0.08307299762964249,813,33.72600173950195,0,0,False,False,0.08307299762964249,0.009479999542236328
UnityEngine.UI.dll!UnityEngine.UI::UGUIUpdateMgr.LateUpdate(),0.01002984920100674,0.01002984920100674,1194,1194,1.0,1194,0.0025538902147453696,0.0025538902147453696,0.06578099727630615,0.06578099727630615,0.5418229699134827,0.5418229699134827,628,60.51300048828125,0,0,False,False,0.10994799966283608,0.0031249999774445314
UGUILateupdateCallback,0.007475958986261371,0.007475958986261371,1194,1194,1.0,1194,0.0069595377176841465,0.0069595377176841465,0.06281299889087677,0.06281299889087677,0.5369269847869873,0.5369269847869873,628,60.51300048828125,0,0,False,False,0.3177139820763841,0.06244799887645058
AOE.dll!::WorldTileStreaming.LateUpdate(),0.027483364323799934,0.027483364323799934,1194,1194,1.0,1194,0.015044014278791836,0.015044014278791836,0.049115002155303955,0.049115002155303955,0.26588499546051025,0.26588499546051025,11,34.88800048828125,0,0,False,False,0.25328199566865806,0.018230995978228748
[WTS] UpdateDisplayRange,0.0012571423689302812,0.0012571423689302812,1194,1194,1.0,1194,0.0012571423689302812,0.0012571423689302812,0.0015620000194758177,0.0015620000194758177,0.05817699804902077,0.05817699804902077,1109,33.1619987487793,0,0,False,False,0.05817699804902077,0.0015620000194758177
[WTS] Refresh,0.0016133592643820286,0.0016133592643820286,1194,1194,1.0,1194,0.0016133592643820286,0.0016133592643820286,0.001927000004798174,0.001927000004798174,0.034842997789382935,0.034842997789382935,936,33.21799850463867,0,0,False,False,0.034842997789382935,0.001927000004798174
[WTS] PendingStaticMesh,0.0009519028479028244,0.0009519028479028244,1194,1194,1.0,1194,0.0009519028479028244,0.0009519028479028244,0.0011449999874457717,0.0011449999874457717,0.07015600055456161,0.07015600055456161,495,32.72700119018555,0,0,False,False,0.07015600055456161,0.0011449999874457717
[WTS] TexArrayTick,0.0009835075215411948,0.0009835075215411948,1194,1194,1.0,1194,0.0009835075215411948,0.0009835075215411948,0.0009380000410601497,0.0009380000410601497,0.0761449933052063,0.0761449933052063,1142,33.400001525878906,0,0,False,False,0.0761449933052063,0.0009380000410601497
[WTS] AsyncLoadBuffer,0.006340865171366251,0.006340865171366251,1194,1194,1.0,1194,0.006340865171366251,0.006340865171366251,0.007708000019192696,0.007708000019192696,0.09708300232887268,0.09708300232887268,302,33.24700164794922,0,0,False,False,0.09708300232887268,0.007708000019192696
[WTS] VTDecal,0.000940890281354514,0.000940890281354514,1194,1194,1.0,1194,0.000940890281354514,0.000940890281354514,0.001145999995060265,0.001145999995060265,0.03500000014901161,0.03500000014901161,160,33.310001373291016,0,0,False,False,0.03500000014901161,0.001145999995060265
[WTS] ShadowFlush,0.0003516825895310029,0.0003516825895310029,1194,1194,1.0,1194,0.0003516825895310029,0.0003516825895310029,0.0003650000144261867,0.0003650000144261867,0.0628650039434433,0.0628650039434433,398,33.65800094604492,0,0,False,False,0.0628650039434433,0.0003650000144261867
AOE.dll!::TerrainVT.LateUpdate(),0.09750048748187883,0.09750048748187883,1194,1194,1.0,1194,0.018297073677903408,0.018297073677903408,0.13203199207782745,0.13203199207782745,0.40140700340270996,0.40140700340270996,388,34.724998474121094,0,0,False,False,0.21380298728035996,0.021195994442678057
[VT] RefreshTiles,0.0009317922946561941,0.0009317922946561941,1194,1194,1.0,1194,0.0009317922946561941,0.0009317922946561941,0.0007820000173524022,0.0007820000173524022,0.10166700184345245,0.10166700184345245,713,34.25199890136719,0,0,False,False,0.10166700184345245,0.0007820000173524022
[VT] UpdateView,0.0006619824107626759,0.0006619824107626759,1194,1194,1.0,1194,0.0006619824107626759,0.0006619824107626759,0.0007300000288523734,0.0007300000288523734,0.06187500059604645,0.06187500059604645,438,32.814998626708984,0,0,False,False,0.06187500059604645,0.0007300000288523734
[VT] TreeDepth,0.020707118924757094,0.020707118924757094,1194,1194,1.0,1194,0.020461763811762644,0.020461763811762644,0.02437499910593033,0.02437499910593033,0.27937498688697815,0.27937498688697815,388,34.724998474121094,0,0,False,False,0.2785419868887402,0.02406199993856717
[VT] ForceRedraw,0.000297618930039294,0.000297618930039294,1194,1194,1.0,1194,0.000297618930039294,0.000297618930039294,0.0003650000144261867,0.0003650000144261867,0.06395799666643143,0.06395799666643143,1194,33.11199951171875,0,0,False,False,0.06395799666643143,0.0003650000144261867
[VT] UpdateByViewRect,0.056067166726730476,0.056067166726730476,1194,1194,1.0,1194,0.056067166726730476,0.056067166726730476,0.07526100426912308,0.07526100426912308,0.24984300136566162,0.24984300136566162,583,32.93000030517578,0,0,False,False,0.24984300136566162,0.07526100426912308
[VT] IndexFlush,0.0005377345170296878,0.0005377345170296878,1194,1194,1.0,1194,0.0005377345170296878,0.0005377345170296878,0.0006249999860301614,0.0006249999860301614,0.04041700065135956,0.04041700065135956,422,32.972999572753906,0,0,False,False,0.04041700065135956,0.0006249999860301614
AOE.dll!::ModifyFogByCameraSize.LateUpdate(),0.006415160816284505,0.006415160816284505,1194,1194,1.0,1194,0.006415160816284505,0.006415160816284505,0.007760000415146351,0.007760000415146351,0.12520800530910492,0.12520800530910492,376,33.28099822998047,0,0,False,False,0.12520800530910492,0.007760000415146351
TBU.Rendering.dll!::SceneDirectionalLightForSpecular.LateUpdate(),0.00267249078121679,0.00267249078121679,1194,1194,1.0,1194,0.00267249078121679,0.00267249078121679,0.0034890000242739916,0.0034890000242739916,0.038853999227285385,0.038853999227285385,477,32.435001373291016,0,0,False,False,0.038853999227285385,0.0034890000242739916
TBU.Rendering.dll!::LightmapManager.LateUpdate(),0.0010164857518717247,0.0010164857518717247,1194,1194,1.0,1194,0.0010164857518717247,0.0010164857518717247,0.0010420000180602074,0.0010420000180602074,0.08848899602890015,0.08848899602890015,781,33.87300109863281,0,0,False,False,0.08848899602890015,0.0010420000180602074
AOE.dll!::VxActivateNodeCtrlAnim.LateUpdate(),0.008405541864237817,0.008405541864237817,1194,1194,1.0,1194,0.008405541864237817,0.008405541864237817,0.010625000111758709,0.010625000111758709,0.06609400361776352,0.06609400361776352,1004,32.89899826049805,0,0,False,False,0.06609400361776352,0.010625000111758709
UnityEngine.UI.dll!UnityEngine.UI::ScrollRect.LateUpdate(),0.0433799982147168,0.0433799982147168,1194,1194,1.0,8358,0.0433799982147168,0.0433799982147168,0.04937399970367551,0.04937399970367551,0.46713601890951395,0.43833401799201965,227,32.54399871826172,0,0,False,False,0.46713601890951395,0.04937399970367551
UnityEngine.UI.dll!UnityEngine.UI.Extensions::ScrollPanel.LateUpdate(),0.0015265142189813045,0.0015265142189813045,1194,1194,1.0,1194,0.0015265142189813045,0.0015265142189813045,0.0017189999343827367,0.0017189999343827367,0.09911400079727173,0.09911400079727173,389,34.750999450683594,0,0,False,False,0.09911400079727173,0.0017189999343827367
UnityEngine.UI.dll!UnityEngine.UI.Extensions::ListBox.LateUpdate(),0.0032922311361815344,0.0032922311361815344,1194,1194,1.0,5970,0.0032922311361815344,0.0032922311361815344,0.003957000124501064,0.003957000124501064,0.0916139943728922,0.08848999440670013,447,33.6619987487793,0,0,False,False,0.0916139943728922,0.003957000124501064
UnityEngine.UI.dll!UnityEngine.UI.Extensions::Swiper.LateUpdate(),0.0010215334987760812,0.0010215334987760812,1194,1194,1.0,1194,0.0010215334987760812,0.0010215334987760812,0.0012499999720603228,0.0012499999720603228,0.07776100188493729,0.07776100188493729,1014,33.3489990234375,0,0,False,False,0.07776100188493729,0.0012499999720603228
AOE.dll!::OutsideForestRenderer.LateUpdate(),0.0009872747009048329,0.0009872747009048329,1194,1194,1.0,1194,0.0009872747009048329,0.0009872747009048329,0.0012499999720603228,0.0012499999720603228,0.05244800075888634,0.05244800075888634,591,33.82099914550781,0,0,False,False,0.05244800075888634,0.0012499999720603228
AOE.dll!AOE::GameLauncher.LateUpdate(),2.5495285496639846,2.5495285496639846,1194,1194,1.0,1194,0.015708072212368175,0.015708072212368175,3.1539580821990967,3.1539580821990967,10.426250457763672,10.426250457763672,145,34.922000885009766,104,0,True,False,0.1471890155444271,0.018644032341398997
Core.LateUpdate,2.386158530236888,2.386158530236888,1194,1194,1.0,1194,0.019545694958224873,0.019545694958224873,2.9708850383758545,2.9708850383758545,4.450780868530273,4.450780868530273,517,33.40299987792969,53,0,True,False,0.21307689999957802,0.022916926205653
LUA:Launcher._101,0.6880686554427522,0.6880686554427522,1194,1194,1.0,1194,0.005648406133542408,0.005648406133542408,0.872759997844696,0.872759997844696,1.926509976387024,1.926509976387024,985,34.01300048828125,0,0,True,False,0.19843889772891998,0.006613999605178833
LUA:Mgr.OnLateUpdate,0.6377452727987538,0.6377452727987538,1194,1194,1.0,1194,0.016325200050883035,0.016325200050883035,0.8096879720687866,0.8096879720687866,1.8772389888763428,1.8772389888763428,985,34.01300048828125,0,0,True,False,0.08151000817451859,0.020364002186397556
LuaMgr.OnLateUpdateSchedule,0.6074391581754589,0.6074391581754589,1194,1194,1.0,1194,0.0068371016142181615,0.0068371016142181615,0.7730730175971985,0.7730730175971985,1.849323034286499,1.849323034286499,985,34.01300048828125,0,0,True,True,0.2501039858907461,0.009114975109696388
LUA:PerformanceMgr.OnLateUpdate,0.10897892382201838,0.10897892382201838,1194,1194,1.0,1194,0.007149076252478414,0.007149076252478414,0.15656200051307678,0.15656200051307678,1.0446350574493408,1.0446350574493408,985,34.01300048828125,0,0,False,False,0.09609200526028872,0.008332997560501099
LUA:PerformanceMgr.RefreshDeviceLevel,0.010717229471484221,0.010717229471484221,1194,1194,1.0,1194,0.0072441792348204755,0.0072441792348204755,0.012916999869048595,0.012916999869048595,0.2922399938106537,0.2922399938106537,502,32.54800033569336,0,0,False,False,0.12770900502800941,0.008905999828130007
C#LevelValue,0.003473050236663745,0.003473050236663745,1194,1194,1.0,1194,0.003473050236663745,0.003473050236663745,0.004426999948918819,0.004426999948918819,0.2673960030078888,0.2673960030078888,502,32.54800033569336,0,0,False,False,0.2673960030078888,0.004426999948918819
LUA:PerformanceMgr.IgnoreFpsStats,0.064176009187921,0.064176009187921,1194,1194,1.0,1194,0.027432458201463554,0.027432458201463554,0.10109400004148483,0.10109400004148483,0.75,0.75,1142,33.400001525878906,0,0,False,False,0.7076059994287789,0.03156200336525217
C#IsInPowerSavingMode,0.002159565294984731,0.002159565294984731,1194,1194,1.0,1346,0.002159565294984731,0.002159565294984731,0.003333000000566244,0.003333000000566244,0.1798449991038069,0.17723999917507172,751,34.29999923706055,0,0,False,False,0.1798449991038069,0.003333000000566244
LUA:SceneMgr.Loading,0.0009640628075193212,0.0009640628075193212,1194,1194,1.0,1194,0.0009640628075193212,0.0009640628075193212,0.0013550000730901957,0.0013550000730901957,0.017343999817967415,0.017343999817967415,1028,33.154998779296875,0,0,False,False,0.017343999817967415,0.0013550000730901957
LUA:SceneMgr.LoadingFrame,0.0007393081975886107,0.0007393081975886107,1194,1194,1.0,1194,0.0007393081975886107,0.0007393081975886107,0.0008849999867379665,0.0008849999867379665,0.0381769984960556,0.0381769984960556,127,32.8120002746582,0,0,False,False,0.0381769984960556,0.0008849999867379665
LUA:MapCameraCtrl.IsInAdventureMode,0.0015266130456688832,0.0015266130456688832,1194,1194,1.0,1194,0.0015266130456688832,0.0015266130456688832,0.001927000004798174,0.001927000004798174,0.11349000036716461,0.11349000036716461,1013,33.04899978637695,0,0,False,False,0.11349000036716461,0.001927000004798174
LUA:MapCameraCtrl.IsCameraEnabled,0.025436025959169696,0.025436025959169696,1194,1194,1.0,1194,0.008270969862134743,0.008270969862134743,0.030104000121355057,0.030104000121355057,0.2867189943790436,0.2867189943790436,155,32.814998626708984,0,0,False,False,0.07124899933114648,0.009738999884575605
LUA:ObjUtil.NotNull,0.014281968165530668,0.014281968165530668,1194,1194,1.0,1214,0.0019656901004633724,0.0019656901004633724,0.017136000096797943,0.017136000096797943,0.2583859860897064,0.2583859860897064,155,32.814998626708984,0,0,False,False,0.04812399670481682,0.0027609998360276222
LUA:ObjUtil.IsNull,0.015998796483064407,0.015998796483064407,1194,1194,1.0,3900,0.00778384337561393,0.00778384337561393,0.03494599985424429,0.03494599985424429,0.2541140019893646,0.2541140019893646,155,32.814998626708984,0,0,False,False,0.23099000996444374,0.01687599951401353
C#IsNull,0.008214953107450476,0.008214953107450476,1194,1194,1.0,1521,0.008214953107450476,0.008214953107450476,0.015676999697461724,0.015676999697461724,0.2458849996328354,0.2458849996328354,155,32.814998626708984,0,0,False,False,0.2458849996328354,0.015676999697461724
C#enabled,0.0029384857537950292,0.0029384857537950292,1194,1194,1.0,1194,0.0029384857537950292,0.0029384857537950292,0.004011000040918589,0.004011000040918589,0.06906300038099289,0.06906300038099289,286,33.404998779296875,0,0,False,False,0.06906300038099289,0.004011000040918589
LUA:RaidMapMgr.IsInNewbieCampaign2,0.0009102445558465041,0.0009102445558465041,1194,1194,1.0,1194,0.0009102445558465041,0.0009102445558465041,0.001145999995060265,0.001145999995060265,0.07520800083875656,0.07520800083875656,593,33.20399856567383,0,0,False,False,0.07520800083875656,0.001145999995060265
LUA:PlayerCommonPoolCtrl.IsInUnitScene,0.0035922805443476306,0.0035922805443476306,1194,1194,1.0,1194,0.0020189966473215955,0.0020189966473215955,0.0041669998317956924,0.0041669998317956924,0.19062499701976776,0.19062499701976776,125,37.77000045776367,0,0,False,False,0.09864600095897913,0.0025000000605359674
LUA:UIManager.GetCreateOrDestroyFrameCount,0.0007221934643388419,0.0007221934643388419,1194,1194,1.0,1194,0.0007221934643388419,0.0007221934643388419,0.0008340000058524311,0.0008340000058524311,0.048541001975536346,0.048541001975536346,519,33.441001892089844,0,0,False,False,0.048541001975536346,0.0008340000058524311
LUA:PerformanceMgr.CollectFramerateStats,0.0060234095577939946,0.0060234095577939946,1194,1194,1.0,1194,0.004343053617268384,0.004343053617268384,0.007395999971777201,0.007395999971777201,0.1113550066947937,0.1113550066947937,97,32.95500183105469,0,0,False,False,0.06380199815612286,0.005520999955479056
LUA:PerformanceMgr.CheckReportAutoProfiler,0.020913199352340733,0.020913199352340733,1194,1194,1.0,1194,0.006921888648328945,0.006921888648328945,0.02150999940931797,0.02150999940931797,0.9677600264549255,0.9677600264549255,985,34.01300048828125,0,0,False,False,0.1341139900032431,0.008073000935837626
C#GetFrameDuration,0.008332509207683561,0.008332509207683561,1194,1194,1.0,1198,0.008332509207683561,0.008332509207683561,0.010052000172436237,0.010052000172436237,0.07140599936246872,0.07140599936246872,234,36.367000579833984,0,0,False,False,0.07140599936246872,0.010052000172436237
LUA:NetMgr.ResetMsgTimeRecord,0.00308263986155007,0.00308263986155007,1194,1194,1.0,1194,0.00308263986155007,0.00308263986155007,0.003854000009596348,0.003854000009596348,0.06739600002765656,0.06739600002765656,1052,34.16400146484375,0,0,False,False,0.06739600002765656,0.003854000009596348
LUA:CoMgr.OnLateUpdate,0.010028737016845887,0.010028737016845887,1194,1194,1.0,1194,0.006922551923491614,0.006922551923491614,0.014688000082969666,0.014688000082969666,0.11348900198936462,0.11348900198936462,752,32.606998443603516,0,0,False,False,0.11036500209593214,0.010417999961646274
GridPreviewMgr,0.010529868523520067,0.010529868523520067,1194,1194,1.0,1194,0.004426826622592164,0.004426826622592164,0.012760000303387642,0.012760000303387642,0.11989600211381912,0.11989600211381912,655,32.678001403808594,0,0,False,False,0.0603129998780787,0.0059380000457167625
LUA:GridPreviewMgr.OnLateUpdate,0.007608866843221774,0.007608866843221774,1194,1194,1.0,2388,0.005095457314373516,0.005095457314373516,0.008593999780714512,0.008593999780714512,0.13557300623506308,0.1285420060157776,572,33.347999572753906,0,0,False,False,0.10025899918400683,0.005938000016612932
LUA:GridPreviewMgr._updateSupplyZoneFade,0.002513409528848259,0.002513409528848259,1194,1194,1.0,2388,0.002513409528848259,0.002513409528848259,0.0029159999394323677,0.0029159999394323677,0.12869799882173538,0.1262499988079071,572,33.347999572753906,0,0,False,False,0.12869799882173538,0.0029159999394323677
OutsideMapMgr,0.061501824211210664,0.061501824211210664,1194,1194,1.0,1194,0.003771196919769498,0.003771196919769498,0.10744799673557281,0.10744799673557281,0.3041140139102936,0.3041140139102936,367,33.542999267578125,0,0,False,False,0.24718701466917992,0.004896007478237152
LUA:Entity.OnLateUpdate,0.05773062729144116,0.05773062729144116,1194,1194,1.0,14328,0.009496661390524422,0.009496661390524422,0.10322899371385574,0.10322899371385574,0.2888540029525757,0.2888540029525757,418,33.54100036621094,0,0,False,False,0.21374797573662363,0.009113991865888238
LUA:Entity.lateUpdateChildren,0.05555785433631047,0.05555785433631047,1194,1194,1.0,14328,0.038502333755785295,0.038502333755785295,0.09953099489212036,0.09953099489212036,0.2878120243549347,0.2878120243549347,418,33.54100036621094,0,0,False,False,0.2574490061379038,0.04483899989281781
LUA:Entity.LateUpdate,0.022623063345473662,0.022623063345473662,1194,1194,1.0,14328,0.008225807202837571,0.008225807202837571,0.061044999049045146,0.061044999049045146,0.24161698925308883,0.21864598989486694,418,33.54100036621094,0,0,False,False,0.07651199674000964,0.008441004494670779
NewbieMainCtrl,0.06486696814587792,0.06486696814587792,1194,1194,1.0,2388,0.006901341666728009,0.006901341666728009,0.10203199833631516,0.10203199833631516,0.3364589810371399,0.3009379804134369,890,33.763999938964844,0,0,False,False,0.08437399566173553,0.00932300090789795
LUA:NewbieMainCtrl.OnLateUpdate,0.025840502499853896,0.025840502499853896,1194,1194,1.0,1194,0.0019373676686592937,0.0019373676686592937,0.03130200132727623,0.03130200132727623,0.2966669797897339,0.2966669797897339,890,33.763999938964844,0,0,False,False,0.2629169784486294,0.002083001658320427
LUA:NewbieMainCtrl.TickTask,0.023903134831194602,0.023903134831194602,1194,1194,1.0,1194,0.01105079143568368,0.01105079143568368,0.029167000204324722,0.029167000204324722,0.12052100151777267,0.12052100151777267,224,33.66699981689453,0,0,False,False,0.07656299800146371,0.014323999668704346
NewbieMainCtrl TickTask,0.012516193478360423,0.012516193478360423,1194,1194,1.0,1194,0.004287226150948024,0.004287226150948024,0.014582999981939793,0.014582999981939793,0.1081250011920929,0.1081250011920929,224,33.66699981689453,0,0,False,False,0.07807300332933664,0.0052089998498559
LUA:NewbieMainCtrl.IsUpdate,0.016692212712990005,0.016692212712990005,1194,1194,1.0,2388,0.013175583772941014,0.013175583772941014,0.020728999748826027,0.020728999748826027,0.1584900002926588,0.14994800090789795,1183,32.053001403808594,0,0,False,False,0.10817700065672398,0.01624999998603016
LUA:SceneMgr.GetCurSceneName,0.003537347532971216,0.003537347532971216,1194,1194,1.0,2415,0.003537347532971216,0.003537347532971216,0.004740000003948808,0.004740000003948808,0.14229200361296535,0.1408340036869049,1183,32.053001403808594,0,0,False,False,0.14229200361296535,0.004740000003948808
BattleCore,0.0097876072060192,0.0097876072060192,1194,1194,1.0,1194,0.004664120631634883,0.004664120631634883,0.01244799979031086,0.01244799979031086,0.16400998830795288,0.16400998830795288,122,32.8489990234375,0,0,False,False,0.07093699928373098,0.006822000257670879
LUA:BattleCore.OnLateUpdate,0.005123486574384317,0.005123486574384317,1194,1194,1.0,1194,0.004137525101416741,0.004137525101416741,0.0059899999760091305,0.0059899999760091305,0.1558849960565567,0.1558849960565567,122,32.8489990234375,0,0,False,False,0.15182299632579088,0.00484299985691905
LUA:BattlePerformPlaneMgr.IsActive,0.0009859614729675755,0.0009859614729675755,1194,1194,1.0,1194,0.0009859614729675755,0.0009859614729675755,0.0013020000187680125,0.0013020000187680125,0.04411500319838524,0.04411500319838524,44,33.10599899291992,0,0,False,False,0.04411500319838524,0.0013020000187680125
OutsideLocalResEntityHandler,0.00740028224640543,0.00740028224640543,1194,1194,1.0,1194,0.0037637269900978342,0.0037637269900978342,0.009479000233113766,0.009479000233113766,0.08880200237035751,0.08880200237035751,839,31.908000946044922,0,0,False,False,0.08364600222557783,0.004844000330194831
LUA:OutsideLocalResEntityHandler.OnLateUpdate,0.0036365552563075963,0.0036365552563075963,1194,1194,1.0,1194,0.0036365552563075963,0.0036365552563075963,0.0048439996317029,0.0048439996317029,0.05598899722099304,0.05598899722099304,830,39.435001373291016,0,0,False,False,0.05598899722099304,0.0048439996317029
MapCameraCtrl,0.11059114580952142,0.11059114580952142,1194,1194,1.0,1194,0.004399515151777858,0.004399515151777858,0.16927099227905273,0.16927099227905273,0.5525519847869873,0.5525519847869873,899,32.50899887084961,0,0,False,False,0.0568230077624321,0.0055740028619766235
LUA:MapCameraCtrl.OnLateUpdate,0.10619163065774356,0.10619163065774356,1194,1194,1.0,1194,0.009926272199971534,0.009926272199971534,0.16359399259090424,0.16359399259090424,0.5480210185050964,0.5480210185050964,899,32.50899887084961,0,0,False,False,0.28422001388389617,0.013073998750769533
MapCameraCtrl.OnLateUpdate,0.09192663652376214,0.09192663652376214,1194,1194,1.0,1194,0.01609722364396224,0.01609722364396224,0.14598999917507172,0.14598999917507172,0.5360940098762512,0.5360940098762512,899,32.50899887084961,0,0,False,False,0.2938550129838404,0.020571998080413323
MapCameraCtrl.OnCameraGestureMove,0.027531091255639715,0.027531091255639715,1194,1194,1.0,1194,0.012082447211680874,0.012082447211680874,0.03275999799370766,0.03275999799370766,0.2086459994316101,0.2086459994316101,1103,38.21099853515625,0,0,False,False,0.19208299997262657,0.014321998693048954
C#IsGestureMoveDelta,0.003230054422876044,0.003230054422876044,1194,1194,1.0,1194,0.003230054422876044,0.003230054422876044,0.0046360003761947155,0.0046360003761947155,0.05729199945926666,0.05729199945926666,85,33.15700149536133,0,0,False,False,0.05729199945926666,0.0046360003761947155
C#IsInStatus,0.012218589621082796,0.012218589621082796,1194,1194,1.0,1194,0.012218589621082796,0.012218589621082796,0.014688000082969666,0.014688000082969666,0.1317709982395172,0.1317709982395172,372,31.30299949645996,0,0,False,False,0.1317709982395172,0.014688000082969666
MapCameraCtrl.UpdateCameraPos,0.03649737439438126,0.03649737439438126,1194,1194,1.0,1194,0.003462369333784185,0.003462369333784185,0.07442700117826462,0.07442700117826462,0.4832819998264313,0.4832819998264313,899,32.50899887084961,0,0,False,False,0.3073440194129944,0.003958001732826233
LUA:MapCameraCtrl.UpdateCameraPos,0.03303500506059708,0.03303500506059708,1194,1194,1.0,1194,0.01039744895165717,0.01039744895165717,0.04786500334739685,0.04786500334739685,0.4801560044288635,0.4801560044288635,899,32.50899887084961,0,0,False,False,0.41052202462014975,0.014112997632764746
MapCameraCtrl.UpdateCameraPosCalculate,0.02061321860931227,0.02061321860931227,1194,1194,1.0,1194,0.009739112267676285,0.009739112267676285,0.023749999701976776,0.023749999701976776,0.46187499165534973,0.46187499165534973,899,32.50899887084961,0,0,False,False,0.3353640149580315,0.01125000708270818
LUA:MapCameraCtrl.GetCameraPositionXYZ,0.008365443041485733,0.008365443041485733,1194,1194,1.0,1194,0.005111034337112952,0.005111034337112952,0.009999999776482582,0.009999999776482582,0.44791698455810547,0.44791698455810547,899,32.50899887084961,0,0,False,False,0.4400519849732518,0.0059899999760091305
C#GetTransformPosXYZ,0.0032544087043727813,0.0032544087043727813,1194,1194,1.0,1194,0.0032544087043727813,0.0032544087043727813,0.004478999879211187,0.004478999879211187,0.22927001118659973,0.22927001118659973,1150,33.428001403808594,0,0,False,False,0.22927001118659973,0.004478999879211187
LUA:LuaVector3.Set,0.0011704463889616443,0.0011704463889616443,1194,1194,1.0,1194,0.0011704463889616443,0.0011704463889616443,0.0016139999497681856,0.0016139999497681856,0.04437499865889549,0.04437499865889549,412,35.0359992980957,0,0,False,False,0.04437499865889549,0.0016139999497681856
LUA:LuaVector3Util.Magnitude2,0.001338216911188609,0.001338216911188609,1194,1194,1.0,1194,0.001338216911188609,0.001338216911188609,0.0014579999260604382,0.0014579999260604382,0.11026100069284439,0.11026100069284439,186,33.0890007019043,0,0,False,False,0.11026100069284439,0.0014579999260604382
MapCameraCtrl.OnCameraPosChanged,0.001603034317192748,0.001603034317192748,1194,1194,1.0,1194,0.001603034317192748,0.001603034317192748,0.0020309998653829098,0.0020309998653829098,0.07718699425458908,0.07718699425458908,973,33.637001037597656,0,0,False,False,0.07718699425458908,0.0020309998653829098
MapCameraCtrl.UpdateCameraHeightRatio,0.008716994137589007,0.008716994137589007,1194,1194,1.0,1194,0.002175977383584246,0.002175977383584246,0.010572999715805054,0.010572999715805054,0.09713499993085861,0.09713499993085861,245,33.32899856567383,0,0,False,False,0.09015599964186549,0.002656000666320324
LUA:MapCameraCtrl.UpdateCameraHeightRatio,0.006541016754004761,0.006541016754004761,1194,1194,1.0,1194,0.004536061991956568,0.004536061991956568,0.008177000097930431,0.008177000097930431,0.0751039981842041,0.0751039981842041,809,33.78099822998047,0,0,False,False,0.06161499721929431,0.005623999983072281
C#CameraSize,0.0022397663198482445,0.0022397663198482445,1194,1194,1.0,1270,0.0022397663198482445,0.0022397663198482445,0.004635999794118106,0.004635999794118106,0.06812500208616257,0.06812500208616257,809,33.78099822998047,0,0,False,False,0.06812500208616257,0.004635999794118106
LUA:HUD_Common.OnLateUpdate,0.11278957301685259,0.11278957301685259,1194,1194,1.0,1194,0.004426285808584598,0.004426285808584598,0.15848900377750397,0.15848900377750397,0.39354097843170166,0.39354097843170166,985,34.01300048828125,0,0,False,False,0.1097390204668045,0.005521006882190704
LUA:Hud_Common_Compass.UpdateCompass,0.10836328720826799,0.10836328720826799,1194,1194,1.0,1194,0.03863959790942013,0.03863959790942013,0.14979100227355957,0.14979100227355957,0.3886460065841675,0.3886460065841675,985,34.01300048828125,0,0,False,False,0.24088700275751762,0.04593599130748771
LUA:OutsidePub.GetSelfCastleGridIndex,0.016151618971403568,0.016151618971403568,1194,1194,1.0,1194,0.014032568734012844,0.014032568734012844,0.020208999514579773,0.020208999514579773,0.26713502407073975,0.26713502407073975,985,34.01300048828125,0,0,False,False,0.2648440240882337,0.01765699964016676
LUA:MapCoordUtil.ConvertCellToGrid2,0.003814421252428844,0.003814421252428844,1194,1194,1.0,3155,0.003814421252428844,0.003814421252428844,0.01166699978057295,0.01166699978057295,0.0635919987980742,0.05619699880480766,374,32.9739990234375,0,0,False,False,0.0635919987980742,0.01166699978057295
C#GetWorldScreenPointByGridIndex,0.022809751267846005,0.022809751267846005,1194,1194,1.0,1194,0.022809751267846005,0.022809751267846005,0.029218001291155815,0.029218001291155815,0.10213500261306763,0.10213500261306763,709,34.61800003051758,0,0,False,False,0.10213500261306763,0.029218001291155815
C#x,0.0069182989532884575,0.0069182989532884575,1194,1194,1.0,3771,0.0069182989532884575,0.0069182989532884575,0.013435999804642051,0.013435999804642051,0.12812500027939677,0.12177100032567978,235,42.39799880981445,0,0,False,False,0.12812500027939677,0.013435999804642051
C#y,0.0018281574379112586,0.0018281574379112586,1194,1194,1.0,2577,0.0018281574379112586,0.0018281574379112586,0.0055210000136867166,0.0055210000136867166,0.049168000696226954,0.04776100069284439,910,33.48699951171875,0,0,False,False,0.049168000696226954,0.0055210000136867166
C#SetCompassAngle,0.015234576215674256,0.015234576215674256,1194,1194,1.0,1194,0.015234576215674256,0.015234576215674256,0.01838500052690506,0.01838500052690506,0.1235940009355545,0.1235940009355545,313,33.10100173950195,0,0,False,False,0.1235940009355545,0.01838500052690506
C#GetAnchoredPos,0.006151762997093525,0.006151762997093525,1194,1194,1.0,1194,0.006151762997093525,0.006151762997093525,0.00786499958485365,0.00786499958485365,0.024271000176668167,0.024271000176668167,510,35.7760009765625,0,0,False,False,0.024271000176668167,0.00786499958485365
LUA:Hud_Common_Compass.SwitchCompassState,0.001164907026807606,0.001164907026807606,1194,1194,1.0,1194,0.001164907026807606,0.001164907026807606,0.001509999972768128,0.001509999972768128,0.05025999993085861,0.05025999993085861,403,32.375,0,0,False,False,0.05025999993085861,0.001509999972768128
LUA:Timer.Trigger,0.02574054100390811,0.02574054100390811,1194,1194,1.0,2457,0.004301414527256397,0.004301414527256397,0.03942700009793043,0.03942700009793043,0.32140600541606545,0.3062500059604645,205,33.137001037597656,0,0,False,False,0.07859400287270546,0.005468000192195177
LUA:NewbieMassiveArmyCtrl._action,0.012902670856596438,0.012902670856596438,1194,1194,1.0,1194,0.002765484916091502,0.002765484916091502,0.014895999804139137,0.014895999804139137,0.09635500609874725,0.09635500609874725,990,33.090999603271484,0,0,False,False,0.08171899802982807,0.0031770002096891403
LUA:NewbieMassiveArmyCtrl.OnLateUpdate,0.010137185940504936,0.010137185940504936,1194,1194,1.0,1194,0.002660794819313627,0.002660794819313627,0.012134999968111515,0.012134999968111515,0.0933850035071373,0.0933850035071373,990,33.090999603271484,0,0,False,False,0.08067600429058075,0.003124999813735485
LUA:NewbieMassiveArmyCtrl.CheckScreenFreeze,0.007476391121191308,0.007476391121191308,1194,1194,1.0,1194,0.007476391121191308,0.007476391121191308,0.009322999976575375,0.009322999976575375,0.08291599899530411,0.08291599899530411,124,33.492000579833984,0,0,False,False,0.08291599899530411,0.009322999976575375
LUA:InvaderGuideCtrl._action,0.007709448921948147,0.007709448921948147,1194,1194,1.0,1194,0.0028129983552960896,0.0028129983552960896,0.009062000550329685,0.009062000550329685,0.10838500410318375,0.10838500410318375,410,32.19599914550781,0,0,False,False,0.059582998510450125,0.003438000101596117
LUA:InvaderGuideCtrl.OnLateUpdate,0.004896450566652058,0.004896450566652058,1194,1194,1.0,1194,0.0025750284767249473,0.0025750284767249473,0.005729000084102154,0.005729000084102154,0.1053130030632019,0.1053130030632019,410,32.19599914550781,0,0,False,False,0.09869900206103921,0.003072999883443117
LUA:InvaderGuideCtrl.IsInInvaderState,0.0023214220899271105,0.0023214220899271105,1194,1194,1.0,1194,0.0023214220899271105,0.0023214220899271105,0.002709000138565898,0.002709000138565898,0.10223999619483948,0.10223999619483948,410,32.19599914550781,0,0,False,False,0.10223999619483948,0.002709000138565898
LUA:Mgr.OnPostLateUpdate,0.04467497651045596,0.04467497651045596,1194,1194,1.0,1194,0.007640092943572261,0.007640092943572261,0.08369799703359604,0.08369799703359604,0.31244799494743347,0.31244799494743347,942,34.882999420166016,0,0,True,False,0.1275009995806613,0.01026000278943684
LuaMgr.OnPostLateUpdateSchedule,0.032474887781968366,0.032474887781968366,1194,1194,1.0,1194,0.004519377691964533,0.004519377691964533,0.044686999171972275,0.044686999171972275,0.2999480068683624,0.2999480068683624,942,34.882999420166016,0,0,True,False,0.09593699499964714,0.006250004284083843
LoadingMgr,0.01129910888378875,0.01129910888378875,1194,1194,1.0,1194,0.00795714072848029,0.00795714072848029,0.014791999943554401,0.014791999943554401,0.1267710030078888,0.1267710030078888,465,35.323001861572266,0,0,False,False,0.12083400320261717,0.010988999856635928
LUA:Entity.OnPostLateUpdate,0.0033419681553084595,0.0033419681553084595,1194,1194,1.0,1194,0.0018003944773519478,0.0018003944773519478,0.004270999692380428,0.004270999692380428,0.05239599943161011,0.05239599943161011,253,33.41400146484375,0,0,False,False,0.004061999847181141,0.0025529999984428287
LUA:Entity.postLateUpdateChildren,0.001541573677956512,0.001541573677956512,1194,1194,1.0,1194,0.001541573677956512,0.001541573677956512,0.001978999935090542,0.001978999935090542,0.05031299963593483,0.05031299963593483,253,33.41400146484375,0,0,False,False,0.05031299963593483,0.001978999935090542
ViewTreeMgr.Tick.OnLateUpdate,0.13588368936349798,0.13588368936349798,1194,1194,1.0,1194,0.08587277152417992,0.08587277152417992,0.18140700459480286,0.18140700459480286,0.646041989326477,0.646041989326477,1062,33.768001556396484,0,0,False,False,0.6044279895722866,0.09171799570322037
CS.ViewTreeInstancing.OnLateUpdate,0.05001091783931806,0.05001091783931806,1194,1194,1.0,1194,0.007451912921455831,0.007451912921455831,0.07885399460792542,0.07885399460792542,0.2892709970474243,0.2892709970474243,300,33.29399871826172,0,0,False,False,0.243541994052066,0.03432500092458213
CS.ViewTreeInstancing.FlushRemove,0.000911018421408959,0.000911018421408959,1194,1194,1.0,1194,0.000911018421408959,0.000911018421408959,0.001197999925352633,0.001197999925352633,0.04369800165295601,0.04369800165295601,487,33.4640007019043,0,0,False,False,0.04369800165295601,0.001197999925352633
CS.ViewTreeInstancing.Billboard,0.00027023282852422126,0.00027023282852422126,1194,1194,1.0,1194,0.00027023282852422126,0.00027023282852422126,0.00031200001831166446,0.00031200001831166446,0.047551997005939484,0.047551997005939484,921,32.612998962402344,0,0,False,False,0.047551997005939484,0.00031200001831166446
CS.ViewTreeInstancing.PrefabLoading,0.0014579865716678954,0.0014579865716678954,1194,1194,1.0,1194,0.0014579865716678954,0.0014579865716678954,0.0017709999810904264,0.0017709999810904264,0.0834369957447052,0.0834369957447052,416,32.694000244140625,0,0,False,False,0.0834369957447052,0.0017709999810904264
CS.ViewTreeInstancing.LOD,0.0027117822446994532,0.0027117822446994532,1194,1194,1.0,1194,0.0027117822446994532,0.0027117822446994532,0.0034370000939816236,0.0034370000939816236,0.08911500126123428,0.08911500126123428,1085,31.39699935913086,0,0,False,False,0.08911500126123428,0.0034370000939816236
CS.ViewTreeInstancing.ChunkCull,0.02870068334080466,0.02870068334080466,1194,1194,1.0,1194,0.0010570970767956084,0.0010570970767956084,0.03275999799370766,0.03275999799370766,0.1592710018157959,0.1592710018157959,386,34.441001892089844,0,0,False,False,0.057916998863220215,0.001250002533197403
CS.ViewTree.ChunkCull.UpdateRenderChunkVisibility,0.027643586264009052,0.027643586264009052,1194,1194,1.0,1194,0.0022822219683044593,0.0022822219683044593,0.03125,0.03125,0.15843799710273743,0.15843799710273743,386,34.441001892089844,0,0,False,False,0.04729400062933564,0.003019999712705612
CS.ViewTree.ChunkCull.CamGroundFrustum,0.00488279059344444,0.00488279059344444,1194,1194,1.0,1194,0.00488279059344444,0.00488279059344444,0.005834000185132027,0.005834000185132027,0.10140600055456161,0.10140600055456161,550,33.499000549316406,0,0,False,False,0.10140600055456161,0.005834000185132027
CS.ViewTree.ChunkCull.CandidateScan,0.010585355119611225,0.010585355119611225,1194,1194,1.0,1194,0.010585355119611225,0.010585355119611225,0.012551999650895596,0.012551999650895596,0.09171800315380096,0.09171800315380096,450,33.15399932861328,0,0,False,False,0.09171800315380096,0.012551999650895596
CS.ViewTree.ChunkCull.SyncVisibleSet,0.009893218582648928,0.009893218582648928,1194,1194,1.0,1194,0.009893218582648928,0.009893218582648928,0.010937999933958054,0.010937999933958054,0.1376039981842041,0.1376039981842041,1129,32.8849983215332,0,0,False,False,0.1376039981842041,0.010937999933958054
CS.ViewTreeInstancing.MatrixSchedule,0.008507301510757044,0.008507301510757044,1194,1194,1.0,1194,0.008507301510757044,0.008507301510757044,0.01203100010752678,0.01203100010752678,0.0740630030632019,0.0740630030632019,386,34.441001892089844,0,0,False,False,0.0740630030632019,0.01203100010752678
GameLauncher.LateUpdate,0.0008102194236837793,0.0008102194236837793,1194,1194,1.0,1194,0.0008102194236837793,0.0008102194236837793,0.0012499999720603228,0.0012499999720603228,0.05020799860358238,0.05020799860358238,853,30.347000122070312,0,0,False,False,0.05020799860358238,0.0012499999720603228
RenderManager_AnimIns,0.012368574539211951,0.012368574539211951,1194,1194,1.0,1194,0.012368574539211951,0.012368574539211951,0.014739000238478184,0.014739000238478184,0.1168229952454567,0.1168229952454567,807,34.18600082397461,0,0,False,False,0.1168229952454567,0.014739000238478184
m_ProducerHandle.Complete,0.0006799246248938989,0.0006799246248938989,1194,1194,1.0,1194,0.0006799246248938989,0.0006799246248938989,0.0010939999483525753,0.0010939999483525753,0.08651000261306763,0.08651000261306763,555,31.625,0,0,False,False,0.08651000261306763,0.0010939999483525753
BufferPlayback,0.03669284682578939,0.03669284682578939,1194,1194,1.0,1194,0.010736657413622463,0.010736657413622463,0.11124999821186066,0.11124999821186066,7.8399481773376465,7.8399481773376465,145,34.922000885009766,1,0,False,False,0.21208400596515276,0.015625000683940016
ArmyViewEntityMgr,0.018312144913972733,0.018312144913972733,1194,1194,1.0,1194,0.0035076432615010643,0.0035076432615010643,0.05525999888777733,0.05525999888777733,0.18442700803279877,0.18442700803279877,860,33.319000244140625,0,0,False,False,0.11963499800913269,0.004062999694724567
*** ArmyViewEntityMgr_OnUpdateCreateEntity ***,0.005328340031748295,0.005328340031748295,1194,1194,1.0,1194,0.005328340031748295,0.005328340031748295,0.04057300090789795,0.04057300090789795,0.14317700266838074,0.14317700266838074,684,33.244998931884766,0,0,False,False,0.14317700266838074,0.04057300090789795
*** ArmyViewEntityMgr_OnUpdateDeleteEntity ***,0.00543626044341402,0.00543626044341402,1194,1194,1.0,1194,0.00543626044341402,0.00543626044341402,0.02546899951994419,0.02546899951994419,0.0726039931178093,0.0726039931178093,485,33.125,0,0,False,False,0.0726039931178093,0.02546899951994419
*** ArmyViewEntityMgr_DestroyEntity ***,0.004039901177309355,0.004039901177309355,1194,1194,1.0,1194,0.0028682093817198186,0.0028682093817198186,0.022552000358700752,0.022552000358700752,0.14161500334739685,0.14161500334739685,860,33.319000244140625,0,0,False,False,0.13406300311908126,0.014530999585986137
*** BattlePerform_OnUpdateMgr ***,0.005400893635270958,0.005400893635270958,1194,1194,1.0,1194,0.0025654112273933273,0.0025654112273933273,0.006406000349670649,0.006406000349670649,0.07026000320911407,0.07026000320911407,925,33.542999267578125,0,0,False,False,0.008490000385791063,0.0031770002096891403
*** BattlePerform_SoldierPathSchedule ***,0.0028354824078776304,0.0028354824078776304,1194,1194,1.0,1194,0.0028354824078776304,0.0028354824078776304,0.0034370000939816236,0.0034370000939816236,0.0678119957447052,0.0678119957447052,925,33.542999267578125,0,0,False,False,0.0678119957447052,0.0034370000939816236
ArmyShadowQuadMgr,0.016304318259206523,0.016304318259206523,1194,1194,1.0,1194,0.0016294237962569823,0.0016294237962569823,0.0216669999063015,0.0216669999063015,0.14729100465774536,0.14729100465774536,605,32.867000579833984,0,0,False,False,0.0702599948272109,0.002031000331044197
ArmyShadowQuadMgr_RefreshMesh,0.014674894462949542,0.014674894462949542,1194,1194,1.0,1194,0.014674894462949542,0.014674894462949542,0.019948000088334084,0.019948000088334084,0.14463499188423157,0.14463499188423157,605,32.867000579833984,0,0,False,False,0.14463499188423157,0.019948000088334084
AOE.Packages.dll!HedgehogTeam.EasyTouch::EasyTouch.LateUpdate(),0.0022236591154203237,0.0022236591154203237,1194,1194,1.0,1194,0.0022236591154203237,0.0022236591154203237,0.002812999999150634,0.002812999999150634,0.06843800097703934,0.06843800097703934,153,33.04899978637695,0,0,False,False,0.06843800097703934,0.002812999999150634
ChinaSDK.dll!GCloud.GPM::GPMFrameProcessor.LateUpdate(),0.000759564483561865,0.000759564483561865,1194,1194,1.0,1194,0.000759564483561865,0.000759564483561865,0.0010939999483525753,0.0010939999483525753,0.0018220000201836228,0.0018220000201836228,730,25.44300079345703,0,0,False,False,0.0018220000201836228,0.0010939999483525753
LuaMultiThreadGC,0.07994472382647115,0.07994472382647115,1194,1194,1.0,2388,0.001600645209929377,0.001600645209929377,0.13499998673796654,0.13499998673796654,0.4558320133946836,0.4502600133419037,586,32.49399948120117,0,0,False,True,0.06562500447034836,0.0019280030392110348
LuaMtGc.PulseGCThread,0.0700104874301346,0.0700104874301346,1194,1194,1.0,1194,0.0700104874301346,0.0700104874301346,0.12458299845457077,0.12458299845457077,0.44593799114227295,0.44593799114227295,586,32.49399948120117,0,0,False,False,0.44593799114227295,0.12458299845457077
PresentationSystemGroup,1.0280049497158683,1.0280049497158683,1194,1194,1.0,1194,0.0008063304613982413,0.0008063304613982413,1.6635420322418213,1.6635420322418213,2.54536509513855,2.54536509513855,510,35.7760009765625,0,0,True,True,0.015365004539489746,0.0011979937553405762
Default World Unity.Entities.PresentationSystemGroup,1.0242376935042727,1.0242376935042727,1194,1194,1.0,1194,0.030989655899074063,0.030989655899074063,1.6595309972763062,1.6595309972763062,2.5363540649414062,2.5363540649414062,510,35.7760009765625,0,0,True,False,0.35244503448484465,0.050680032989475876
Default World Unity.Entities.BeginPresentationEntityCommandBufferSystem,0.004708097133999207,0.004708097133999207,1194,1194,1.0,1194,0.004159299813858268,0.004159299813858268,0.0059899999760091305,0.0059899999760091305,0.08916600048542023,0.08916600048542023,49,33.590999603271484,0,0,True,False,0.08869700046489015,0.005574000038905069
Default World Trail.TrailECSActivateSystem,0.002994557779042091,0.002994557779042091,1194,1194,1.0,1194,0.002994557779042091,0.002994557779042091,0.003854000009596348,0.003854000009596348,0.06828099489212036,0.06828099489212036,1084,35.25199890136719,0,0,False,False,0.06828099489212036,0.003854000009596348
Default World Trail.TrailECSComponentSystem,0.0012265318123179322,0.0012265318123179322,1194,1194,1.0,1194,0.0012265318123179322,0.0012265318123179322,0.0016670000040903687,0.0016670000040903687,0.05031299963593483,0.05031299963593483,774,32.82899856567383,0,0,False,False,0.05031299963593483,0.0016670000040903687
Default World Particle.CPUParticleECSActivateSystem,0.0011639254499006262,0.0011639254499006262,1194,1194,1.0,1194,0.0011639254499006262,0.0011639254499006262,0.0016139999497681856,0.0016139999497681856,0.027760999277234077,0.027760999277234077,537,36.356998443603516,0,0,False,False,0.027760999277234077,0.0016139999497681856
Default World Particle.CPUParticleECSComponentSystem,0.000873124787322744,0.000873124787322744,1194,1194,1.0,1194,0.000873124787322744,0.000873124787322744,0.001145999995060265,0.001145999995060265,0.0020309998653829098,0.0020309998653829098,312,33.547000885009766,0,0,False,False,0.0020309998653829098,0.001145999995060265
Default World Trail.TrailInstancedECSComponentSystem,0.0007004246157219624,0.0007004246157219624,1194,1194,1.0,1194,0.0007004246157219624,0.0007004246157219624,0.0010420000180602074,0.0010420000180602074,0.027292000129818916,0.027292000129818916,28,32.54499816894531,0,0,False,False,0.027292000129818916,0.0010420000180602074
Default World Unity.Rendering.CopySkinnedEntityDataToRenderEntity,0.0007237914443239133,0.0007237914443239133,1194,1194,1.0,1194,0.0007237914443239133,0.0007237914443239133,0.0010420000180602074,0.0010420000180602074,0.026770999655127525,0.026770999655127525,582,33.10900115966797,0,0,False,False,0.026770999655127525,0.0010420000180602074
Default World Unity.Rendering.StructuralChangePresentationSystemGroup,0.024093020932009473,0.024093020932009473,1194,1194,1.0,1194,0.0042771976054922,0.0042771976054922,0.03125,0.03125,0.342864990234375,0.342864990234375,965,32.85599899291992,0,0,False,False,0.09072899843158666,0.006040999869583175
Default World AddShadowComponentSystem,0.011932662511525216,0.011932662511525216,1194,1194,1.0,1194,0.011932662511525216,0.011932662511525216,0.014582999981939793,0.014582999981939793,0.31223902106285095,0.31223902106285095,965,32.85599899291992,0,0,False,False,0.31223902106285095,0.014582999981939793
Default World Unity.Rendering.AddWorldAndChunkRenderBounds,0.007332246236961766,0.007332246236961766,1194,1194,1.0,1194,0.007332246236961766,0.007332246236961766,0.009322999976575375,0.009322999976575375,0.09723899513483047,0.09723899513483047,118,33.231998443603516,0,0,False,False,0.09723899513483047,0.009322999976575375
Default World Unity.Rendering.UpdatePresentationSystemGroup,0.19338999507664836,0.19338999507664836,1194,1194,1.0,1194,0.009024964868472833,0.009024964868472833,0.30901098251342773,0.30901098251342773,0.6785410046577454,0.6785410046577454,141,34.15599822998047,0,0,False,False,0.08562401164090261,0.016509979614056647
Default World Unity.Rendering.RenderBoundsUpdateSystem,0.17959084012350646,0.17959084012350646,1194,1194,1.0,1194,0.17958800595274083,0.17958800595274083,0.2904679775238037,0.2904679775238037,0.667136013507843,0.667136013507843,141,34.15599822998047,0,0,False,False,0.667136013507843,0.2904679775238037
Default World Unity.Rendering.ShadowUnitBoundSystem,0.004015437995397191,0.004015437995397191,1194,1194,1.0,1194,0.004015437995397191,0.004015437995397191,0.0064580002799630165,0.0064580002799630165,0.03802099823951721,0.03802099823951721,429,31.426000595092773,0,0,False,False,0.03802099823951721,0.0064580002799630165
Default World TBU.VirtualGeometry.VGECSEntityRenderSystem,0.22858014187371511,0.22858014187371511,1194,1194,1.0,1194,0.17231355301353893,0.17231355301353893,0.41802099347114563,0.41802099347114563,1.2367180585861206,1.2367180585861206,804,42.32600021362305,0,0,False,False,0.6090109937358648,0.30666599603137
WaitForJobGroupID,0.36109672760503114,0.36109672760503114,1194,1194,1.0,5616,0.0225899190278611,0.0225899190278611,0.8531769933179021,0.8531769933179021,5.363230971386656,4.292707920074463,628,60.51300048828125,3,0,False,False,0.23849700256323558,0.07281198738928651
GatherEntitiesJob (Burst),0.014574609720630773,0.021725448197794185,801,1194,0.6708542713567839,1519,0.014574609720630773,0.021725448197794185,0.04942699859384447,0.05979300044418778,0.11208500577777158,0.11031300574541092,328,32.89500045776367,0,0,False,False,0.11208500577777158,0.05979300044418778
Semaphore.WaitForSignal,0.2626801487494471,0.2626801487494471,1194,1194,1.0,6573,0.2626801487494471,0.2626801487494471,0.7533319815192954,0.7533319815192954,4.3825004409955,4.2508864402771,1051,31.010000228881836,1,0,False,False,4.3825004409955,0.7533319815192954
Default World Unity.Rendering.BeginRenderMeshSystemEntityCommandBufferSystem,0.004276268836559332,0.004276268836559332,1194,1194,1.0,1194,0.003968308192181982,0.003968308192181982,0.007395999971777201,0.007395999971777201,0.05599000304937363,0.05599000304937363,1161,32.96500015258789,0,0,False,False,0.05557300304644741,0.006980000252951868
Default World Unity.Rendering.RenderMeshSystemV2,0.30161851375571247,0.30161851375571247,1194,1194,1.0,1194,0.17839292733862971,0.17839292733862971,0.45750001072883606,0.45750001072883606,1.0747920274734497,1.0747920274734497,517,33.40299987792969,0,0,False,False,0.9657820239663124,0.30546998232603073
UpdateDynamicRenderBatches,0.12322558641708277,0.12322558641708277,1194,1194,1.0,1194,0.12322249093969603,0.12322249093969603,0.17083299160003662,0.17083299160003662,0.4211980104446411,0.4211980104446411,46,33.09700012207031,0,0,False,False,0.4211980104446411,0.17083299160003662
Default World AOE.DOTS.MainCameraPreCullingSystem,0.13964490693567985,0.13964490693567985,1194,1194,1.0,1194,0.13964172268110456,0.13964172268110456,0.31255200505256653,0.31255200505256653,0.6934899687767029,0.6934899687767029,547,36.79600143432617,0,0,False,False,0.6934899687767029,0.31255200505256653
Default World AOE.DOTS.LODGroupSelectSystem,0.08849115258198188,0.08849115258198188,1194,1194,1.0,1194,0.08848988792538827,0.08848988792538827,0.23494799435138702,0.23494799435138702,0.5786979794502258,0.5786979794502258,504,32.99399948120117,0,0,False,False,0.5786979794502258,0.23494799435138702
PostLateUpdate.PlayerSendFrameStarted,0.017636557776555793,0.017636557776555793,1194,1194,1.0,1194,0.0020216306903745847,0.0020216306903745847,0.025937000289559364,0.025937000289559364,0.33760401606559753,0.33760401606559753,97,32.95500183105469,0,0,True,False,0.06432399363256991,0.0026550006587058306
FrameEvents.XRBeginFrame,0.005078953073455186,0.005078953073455186,1194,1194,1.0,1194,0.005078953073455186,0.005078953073455186,0.006561999674886465,0.006561999674886465,0.07822899520397186,0.07822899520397186,372,31.30299949645996,0,0,False,False,0.07822899520397186,0.006561999674886465
FrameEvents.NewInputBeforeRenderUpdate,0.0066154564432862216,0.0066154564432862216,1194,1194,1.0,1194,0.003812091306549648,0.003812091306549648,0.008073000237345695,0.008073000237345695,0.18114499747753143,0.18114499747753143,288,32.57099914550781,0,0,False,False,0.17791499756276608,0.0047410000988747925
FrameEvents.OnBeforeRenderCallback,0.003920517569439801,0.003920517569439801,1194,1194,1.0,1194,0.0011098006666307237,0.0011098006666307237,0.004480000119656324,0.004480000119656324,0.3157289922237396,0.3157289922237396,97,32.95500183105469,0,0,False,False,0.15145899960771203,0.0013540000654757023
UnityEngine.CoreModule.dll!UnityEngine::Application.InvokeOnBeforeRender(),0.002810716902809077,0.002810716902809077,1194,1194,1.0,1194,0.002810716902809077,0.002810716902809077,0.0032290001399815083,0.0032290001399815083,0.31380200386047363,0.31380200386047363,97,32.95500183105469,0,0,False,False,0.31380200386047363,0.0032290001399815083
PostLateUpdate.DirectorLateUpdate,0.0019032462099602156,0.0019032462099602156,1194,1194,1.0,1194,0.0008959514060592683,0.0008959514060592683,0.002552000107243657,0.002552000107243657,0.06786499917507172,0.06786499917507172,325,33.67300033569336,0,0,True,False,0.03750000140280463,0.0014060000539757311
PostLateUpdate.ScriptRunDelayedDynamicFrameRate,0.001699599638997407,0.001699599638997407,1194,1194,1.0,1194,0.0006826272828536033,0.0006826272828536033,0.0024480000138282776,0.0024480000138282776,0.05999999865889549,0.05999999865889549,549,30.73699951171875,0,0,True,False,0.053333996795117855,0.0010419999016448855
PostLateUpdate.PhysicsSkinnedClothBeginUpdate,0.002115474012816852,0.002115474012816852,1194,1194,1.0,1194,0.0019702420210143744,0.0019702420210143744,0.0028119999915361404,0.0028119999915361404,0.051405999809503555,0.051405999809503555,103,33.84299850463867,0,0,True,False,0.05135399981008959,0.0026570001391519327
Physics.UpdateCloth,0.00023904438653158983,0.00023904438653158983,1194,1194,1.0,2388,0.00023904438653158983,0.00023904438653158983,0.0003639999995357357,0.0003639999995357357,0.03354099846910685,0.03328099846839905,1004,32.89899826049805,0,0,False,False,0.03354099846910685,0.0003639999995357357
PostLateUpdate.UpdateRectTransform,0.24124128436061307,0.24124128436061307,1194,1194,1.0,1194,0.012728671629880391,0.012728671629880391,0.509427011013031,0.509427011013031,1.1780730485916138,1.1780730485916138,31,33.141998291015625,0,0,True,False,0.051562003791332245,0.022863969206809998
TransformChangedDispatch,0.40674271924909716,0.40674271924909716,1194,1194,1.0,10436,0.38043074362111634,0.38043074362111634,0.8229690242078505,0.8229690242078505,1.8927069850833504,0.8847399950027466,517,33.40299987792969,0,0,False,False,1.6588529906439362,0.7623430070852919
PostLateUpdate.UpdateCanvasRectTransform,0.05158924873313013,0.05158924873313013,1194,1194,1.0,1194,0.05158924873313013,0.05158924873313013,0.12812499701976776,0.12812499701976776,0.3126560151576996,0.3126560151576996,245,33.32899856567383,0,0,True,False,0.3126560151576996,0.12812499701976776
PostLateUpdate.PlayerUpdateCanvases,0.6953173506649295,0.6953173506649295,1194,1194,1.0,1194,0.0009763335156932292,0.0009763335156932292,1.1421350240707397,1.1421350240707397,8.69083309173584,8.69083309173584,628,60.51300048828125,3,0,True,True,0.057395978015847504,0.0013540799263864756
UIEvents.AlignCanvasRectTransformWithCamera,0.0010925033440290042,0.0010925033440290042,1194,1194,1.0,1194,0.0010925033440290042,0.0010925033440290042,0.0015629999106749892,0.0015629999106749892,0.04182300344109535,0.04182300344109535,646,33.84700012207031,0,0,False,False,0.04182300344109535,0.0015629999106749892
UIEvents.WillRenderCanvases,0.6932485138052072,0.6932485138052072,1194,1194,1.0,1194,0.00023286758455599174,0.00023286758455599174,1.1404169797897339,1.1404169797897339,8.688958168029785,8.688958168029785,628,60.51300048828125,3,0,False,True,0.0283849835395813,0.00041604042053222656
UGUI.Rendering.UpdateBatches,0.6930156462206513,0.6930156462206513,1194,1194,1.0,1194,0.05888108478465617,0.05888108478465617,1.140260934829712,1.140260934829712,8.688332557678223,8.688332557678223,628,60.51300048828125,3,0,False,False,0.2000489718739118,0.10045896848896518
UnityEngine.UIModule.dll!UnityEngine::Canvas.SendWillRenderCanvases(),0.36280987257609015,0.36280987257609015,1194,1194,1.0,1194,0.005798803394351472,0.005798803394351472,0.7283340096473694,0.7283340096473694,7.352916240692139,7.352916240692139,628,60.51300048828125,3,0,False,False,0.1271360144019127,0.00796801969408989
Layout,0.05451288844429119,0.05451288844429119,1194,1194,1.0,1194,0.023783890826279803,0.023783890826279803,0.21958400309085846,0.21958400309085846,0.7933859825134277,0.7933859825134277,628,60.51300048828125,0,0,False,False,0.24859300928073935,0.0357290142273996
CanvasUpdate.Prelayout,0.0007081440569501128,0.0007081440569501128,1194,1194,1.0,1194,0.0007081440569501128,0.0007081440569501128,0.001145999995060265,0.001145999995060265,0.05604099854826927,0.05604099854826927,737,33.65299987792969,0,0,False,False,0.05604099854826927,0.001145999995060265
CanvasUpdate.Layout,0.029557788232671082,0.029557788232671082,1194,1194,1.0,1194,0.0005858050473055101,0.0005858050473055101,0.18171800673007965,0.18171800673007965,0.7428649663925171,0.7428649663925171,628,60.51300048828125,0,0,False,True,0.07177100330591202,0.0020319968461990356
Rebuild.UseNativeCollect,0.02897198318536557,0.16394572475510186,211,1194,0.17671691792294808,255,0.0025422109741262446,0.014385781531311545,0.17973899841308594,0.2603130079805851,0.739062974229455,0.6524999737739563,628,60.51300048828125,0,0,False,False,0.0659379888093099,0.019270975186373107
CollectLayoutElementComponents,0.008108023452686405,0.04588142181283207,211,1194,0.17671691792294808,255,0.008108023452686405,0.04588142181283207,0.04692699760198593,0.07119799964129925,0.22166599333286285,0.22166599333286285,9,32.7760009765625,0,0,False,False,0.22166599333286285,0.07119799964129925
NativeCollectLayoutControlComponents,0.001506787271124203,0.008526559249868714,211,1194,0.17671691792294808,255,0.001506787271124203,0.008526559249868712,0.007344000041484833,0.012291999533772469,0.08776000142097473,0.08776000142097473,1194,33.11199951171875,0,0,False,False,0.08776000142097473,0.012291999533772469
CalculateLayoutInputHorizontal,0.01145327555535262,0.06481142660232715,211,1194,0.17671691792294808,255,0.010737329997809226,0.060760056954427565,0.06411499716341496,0.11765699833631516,0.5586450068221893,0.5338540077209473,628,60.51300048828125,0,0,False,False,0.22937500476837158,0.11057399859419093
NativeUI.FontAll,0.0009019070249988809,0.009446289367093541,114,1194,0.09547738693467336,394,0.0009019070249988809,0.009446289367093541,0.00859200005652383,0.013020999787840992,0.059634997975081205,0.05213499814271927,215,33.40800094604492,0,0,False,False,0.059634997975081205,0.013020999787840992
SetLayoutHorizontal,0.0036358768941969705,0.020574582993702288,211,1194,0.17671691792294808,255,0.0036059514339291765,0.020405241763561312,0.019426999613642693,0.03239599987864494,0.10958199948072433,0.09854099899530411,1011,33.084999084472656,0,0,False,False,0.10958199948072433,0.03239599987864494
CalculateLayoutInputVertical,0.00045252260584809306,0.0025607203383062704,211,1194,0.17671691792294808,255,0.00045252260584809306,0.0025607203383062704,0.003228000015951693,0.0046880003064870834,0.008280999958515167,0.005104999989271164,1017,33.79999923706055,0,0,False,False,0.008280999958515167,0.0046880003064870834
SetLayoutVertical,0.0012732864320310342,0.007205232226753815,211,1194,0.17671691792294808,255,0.0012732864320310342,0.007205232226753815,0.006823000032454729,0.012238999828696251,0.06265699863433838,0.06265699863433838,8,33.2239990234375,0,0,False,False,0.06265699863433838,0.012238999828696251
CanvasUpdate.PostLayout,0.00046306532839018893,0.00046306532839018893,1194,1194,1.0,1194,0.00046306532839018893,0.00046306532839018893,0.0006249999860301614,0.0006249999860301614,0.04437499865889549,0.04437499865889549,84,31.711000442504883,0,0,False,False,0.04437499865889549,0.0006249999860301614
Render,0.3024981807374475,0.3024981807374475,1194,1194,1.0,1194,0.00660689583371706,0.00660689583371706,0.5768229961395264,0.5768229961395264,6.506249904632568,6.506249904632568,628,60.51300048828125,2,0,False,False,0.0874480010024854,0.010728006687713787
ClipperRegistry.Cull,0.2552987237833752,0.2552987237833752,1194,1194,1.0,1194,0.04189047659562052,0.04189047659562052,0.414792001247406,0.414792001247406,0.9912499785423279,0.9912499785423279,95,43.25699996948242,0,0,False,False,0.28000299955601804,0.05911501296213828
CanvasRenderer.UpdateChangedTransforms,0.23952453471765556,0.23952453471765556,1194,1194,1.0,84774,0.02378924542344869,0.02378924542344869,0.40557002648711205,0.40557002648711205,0.9666750041360501,0.9059900045394897,95,43.25699996948242,0,0,False,False,0.1865699832123937,0.05088499312842032
CanvasRenderer.UpdateSiblingHierarchyChange,0.00854583079217416,0.00854583079217416,1194,1194,1.0,84774,0.00854583079217416,0.00854583079217416,0.01958599953650264,0.01958599953650264,0.14953199807860074,0.143436998128891,1116,34.45199966430664,0,0,False,False,0.14953199807860074,0.01958599953650264
CanvasRenderer.UpdateTRSHierarchyChange,0.20718945850203271,0.20718945850203271,1194,1194,1.0,84774,0.048348077265671016,0.048348077265671016,0.3592720041087887,0.3592720041087887,0.916723980626557,0.90447998046875,95,43.25699996948242,0,0,False,False,0.24624698713887483,0.08676999091403559
CanvasUpdate.PreRender,0.03609349994935404,0.03609349994935404,1194,1194,1.0,1194,0.02283336508715935,0.02283336508715935,0.28385400772094727,0.28385400772094727,5.98380184173584,5.98380184173584,628,60.51300048828125,1,0,False,False,0.43817599810427055,0.22281502807163633
UI.Outline.ModifyMesh,0.006846814858610157,0.07171137667702217,114,1194,0.09547738693467336,160,0.005992893581598423,0.0627676748809519,0.0555730015039444,0.1310410052537918,0.191041998565197,0.1447400003671646,155,32.814998626708984,0,0,False,False,0.17869799863547087,0.11708299815654755
Outline:ApplyOutlineJob (Burst),0.0006565896121838085,0.00699971425845953,112,1194,0.09380234505862646,153,0.0006565896121838085,0.00699971425845953,0.0062500000931322575,0.011614999733865261,0.014322999864816666,0.008489999920129776,95,43.25699996948242,0,0,False,False,0.014322999864816666,0.011614999733865261
CanvasUpdate.LatePreRender,0.0005786783973415054,0.0005786783973415054,1194,1194,1.0,1194,0.0005786783973415054,0.0005786783973415054,0.0032820000778883696,0.0032820000778883696,0.04500000178813934,0.04500000178813934,240,33.18899917602539,0,0,False,False,0.04500000178813934,0.0032820000778883696
Canvas.UpdateBatchOrder,0.010826549408463036,0.010826549408463036,1194,1194,1.0,56118,0.005859089564377796,0.005859089564377796,0.011820999967312673,0.011820999967312673,0.9675539908312203,0.9623439908027649,984,52.75299835205078,0,0,False,False,0.1700530053312832,0.011820999967312673
Canvas.UpdateDirtyRenderers,0.08665393472573436,0.08665393472573436,1194,1194,1.0,56118,0.03901315352588695,0.03901315352588695,0.1389559999697667,0.1389559999697667,0.2859870050524478,0.24479100108146667,984,52.75299835205078,0,0,False,False,0.2402580007110373,0.07046999958402012
CanvasRenderer.SyncTransform,0.03750622160002957,0.03750622160002957,1194,1194,1.0,33692,0.013905306334630557,0.013905306334630557,0.06494700140319765,0.06494700140319765,0.2162999985157512,0.18385399878025055,593,33.20399856567383,0,0,False,False,0.19463499877019785,0.027292999031487852
CanvasRenderer.SyncTransformMatrix,0.02360091526539901,0.02360091526539901,1194,1194,1.0,33692,0.02360091526539901,0.02360091526539901,0.0368749997287523,0.0368749997287523,0.17885199939337326,0.15796799957752228,734,33.07600021362305,0,0,False,False,0.17885199939337326,0.0368749997287523
CanvasRenderer.SyncWorldRect,0.006872043702271941,0.006872043702271941,1194,1194,1.0,33849,0.006872043702271941,0.006872043702271941,0.011618000062298961,0.011618000062298961,0.06302400058484636,0.058334000408649445,67,33.26300048828125,0,0,False,False,0.06302400058484636,0.011618000062298961
CanvasRenderer.SyncClipRect,0.0031717361651186315,0.0031717361651186315,1194,1194,1.0,33692,0.0031717361651186315,0.0031717361651186315,0.004271000045264373,0.004271000045264373,0.08697799581932486,0.08494799584150314,946,34.22600173950195,0,0,False,False,0.08697799581932486,0.004271000045264373
Canvas.SyncNestedCanvasBatchOrder,0.011424889381114203,0.011424889381114203,1194,1194,1.0,56118,0.011424889381114203,0.011424889381114203,0.019221000136894872,0.019221000136894872,0.08635899657383561,0.07770899683237076,46,33.09700012207031,0,0,False,False,0.08635899657383561,0.019221000136894872
Canvas.BuildBatch,0.13630302781469253,0.13630302781469253,1194,1194,1.0,2656,0.13617408643950515,0.13617408643950515,0.2567699924111366,0.2567699924111366,0.6051570028066635,0.33317700028419495,991,33.22700119018555,0,0,False,False,0.6038030028576031,0.2567699924111366
JobAlloc.Grow,0.00119179228844148,0.0012842960220208728,1108,1194,0.9279731993299832,1655,0.00119179228844148,0.0012842960220208728,0.0028119999915361404,0.0028649999294430017,0.01833400031318888,0.017656000331044197,673,35.992000579833984,0,0,False,False,0.01833400031318888,0.0028649999294430017
PostLateUpdate.UpdateAudio,0.011255980722397141,0.011255980722397141,1194,1194,1.0,1194,0.0024068266191068174,0.0024068266191068174,0.015937000513076782,0.015937000513076782,0.0637499988079071,0.0637499988079071,819,33.33399963378906,0,0,True,False,0.05395799840334803,0.0030739997164346278
AudioManager.Update,0.00801312730809864,0.00801312730809864,1194,1194,1.0,1194,0.00801312730809864,0.00801312730809864,0.011092999950051308,0.011092999950051308,0.05578099936246872,0.05578099936246872,1101,32.6349983215332,0,0,False,False,0.05578099936246872,0.011092999950051308
SoundManager.Update,0.0008360267951916841,0.0008360267951916841,1194,1194,1.0,1194,0.00048645392489622284,0.00048645392489622284,0.001145999995060265,0.001145999995060265,0.035886000841856,0.035886000841856,145,34.922000885009766,0,0,False,False,0.03557400082354434,0.0006769999745301902
SoundManager.UpdateChannels,0.0003495728702954613,0.0003495728702954613,1194,1194,1.0,1194,0.0003495728702954613,0.0003495728702954613,0.0005210000090301037,0.0005210000090301037,0.001197999925352633,0.001197999925352633,315,33.19900131225586,0,0,False,False,0.001197999925352633,0.0005210000090301037
PostLateUpdate.VFXUpdate,0.00048486934918422274,0.00048486934918422274,1194,1194,1.0,1194,0.00048486934918422274,0.00048486934918422274,0.0008340000058524311,0.0008340000058524311,0.001978999935090542,0.001978999935090542,992,33.46799850463867,0,0,True,False,0.001978999935090542,0.0008340000058524311
PostLateUpdate.ParticleSystemEndUpdateAll,0.19001998163297948,0.19001998163297948,1194,1194,1.0,1194,0.00023572295404958166,0.00023572295404958166,0.2574999928474426,0.2574999928474426,0.44926998019218445,0.44926998019218445,423,44.21900177001953,0,0,True,True,0.006145000457763672,0.0004689842462539673
ParticleSystem.EndUpdateAll,0.1897842586789299,0.1897842586789299,1194,1194,1.0,1194,0.05391253581810922,0.05391253581810922,0.2572909891605377,0.2572909891605377,0.4490100145339966,0.4490100145339966,423,44.21900177001953,0,0,False,False,0.1607799894118216,0.09578102204250172
ParticleSystem.Update2,0.13584668349765316,0.13584668349765316,1194,1194,1.0,204571,0.13584489539047281,0.13584489539047281,0.1916629980551079,0.1916629980551079,0.3665679999976419,0.21640700101852417,423,44.21900177001953,0,0,False,False,0.3665679999976419,0.1916629980551079
PostLateUpdate.EndGraphicsJobsAfterScriptLateUpdate,0.0009544639800714408,0.0009544639800714408,1194,1194,1.0,1194,0.0005626633098123799,0.0005626633098123799,0.0013539999490603805,0.0013539999490603805,0.04630199819803238,0.04630199819803238,833,33.78200149536133,0,0,True,False,0.04401000129291788,0.0008329999400302768
PostLateUpdate.UpdateCustomRenderTextures,0.007112451443695144,0.007112451443695144,1194,1194,1.0,1194,0.0014972395350972513,0.0014972395350972513,0.008489999920129776,0.008489999920129776,0.061094000935554504,0.061094000935554504,861,32.69900131225586,0,0,True,False,0.052187999710440636,0.001978999935090542
CustomRenderTextures.Update,0.005615211908597892,0.005615211908597892,1194,1194,1.0,1194,0.005615211908597892,0.005615211908597892,0.006718999706208706,0.006718999706208706,0.05994800105690956,0.05994800105690956,861,32.69900131225586,0,0,False,False,0.05994800105690956,0.006718999706208706
PostLateUpdate.UpdateAllRenderers,0.45210138727073096,0.45210138727073096,1194,1194,1.0,1194,0.006835327947897176,0.006835327947897176,0.8976560235023499,0.8976560235023499,1.907655954360962,1.907655954360962,516,34.42499923706055,0,0,True,False,0.07604200596688315,0.010988998619723134
Particles.Sync,0.0728528458918359,0.0728528458918359,1194,1194,1.0,1194,0.0728528458918359,0.0728528458918359,0.13025999069213867,0.13025999069213867,0.6440629959106445,0.6440629959106445,111,32.005001068115234,0,0,False,False,0.6440629959106445,0.13025999069213867
Renderers.OncePerFrameUpdate,0.001546587088678447,0.001546587088678447,1194,1194,1.0,1194,0.0012689874213688038,0.0012689874213688038,0.0031250000465661287,0.0031250000465661287,0.049011003226041794,0.049011003226041794,530,33.481998443603516,0,0,False,False,0.04885500321688596,0.00286400003824383
SkinnedMeshOncePerFrameUpdate,0.0002775996673096432,0.0002775996673096432,1194,1194,1.0,1194,0.0002775996673096432,0.0002775996673096432,0.0005210000090301037,0.0005210000090301037,0.03328099846839905,0.03328099846839905,754,33.61600112915039,0,0,False,False,0.03328099846839905,0.0005210000090301037
MeshRendererPrepareDispatchUpdate,0.0025535661639707902,0.0025535661639707902,1194,1194,1.0,5970,0.0025535661639707902,0.0025535661639707902,0.003907000093022361,0.003907000093022361,0.1620819931558799,0.15807299315929413,208,33.31999969482422,0,0,False,False,0.1620819931558799,0.003907000093022361
SkinnedMeshPrepareDispatchUpdate,0.002326189292349894,0.002326189292349894,1194,1194,1.0,5970,0.002326189292349894,0.002326189292349894,0.0034889999660663307,0.0034889999660663307,0.04484400035289582,0.04364600032567978,445,32.29600143432617,0,0,False,False,0.04484400035289582,0.0034889999660663307
MeshRendererFinalizeUpdate,0.0016461725372910695,0.0016461725372910695,1194,1194,1.0,5991,0.0016461725372910695,0.0016461725372910695,0.0026049999287351966,0.0026049999287351966,0.06849000458896626,0.0671360045671463,794,32.77399826049805,0,0,False,False,0.06849000458896626,0.0026049999287351966
SkinnedMeshFinalizeUpdate,0.0014342068793872505,0.0014342068793872505,1194,1194,1.0,5970,0.0014342068793872505,0.0014342068793872505,0.001980000000912696,0.001980000000912696,0.0524999995395774,0.05145899951457977,1167,34.03099822998047,0,0,False,False,0.0524999995395774,0.001980000000912696
Update Lights,0.0003094388633584537,0.0003094388633584537,1194,1194,1.0,1194,0.0003094388633584537,0.0003094388633584537,0.0007289999630302191,0.0007289999630302191,0.0028119999915361404,0.0028119999915361404,235,42.39799880981445,0,0,False,False,0.0028119999915361404,0.0007289999630302191
LightProbeProxyVolumeManager.Update,0.0003178149094816139,0.0003178149094816139,1194,1194,1.0,1194,0.0003178149094816139,0.0003178149094816139,0.0005729999975301325,0.0005729999975301325,0.04697899892926216,0.04697899892926216,95,43.25699996948242,0,0,False,False,0.04697899892926216,0.0005729999975301325
PostLateUpdate.EnlightenRuntimeUpdate,0.0018543249293611894,0.0018543249293611894,1194,1194,1.0,1194,0.0018543249293611894,0.0018543249293611894,0.003072999883443117,0.003072999883443117,0.023907000198960304,0.023907000198960304,969,34.24800109863281,0,0,True,False,0.023907000198960304,0.003072999883443117
PostLateUpdate.UpdateAllSkinnedMeshes,0.001691073681663884,0.001691073681663884,1194,1194,1.0,1194,0.001691073681663884,0.001691073681663884,0.0029159998521208763,0.0029159998521208763,0.06823000311851501,0.06823000311851501,1181,32.981998443603516,0,0,True,False,0.06823000311851501,0.0029159998521208763
PostLateUpdate.ProcessWebSendMessages,0.0014342696636925347,0.0014342696636925347,1194,1194,1.0,1194,0.0014342696636925347,0.0014342696636925347,0.0020309998653829098,0.0020309998653829098,0.09078099578619003,0.09078099578619003,208,33.31999969482422,0,0,True,False,0.09078099578619003,0.0020309998653829098
PostLateUpdate.SortingGroupsUpdate,0.0008549656559263903,0.0008549656559263903,1194,1194,1.0,1194,0.0003913383454827738,0.0003913383454827738,0.0013020000187680125,0.0013020000187680125,0.08869799971580505,0.08869799971580505,548,40.38199996948242,0,0,True,False,0.030416998954024166,0.000623999978415668
SortingGroupManager.Update,0.00046362731044361654,0.00046362731044361654,1194,1194,1.0,1194,0.00046362731044361654,0.00046362731044361654,0.0007289999630302191,0.0007289999630302191,0.08755200356245041,0.08755200356245041,548,40.38199996948242,0,0,False,False,0.08755200356245041,0.0007289999630302191
PostLateUpdate.UpdateVideoTextures,0.0010141859234723504,0.0010141859234723504,1194,1194,1.0,1194,0.0010141859234723504,0.0010141859234723504,0.0016670000040903687,0.0016670000040903687,0.029843000695109367,0.029843000695109367,736,32.78900146484375,0,0,True,False,0.029843000695109367,0.0016670000040903687
PostLateUpdate.UpdateVideo,0.0022676616159877684,0.0022676616159877684,1194,1194,1.0,1194,0.0022676616159877684,0.0022676616159877684,0.003333000000566244,0.003333000000566244,0.06203099712729454,0.06203099712729454,405,33.00400161743164,0,0,True,False,0.06203099712729454,0.003333000000566244
PostLateUpdate.DirectorRenderImage,0.0017656800582105218,0.0017656800582105218,1194,1194,1.0,1194,0.0009552294718171529,0.0009552294718171529,0.002812999999150634,0.002812999999150634,0.14322900772094727,0.14322900772094727,674,30.64299964904785,0,0,True,False,0.049425999699451495,0.0017200000147568062
PostLateUpdate.PlayerEmitCanvasGeometry,0.11138236509258523,0.11138236509258523,1194,1194,1.0,1194,0.0010883860935794792,0.0010883860935794792,0.204011008143425,0.204011008143425,0.49687498807907104,0.49687498807907104,502,32.54800033569336,0,0,True,True,0.037291006883606315,0.0016660054679960012
UIEvents.CanvasManagerEmitOffScreenGeometry,0.0018502227559633448,0.0018502227559633448,1194,1194,1.0,1194,0.0004892864157200028,0.0004892864157200028,0.0031250000465661287,0.0031250000465661287,0.06776100397109985,0.06776100397109985,765,32.904998779296875,0,0,False,False,0.031302000395953655,0.0007289999630302191
UGUI.Rendering.EmitWorldScreenspaceCameraGeometry,0.10957763992416496,0.10957763992416496,1194,1194,1.0,2388,0.1047986340596692,0.1047986340596692,0.20224000234156847,0.20224000234156847,0.4948960109613836,0.493802011013031,502,32.54800033569336,0,0,False,False,0.48640601086299284,0.1924999959555862
UIEvents.CanvasmanagerEmitOnScreenGeometry,0.10844375624304241,0.10844375624304241,1194,1194,1.0,1194,0.00022705265912079133,0.00022705265912079133,0.20031200349330902,0.20031200349330902,0.49427101016044617,0.49427101016044617,502,32.54800033569336,0,0,False,True,0.030937008559703827,0.0003659948706626892
PostLateUpdate.PhysicsSkinnedClothFinishUpdate,0.0011102780465241772,0.0011102780465241772,1194,1194,1.0,1194,0.0010164656517950648,0.0010164656517950648,0.0014589999336749315,0.0014589999336749315,0.04328099638223648,0.04328099638223648,361,33.979000091552734,0,0,True,False,0.04317699638340855,0.0013549999566748738
PostLateUpdate.FinishFrameRendering,6.703189994422235,6.703189994422235,1194,1194,1.0,1194,0.19824201087924284,0.19824201087924284,8.5689058303833,8.5689058303833,16.62921905517578,16.62921905517578,428,37.066001892089844,1194,0,True,False,0.5704666181300126,0.25609566232014913
UnityEngine.CoreModule.dll!UnityEngine.Experimental.Rendering::ScriptableRuntimeReflectionSystemWrapper.Internal_ScriptableRuntimeReflectionSystemWrapper_TickRealtimeProbes(),0.00546066749195913,0.00546066749195913,1194,1194,1.0,1194,0.0031265678379327447,0.0031265678379327447,0.00661400007084012,0.00661400007084012,0.13161501288414001,0.13161501288414001,805,32.42499923706055,0,0,False,False,0.035990001750178635,0.004011000040918589
ReflectionProbes.Update,0.0023340996540263856,0.0023340996540263856,1194,1194,1.0,1194,0.0023340996540263856,0.0023340996540263856,0.0027600000612437725,0.0027600000612437725,0.1265619993209839,0.1265619993209839,805,32.42499923706055,0,0,False,False,0.1265619993209839,0.0027600000612437725
Camera.Render,0.0009312847643461093,0.0009312847643461093,1194,1194,1.0,2388,0.0009312847643461093,0.0009312847643461093,0.0013019999605603516,0.0013019999605603516,0.043800999876111746,0.04291599988937378,485,33.125,0,0,False,False,0.043800999876111746,0.0013019999605603516
UnityEngine.CoreModule.dll!UnityEngine.Rendering::RenderPipelineManager.DoRenderLoop_Internal(),6.271583620627322,6.271583620627322,1194,1194,1.0,1194,0.08801359502597474,0.08801359502597474,8.016563415527344,8.016563415527344,12.003698348999023,12.003698348999023,937,39.52399826049805,1194,0,False,False,0.30520690605044365,0.12781236181035638
CullScriptable,0.4192882215501226,0.4192882215501226,1194,1194,1.0,2388,0.018619767861970983,0.018619767861970983,0.6940109878778458,0.6940109878778458,1.1957290172576904,0.8377079963684082,964,33.84400177001953,0,0,False,False,0.19624998822473572,0.024114007275784388
ScheduleCullingGroups,0.0007429673470588375,0.0007429673470588375,1194,1194,1.0,2388,0.0007429673470588375,0.0007429673470588375,0.0010940000065602362,0.0010940000065602362,0.04364700088626705,0.043230000883340836,604,32.96699905395508,0,0,False,False,0.04364700088626705,0.0010940000065602362
CullingGroupSendEvents,0.00019427135530700307,0.00019427135530700307,1194,1194,1.0,2388,0.00019427135530700307,0.00019427135530700307,0.00020899999799439684,0.00020899999799439684,0.040728999836574076,0.04067699983716011,928,32.70600128173828,0,0,False,False,0.040728999836574076,0.00020899999799439684
ReflectionProbeAnchorManagerUpdate,0.0010303065386967198,0.0010303065386967198,1194,1194,1.0,2388,0.0007707646634133585,0.0007707646634133585,0.0013019999605603516,0.0013019999605603516,0.08588600246002898,0.0854170024394989,420,33.52000045776367,0,0,False,False,0.044997997843893245,0.0011449999728938565
ReflectionProbeAnchorPositionUpdate,0.0002595418752833614,0.0002595418752833614,1194,1194,1.0,2388,0.0002595418752833614,0.0002595418752833614,0.00020899999799439684,0.00020899999799439684,0.08458300174606848,0.08453100174665451,420,33.52000045776367,0,0,False,False,0.08458300174606848,0.00020899999799439684
PrepareSceneCullingParameters,0.013528679233899268,0.013528679233899268,1194,1194,1.0,2388,0.010282749611628002,0.010282749611628002,0.016094000078737736,0.016094000078737736,0.16624999092891812,0.16057299077510834,399,32.85900115966797,0,0,False,False,0.16067599496091134,0.012133000520407222
LOD.ComputeLOD,0.0028846791989857977,0.0028846791989857977,1194,1194,1.0,4776,0.0028846791989857977,0.0028846791989857977,0.003384999930858612,0.003384999930858612,0.15500000736210495,0.15380200743675232,399,32.85900115966797,0,0,False,False,0.15500000736210495,0.003384999930858612
SceneCulling,0.37530865139909825,0.37530865139909825,1194,1194,1.0,2388,0.21384474371054477,0.21384474371054477,0.643750011920929,0.643750011920929,1.1605200171470642,0.8127610087394714,964,33.84400177001953,0,0,False,False,0.709948010277003,0.35755202919244766
PrepareSceneNodes,0.16146390768855348,0.16146390768855348,1194,1194,1.0,2388,0.16145478876073507,0.16145478876073507,0.3198450021445751,0.3198450021445751,0.7110939621925354,0.5532819628715515,264,33.09000015258789,0,0,False,False,0.7110939621925354,0.3198450021445751
CompleteAllJobs,0.01343102821351635,0.01343102821351635,1194,1194,1.0,1831,0.009531713374245911,0.009531713374245911,0.018177000805735588,0.018177000805735588,4.33020767790731,4.32265567779541,1051,31.010000228881836,1,0,False,False,0.11224000155925751,0.017656000331044197
ECS.OnBeginFrameRendering,0.442211187340107,0.442211187340107,1194,1194,1.0,1194,0.011791049624506873,0.011791049624506873,0.5501559972763062,0.5501559972763062,1.100051999092102,1.100051999092102,937,39.52399826049805,0,0,False,False,0.3976059886626899,0.019218978588469326
CalcInstanceDataStartIndexJob (Burst),0.007733852606831459,0.007733852606831459,1194,1194,1.0,1194,0.007733852606831459,0.007733852606831459,0.014739000238478184,0.014739000238478184,0.09421899914741516,0.09421899914741516,388,34.724998474121094,0,0,False,False,0.09421899914741516,0.014739000238478184
CalcInstanceDataStartIndexJob (Cleanup),0.0007746155749786282,0.0007746155749786282,1194,1194,1.0,1194,0.0007746155749786282,0.0007746155749786282,0.001769999973475933,0.001769999973475933,0.03166700154542923,0.03166700154542923,1176,33.54899978637695,0,0,False,False,0.03166700154542923,0.001769999973475933
ECS.ResizeMatrices,0.0032776591237954223,0.0032776591237954223,1194,1194,1.0,1194,0.0032776591237954223,0.0032776591237954223,0.005104000214487314,0.005104000214487314,0.08312500268220901,0.08312500268220901,163,30.95400047302246,0,0,False,False,0.08312500268220901,0.005104000214487314
ECS.FindCB,0.41521043002206076,0.41521043002206076,1194,1194,1.0,1194,0.41521043002206076,0.41521043002206076,0.5148959755897522,0.5148959755897522,1.0518749952316284,1.0518749952316284,937,39.52399826049805,0,0,False,False,1.0518749952316284,0.5148959755897522
ECS.ResizeInstanceData,0.0034232311417002363,0.0034232311417002363,1194,1194,1.0,1194,0.0034232311417002363,0.0034232311417002363,0.0041669998317956924,0.0041669998317956924,0.048280999064445496,0.048280999064445496,1130,33.29499816894531,0,0,False,False,0.048280999064445496,0.0041669998317956924
PlanarShadow.Prepare,0.09541624127083786,0.09541624127083786,1194,1194,1.0,1194,0.09267508553909481,0.09267508553909481,0.13031300902366638,0.13031300902366638,0.5308849811553955,0.5308849811553955,937,39.52399826049805,0,0,False,False,0.3811450095381588,0.12276099403970875
PlanarShadow.MarkRender,0.0022148466762623295,0.0022148466762623295,1194,1194,1.0,1194,0.0022148466762623295,0.0022148466762623295,0.0022909999825060368,0.0022909999825060368,0.3853129744529724,0.3853129744529724,937,39.52399826049805,0,0,False,False,0.3853129744529724,0.0022909999825060368
PSDirty_Check,0.0005263090554807219,0.0005263090554807219,1194,1194,1.0,1194,0.0005263090554807219,0.0005263090554807219,0.0006769999745301902,0.0006769999745301902,0.045886002480983734,0.045886002480983734,846,33.395999908447266,0,0,False,False,0.045886002480983734,0.0006769999745301902
URP.Render,5.454691485543946,5.454691485543946,1194,1194,1.0,1194,0.030051046037044955,0.030051046037044955,6.969271183013916,6.969271183013916,9.78708267211914,9.78708267211914,937,39.52399826049805,1194,0,False,False,0.14432328939437866,0.03921803832054138
URP.RenderCameraStack,5.189899024552037,5.189899024552037,1194,1194,1.0,2388,0.055133919239783634,0.055133919239783634,6.605469107627869,6.605469107627869,9.307655572891235,8.858436584472656,937,39.52399826049805,1194,0,False,False,0.3264060905203223,0.09000129625201225
URP.InitializeCameraData,0.04239569016899196,0.04239569016899196,1194,1194,1.0,2388,0.04239569016899196,0.04239569016899196,0.06958400085568428,0.06958400085568428,0.703020017594099,0.6745830178260803,420,33.52000045776367,0,0,False,False,0.703020017594099,0.06958400085568428
URP.RenderSingleCamera,4.999455470423303,4.999455470423303,1194,1194,1.0,2388,0.2194471421640427,0.2194471421640427,6.32000108063221,6.32000108063221,8.99099001288414,8.778594017028809,937,39.52399826049805,1194,0,False,False,0.7235419602948241,0.3167722254584078
URP.CustomCull,0.1519059323763453,0.1519059323763453,1194,1194,1.0,2388,0.0140914825653935,0.0140914825653935,0.24859298905357718,0.24859298905357718,0.5387499798089266,0.5310419797897339,522,36.15800094604492,0,0,False,False,0.17427000403404236,0.02229200303554535
ECS.Cull,0.1378144498109518,0.1378144498109518,1194,1194,1.0,1194,0.13781405701361468,0.13781405701361468,0.23177099227905273,0.23177099227905273,0.4645310044288635,0.4645310044288635,156,33.28200149536133,0,0,False,False,0.4645310044288635,0.23177099227905273
AnimatorInstanceMgr.CullCallback,0.0030423224362224133,0.0030423224362224133,1194,1194,1.0,1194,0.0030423224362224133,0.0030423224362224133,0.005572999827563763,0.005572999827563763,0.02234400063753128,0.02234400063753128,862,34.012001037597656,0,0,False,False,0.02234400063753128,0.005572999827563763
CullSendEvents,0.025867337591468764,0.025867337591468764,1194,1194,1.0,2388,0.0059587656714253385,0.0059587656714253385,0.05432299990206957,0.05432299990206957,0.894582012668252,0.8834890127182007,1116,34.45199966430664,0,0,False,False,0.0761460002977401,0.011458000866696239
afterCullingOutputReady.Invoke,0.007304644025121215,0.007304644025121215,1194,1194,1.0,2388,0.007080597124291165,0.007080597124291165,0.01317800022661686,0.01317800022661686,0.17645800486207008,0.1709900051355362,372,31.30299949645996,0,0,False,False,0.17614500486524776,0.012552999338367954
Terrain.Trees.OnWillRender,0.0002240469008300495,0.0002240469008300495,1194,1194,1.0,2388,0.0002240469008300495,0.0002240469008300495,0.00041599999531172216,0.00041599999531172216,0.019322999356518267,0.0192709993571043,535,33.51300048828125,0,0,False,False,0.019322999356518267,0.00041599999531172216
ParticleSystem.ScheduleGeometryJobs,0.02967193555360827,0.02967193555360827,1194,1194,1.0,1278,0.02967193555360827,0.02967193555360827,0.05036500096321106,0.05036500096321106,0.2827080190181732,0.2827080190181732,124,33.492000579833984,0,0,False,False,0.2827080190181732,0.05036500096321106
CullResultsToNativeArrays,0.0019822587788101502,0.0019822587788101502,1194,1194,1.0,2388,0.0019822587788101502,0.0019822587788101502,0.002814000006765127,0.002814000006765127,0.06291600107215345,0.06218700110912323,382,32.67100143432617,0,0,False,False,0.06291600107215345,0.002814000006765127
URP.RendererSetup,0.5187747146360189,0.5187747146360189,1194,1194,1.0,2388,0.0327576225451108,0.0327576225451108,0.6605730094015598,0.6605730094015598,2.4714060313999653,2.447916030883789,510,35.7760009765625,0,0,False,False,0.3034370066598058,0.044739033095538616
URP.RenderGraphSetup,0.48601709209090815,0.48601709209090815,1194,1194,1.0,2388,0.46093806442333524,0.46093806442333524,0.6138030253350735,0.6138030253350735,2.429947942495346,2.419374942779541,510,35.7760009765625,0,0,False,False,2.402446942178358,0.5845810016617179
SetupLightDataOpt,0.010815337538201256,0.010815337538201256,1194,1194,1.0,1194,0.010815337538201256,0.010815337538201256,0.013229000382125378,0.013229000382125378,0.11322899907827377,0.11322899907827377,386,34.441001892089844,0,0,False,False,0.11322899907827377,0.013229000382125378
URP.BeforeRendering,0.48219769188969075,0.48219769188969075,1194,1194,1.0,2388,0.4279864834365805,0.4279864834365805,0.8677600119262934,0.8677600119262934,1.731926994281821,1.7300519943237305,598,31.016000747680664,0,0,False,False,1.2890629892644938,0.7140100230753887
PlanarShadow.SkipStaticECSDraw,0.0005716264726961861,0.0005716264726961861,1194,1194,1.0,1194,0.0005716264726961861,0.0005716264726961861,0.0007289999630302191,0.0007289999630302191,0.03989600017666817,0.03989600017666817,976,33.21900177001953,0,0,False,False,0.03989600017666817,0.0007289999630302191
URP.MainRenderingOpaque,0.037934149043822515,0.037934149043822515,1194,1194,1.0,2388,0.021014322384890056,0.021014322384890056,0.05015600155456923,0.05015600155456923,0.2139580061484594,0.2135930061340332,236,30.54400062561035,0,0,False,False,0.16104100461234339,0.027761000936152413
Inl_DecalParticlePass,0.016919826658932456,0.016919826658932456,1194,1194,1.0,1194,0.016919826658932456,0.016919826658932456,0.020989999175071716,0.020989999175071716,0.1693750023841858,0.1693750023841858,236,30.54400062561035,0,0,False,False,0.1693750023841858,0.020989999175071716
URP.MainRenderingTransparent,2.6072871114674654,2.6072871114674654,1194,1194,1.0,2388,0.4474138117860564,0.4474138117860564,3.2115630667540245,3.2115630667540245,4.990312771114986,4.989999771118164,821,36.94499969482422,119,0,False,False,1.1211951360746752,0.5972360117884818
Inl_TerrainPass,0.5941128779695661,0.5941128779695661,1194,1194,1.0,1194,0.3749037124300315,0.3749037124300315,0.7654680013656616,0.7654680013656616,1.5348960161209106,1.5348960161209106,521,33.823001861572266,0,0,False,False,1.1934420164652693,0.47317398320592474
ECS.Draw.Submit,0.6896324209910638,0.6896324209910638,1194,1194,1.0,17910,0.3838413302152397,0.3838413302152397,0.8772399781737477,0.8772399781737477,1.6098409895785153,1.0887500047683716,804,42.32600021362305,0,0,False,False,1.0267239990353119,0.5026010358851636
LoadMeshByHashCode,0.04326216934732138,0.04326216934732138,1194,1194,1.0,73719,0.04326216934732138,0.04326216934732138,0.09890799797722138,0.09890799797722138,0.26114700356993126,0.1782819926738739,1157,32.60300064086914,0,0,False,False,0.26114700356993126,0.09890799797722138
AoETextureStreamingManager AddInstancedMaterial,0.37198504345836486,0.37198504345836486,1194,1194,1.0,128676,0.37198504345836486,0.37198504345836486,0.4772299976320937,0.4772299976320937,0.9603549941675738,0.5427089929580688,562,37.59299850463867,0,0,False,False,0.9603549941675738,0.4772299976320937
Inl_SkyboxRenderPass,0.008386726962664544,0.008386726962664544,1194,1194,1.0,1194,0.008386726962664544,0.008386726962664544,0.010885000228881836,0.010885000228881836,0.06432300060987473,0.06432300060987473,425,32.834999084472656,0,0,False,False,0.06432300060987473,0.010885000228881836
Inl_TerrainTransparentPass,0.018913917068370197,0.018913917068370197,1194,1194,1.0,1194,0.015394364324144058,0.015394364324144058,0.025364000350236893,0.025364000350236893,0.13479100167751312,0.13479100167751312,728,33.67100143432617,0,0,False,False,0.12890600133687258,0.02031200099736452
Inl_TerrainOpaquePass,0.044222597984388046,0.044222597984388046,1194,1194,1.0,1194,0.012152751269664497,0.012152751269664497,0.06140599772334099,0.06140599772334099,0.18031199276447296,0.18031199276447296,371,34.959999084472656,0,0,False,False,0.07906100153923035,0.016977999359369278
Inl_PreDecalPass,0.013972979087313915,0.013972979087313915,1194,1194,1.0,1194,0.010883267200493428,0.010883267200493428,0.018281999975442886,0.018281999975442886,0.24406300485134125,0.24406300485134125,946,34.22600173950195,0,0,False,False,0.23578200489282608,0.014530999353155494
Inl_TerrainDecalPass,0.06821973777221675,0.06821973777221675,1194,1194,1.0,1194,0.06821973777221675,0.06821973777221675,0.08515699952840805,0.08515699952840805,0.6892709732055664,0.6892709732055664,964,33.84400177001953,0,0,False,False,0.6892709732055664,0.08515699952840805
Inl_DecalParticlePostPass,0.006489972371593979,0.006489972371593979,1194,1194,1.0,1194,0.006489972371593979,0.006489972371593979,0.008697999641299248,0.008697999641299248,0.09302100539207458,0.09302100539207458,205,33.137001037597656,0,0,False,False,0.09302100539207458,0.008697999641299248
Inl_PreOpaquePass,0.017502236214327553,0.017502236214327553,1194,1194,1.0,1194,0.011806917962207892,0.011806917962207892,0.023125000298023224,0.023125000298023224,0.14724001288414001,0.14724001288414001,964,33.84400177001953,0,0,False,False,0.13093801215291023,0.015729000326246023
Inl_MeshLinePass,0.003410153247344259,0.003410153247344259,1194,1194,1.0,1194,0.003410153247344259,0.003410153247344259,0.004791999701410532,0.004791999701410532,0.07906199991703033,0.07906199991703033,532,33.06700134277344,0,0,False,False,0.07906199991703033,0.004791999701410532
Inl_RolePass,0.10717531090157288,0.10717531090157288,1194,1194,1.0,2388,0.012784991855908596,0.012784991855908596,0.17932300129905343,0.17932300129905343,0.7347389841452241,0.7307289838790894,804,42.32600021362305,0,0,False,False,0.11687500774860382,0.0170840029604733
Inl_OpaquePass,0.736300193095483,0.736300193095483,1194,1194,1.0,2388,0.3312625316671127,0.3312625316671127,0.9434909988194704,0.9434909988194704,1.4666659701615572,1.4441139698028564,937,39.52399826049805,0,0,False,False,1.040520954902604,0.42620299109694315
Inl_DecalPass,0.011997710204397763,0.011997710204397763,1194,1194,1.0,1194,0.007930460643768934,0.007930460643768934,0.013437999412417412,0.013437999412417412,0.24406199157238007,0.24406199157238007,821,36.94499969482422,0,0,False,False,0.08625000109896064,0.010677000042051077
Inl_TransparentPass,0.3382296062619043,0.3382296062619043,1194,1194,1.0,1194,0.28119248973179944,0.28119248973179944,0.43724000453948975,0.43724000453948975,1.3373440504074097,1.3373440504074097,404,34.66699981689453,0,0,False,False,1.2680160485506349,0.36921598944536527
Inl_TransparentFXPass,0.026570086284748076,0.026570086284748076,1194,1194,1.0,1194,0.02366433420455063,0.02366433420455063,0.03468799963593483,0.03468799963593483,0.211667001247406,0.211667001247406,985,34.01300048828125,0,0,False,False,0.20703200111165643,0.030833002645522356
Inl_EarlyOITFallbackPass,0.006836799843863926,0.006836799843863926,1194,1194,1.0,1194,0.006836799843863926,0.006836799843863926,0.009321999736130238,0.009321999736130238,0.08119799941778183,0.08119799941778183,602,33.180999755859375,0,0,False,False,0.08119799941778183,0.009321999736130238
Inl_PostTransparentTerrainDecal,0.03323656450676259,0.03323656450676259,1194,1194,1.0,1194,0.03323656450676259,0.03323656450676259,0.04135400056838989,0.04135400056838989,0.2874999940395355,0.2874999940395355,394,33.92499923706055,0,0,False,False,0.2874999940395355,0.04135400056838989
Inl_WaterPass,0.0404925694809275,0.0404925694809275,1194,1194,1.0,1194,0.011853449673733519,0.011853449673733519,0.051823001354932785,0.051823001354932785,0.2947390079498291,0.2947390079498291,821,36.94499969482422,0,0,False,False,0.1423959992825985,0.016613999381661415
Inl_PrePostTransparentPass,0.01674509800383993,0.01674509800383993,1194,1194,1.0,1194,0.01674509800383993,0.01674509800383993,0.021354999393224716,0.021354999393224716,0.1997920125722885,0.1997920125722885,247,33.03799819946289,0,0,False,False,0.1997920125722885,0.021354999393224716
Inl_SeparateTranslucencyPass,0.004689710196989028,0.004689710196989028,1194,1194,1.0,1194,0.004689710196989028,0.004689710196989028,0.006302000023424625,0.006302000023424625,0.05369800329208374,0.05369800329208374,945,34.0880012512207,0,0,False,False,0.05369800329208374,0.006302000023424625
Inl_PostTransparentECSPass,0.026518543507479495,0.026518543507479495,1194,1194,1.0,1194,0.022726996616445564,0.022726996616445564,0.035259999334812164,0.035259999334812164,0.16895799338817596,0.16895799338817596,328,32.89500045776367,0,0,False,False,0.16614499338902533,0.029322000220417976
Inl_PostFXTransparentPass,0.021014783951848547,0.021014783951848547,1194,1194,1.0,1194,0.018590334220984373,0.018590334220984373,0.02786399982869625,0.02786399982869625,0.15000000596046448,0.15000000596046448,45,33.36399841308594,0,0,False,False,0.14213601034134626,0.024634999688714743
Inl_FlashLightPass,0.010354532673018961,0.010354532673018961,1194,1194,1.0,1194,0.008221562844016659,0.008221562844016659,0.013697999529540539,0.013697999529540539,0.39765700697898865,0.39765700697898865,412,35.0359992980957,0,0,False,False,0.39500100701116025,0.010781000601127744
Inl_AfterPostTransparentPass,0.004480592090787812,0.004480592090787812,1194,1194,1.0,1194,0.004480592090787812,0.004480592090787812,0.005677000153809786,0.005677000153809786,0.18369799852371216,0.18369799852371216,412,35.0359992980957,0,0,False,False,0.18369799852371216,0.005677000153809786
URP.AfterRendering,0.9212801835314063,0.9212801835314063,1194,1194,1.0,2388,0.19789429337829134,0.19789429337829134,1.2197919879108667,1.2197919879108667,2.531302047893405,2.5077600479125977,937,39.52399826049805,0,0,False,False,0.7008310598321259,0.27103908313438296
URP.Submit,0.7904368935229329,0.7904368935229329,1194,1194,1.0,7164,0.003253085414453411,0.003253085414453411,1.0762499775737524,1.0762499775737524,1.9276539646089077,1.7445319890975952,1099,34.104000091552734,0,0,False,False,0.10666596900045988,0.003124030863546068
URP.WaitForPresent,0.008010337549927603,0.008010337549927603,1194,1194,1.0,7164,0.0023643526416419636,0.0023643526416419636,0.009270999384170864,0.009270999384170864,0.14505100123642478,0.14427100121974945,371,34.959999084472656,0,0,False,False,0.05906300078640925,0.0028130003411206417
Gfx.WaitForPresentOnGfxThread,0.005550566147911476,0.005550566147911476,1194,1194,1.0,1194,0.0029534338287243497,0.0029534338287243497,0.006406000349670649,0.006406000349670649,0.14213499426841736,0.14213499426841736,371,34.959999084472656,0,0,False,False,0.047083002180443145,0.0038030002469895408
UnityEngine.CoreModule.dll!UnityEngine.Rendering::OnDemandRendering.GetRenderFrameInterval(),0.00882627803160662,0.00882627803160662,1194,1194,1.0,20298,0.00882627803160662,0.00882627803160662,0.010208000101556536,0.010208000101556536,0.1419270026453887,0.13828100264072418,503,35.40800094604492,0,0,False,False,0.1419270026453887,0.010208000101556536
URP.MakeTranscriptRenderContext,0.6406998994742276,0.6406998994742276,1194,1194,1.0,7164,0.005231861178801114,0.005231861178801114,0.8928129975683987,0.8928129975683987,1.7548439730890095,1.542186975479126,1099,34.104000091552734,0,0,False,False,0.1751019523399009,0.0048949781303235795
URP.CopyRenderCommand,0.26030699580410044,0.26030699580410044,1194,1194,1.0,7164,0.019006579731715677,0.019006579731715677,0.4207300041234703,0.4207300041234703,0.9350539761726395,0.7760419845581055,1099,34.104000091552734,0,0,False,False,0.10854200561152538,0.028646013590332586
CullResults.CreateTranscriptRendererScene,0.24129125610589855,0.24129125610589855,1194,1194,1.0,2388,0.008732713390888042,0.008732713390888042,0.3881770111620426,0.3881770111620426,0.905937060713768,0.7568220496177673,1099,34.104000091552734,0,0,False,False,0.11499901814386249,0.011926022823899984
CullResults.PrepareTranscriptRenderNode,0.05334208887737319,0.05334208887737319,1194,1194,1.0,2388,0.05331792304834618,0.05331792304834618,0.06619800021871924,0.06619800021871924,0.2114580082707107,0.2051040083169937,667,34.06700134277344,0,0,False,False,0.2114580082707107,0.06619800021871924
SetupTranscriptRenderNodesJob,0.17267605433844255,0.17267605433844255,1194,1194,1.0,2388,0.17255387092236363,0.17255387092236363,0.309843011200428,0.309843011200428,0.803021028637886,0.6644790172576904,1099,34.104000091552734,0,0,False,False,0.803021028637886,0.309843011200428
CullResults.SetupParticleRenderNodeData,0.006539439700203945,0.006539439700203945,1194,1194,1.0,1300,0.006531892799066371,0.006531892799066371,0.015104000456631184,0.015104000456631184,0.14338600635528564,0.14338600635528564,1157,32.60300064086914,0,0,False,False,0.14338600635528564,0.015104000456631184
URP.CopyCommandBuff,0.3258758624514465,0.3258758624514465,1194,1194,1.0,7164,0.3253383465407827,0.3253383465407827,0.4259910029359162,0.4259910029359162,1.0263009797781706,0.9794269800186157,937,39.52399826049805,0,0,False,False,1.0263009797781706,0.42416700860485435
URP.CreateRenderScene,0.0026140578023966876,0.0026140578023966876,1194,1194,1.0,7164,0.0026140578023966876,0.0026140578023966876,0.0035419999912846833,0.0035419999912846833,0.06052099804219324,0.05817699804902077,288,32.57099914550781,0,0,False,False,0.06052099804219324,0.0035419999912846833
URP.CopyCamera,0.024020036003421532,0.024020036003421532,1194,1194,1.0,7164,0.024019599655005257,0.024019599655005257,0.02963499924953794,0.02963499924953794,0.16031299817041145,0.15812499821186066,126,37.731998443603516,0,0,False,False,0.16031299817041145,0.02963499924953794
URP.CopyCommand,0.022651086234061226,0.022651086234061226,1194,1194,1.0,7164,0.02264951588233753,0.02264951588233753,0.028071998967789114,0.028071998967789114,0.11536500125657767,0.09557300060987473,110,34.172000885009766,0,0,False,False,0.11536500125657767,0.028071998967789114
URP.CleanupRenderContext,0.13847357108432432,0.13847357108432432,1194,1194,1.0,7164,0.1383499940332496,0.1383499940332496,0.18088600202463567,0.18088600202463567,0.7963029858656228,0.770363986492157,126,37.731998443603516,0,0,False,False,0.7963029858656228,0.18088600202463567
Inl_DistortPass,0.015359475716505469,0.015359475716505469,1194,1194,1.0,1194,0.015359475716505469,0.015359475716505469,0.019687999039888382,0.019687999039888382,0.23015600442886353,0.23015600442886353,655,32.678001403808594,0,0,False,False,0.23015600442886353,0.019687999039888382
Inl_MeshUIPass,0.006061082078538635,0.006061082078538635,1194,1194,1.0,1194,0.006061082078538635,0.006061082078538635,0.008593999780714512,0.008593999780714512,0.08088599890470505,0.08088599890470505,1107,33.487998962402344,0,0,False,False,0.08088599890470505,0.008593999780714512
Inl_UI Pass,0.004442383555096373,0.004442383555096373,1194,1194,1.0,1194,0.004442383555096373,0.004442383555096373,0.0061980001628398895,0.0061980001628398895,0.08291599899530411,0.08291599899530411,654,34.097999572753906,0,0,False,False,0.08291599899530411,0.0061980001628398895
Mesh.CreateMesh,0.016350889414514944,0.016350889414514944,1194,1194,1.0,4654,0.00461414823753688,0.00461414823753688,0.024945999961346388,0.024945999961346388,0.3825000112410635,0.37385401129722595,264,33.09000015258789,0,0,False,False,0.3733850115349924,0.005521999759366736
Mesh.CreateMesh.IndicesDirty,0.003309606389575645,0.003309606389575645,1194,1194,1.0,9300,0.003309606389575645,0.003309606389575645,0.005262999893602682,0.005262999893602682,0.09031100396532565,0.08677100390195847,805,32.42499923706055,0,0,False,False,0.09031100396532565,0.005262999893602682
Mesh.CreateMesh.VerticesDirty,0.008427134787402419,0.008427134787402419,1194,1194,1.0,4654,0.008427134787402419,0.008427134787402419,0.013125999947078526,0.013125999947078526,0.08989599451888353,0.07885399460792542,980,34.334999084472656,0,0,False,False,0.08989599451888353,0.013125999947078526
DestroyCullResults,0.0031143349872853675,0.0031143349872853675,1194,1194,1.0,2388,0.0031143349872853675,0.0031143349872853675,0.004062999854795635,0.004062999854795635,0.03359400073532015,0.03192700073122978,572,33.347999572753906,0,0,False,False,0.03359400073532015,0.004062999854795635
UIEvents.CanvasManagerRenderOverlays,0.0031656038350116778,0.0031656038350116778,1194,1194,1.0,1194,0.0001884321577829844,0.0001884321577829844,0.004270999692380428,0.004270999692380428,0.05567699670791626,0.05567699670791626,968,32.391998291015625,0,0,False,False,0.013490999350324273,0.0003120000474154949
UGUI.Rendering.RenderOverlays,0.0029771716772286935,0.0029771716772286935,1194,1194,1.0,1194,0.0029771716772286935,0.0029771716772286935,0.0041139996610581875,0.0041139996610581875,0.05525999888777733,0.05525999888777733,968,32.391998291015625,0,0,False,False,0.05525999888777733,0.0041139996610581875
UIEvents.IMGUIRenderOverlays,0.07481475239011211,0.07481475239011211,1194,1194,1.0,1194,0.0010866678883032983,0.0010866678883032983,0.0985419973731041,0.0985419973731041,9.871615409851074,9.871615409851074,428,37.066001892089844,1,0,False,True,0.08145900443196297,0.001458004117012024
GUI.Repaint,0.07372808450180882,0.07372808450180882,1194,1194,1.0,1194,0.022420841423665974,0.022420841423665974,0.09744799882173538,0.09744799882173538,9.86989688873291,9.86989688873291,428,37.066001892089844,1,0,False,False,0.1336460004094988,0.02968600114400033
UnityEngine.IMGUIModule.dll!UnityEngine::Event.Internal_MakeMasterEventCurrent(),0.0036142713353630638,0.0036142713353630638,1194,1194,1.0,1194,0.0036142713353630638,0.0036142713353630638,0.004947999957948923,0.004947999957948923,0.041145000606775284,0.041145000606775284,210,33.38600158691406,0,0,False,False,0.041145000606775284,0.004947999957948923
UnityEngine.IMGUIModule.dll!UnityEngine::GUIUtility.BeginGUI(),0.03740469533919865,0.03740469533919865,1194,1194,1.0,2388,0.036477585618571604,0.036477585618571604,0.04161399998702109,0.04161399998702109,9.776354238390923,9.760885238647461,428,37.066001892089844,1,0,False,False,9.774061238451395,0.038491001090733334
AOE.dll!::WorldTileStreaming.OnGUI(),0.0018378735300362827,0.0018378735300362827,1194,1194,1.0,2388,0.0018378735300362827,0.0018378735300362827,0.002188000114983879,0.002188000114983879,0.14666701096575707,0.14515601098537445,173,33.470001220703125,0,0,False,False,0.14666701096575707,0.002188000114983879
UnityEngine.IMGUIModule.dll!UnityEngine::GUIUtility.EndGUI(),0.008450402873544836,0.008450402873544836,1194,1194,1.0,2388,0.008450402873544836,0.008450402873544836,0.01109400051063858,0.01109400051063858,0.17713600961724296,0.17656300961971283,522,36.15800094604492,0,0,False,False,0.17713600961724296,0.01109400051063858
WatermarkRender,0.08686022129427748,0.08686022129427748,1194,1194,1.0,1194,0.07182461659753948,0.07182461659753948,0.11051999777555466,0.11051999777555466,0.6034370064735413,0.6034370064735413,562,37.59299850463867,0,0,False,False,0.5917180061805993,0.09145899349823594
Material.SetPassFast,0.013550085459806188,0.013550085459806188,1194,1194,1.0,1194,0.013550085459806188,0.013550085459806188,0.01859400048851967,0.01859400048851967,0.07760399580001831,0.07760399580001831,425,32.834999084472656,0,0,False,False,0.07760399580001831,0.01859400048851967
GUITexture.Draw,0.0014855192369318112,0.0014855192369318112,1194,1194,1.0,1194,0.0014855192369318112,0.0014855192369318112,0.001978999935090542,0.001978999935090542,0.026717999950051308,0.026717999950051308,150,33.500999450683594,0,0,False,False,0.026717999950051308,0.001978999935090542
PostLateUpdate.BatchModeUpdate,8.999246172643508e-05,8.999246172643508e-05,1194,1194,1.0,1194,8.999246172643508e-05,8.999246172643508e-05,0.00015600000915583223,0.00015600000915583223,0.0012499999720603228,0.0012499999720603228,273,33.54800033569336,0,0,True,False,0.0012499999720603228,0.00015600000915583223
LuaMtGc.WaitGCThread,0.0029928408493619363,0.0029928408493619363,1194,1194,1.0,1194,0.0029928408493619363,0.0029928408493619363,0.0037499999161809683,0.0037499999161809683,0.18296898901462555,0.18296898901462555,937,39.52399826049805,0,0,False,False,0.18296898901462555,0.0037499999161809683
PostLateUpdate.PlayerSendFrameComplete,0.5063769574740424,0.5063769574740424,1194,1194,1.0,1194,0.00036128426916036177,0.00036128426916036177,0.5964059829711914,0.5964059829711914,65.06047058105469,65.06047058105469,729,90.23799896240234,4,1,True,True,0.06536397337913513,0.00041598081588745117
PlayerEndOfFrame,0.506015673204882,0.506015673204882,1194,1194,1.0,1194,0.0031900020739077466,0.0031900020739077466,0.5961459875106812,0.5961459875106812,65.06026458740234,65.06026458740234,729,90.23799896240234,4,1,False,True,0.10223997564753518,0.004478985123569146
AOE.dll!AOE::GameLauncher.EndOfFrame() [Coroutine: MoveNext],0.4927383459218383,0.4927383459218383,1194,1194,1.0,1194,0.0075995430344063634,0.0075995430344063634,0.5798959732055664,0.5798959732055664,65.04182434082031,65.04182434082031,729,90.23799896240234,4,1,True,False,0.09791599959135056,0.010156996548175812
Core.EndOfFrame,0.33815170435150665,0.33815170435150665,1194,1194,1.0,1194,0.016241666682297585,0.016241666682297585,0.39973998069763184,0.39973998069763184,64.8081283569336,64.8081283569336,729,90.23799896240234,1,1,True,False,0.1309880093394895,0.027861026563186897
LUA:Launcher._105,0.2719581964577063,0.2719581964577063,1194,1194,1.0,1194,0.004599521757170583,0.004599521757170583,0.31734398007392883,0.31734398007392883,64.7183837890625,64.7183837890625,729,90.23799896240234,1,1,True,True,0.10536500811576843,0.006301000714302063
LUA:Mgr.needCallFrameEnd,0.2673586747005357,0.2673586747005357,1194,1194,1.0,1194,0.02227803817224909,0.02227803817224909,0.31255200505256653,0.31255200505256653,64.71104431152344,64.71104431152344,729,90.23799896240234,1,1,True,False,0.12989502039272338,0.02911499757465208
LuaMgr.OnEndOfFrameSchedule,0.17463821788603937,0.17463821788603937,1194,1194,1.0,1194,0.005606482830951599,0.005606482830951599,0.2649480104446411,0.2649480104446411,0.9654169678688049,0.9654169678688049,1115,33.15399932861328,0,0,True,False,0.09895799588412046,0.007083012722432613
LUA:PerformanceMgr.needCallFrameEnd,0.004790876023674156,0.004790876023674156,1194,1194,1.0,1194,0.0027966097177051542,0.0027966097177051542,0.0061969999223947525,0.0061969999223947525,0.15656299889087677,0.15656299889087677,964,33.84400177001953,0,0,False,False,0.15473999897949398,0.003748999908566475
LUA:PerformanceMgr.TickDrawCallCategoryRecordFrameEnd,0.0019942663059690016,0.0019942663059690016,1194,1194,1.0,1194,0.0019942663059690016,0.0019942663059690016,0.002655999967828393,0.002655999967828393,0.03505199775099754,0.03505199775099754,865,34.03900146484375,0,0,False,False,0.03505199775099754,0.002655999967828393
PlayerPrefMgr,0.004677376865683876,0.004677376865683876,1194,1194,1.0,1194,0.0034742369993779553,0.0034742369993779553,0.006145999766886234,0.006145999766886234,0.10234399884939194,0.10234399884939194,1126,33.57600021362305,0,0,False,False,0.08208399778231978,0.004895999911241233
LUA:PlayerPrefMgr.needCallFrameEnd,0.00120313986630592,0.00120313986630592,1194,1194,1.0,1194,0.00120313986630592,0.00120313986630592,0.0014579999260604382,0.0014579999260604382,0.09734400361776352,0.09734400361776352,1126,33.57600021362305,0,0,False,False,0.09734400361776352,0.0014579999260604382
UidPlayerPrefMgr,0.0035984271278696905,0.0035984271278696905,1194,1194,1.0,1194,0.0026650016714627285,0.0026650016714627285,0.004947999957948923,0.004947999957948923,0.08614600449800491,0.08614600449800491,529,33.04100036621094,0,0,False,False,0.08453200454823673,0.003646000288426876
LUA:UidPlayerPrefMgr.needCallFrameEnd,0.000933425456406962,0.000933425456406962,1194,1194,1.0,1194,0.000933425456406962,0.000933425456406962,0.0013539999490603805,0.0013539999490603805,0.03380199894309044,0.03380199894309044,513,32.78300094604492,0,0,False,False,0.03380199894309044,0.0013539999490603805
LUA:CoMgr.needCallFrameEnd,0.03197915503486891,0.03197915503486891,1194,1194,1.0,1194,0.008751090558779494,0.008751090558779494,0.07713600248098373,0.07713600248098373,0.21536500751972198,0.21536500751972198,556,33.71500015258789,0,0,False,False,0.13020800010417588,0.01343800185713917
LUA:CoMgr.removeInvalidCoInfos,0.019712236164281242,0.019712236164281242,1194,1194,1.0,1194,0.01198630898013002,0.01198630898013002,0.055208999663591385,0.055208999663591385,0.2045309990644455,0.2045309990644455,556,33.71500015258789,0,0,False,False,0.1892730035178829,0.02103999853716232
TaskMgr,0.007615654951607312,0.007615654951607312,1194,1194,1.0,1194,0.003034608919189859,0.003034608919189859,0.010834000073373318,0.010834000073373318,0.0827610045671463,0.0827610045671463,816,33.75,0,0,False,False,0.0754180047661066,0.005052000284194946
LUA:TaskMgr.needCallFrameEnd,0.004581046032417453,0.004581046032417453,1194,1194,1.0,1194,0.002952572857743438,0.002952572857743438,0.006093999836593866,0.006093999836593866,0.05656300112605095,0.05656300112605095,1071,33.06800079345703,0,0,False,False,0.05349000124260783,0.004061999847181141
LUA:TaskMgr.removeInvalidTasks,0.0016284731746740153,0.0016284731746740153,1194,1194,1.0,1194,0.0016284731746740153,0.0016284731746740153,0.00229199999012053,0.00229199999012053,0.03078100085258484,0.03078100085258484,485,33.125,0,0,False,False,0.03078100085258484,0.00229199999012053
UserAttrMgr,0.01198104605015517,0.01198104605015517,1194,1194,1.0,1196,0.0034645879212174082,0.0034645879212174082,0.015364999882876873,0.015364999882876873,0.58119797706604,0.58119797706604,1115,33.15399932861328,0,0,False,False,0.5618229769170284,0.003959000110626221
LUA:UserAttrMgr.needCallFrameEnd,0.008403872698818456,0.008403872698818456,1194,1194,1.0,1194,0.0028012127292200524,0.0028012127292200524,0.01119800005108118,0.01119800005108118,0.09911400079727173,0.09911400079727173,846,33.395999908447266,0,0,False,False,0.09390500048175454,0.0036450009793043137
LUA:UserAttrMgr.ClearDirty,0.0056026599695984045,0.0056026599695984045,1194,1194,1.0,1194,0.004084616445748477,0.004084616445748477,0.007499999832361937,0.007499999832361937,0.08489600569009781,0.08489600569009781,737,33.65299987792969,0,0,False,False,0.08140600565820932,0.005573999835178256
LUA:DataMerger.ClearDirty,0.0015180435238499271,0.0015180435238499271,1194,1194,1.0,1194,0.0015180435238499271,0.0015180435238499271,0.0020309998653829098,0.0020309998653829098,0.07744799554347992,0.07744799554347992,811,32.88800048828125,0,0,False,False,0.07744799554347992,0.0020309998653829098
ProfileTestMgr,0.012418482381845801,0.012418482381845801,1194,1194,1.0,1194,0.003013556920634692,0.003013556920634692,0.016145000234246254,0.016145000234246254,0.3454679846763611,0.3454679846763611,522,36.15800094604492,0,0,False,False,0.3304679850116372,0.003333999775350094
LUA:ProfileTestMgr.needCallFrameEnd,0.009404925461211109,0.009404925461211109,1194,1194,1.0,1194,0.005402377766580048,0.005402377766580048,0.012551999650895596,0.012551999650895596,0.13375000655651093,0.13375000655651093,702,33.757999420166016,0,0,False,False,0.13109300668293145,0.006978999706916511
LUA:ProfileTestMgr.AutoLogInjectProfiler,0.0013189673197030213,0.0013189673197030213,1194,1194,1.0,1194,0.0013189673197030213,0.0013189673197030213,0.0018229999113827944,0.0018229999113827944,0.0389070026576519,0.0389070026576519,388,34.724998474121094,0,0,False,False,0.0389070026576519,0.0018229999113827944
LUA:ProfileTestMgr.TickExternalCombinedProfile,0.0017665016531042983,0.0017665016531042983,1194,1194,1.0,1194,0.0017665016531042983,0.0017665016531042983,0.0024480000138282776,0.0024480000138282776,0.06536500155925751,0.06536500155925751,223,33.41699981689453,0,0,False,False,0.06536500155925751,0.0024480000138282776
LUA:ProfileTestMgr.CollectProfileDataByUpdate,0.0009170787218237417,0.0009170787218237417,1194,1194,1.0,1194,0.0009170787218237417,0.0009170787218237417,0.0013020000187680125,0.0013020000187680125,0.04020899906754494,0.04020899906754494,794,32.77399826049805,0,0,False,False,0.04020899906754494,0.0013020000187680125
LUA:NewbieMainCtrl.needCallFrameEnd,0.03212512397929602,0.03212512397929602,1194,1194,1.0,1194,0.013861567003524387,0.013861567003524387,0.042396001517772675,0.042396001517772675,0.2235410064458847,0.2235410064458847,380,33.28799819946289,0,0,False,False,0.06942799679382006,0.018592001011711545
NewbieMainCtrl TriggerSystem,0.006764109728474113,0.006764109728474113,1194,1194,1.0,1194,0.005710617269793373,0.005710617269793373,0.008697999641299248,0.008697999641299248,0.08515600115060806,0.08515600115060806,126,37.731998443603516,0,0,False,False,0.08349000115413219,0.0073949998477473855
LUA:NewbieTriggerSystem.OnUpdate,0.0010534924586807414,0.0010534924586807414,1194,1194,1.0,1194,0.0010534924586807414,0.0010534924586807414,0.0015109999803826213,0.0015109999803826213,0.061041999608278275,0.061041999608278275,1158,33.58100128173828,0,0,False,False,0.061041999608278275,0.0015109999803826213
NewbieMainCtrl TriggerTask,0.01100912731171272,0.01100912731171272,1194,1194,1.0,1194,0.0025458819261351146,0.0025458819261351146,0.014688000082969666,0.014688000082969666,0.20052000880241394,0.20052000880241394,380,33.28799819946289,0,0,False,False,0.18822900857776403,0.003176000900566578
LUA:Entity.cleanRemovedChildren,0.0017936490588256748,0.0017936490588256748,1194,1194,1.0,1194,0.0017936490588256748,0.0017936490588256748,0.0023440001532435417,0.0023440001532435417,0.07614600658416748,0.07614600658416748,924,32.731998443603516,0,0,False,False,0.07614600658416748,0.0023440001532435417
Core.PostEndOfFrame,0.1469870985359253,0.1469870985359253,1194,1194,1.0,1194,0.008205575665080468,0.008205575665080468,0.18744799494743347,0.18744799494743347,11.503073692321777,11.503073692321777,984,52.75299835205078,3,0,True,False,0.15077698947061435,0.01405800911015831
LoaderManagerOnFrameEnd,0.11441849288803649,0.11441849288803649,1194,1194,1.0,1194,0.0033281201134074154,0.0033281201134074154,0.12614600360393524,0.12614600360393524,11.460365295410156,11.460365295410156,984,52.75299835205078,3,0,False,False,0.07614700645353878,0.0048949483898468316
LoaderManagerTickLoadOnFrameEnd,0.09390790630412761,0.09390790630412761,1194,1194,1.0,1194,0.056518214461686644,0.056518214461686644,0.07901100069284439,0.07901100069284439,11.43651008605957,11.43651008605957,984,52.75299835205078,3,0,False,False,3.4270421424225788,0.07010400388389826
AsyncLoadTimeoutHandler.CollectAndHandleTimeout,0.005093906994579887,0.005093906994579887,1194,1194,1.0,1194,0.004444425420679882,0.004444425420679882,0.007708000019192696,0.007708000019192696,0.17479099333286285,0.17479099333286285,423,44.21900177001953,0,0,False,False,0.17416699333989527,0.006977999648370314
LoaderManagerTickUnload,0.011815841714547358,0.011815841714547358,1194,1194,1.0,1194,0.000611479906209275,0.000611479906209275,0.019426999613642693,0.019426999613642693,0.9918230175971985,0.9918230175971985,602,33.180999755859375,0,0,False,False,0.08119800128042698,0.0008339998312294483
LoaderManagerTryUnloadPending,0.011204361808338082,0.011204361808338082,1194,1194,1.0,1194,0.007795547723835198,0.007795547723835198,0.01880200020968914,0.01880200020968914,0.9908339977264404,0.9908339977264404,602,33.180999755859375,0,0,False,False,0.17145700330002,0.01104099971416872
TryUnloadPending.CheckNeedUnload,0.0013112010010826235,0.0013112010010826235,1194,1194,1.0,1194,0.0013112010010826235,0.0013112010010826235,0.006145999766886234,0.006145999766886234,0.07520800083875656,0.07520800083875656,409,33.7760009765625,0,0,False,False,0.07520800083875656,0.006145999766886234
TryUnloadPending.TryUnload,0.0016821574736515237,0.0016821574736515237,1194,1194,1.0,1194,0.0008926181498780114,0.0008926181498780114,0.004270999692380428,0.004270999692380428,0.9736980199813843,0.9736980199813843,602,33.180999755859375,0,0,False,False,0.10677200032660039,0.004270999692380428
AOE.dll!AOE::GameLauncher.EndOfFrame() [Coroutine: System.Collections.IEnumerator.get_Current],0.0003420720316428817,0.0003420720316428817,1194,1194,1.0,1194,0.0003420720316428817,0.0003420720316428817,0.0005729999975301325,0.0005729999975301325,0.03369800001382828,0.03369800001382828,745,33.23699951171875,0,0,True,False,0.03369800001382828,0.0005729999975301325
FrameEvents.XREndFrame,0.0004245134040802425,0.0004245134040802425,1194,1194,1.0,1194,0.0004245134040802425,0.0004245134040802425,0.0007810000097379088,0.0007810000097379088,0.0015629999106749892,0.0015629999106749892,140,33.308998107910156,0,0,False,False,0.0015629999106749892,0.0007810000097379088
PostLateUpdate.UpdateCaptureScreenshot,0.0004549405386426357,0.0004549405386426357,1194,1194,1.0,1194,0.0004549405386426357,0.0004549405386426357,0.0008329999982379377,0.0008329999982379377,0.002552000107243657,0.002552000107243657,1066,32.64799880981445,0,0,True,False,0.002552000107243657,0.0008329999982379377
PostLateUpdate.PresentAfterDraw,0.008856239539674066,0.008856239539674066,1194,1194,1.0,1194,0.000895467348719699,0.000895467348719699,0.01218700036406517,0.01218700036406517,0.19968698918819427,0.19968698918819427,729,90.23799896240234,0,0,True,False,0.040989997796714306,0.001353999599814415
Graphics.PresentAndSync,0.007960772190954368,0.007960772190954368,1194,1194,1.0,1194,0.0007172596129593463,0.0007172596129593463,0.010885000228881836,0.010885000228881836,0.19875000417232513,0.19875000417232513,729,90.23799896240234,0,0,False,False,0.06510500097647309,0.0009380001574754715
Device.Present,0.007243512577995021,0.007243512577995021,1194,1194,1.0,1194,0.0009775812813401427,0.0009775812813401427,0.010052000172436237,0.010052000172436237,0.19802099466323853,0.19802099466323853,729,90.23799896240234,0,0,False,False,0.09724100562743843,0.0013020006008446217
EndDynamicVBOFrame,0.00236146564504141,0.00236146564504141,1194,1194,1.0,1194,0.00236146564504141,0.00236146564504141,0.003490000031888485,0.003490000031888485,0.07859399914741516,0.07859399914741516,708,32.72700119018555,0,0,False,False,0.07859399914741516,0.003490000031888485
PostLateUpdate.ClearImmediateRenderers,0.00014078224592768452,0.00014078224592768452,1194,1194,1.0,1194,0.00014078224592768452,0.00014078224592768452,0.0003129999968223274,0.0003129999968223274,0.0008329999982379377,0.0008329999982379377,457,33.13100051879883,0,0,True,False,0.0008329999982379377,0.0003129999968223274
PostLateUpdate.PlayerSendFramePostPresent,0.0007794103833321807,0.0007794103833321807,1194,1194,1.0,1194,0.00038241707359891464,0.00038241707359891464,0.0007820000173524022,0.0007820000173524022,0.2226569950580597,0.2226569950580597,278,33.07099914550781,0,0,True,False,0.060520998551510274,0.0006249999642022885
FrameEvents.XRPostPresent,0.000396993309733266,0.000396993309733266,1194,1194,1.0,1194,0.000396993309733266,0.000396993309733266,0.0003650000144261867,0.0003650000144261867,0.22166700661182404,0.22166700661182404,278,33.07099914550781,0,0,False,False,0.22166700661182404,0.0003650000144261867
PostLateUpdate.UpdateResolution,0.008478578723346194,0.008478578723346194,1194,1194,1.0,1194,0.008478578723346194,0.008478578723346194,0.012656999751925468,0.012656999751925468,0.08229199796915054,0.08229199796915054,1187,32.8380012512207,0,0,True,False,0.08229199796915054,0.012656999751925468
PostLateUpdate.InputEndFrame,0.0005445762144822773,0.0005445762144822773,1194,1194,1.0,1194,0.0005445762144822773,0.0005445762144822773,0.0009369999752379954,0.0009369999752379954,0.055364999920129776,0.055364999920129776,480,33.487998962402344,0,0,True,False,0.055364999920129776,0.0009369999752379954
PostLateUpdate.TriggerEndOfFrameCallbacks,0.0015139430273835932,0.0015139430273835932,1194,1194,1.0,1194,0.0015139430273835932,0.0015139430273835932,0.0023440001532435417,0.0023440001532435417,0.008489999920129776,0.008489999920129776,909,32.8129997253418,0,0,True,False,0.008489999920129776,0.0023440001532435417
PostLateUpdate.GUIClearEvents,0.0008184648178948964,0.0008184648178948964,1194,1194,1.0,1194,0.0008184648178948964,0.0008184648178948964,0.001197999925352633,0.001197999925352633,0.04093800112605095,0.04093800112605095,1150,33.428001403808594,0,0,True,False,0.04093800112605095,0.001197999925352633
PostLateUpdate.ShaderHandleErrors,0.000649690952032966,0.000649690952032966,1194,1194,1.0,1194,0.000649690952032966,0.000649690952032966,0.0010939999483525753,0.0010939999483525753,0.03859400004148483,0.03859400004148483,579,34.07699966430664,0,0,True,False,0.03859400004148483,0.0010939999483525753
PostLateUpdate.ResetInputAxis,9.055778853574976e-05,9.055778853574976e-05,1194,1194,1.0,1194,9.055778853574976e-05,9.055778853574976e-05,0.00020799999765586108,0.00020799999765586108,0.00046900002053007483,0.00046900002053007483,336,33.15999984741211,0,0,True,False,0.00046900002053007483,0.00020799999765586108
PostLateUpdate.ProfilerSynchronizeStats,0.0014965242656124085,0.0014965242656124085,1194,1194,1.0,1194,0.0014965242656124085,0.0014965242656124085,0.0021879998967051506,0.0021879998967051506,0.0445839986205101,0.0445839986205101,197,32.91600036621094,0,0,True,False,0.0445839986205101,0.0021879998967051506
PostLateUpdate.MemoryFrameMaintenance,0.004347995785981498,0.004347995785981498,1194,1194,1.0,1194,0.004347995785981498,0.004347995785981498,0.006406000349670649,0.006406000349670649,0.013280999846756458,0.013280999846756458,1084,35.25199890136719,0,0,True,False,0.013280999846756458,0.006406000349670649
PostLateUpdate.ProfilerEndFrame,0.6575703051571471,0.6575703051571471,1194,1194,1.0,1194,0.0021521511988424175,0.0021521511988424175,0.8706769943237305,0.8706769943237305,1.578125,1.578125,522,36.15800094604492,0,0,True,True,0.05692797899246216,0.002916991710662842
Profiler.CollectGlobalStats,0.6554181539583046,0.6554181539583046,1194,1194,1.0,1194,0.007689589581692551,0.007689589581692551,0.8674479722976685,0.8674479722976685,1.5761979818344116,1.5761979818344116,522,36.15800094604492,0,0,False,False,0.166666011326015,0.04406198766082525
Profiler.CollectMemoryAllocationStats,0.6354056246815813,0.6354056246815813,1194,1194,1.0,1194,0.6354056246815813,0.6354056246815813,0.8364580273628235,0.8364580273628235,1.5619800090789795,1.5619800090789795,522,36.15800094604492,0,0,False,False,1.5619800090789795,0.8364580273628235
Profiler.CollectDrawStats,0.006869374388880353,0.006869374388880353,1194,1194,1.0,1194,0.006690667519795161,0.006690667519795161,0.009062000550329685,0.009062000550329685,0.21390600502490997,0.21390600502490997,247,33.03799819946289,0,0,False,False,0.213854005025496,0.008906999999453546
Profiler.CollectTextureUsageStats,0.000178706869085193,0.000178706869085193,1194,1194,1.0,1194,0.000178706869085193,0.000178706869085193,0.00031200001831166446,0.00031200001831166446,0.06057300046086311,0.06057300046086311,881,33.553001403808594,0,0,False,False,0.06057300046086311,0.00031200001831166446
Profiler.SerializeStats,0.005453565306150334,0.005453565306150334,1194,1194,1.0,1194,0.005453565306150334,0.005453565306150334,0.007344000041484833,0.007344000041484833,0.12604199349880219,0.12604199349880219,1192,33.91600036621094,0,0,False,False,0.12604199349880219,0.007344000041484833
InputProcess,0.011030503341786164,0.011030503341786164,1194,1194,1.0,2388,0.011030503341786164,0.011030503341786164,0.013854000717401505,0.013854000717401505,0.12171899806708097,0.11937499791383743,586,32.49399948120117,0,0,False,False,0.12171899806708097,0.013854000717401505
AOEPlayerLoop_PreFrame,0.010409683415196661,0.010409683415196661,1194,1194,1.0,1194,0.0014917789065314946,0.0014917789065314946,0.013749999925494194,0.013749999925494194,0.08671800047159195,0.08671800047159195,247,33.03799819946289,0,0,False,False,0.06572999712079763,0.002187000587582588
Initialization.PlayerUpdateTime,5.477658723869441,5.477658723869441,1194,1194,1.0,1194,0.03161884561541381,0.03161884561541381,10.648021697998047,10.648021697998047,18.456459045410156,18.456459045410156,435,44.10599899291992,880,1,True,False,0.20926936116302386,0.06176823405257892
WaitForTargetFPS,5.443561986303253,5.443561986303253,1194,1194,1.0,1194,5.379965369314603,5.379965369314603,10.612343788146973,10.612343788146973,18.43479347229004,18.43479347229004,435,44.10599899291992,879,1,False,False,15.815104956185678,10.527290660807921
GarbageCollector.CollectIncremental,0.06272599134501869,0.06272599134501869,1194,1194,1.0,1194,0.046464126198822626,0.046464126198822626,0.0014059999957680702,0.0014059999957680702,18.410676956176758,18.410676956176758,435,44.10599899291992,9,1,False,False,7.241979122161865,0.0014059999957680702
Initialization.DirectorSampleTime,0.004356200143989719,0.004356200143989719,1194,1194,1.0,1194,0.00035293383283581164,0.00035293383283581164,0.00661499984562397,0.00661499984562397,0.11432299762964249,0.11432299762964249,353,33.345001220703125,0,0,True,False,0.0943230027332902,0.0005199997685849667
Director.SampleTime,0.004003266311153907,0.004003266311153907,1194,1194,1.0,1194,0.004003266311153907,0.004003266311153907,0.006041999906301498,0.006041999906301498,0.11395899951457977,0.11395899951457977,353,33.345001220703125,0,0,False,False,0.11395899951457977,0.006041999906301498
Initialization.AsyncUploadTimeSlicedUpdate,0.049820769607761044,0.049820769607761044,1194,1194,1.0,1194,0.0021740870716610307,0.0021740870716610307,0.1358339935541153,0.1358339935541153,0.2672399878501892,0.2672399878501892,411,35.17100143432617,0,0,True,False,0.040884993970394135,0.0036460012197494507
Initialization.XREarlyUpdate,0.0021028433674072826,0.0021028433674072826,1194,1194,1.0,1194,0.0021028433674072826,0.0021028433674072826,0.0020309998653829098,0.0020309998653829098,0.29218700528144836,0.29218700528144836,813,33.72600173950195,0,0,True,False,0.29218700528144836,0.0020309998653829098
InitializationSystemGroup,0.9297983875276655,0.9297983875276655,1194,1194,1.0,1194,0.0014990309325095198,0.0014990309325095198,1.5792709589004517,1.5792709589004517,2.8673439025878906,2.8673439025878906,804,42.32600021362305,0,0,True,True,0.07249999046325684,0.0025000572204589844
Default World Unity.Entities.InitializationSystemGroup,0.9235811854527024,0.9235811854527024,1194,1194,1.0,1194,0.04130279378755274,0.04130279378755274,1.568019986152649,1.568019986152649,2.8606770038604736,2.8606770038604736,804,42.32600021362305,0,0,True,False,0.26088504123254097,0.06775883976661135
Default World Unity.Entities.BeginInitializationEntityCommandBufferSystem,0.0075773475713126195,0.0075773475713126195,1194,1194,1.0,1194,0.006581392801125726,0.006581392801125726,0.009739999659359455,0.009739999659359455,0.1044280007481575,0.1044280007481575,411,35.17100143432617,0,0,True,False,0.10296900081448257,0.008646000118460506
Default World AOE.DOTS.SoldierInitSystem,0.0020001942780917166,0.0020001942780917166,1194,1194,1.0,1194,0.001483704320062727,0.001483704320062727,0.002395999850705266,0.002395999850705266,0.1308329999446869,0.1308329999446869,703,32.47600173950195,0,0,False,False,0.13025999994715676,0.0020309999817982316
Default World AOE.DOTS.DestroyEntitySystem,0.032656768741615744,0.032656768741615744,1194,1194,1.0,1194,0.0326564638839886,0.0326564638839886,0.20640699565410614,0.20640699565410614,0.6386449933052063,0.6386449933052063,742,34.45899963378906,0,0,False,False,0.6386449933052063,0.20640699565410614
Default World Unity.Entities.ConvertToEntitySystem,0.0036466155884478557,0.0036466155884478557,1194,1194,1.0,1194,0.0029961021977994843,0.0029961021977994843,0.007187000010162592,0.007187000010162592,0.22322900593280792,0.22322900593280792,664,34.13600158691406,0,0,True,False,0.08958300005178899,0.006563000060850754
Default World Unity.Entities.RetainBlobAssetSystem,0.0019016256052325987,0.0019016256052325987,1194,1194,1.0,1194,0.0019016256052325987,0.0019016256052325987,0.002707999898120761,0.002707999898120761,0.02187499962747097,0.02187499962747097,299,33.58399963378906,0,0,True,False,0.02187499962747097,0.002707999898120761
Default World Unity.Entities.UpdateWorldTimeSystem,0.013501281407388736,0.013501281407388736,1194,1194,1.0,1194,0.013173476545498533,0.013173476545498533,0.01656300015747547,0.01656300015747547,0.1995829939842224,0.1995829939842224,742,34.45899963378906,0,0,True,False,0.1983329940121621,0.01604199993016664
Default World Unity.Scenes.LiveLinkRuntimeSystemGroup,0.0002199547759288116,0.0002199547759288116,1194,1194,1.0,1194,0.0002199547759288116,0.0002199547759288116,0.0002610000083222985,0.0002610000083222985,0.06098899990320206,0.06098899990320206,797,33.624000549316406,0,0,False,False,0.06098899990320206,0.0002610000083222985
Default World Unity.Scenes.SceneSystemGroup,0.01783998745495151,0.01783998745495151,1194,1194,1.0,1194,0.004174126505891014,0.004174126505891014,0.024271000176668167,0.024271000176668167,0.12583300471305847,0.12583300471305847,1117,32.38199996948242,0,0,False,False,0.07885399519364,0.005364000739064068
Default World Unity.Scenes.SceneSystem,0.0017462797017656485,0.0017462797017656485,1194,1194,1.0,1194,0.0017462797017656485,0.0017462797017656485,0.002240000059828162,0.002240000059828162,0.06072999909520149,0.06072999909520149,1058,33.69900131225586,0,0,False,False,0.06072999909520149,0.002240000059828162
Default World Unity.Scenes.ResolveSceneReferenceSystem,0.011409258795200132,0.011409258795200132,1194,1194,1.0,1194,0.011065779735601466,0.011065779735601466,0.015052000060677528,0.015052000060677528,0.11583299934864044,0.11583299934864044,1117,32.38199996948242,0,0,False,False,0.08385400284896605,0.014792000059969723
Default World Unity.Scenes.LiveLinkResolveSceneReferenceSystem,0.00018956867913845997,0.00018956867913845997,1194,1194,1.0,1194,0.00018956867913845997,0.00018956867913845997,0.0002610000083222985,0.0002610000083222985,0.0683860033750534,0.0683860033750534,1043,32.64799880981445,0,0,False,False,0.0683860033750534,0.0002610000083222985
Default World Rendering.RealTime2D.Realtime2DSetDataSystem,0.006341546876480806,0.006341546876480806,1194,1194,1.0,1194,0.00582499327305462,0.00582499327305462,0.007916999980807304,0.007916999980807304,0.22734399139881134,0.22734399139881134,508,41.40299987792969,0,0,False,False,0.22671899141278118,0.007291000161785632
Default World AOE.DOTS.MoveChain_SyncMoveDataSystem,0.1928434279658387,0.1928434279658387,1194,1194,1.0,1194,0.1928434279658387,0.1928434279658387,0.3244270086288452,0.3244270086288452,1.483333945274353,1.483333945274353,83,35.270999908447266,0,0,False,False,1.483333945274353,0.3244270086288452
Default World AOE.DOTS.MoveChain_ArmyMoveSystem,0.20199491180966248,0.20199491180966248,1194,1194,1.0,1194,0.14132505922829436,0.14132505922829436,0.38411402702331543,0.38411402702331543,0.7752600312232971,0.7752600312232971,597,35.75400161743164,0,0,False,False,0.7153650308027864,0.2893739929422736
ArmyMoveSystem.PrepareData,0.008001604701674714,0.008001604701674714,1194,1194,1.0,1194,0.008001604701674714,0.008001604701674714,0.012396000325679779,0.012396000325679779,0.04937500134110451,0.04937500134110451,893,33.4379997253418,0,0,False,False,0.04937500134110451,0.012396000325679779
ArmyMoveSystem.PrepareJob,0.04256337768611946,0.04256337768611946,1194,1194,1.0,1194,0.04256337768611946,0.04256337768611946,0.07093699276447296,0.07093699276447296,0.25453200936317444,0.25453200936317444,1149,33.433998107910156,0,0,False,False,0.25453200936317444,0.07093699276447296
ArmyMoveSystem.ScheduleJob,0.010104870193573947,0.010104870193573947,1194,1194,1.0,1194,0.01010452094734034,0.01010452094734034,0.018177000805735588,0.018177000805735588,0.13395899534225464,0.13395899534225464,1183,32.053001403808594,0,0,False,False,0.13395899534225464,0.018177000805735588
Default World AOE.DOTS.MoveChain_SoldierMoveSystem,0.24646324888370943,0.24646324888370943,1194,1194,1.0,1194,0.05178092320390078,0.05178092320390078,0.47541698813438416,0.47541698813438416,1.1782809495925903,1.1782809495925903,64,35.91999816894531,0,0,False,False,0.4298429638147354,0.14234399050474167
SoldierMoveSystem.PrepareData,0.02578261805545395,0.02578261805545395,1194,1194,1.0,1194,0.02573607199201052,0.02573607199201052,0.04270800203084946,0.04270800203084946,0.10218699276447296,0.10218699276447296,764,33.34600067138672,0,0,False,False,0.10218699276447296,0.04270800203084946
SoldierMoveSystem.PrepareJob,0.055230878608635126,0.055230878608635126,1194,1194,1.0,1194,0.055230878608635126,0.055230878608635126,0.100832998752594,0.100832998752594,0.3151560127735138,0.3151560127735138,465,35.323001861572266,0,0,False,False,0.3151560127735138,0.100832998752594
SoldierMoveSystem.ScheduleJob,0.11366847976948598,0.11366847976948598,1194,1194,1.0,1194,0.11366629886500505,0.11366629886500505,0.2460930049419403,0.2460930049419403,0.8185409903526306,0.8185409903526306,804,42.32600021362305,0,0,False,False,0.8185409903526306,0.2460930049419403
Default World AOE.DOTS.MoveChain_SyncArmyResultSystem,0.05261127492475325,0.05261127492475325,1194,1194,1.0,1194,0.05261127492475325,0.05261127492475325,0.20885500311851501,0.20885500311851501,0.6045309901237488,0.6045309901237488,938,30.99799919128418,0,0,False,False,0.6045309901237488,0.20885500311851501
Default World AOE.DOTS.MoveChain_SyncSoldierResultSystem,0.037831701722832234,0.037831701722832234,1194,1194,1.0,1194,0.03783143957878129,0.03783143957878129,0.12947998940944672,0.12947998940944672,0.39567700028419495,0.39567700028419495,817,33.65399932861328,0,0,False,False,0.39567700028419495,0.12947998940944672
Default World Rendering.Animator.AnimatorECSComponentSystem,0.05592200996968864,0.05592200996968864,1194,1194,1.0,1194,0.05592200996968864,0.05592200996968864,0.1765110045671463,0.1765110045671463,0.5626040101051331,0.5626040101051331,1002,33.69200134277344,0,0,False,False,0.5626040101051331,0.1765110045671463
Default World Rendering.Animator.AnimatorECSComponentSystem2D,0.0016028592789319844,0.0016028592789319844,1194,1194,1.0,1194,0.0016028592789319844,0.0016028592789319844,0.0024999999441206455,0.0024999999441206455,0.13276100158691406,0.13276100158691406,459,33.62799835205078,0,0,False,False,0.13276100158691406,0.0024999999441206455
Default World Unity.Transforms.CopyInitialTransformFromGameObjectSystem,0.0012610921106261078,0.0012610921106261078,1194,1194,1.0,1194,0.0012610921106261078,0.0012610921106261078,0.0017709999810904264,0.0017709999810904264,0.004270999692380428,0.004270999692380428,509,32.66400146484375,0,0,False,False,0.004270999692380428,0.0017709999810904264
Default World Unity.Entities.EndInitializationEntityCommandBufferSystem,0.005719640687590861,0.005719640687590861,1194,1194,1.0,1194,0.004944794788420196,0.004944794788420196,0.008593999780714512,0.008593999780714512,0.0981770008802414,0.0981770008802414,138,33.1609992980957,0,0,True,False,0.047967996913939714,0.007656999921891838
EarlyUpdate.PollPlayerConnection,0.27763325258016186,0.27763325258016186,1194,1194,1.0,1194,0.0009363473360262923,0.0009363473360262923,0.41536498069763184,0.41536498069763184,1.1164580583572388,1.1164580583572388,937,39.52399826049805,0,0,True,True,0.06203100085258484,0.0014590024948120117
PlayerConnection.Poll,0.2766969052441356,0.2766969052441356,1194,1194,1.0,1194,0.2766969052441356,0.2766969052441356,0.41484299302101135,0.41484299302101135,1.114635944366455,1.114635944366455,937,39.52399826049805,0,0,False,False,1.114635944366455,0.41484299302101135
TServer.MemCopyMesssages,0.00032345310207699125,0.0016718744756706822,231,1194,0.1934673366834171,599,0.00032345310207699125,0.0016718744756706822,0.00203000009059906,0.003438999905483797,0.04614600178319961,0.04500000178813934,880,32.8849983215332,0,0,False,False,0.04614600178319961,0.003438999905483797
TServer.ParsePacketMessages,0.15426988829975602,0.7973950070558817,231,1194,0.1934673366834171,599,0.04661568450665895,0.24094860303441898,0.9429700076580048,1.7434890270233154,9.094427108764648,9.094427108764648,1008,39.22700119018555,5,0,False,False,0.8010940036838292,0.4100530820360291
LUA:NetMgr.CSUnpack,0.10676623813237003,0.5518566594374451,231,1194,0.1934673366834171,599,0.004027703340544398,0.020818518565411306,0.6364589855074883,1.2056749947369099,8.83088493347168,8.83088493347168,1008,39.22700119018555,4,0,False,False,0.1321339638234349,0.03317799874639604
LUA:NetParser.Deserialize,0.08137867878459494,0.4206326513801141,231,1194,0.1934673366834171,599,0.017410905670148042,0.08999403190544053,0.4927610196173191,0.9574480149894953,7.369740009307861,7.369740009307861,1008,39.22700119018555,4,0,False,False,0.9730720294101047,0.18416497122962028
LUA:NetParser._118,0.003310084585780964,0.017109268378452256,231,1194,0.1934673366834171,599,0.003310084585780964,0.017109268378452256,0.020312999840825796,0.0316659992095083,0.09791599493473768,0.07656199485063553,984,52.75299835205078,0,0,False,False,0.09791599493473768,0.0316659992095083
LUA:DebugParamter.__index,0.008778021012281895,0.02071335393016716,506,1194,0.423785594639866,32085,0.008778021012281895,0.02071335393016716,0.03624900108843576,0.05832999775884673,0.1229690046311589,0.09041699767112732,682,33.582000732421875,0,0,False,False,0.1229690046311589,0.05832999775884673
LUA:NetMgr.RegistUnpackedMsg,0.02120664494948296,0.10961356740122363,231,1194,0.1934673366834171,599,0.0014842059915907558,0.007671610190300271,0.12338499980978668,0.2845839997753501,1.444478988647461,1.444478988647461,1008,39.22700119018555,0,0,False,False,0.07729199808090925,0.012344001443125308
LUA:NetMgr.HandleUnpackMsg,0.01972243895789221,0.10194195721092336,231,1194,0.1934673366834171,599,0.0015556491472708822,0.008040887800179366,0.11494700191542506,0.271822992246598,1.4395830631256104,1.4395830631256104,1008,39.22700119018555,0,0,False,False,0.1722410024376586,0.01166499627288431
SubscribeEntity_C2S_Msg,0.01961683419531514,0.35488636407888297,66,1194,0.05527638190954774,66,0.004452511778691348,0.08054998581450712,0.2533850073814392,0.5533850193023682,0.7881770133972168,0.7881770133972168,943,34.680999755859375,0,0,False,False,0.2860930282622576,0.14046799338393612
LUA:NetServer._638,0.015580161610365514,0.26960453569241194,69,1194,0.05778894472361809,72,0.004021125598716038,0.06958295601256448,0.19468699395656586,0.46473997831344604,0.6554169654846191,0.6554169654846191,943,34.680999755859375,0,0,False,False,0.38906297233188525,0.0936949928291142
C#luaRef,0.00021356532788543745,0.0036956087173219175,69,1194,0.05778894472361809,72,0.00021356532788543745,0.0036956087173219175,0.002604000037536025,0.005156999919563532,0.00937500037252903,0.00937500037252903,943,34.680999755859375,0,0,False,False,0.00937500037252903,0.005156999919563532
LUA:NetMgr.GetUnpackedMsg,0.0010309480907262102,0.005328796624792619,231,1194,0.1934673366834171,626,0.0010309480907262102,0.005328796624792619,0.0019789999932982028,0.003751000011106953,0.40317501744721085,0.35197901725769043,408,32.74100112915039,0,0,False,False,0.40317501744721085,0.003751000011106953
C#cmd,5.5747068061226577e-05,0.0009646666560160077,69,1194,0.05778894472361809,72,5.5747068061226577e-05,0.0009646666560160077,0.0006249999860301614,0.0018220000201836228,0.0035940001253038645,0.0035940001253038645,1122,32.62699890136719,0,0,False,False,0.0035940001253038645,0.0018220000201836228
C#result,6.272445503626974e-05,0.0010854057871493633,69,1194,0.05778894472361809,72,6.272445503626974e-05,0.0010854057871493633,0.0007810000097379088,0.0018229999113827944,0.0034370000939816236,0.0034370000939816236,943,34.680999755859375,0,0,False,False,0.0034370000939816236,0.0018229999113827944
C#aoeErrorCode,0.00010386097013452706,0.0017972463527626858,69,1194,0.05778894472361809,72,0.00010386097013452706,0.0017972463527626856,0.0005729999975301325,0.0013539999490603805,0.06635399907827377,0.06635399907827377,800,33.4119987487793,0,0,False,False,0.06635399907827377,0.0013539999490603805
C#pkgId,0.0001287202673423661,0.0022274202783592045,69,1194,0.05778894472361809,144,0.0001287202673423661,0.0022274202783592045,0.0015619999612681568,0.003958999994210899,0.009218999766744673,0.007499999832361937,943,34.680999755859375,0,0,False,False,0.009218999766744673,0.003958999994210899
C#msgResult,3.987269642196558e-05,0.0006899710076496652,69,1194,0.05778894472361809,72,3.987269642196558e-05,0.0006899710076496652,0.0005729999975301325,0.0010940000065602362,0.0024999999441206455,0.0024999999441206455,943,34.680999755859375,0,0,False,False,0.0024999999441206455,0.0010940000065602362
C#errorMsg,0.00035415410369921666,0.006128405794447315,69,1194,0.05778894472361809,72,0.00032924623074802886,0.005697391297291978,0.0040619997307658195,0.009114999324083328,0.01218700036406517,0.01218700036406517,943,34.680999755859375,0,0,False,False,0.01135400040220702,0.008593000391556416
C#traceId,0.00010577889272032097,0.0018304347522907715,69,1194,0.05778894472361809,72,9.063902669876792e-05,0.0015684492446134623,0.0014579999260604382,0.0031259999377653003,0.004896000027656555,0.004896000027656555,1086,33.46099853515625,0,0,False,False,0.004688000030000694,0.0027089999421150424
C#reserve,8.90360116900898e-05,0.0015407101153328583,69,1194,0.05778894472361809,72,7.403601166683306e-05,0.0012811448975391113,0.0012499999720603228,0.0024999999441206455,0.004791999701410532,0.004791999701410532,399,32.85900115966797,0,0,False,False,0.004583999703754671,0.0020319999384810217
LUA:TblUtil.Contains,0.0015341298125931522,0.005517322277819951,332,1194,0.2780569514237856,1932,0.0015341298125931522,0.005517322277819951,0.007863999984692782,0.010934999998426065,0.09161400026641786,0.08411400020122528,1013,33.04899978637695,0,0,False,False,0.09161400026641786,0.010934999998426065
LUA:StrUtil.IsNullOrEmpty,0.00014320519218303986,0.002478072456036951,69,1194,0.05778894472361809,216,0.00014320519218303986,0.002478072456036951,0.002134000009391457,0.0036969999491702765,0.004064000095240772,0.0032820000778883696,299,33.58399963378906,0,0,False,False,0.004064000095240772,0.0036969999491702765
LUA:PlayerAndAllianceShortInfoMgr._84,0.00866720771145581,0.15679766677997328,66,1194,0.05527638190954774,66,0.00020619849963004466,0.00373031831148899,0.09572899341583252,0.2659370005130768,0.4141659736633301,0.4141659736633301,542,30.690000534057617,0,0,False,True,0.00505298376083374,0.004843994975090027
LUA:PlayerAndAllianceShortInfoMgr.requestNetCallback,0.008461009211825765,0.1530673484684843,66,1194,0.05527638190954774,66,0.00021578975095354344,0.003903832767250468,0.09239600598812103,0.26218798756599426,0.4103640019893646,0.4103640019893646,542,30.690000534057617,0,0,False,False,0.005157002015039325,0.004841996473260224
LUA:PlayerAndAllianceShortInfoMgr.cachePlayerAndAllianceShortInfoWithArray,5.1209380118163864e-05,0.0009264242403195099,66,1194,0.05527638190954774,66,5.1209380118163864e-05,0.00092642424031951,0.0007289999630302191,0.001197999925352633,0.001509999972768128,0.001509999972768128,551,33.69900131225586,0,0,False,False,0.001509999972768128,0.001197999925352633
LUA:PlayerAndAllianceShortInfoMgr.resumeAllWaitCo,0.008194010080754058,0.14823709146091432,66,1194,0.05527638190954774,66,0.0016628274942540183,0.030082061032413603,0.08697899430990219,0.2569790184497833,0.40578100085258484,0.40578100085258484,542,30.690000534057617,0,0,False,False,0.1580709985573776,0.04255701397778466
LUA:PlayerAndAllianceShortInfoMgr.GetPlayerShortInfoInPool,0.0013104145648835423,0.007942309596299236,197,1194,0.16499162479061977,613,0.0008198098756909278,0.004968796911548059,0.0076030000927858055,0.012655000085942447,0.09197900030994788,0.07750000059604645,854,35.27399826049805,0,0,False,False,0.01531299646012485,0.008488999781548046
LUA:PlayerShortInfo.GetPlayerShortInfo,0.0005823860948558638,0.0028382408051342914,245,1194,0.2051926298157454,763,0.0005823860948558638,0.0028382408051342914,0.0029159999103285372,0.0044790000829380006,0.07666600384982303,0.0720830038189888,854,35.27399826049805,0,0,False,False,0.07666600384982303,0.0044790000829380006
LUA:CoMgr.resumeBlockedCos,0.0003144664940498559,0.002007876972703358,187,1194,0.15661641541038526,312,0.0003144664940498559,0.002007876972703358,0.0020309998653829098,0.003490000031888485,0.0058339999814052135,0.005468999966979027,684,33.244998931884766,0,0,False,False,0.0058339999814052135,0.003490000031888485
LUA:TblUtil.PackIntoOrNew,0.0010052847474665456,0.006092944103934291,197,1194,0.16499162479061977,480,0.0006930443833367018,0.004200482201543259,0.006925999885424972,0.011301999911665916,0.06765599781647325,0.06286399811506271,833,33.78200149536133,0,0,False,False,0.06473899784032255,0.006927000009454787
C#sendTime,5.391541005765873e-05,0.0009329710088238336,69,1194,0.05778894472361809,72,5.391541005765873e-05,0.0009329710088238336,0.0007820000173524022,0.0014059999957680702,0.0016139999497681856,0.0014059999957680702,988,33.12699890136719,0,0,False,False,0.0016139999497681856,0.0014059999957680702
C#recvTime,7.410971331800111e-05,0.0012824202565462801,69,1194,0.05778894472361809,72,7.410971331800111e-05,0.0012824202565462801,0.0005729999975301325,0.001145999995060265,0.04286399856209755,0.04286399856209755,747,33.334999084472656,0,0,False,False,0.04286399856209755,0.001145999995060265
C#decodeBeginTime,3.712311515957429e-05,0.0006423912971091552,69,1194,0.05778894472361809,72,3.712311515957429e-05,0.0006423912971091552,0.0005729999975301325,0.001145999995060265,0.0012499999720603228,0.0012499999720603228,747,33.334999084472656,0,0,False,False,0.0012499999720603228,0.001145999995060265
C#decodeEndTime,3.742629761021379e-05,0.0006476376716897863,69,1194,0.05778894472361809,72,3.742629761021379e-05,0.0006476376716897864,0.0005729999975301325,0.001197999983560294,0.001302999968174845,0.0013020000187680125,988,33.12699890136719,0,0,False,False,0.001302999968174845,0.001197999983560294
LUA:NetMgr.statRspTimeCallback,0.0008909597987437019,0.01541747825652145,69,1194,0.05778894472361809,72,0.00048092211059758155,0.008322043479036412,0.0041669998317956924,0.04968700185418129,0.06109299883246422,0.06109299883246422,399,32.85900115966797,0,0,False,False,0.02791899929434294,0.025207997743564192
LUA:NetworkUtil.ResponseCallback,7.267085345593785e-05,0.001257521725020142,69,1194,0.05778894472361809,72,7.267085345593785e-05,0.001257521725020142,0.0007289999630302191,0.0020830000285059214,0.003020999953150749,0.003020999953150749,1077,33.154998779296875,0,0,False,False,0.003020999953150749,0.0020830000285059214
LUA:NetMgr._121,0.0010756046855993806,0.005559619024266928,231,1194,0.1934673366834171,599,0.0006533668315592082,0.0033771428436436992,0.006249000085517764,0.010311999940313399,0.053957997588440776,0.049219001084566116,871,33.7239990234375,0,0,False,False,0.04677199947764166,0.006093999836593866
LUA:NetMgr.RemoveNetMsgCache,0.00042223785404017246,0.002182476180623229,231,1194,0.1934673366834171,599,0.00042223785404017246,0.002182476180623229,0.0022400000016205013,0.0041659999114926904,0.048280999035341665,0.04656299948692322,871,33.7239990234375,0,0,False,False,0.048280999035341665,0.0041659999114926904
LUA:TimeMgr.syncSvrTime,0.0030048157515899718,0.015805066111887343,227,1194,0.19011725293132328,227,0.001279729486682368,0.006731264348452632,0.014999999664723873,0.018177000805735588,0.1123960018157959,0.1123960018157959,434,38.013999938964844,0,0,False,False,0.10421900177607313,0.008020000735996291
Transform.SetParent,0.02419780077954046,0.3359555131485036,86,1194,0.07202680067001675,317,0.003928436474863817,0.05454131570915578,0.05583400116302073,1.0890620052814484,1.5704160332679749,0.7388020157814026,517,33.40299987792969,0,0,False,False,0.2018720024570939,0.11094699908062466
GameObject.ActivateAwakeRecursively,0.008088834979512903,0.06151636283782423,157,1194,0.13149078726968175,496,0.004407843379417888,0.03352207003200611,0.03416700050001964,0.1294249984784983,1.821145970665384,1.4372919797897339,984,52.75299835205078,0,0,False,False,0.3417190017644316,0.09270699970875285
mscorlib.dll!System::Action`2.Invoke(),0.0008977705146142374,0.014292506592658658,75,1194,0.06281407035175879,466,0.0008977705146142374,0.014292506592658658,0.009891999943647534,0.023437000112608075,0.05354099883697927,0.05281199887394905,257,34.645999908447266,0,0,False,False,0.05354099883697927,0.023437000112608075
GatherEntitiesJob (Cleanup),0.000137456448468297,0.0007230088082429366,227,1194,0.19011725293132328,247,0.000137456448468297,0.0007230088082429366,0.0008329999982379377,0.0014059999957680702,0.0027600000612437725,0.0027600000612437725,605,32.867000579833984,0,0,False,False,0.0027600000612437725,0.0014059999957680702
TextureStreamingManager.AddRenderer,0.0002732939674159519,0.002204817547936801,148,1194,0.12395309882747069,476,0.0002732939674159519,0.002204817547936801,0.0021869999618502334,0.004532000013568904,0.008278999928734265,0.002552000107243657,984,52.75299835205078,0,0,False,False,0.008278999928734265,0.004532000013568904
PlanarShadowNewAndUpdatedEntitiesCollectJob (Burst),0.01236511389029977,0.01895243387036961,779,1194,0.652428810720268,1284,0.01236511389029977,0.01895243387036961,0.040520999929867685,0.049115002155303955,0.32031199568882585,0.2718749940395355,813,33.72600173950195,0,0,False,False,0.32031199568882585,0.049115002155303955
LUA:ObjPoolLinkedList.Put,0.06695474306444389,0.26297356322021714,304,1194,0.254606365159129,1657,0.005748688726924768,0.022578731381408465,0.4939590096473694,0.9807280004024506,1.711353987455368,0.9939579963684082,470,33.564998626708984,0,0,False,False,0.23490498826140538,0.06849503394914791
LUA:CoMgr.onPutFunc,0.0018135862628940237,0.011579796780189649,187,1194,0.15661641541038526,311,0.0014597386969953472,0.009320470610761735,0.011926999781280756,0.021041999803856015,0.03640600084327161,0.018073000013828278,542,30.690000534057617,0,0,False,False,0.028279000893235207,0.01677099976222962
LUA:LinkedList.AddLast,0.01024627629820596,0.0255408223383255,479,1194,0.40117252931323283,7162,0.004037799764700683,0.010064995655642204,0.04995299951406196,0.08270800043828785,0.19880200119223446,0.17536500096321106,869,33.512001037597656,0,0,False,False,0.1397339953982737,0.024945999291958287
LUA:LinkedList.InsertAfter,0.0062084765335052765,0.015475826682683299,479,1194,0.40117252931323283,7162,0.00582884755728523,0.014529528149057546,0.03103800059761852,0.047864999767625704,0.18854099727468565,0.17328199744224548,869,33.512001037597656,0,0,False,False,0.18854099727468565,0.0468830002064351
LUA:TimeMgr.OnTick,0.0005555552660259052,0.0012805656131948471,518,1194,0.4338358458961474,518,0.0005555552660259052,0.0012805656131948471,0.0015620000194758177,0.0016670000040903687,0.07031199336051941,0.07031199336051941,787,33.74599838256836,0,0,False,False,0.07031199336051941,0.0016670000040903687
LUA:CoMgr.OnTick,0.0015225334922116954,0.003509469092086418,518,1194,0.4338358458961474,518,0.0015225334922116954,0.003509469092086418,0.004426999948918819,0.0048439996317029,0.0072919996455311775,0.0072919996455311775,264,33.09000015258789,0,0,False,False,0.0072919996455311775,0.0048439996317029
BattleReportDetailCacheManager,0.004499462283008937,0.010371347424541833,518,1194,0.4338358458961474,518,0.0017934798659254459,0.004134005714121588,0.010208000428974628,0.01140700001269579,0.2389579862356186,0.2389579862356186,1050,35.30699920654297,0,0,False,False,0.12817599531263113,0.0045830002054572105
LUA:BattleReportDetailCacheManager.OnTick,0.0027059824170834906,0.0062373417104202465,518,1194,0.4338358458961474,518,0.0012921047008126799,0.0029783262794794204,0.006353999953716993,0.006926999893039465,0.19953100383281708,0.19953100383281708,1050,35.30699920654297,0,0,False,False,0.1957290037535131,0.003281000070273876
LUA:Entity.OnTick,0.03572959215269101,0.08235739967241905,518,1194,0.4338358458961474,4662,0.0033937237020892986,0.007822598649217418,0.09171899629291147,0.13093800493516028,0.7609899624949321,0.7571879625320435,579,34.07699966430664,0,0,False,False,0.05697900123777799,0.008543000352801755
LUA:Entity.tickChildren,0.034182051874930626,0.07879028945688642,518,1194,0.4338358458961474,4662,0.014550453883662943,0.033539077098636204,0.08682399766985327,0.12739499437157065,0.7579169844393618,0.7564579844474792,579,34.07699966430664,0,0,False,False,0.6659889817237854,0.04021000623470172
Float_FieldEntityName,0.01735570517460655,0.040005235479691544,518,1194,0.4338358458961474,518,0.001338774756445757,0.003085901658679988,0.04416700080037117,0.08135399967432022,0.2777079939842224,0.2777079939842224,1150,33.428001403808594,0,0,False,False,0.04369699954986572,0.004166007041931152
LUA:Float_FieldEntityName.OnTick,0.016016930418160793,0.036919333821011556,518,1194,0.4338358458961474,518,0.006101030095009602,0.014062992149500898,0.04067699983716011,0.07677100598812103,0.27354198694229126,0.27354198694229126,1150,33.428001403808594,0,0,False,False,0.20005399885121733,0.018229997367598116
Float_FieldEntityName.OnTick,0.00599140954676585,0.013810314669572249,518,1194,0.4338358458961474,518,0.0027222847574783593,0.0062749189197474145,0.014686999842524529,0.01651099883019924,0.16849000751972198,0.16849000751972198,915,33.81100082397461,0,0,False,False,0.058281996636651456,0.00770899944473058
LUA:Float_FieldEntityName.HasDirtyRefreshUI,0.0005141540994622762,0.0011851351250153626,518,1194,0.4338358458961474,518,0.0005141540994622762,0.0011851351250153626,0.0013539999490603805,0.0015620000194758177,0.05692699924111366,0.05692699924111366,491,33.652000427246094,0,0,False,False,0.05692699924111366,0.0015620000194758177
LUA:Float_FieldEntityName.TickAsyncUI,0.0027549706898252146,0.0063502606248094715,518,1194,0.4338358458961474,518,0.00242655863082323,0.005593264488808759,0.00697900028899312,0.007656000088900328,0.15468700230121613,0.15468700230121613,915,33.81100082397461,0,0,False,False,0.15354100230615586,0.0066670000669546425
LUA:Float_FieldEntityName.StopTickHandler,0.0011313400292531953,0.0026077606079697208,518,1194,0.4338358458961474,518,0.0011313400292531953,0.0026077606079697208,0.0031250000465661287,0.0034890000242739916,0.046875,0.046875,678,32.50899887084961,0,0,False,False,0.046875,0.0034890000242739916
LUA:HUD_Common.OnTick,0.04871593548649519,0.11229117175844645,518,1194,0.4338358458961474,518,0.0026166029811994828,0.006031320385235873,0.1436460018157959,0.17192700505256653,0.7969269752502441,0.7969269752502441,579,34.07699966430664,0,0,False,False,0.14369701297255233,0.008594002021709457
Hud_Common.OnTick,0.045963715250218536,0.10594725098216395,518,1194,0.4338358458961474,518,0.005957314950262438,0.013731725966435042,0.13161501288414001,0.16078199446201324,0.7924479842185974,0.7924479842185974,579,34.07699966430664,0,0,False,False,0.0727090024665813,0.01916600020194892
ArmyTick,0.0025507370152368742,0.005879498062148316,518,1194,0.4338358458961474,518,0.001820887782251372,0.004197181490363201,0.006926999893039465,0.00760400015860796,0.09421899914741516,0.09421899914741516,157,33.547000885009766,0,0,False,False,0.09192799916490912,0.005572999711148441
bottom,0.03562157368677445,0.0821084150231828,518,1194,0.4338358458961474,518,0.002035708483339754,0.004692347353489703,0.09114600718021393,0.13218699395656586,0.7652089595794678,0.7652089595794678,579,34.07699966430664,0,0,False,False,0.2382809817790985,0.006147004663944244
LUA:Pan_Hud_CommonGuildBtn.OnTick,0.01495240618267301,0.0344655849075513,518,1194,0.4338358458961474,518,0.0026494321457018306,0.00610699224318144,0.03713499754667282,0.04400999844074249,0.3208859860897064,0.3208859860897064,84,31.711000442504883,0,0,False,False,0.17302199639379978,0.006771998479962349
LUA:MingChengHoldingsUtil.GetHudIndustrySelectTipTarget,0.0049241013416218594,0.011350148652309846,518,1194,0.4338358458961474,518,0.0015946934555409167,0.003675799200609758,0.012343999929726124,0.013489999808371067,0.24635399878025055,0.24635399878025055,97,32.95500183105469,0,0,False,False,0.011823000386357307,0.004635999910533428
LUA:MingChengHoldingsUtil._2523,0.003329407886080943,0.007674349451700089,518,1194,0.4338358458961474,518,0.003329407886080943,0.007674349451700089,0.008229000493884087,0.009219000115990639,0.24213600158691406,0.24213600158691406,97,32.95500183105469,0,0,False,False,0.24213600158691406,0.009219000115990639
LUA:Pan_Hud_CommonGuildBtn.HideIndustrySelectTip,0.007378872695349319,0.017008444012060014,518,1194,0.4338358458961474,518,0.00346187937962222,0.007979698801677473,0.01875000074505806,0.020728999748826027,0.3057290017604828,0.3057290017604828,84,31.711000442504883,0,0,False,False,0.09088500076904893,0.01010399975348264
LUA:Pan_Hud_CommonGuildBtn.StopIndustryTipTick,0.000508964824091668,0.0011731737451070496,518,1194,0.4338358458961474,518,0.000508964824091668,0.0011731737451070496,0.0012499999720603228,0.0013539999490603805,0.05057300254702568,0.05057300254702568,32,33.316001892089844,0,0,False,False,0.05057300254702568,0.0013539999490603805
PlanarShadowNewAndUpdatedEntitiesCollectJob (Cleanup),0.00016623869128757309,0.0011814821273652516,168,1194,0.1407035175879397,174,0.00016623869128757309,0.0011814821273652516,0.0012499999720603228,0.0020309998653829098,0.004894999787211418,0.004894999787211418,399,32.85900115966797,0,0,False,False,0.004894999787211418,0.0020309998653829098
LUA:LMulthreadGCUtil.collectgarbage,0.00024367923126902106,0.0016818092608971741,173,1194,0.14489112227805695,794,0.00024367923126902106,0.0016818092608971741,0.001875999994808808,0.002812999955494888,0.0038560000393772498,0.0018749999580904841,190,33.051998138427734,0,0,False,False,0.0038560000393772498,0.002812999955494888
*** pb.decode***15,0.0005909338393802419,0.047038333614667256,15,1194,0.01256281407035176,15,0.0005631105564035463,0.044823600289722286,0.0,0.055261000990867615,0.055261000990867615,0.055261000990867615,548,40.38199996948242,0,0,False,False,0.05244900085381232,0.05244900085381232
LUA:NetMsgPostProcesser.WorldEntityNtf,0.015846467344967845,0.11129812946995063,170,1194,0.1423785594639866,370,0.0015368869580239543,0.010794370752238831,0.07999799866229296,0.28864601079840213,1.434478998184204,1.434478998184204,1008,39.22700119018555,0,0,False,False,0.1298439921811223,0.018076966516673565
*** pb.decode***150,0.0001501867694271669,0.08966150134801865,2,1194,0.0016750418760469012,2,0.00014761306761520824,0.08812500136627932,0.0,0.1308329999446869,0.1308329999446869,0.1308329999446869,5,34.86199951171875,0,0,False,False,0.12927099998341873,0.12927099998341873
LUA:WorldCoordFormatUtil.FormatWorldPosition_WorldEntityAttr,0.01430958038694389,0.1017002320357798,168,1194,0.1407035175879397,1940,0.004624414511474038,0.03286637456369049,0.07041600299999118,0.23046700237318873,1.4098940081894398,0.17494799196720123,1008,39.22700119018555,0,0,False,False,0.3141709889168851,0.10905400328920223
LUA:WorldUtil.GetAttrComponent,0.015701322581641353,0.06442398337621916,291,1194,0.24371859296482412,42057,0.015701322581641353,0.06442398337621917,0.09472699898469727,0.16183699946850538,0.25110000259883236,0.20395900309085846,1001,33.64400100708008,0,0,False,False,0.25110000259883236,0.16183699946850538
LUA:WorldCoordFormatUtil.FormatWorldPosition_PosAttr,0.002992365160427845,0.021267166675897897,168,1194,0.1407035175879397,1940,0.0010557244617793334,0.007503184567645977,0.014426999870920554,0.06926900132384617,0.31521199829876423,0.16911399364471436,1008,39.22700119018555,0,0,False,False,0.15151599743694533,0.01817499997559935
LUA:WorldCoordFormatUtil.FormatWorldPosition_MoveAttr,0.005252016767900604,0.03667197673025334,171,1194,0.14321608040201006,2068,0.0022378434141028937,0.015625643487946518,0.025469000873272307,0.10276099869224709,0.7289040079340339,0.09369699656963348,1008,39.22700119018555,0,0,False,False,0.29882001141959336,0.06119699926057365
WorldEntityNtf,0.020373453969569563,0.14309355317450623,170,1194,0.1423785594639866,370,0.0024754155202576862,0.01738615371286869,0.14551999792456627,0.3123430013656616,0.827553004026413,0.6545830368995667,408,32.74100112915039,0,0,False,False,0.3567190207540989,0.023698020726442337
LUA:NetServer.funcForCS,0.050786352243705014,0.3425926812371965,177,1194,0.14824120603015076,560,0.005241139408748102,0.03535548279121601,0.23463598638772964,0.9381769821047783,9.988124611787498,9.782760620117188,628,60.51300048828125,2,0,False,False,0.2806759682134725,0.09473900339799002
LUA:OutsideMapNet.func,0.02332747981347724,0.15825574373461263,176,1194,0.1474036850921273,525,0.004756224332610828,0.03226665825646209,0.07520799804478884,0.6582279708236456,1.1054170010611415,0.8818230032920837,650,33.08599853515625,0,0,False,False,0.15859200249542482,0.06911300243518781
LUA:OutsideMapNet.processFullUpdateEntity,0.0009100276341755801,0.006391605854150839,170,1194,0.1423785594639866,370,0.0005287453920513757,0.0037136588124078974,0.006458999909227714,0.012916000443510711,0.10687499603955075,0.10656199604272842,408,32.74100112915039,0,0,False,False,0.09843699651537463,0.006303000380285084
LUA:OutsideMapNet.processChangeUpdateEntity,0.0010431540976968785,0.0073266234861769,170,1194,0.1423785594639866,370,0.0004329832475102028,0.0030410705736893064,0.006718999706208706,0.011978999711573124,0.062083999160677195,0.058437999337911606,11,34.88800048828125,0,0,False,False,0.048074002988869324,0.005364000564441085
processDeleteInfo,0.0011082294816697263,0.013232260011136532,100,1194,0.08375209380234507,100,0.00031288945189422897,0.003735900055617094,0.010989999398589134,0.014895999804139137,0.08958400040864944,0.08958400040864944,1009,53.58100128173828,0,0,False,False,0.07479099743068218,0.00421999953687191
LUA:OutsideMapNet.processDeleteInfo,0.0009888852577238914,0.006945464692484272,170,1194,0.1423785594639866,370,0.0005118526007065654,0.0035950117955508175,0.008958999635069631,0.011822999964351766,0.08458299782068934,0.08322899788618088,1009,53.58100128173828,0,0,False,False,0.00781100032327231,0.006459000171162188
LUA:MapSignificanceMgr.WritePrepareData_DeleteInfo,0.0004770326570173261,0.0040395531381467184,141,1194,0.11809045226130653,204,0.0004770326570173261,0.0040395531381467184,0.0035940000670962036,0.0056249998160637915,0.08145899284863845,0.08072899281978607,1009,53.58100128173828,0,0,False,False,0.08145899284863845,0.0056249998160637915
LUA:NetMgr.statNtfTimeCallback,0.007561757943360525,0.051009824770465916,177,1194,0.14824120603015076,560,0.002953288925682363,0.019922186312230177,0.05005099903792143,0.16411400493234396,0.6289579796139151,0.5786979794502258,1103,38.21099853515625,0,0,False,False,0.1809920012310613,0.04749697538500186
LUA:MapSignificanceMgr.WritePrepareData_ChangeUpdateEntity,0.0006101708501866758,0.0043365713995410175,168,1194,0.1407035175879397,270,0.0006101708501866758,0.0043365713995410175,0.0041669998317956924,0.005677000153809786,0.05859299947042018,0.057082999497652054,11,34.88800048828125,0,0,False,False,0.05859299947042018,0.005677000153809786
NetMgr.StatisticNtfTime,0.000951242039582288,0.010325299956920471,110,1194,0.09212730318257957,144,0.0005390736993193202,0.0058513999726115306,0.006926999893039465,0.023175999987870455,0.086041996255517,0.07682299613952637,266,37.020999908447266,0,0,False,False,0.07692599622532725,0.01135499938391149
LUA:MapCoreMgr.ProcessDeleteInfo,0.021776323253522866,0.26000929964706304,100,1194,0.08375209380234507,414,0.0014559221426177133,0.017383710382855497,0.10484400391578674,1.0091160014271736,3.7262970078736544,1.3909900188446045,842,32.36399841308594,2,0,False,False,0.2926429521321552,0.018957007414428517
LUA:MapDataCtrl.GetDataByEntityId,0.0065034556142042795,0.012564928808025745,618,1194,0.5175879396984925,15234,0.0065034556142042795,0.012564928808025745,0.02011200020206161,0.02406500032520853,0.2112419988552574,0.09822899848222733,466,30.774999618530273,0,0,False,False,0.2112419988552574,0.02406500032520853
LUA:MapCoreMgr.DestroyMapObject,0.020007550192238696,0.23889014929533003,100,1194,0.08375209380234507,414,0.00035140939818155425,0.004195828214287758,0.09296800196170807,0.9959369860589504,3.4161429964005947,1.3763020038604736,842,32.36399841308594,2,0,False,True,0.08608199097216129,0.00390702486038208
LUA:MapSignificanceMgr.RequestTask_MapObjCleanUp,0.019656140794057142,0.2346943210810423,100,1194,0.08375209380234507,414,0.0015398669710821181,0.01838601163472049,0.09088499844074249,0.9924489930272102,3.3300610054284334,1.3736460208892822,842,32.36399841308594,2,0,False,False,0.37500200132490136,0.01801999771851115
LUA:MapSignificanceTaskFactory.TakeTask_MapObjCleanUp,0.0008096440535910753,0.009667149999877438,100,1194,0.08375209380234507,414,0.0005572093817424122,0.006653080018004402,0.006302000023424625,0.009114000131376088,0.16036599915241823,0.038332998752593994,842,32.36399841308594,0,0,False,False,0.0954230000206735,0.00666499967337586
LUA:MapSignificanceTaskFactory.onTakeFunc,0.002401280590956851,0.009818935019186577,292,1194,0.24455611390284757,4887,0.002401280590956851,0.009818935019186577,0.011664999969070777,0.018801000114763156,0.1760410126298666,0.1685420125722885,301,33.0359992980957,0,0,False,False,0.1760410126298666,0.018801000114763156
LUA:MapSignificanceMgr.GetTaskUniqueId,0.001465748746965589,0.005993506862592169,292,1194,0.24455611390284757,4887,0.001465748746965589,0.005993506862592169,0.0063550001359544694,0.011399000301025808,0.15041699877474457,0.1227089986205101,466,30.774999618530273,0,0,False,False,0.15041699877474457,0.011399000301025808
LUA:MapSignificanceMgr.TakeEntityTask,0.006695532667402539,0.027378308235885725,292,1194,0.24455611390284757,4887,0.004742611382856955,0.01939273284633974,0.0404669992858544,0.08322899998165667,0.3578659981430974,0.14593800902366638,834,34.5260009765625,0,0,False,False,0.2608289964700816,0.04577400011476129
LUA:ObjPool.Take,0.0010457537726482956,0.007301929851123186,171,1194,0.14321608040201006,1997,0.0010457537726482956,0.007301929851123186,0.005626000027405098,0.019639000296592712,0.096408003824763,0.09354100376367569,398,33.65800094604492,0,0,False,False,0.096408003824763,0.019639000296592712
LUA:MapSignificanceEntityTask.Init,0.0009071675118972887,0.006334257363774051,171,1194,0.14321608040201006,1997,0.0009071675118972887,0.006334257363774051,0.004895999998552725,0.017239000138943084,0.1075020029238658,0.10380200296640396,221,33.395999908447266,0,0,False,False,0.1075020029238658,0.017239000138943084
LUA:MapSignificanceEntityTask.SetEntityTask,0.04487629310236511,0.1835010067267943,292,1194,0.24455611390284757,4887,0.010209675180659745,0.04174778138941006,0.23093799967318773,0.4583319961093366,2.7071910039521754,1.3445839881896973,842,32.36399841308594,0,0,False,False,0.28644301163149066,0.10015399160329252
LUA:MapSignificanceEntityTask.CheckException,0.0076924647768300105,0.03145480460114737,292,1194,0.24455611390284757,4887,0.004337375208200579,0.017735705474628397,0.042603999376297,0.0829109986370895,0.39650899916887283,0.1580210030078888,466,30.774999618530273,0,0,False,False,0.29671599937137216,0.04193399896030314
LUA:MapSignificanceEntityTask.CheckException_MapObjCleanUp,0.000305520935738545,0.0036479199727182275,100,1194,0.08375209380234507,414,0.000305520935738545,0.0036479199727182275,0.0014059999957680702,0.0035929999430663884,0.09979299979750067,0.009062000550329685,466,30.774999618530273,0,0,False,False,0.09979299979750067,0.0035929999430663884
LUA:MapSignificanceEntityTask.CounteractTask,0.017158330820577487,0.07016111986222438,292,1194,0.24455611390284757,4715,0.0033480326194844407,0.0136902429714535,0.07291800290113315,0.15578299708431587,1.9756190035259351,1.3244270086288452,842,32.36399841308594,0,0,False,False,0.14937601034762338,0.0495839977520518
LUA:MapSignificanceEntityTask.CounteractTask_MapObjCleanUp,0.0119959238372194,0.14323133061639964,100,1194,0.08375209380234507,414,0.002702831760967026,0.03227181122594629,0.04406199976801872,0.9278649650514126,1.9394260663539171,1.3223960399627686,235,42.39799880981445,0,0,False,False,0.5120039866305888,0.056820998739567585
LUA:MapSignificanceEntityTask.ClearAllTask,0.003881593808918642,0.03286966672233233,141,1194,0.11809045226130653,823,0.0018125712115485673,0.015349007280772974,0.013541999738663435,0.06828099489212036,1.0703660123981535,0.2882300019264221,842,32.36399841308594,0,0,False,False,0.3477520218875725,0.06468900453182869
LUA:InfiniteZoomUtil.IsLocalIconBigCityEntityType,0.001665150749993782,0.006098742317461888,326,1194,0.2730318257956449,2681,0.001665150749993782,0.006098742317461888,0.008174999995389953,0.010258000052999705,0.05192499913391657,0.042238999158144,212,33.15800094604492,0,0,False,False,0.05192499913391657,0.010258000052999705
LUA:InfiniteZoomMapEntityCtrl.RemoveMapEntityIcon,0.0007095385137573937,0.005262043387741168,161,1194,0.13484087102177555,819,0.0007095385137573937,0.005262043387741168,0.0035939999506808817,0.006197999930009246,0.15348899518721737,0.15052099525928497,249,33.619998931884766,0,0,False,False,0.15348899518721737,0.006197999930009246
LUA:MapEntityCtrl.GetEntityById,0.004019531804563788,0.007893620024094017,608,1194,0.509212730318258,6308,0.004019531804563788,0.007893620024094017,0.011662999910186045,0.013437000045087188,0.23833399047725834,0.22968699038028717,714,32.04999923706055,0,0,False,False,0.23833399047725834,0.013437000045087188
LUA:MapEntityBase.SetZombieState,0.0002535267988878179,0.0031864315565479427,95,1194,0.07956448911222781,398,0.0002535267988878179,0.0031864315565479427,0.0014579999260604382,0.0035409999545663595,0.06843199979630299,0.0029159998521208763,842,32.36399841308594,0,0,False,False,0.06843199979630299,0.0035409999545663595
LUA:MapEntityDataBase.SetZombieState,0.00023838693273220199,0.0029649374758567624,96,1194,0.08040201005025126,400,0.00023838693273220199,0.0029649374758567624,0.0007820000173524022,0.002397000018390827,0.08484299737028778,0.08385399729013443,508,41.40299987792969,0,0,False,False,0.08484299737028778,0.002397000018390827
LUA:MapSignificanceMgr.OnEntityTaskAddSignificanceTask,0.00928098648140898,0.03795033513288466,292,1194,0.24455611390284757,4700,0.00384098987100518,0.015705965431438988,0.04572899895720184,0.12244800245389342,0.28484097972977906,0.2723429799079895,1090,33.70100021362305,0,0,False,False,0.264996979967691,0.059892999881412834
LUA:LinkedList.InsertFirst,0.0003796289762200466,0.0023731779979410243,191,1194,0.15996649916247907,291,0.0003796289762200466,0.0023731779979410243,0.0013539999490603805,0.002291999931912869,0.10343699908116832,0.10249999910593033,819,33.33399963378906,0,0,False,False,0.10343699908116832,0.002291999931912869
LUA:MapSignificanceTaskScheduler.AddEntityTask,0.0024736415567954886,0.010114821982239086,292,1194,0.24455611390284757,4887,0.0024736415567954886,0.010114821982239088,0.012291000166442245,0.025987000306486152,0.16021000093314797,0.14901100099086761,365,33.02799987792969,0,0,False,False,0.16021000093314797,0.025987000306486152
LUA:MapCoreMgr.RefreshMapObject,0.02324141543927966,0.16920884167377995,164,1194,0.1373534338358459,1620,0.0010218207688902315,0.0074393536466764425,0.1610949970781803,0.32723899744451046,2.0273410007357597,0.30765601992607117,834,34.5260009765625,0,0,False,False,0.14338699728250504,0.010882001370191574
LUA:MapSignificanceMgr.RequestTask_MapObjRefresh,0.022219594670389427,0.16176948802710353,164,1194,0.1373534338358459,1620,0.0042977077190480915,0.03128940863745988,0.15505200438201427,0.32322900276631117,1.9621409988030791,0.30692699551582336,834,34.5260009765625,0,0,False,False,0.37500999313488137,0.06781099816726055
LUA:MapSignificanceTaskFactory.TakeTask_MapObjRefresh,0.0019065711888195276,0.013880768289332414,164,1194,0.1373534338358459,1618,0.001328129805437772,0.009669432851784754,0.010887000011280179,0.02729099994758144,0.15645900135859847,0.12114600092172623,834,34.5260009765625,0,0,False,False,0.1245850007981062,0.016247000021394342
LUA:MapSignificanceEntityTask.CheckException_MapObjRefresh,0.002469116378478258,0.01797637168233561,164,1194,0.1373534338358459,1618,0.0016156875687466867,0.011762993640753318,0.01620000001275912,0.03281499975128099,0.2093809962971136,0.09078099578619003,834,34.5260009765625,0,0,False,False,0.1468849962693639,0.018389999953797087
LUA:MapSignificanceMgr.GetEntityTaskByEntityId,0.0042211616480689095,0.008842222820691715,570,1194,0.47738693467336685,8806,0.0042211616480689095,0.008842222820691715,0.014432000200031325,0.020887000049697235,0.08395800487778615,0.08046900480985641,1105,33.64899826049805,0,0,False,False,0.08395800487778615,0.020887000049697235
LUA:MapSignificanceEntityTask.GetEntityInfo,0.003718371826719428,0.01317429068576557,337,1194,0.28224455611390287,3719,0.0032474882365072766,0.011505937550117768,0.01807299943175167,0.034896999364718795,0.2536489950725809,0.07427100092172623,834,34.5260009765625,0,0,False,False,0.21682599461928476,0.030052999281906523
LUA:MapSignificanceEntityTask.RemoveSignificanceTask,0.010017259589316856,0.02466104731885428,485,1194,0.40619765494137355,4513,0.010017259589316856,0.02466104731885428,0.03854200034402311,0.053906999761238694,0.2133870057296008,0.19750000536441803,487,33.4640007019043,0,0,False,False,0.2133870057296008,0.053906999761238694
LUA:MapSignificanceMgr._1299,0.0061374413042791015,0.015109494674864426,485,1194,0.40619765494137355,4544,0.0041981305725407635,0.010335191553842622,0.02244700025767088,0.030783999362029135,0.3153139919741079,0.28953099250793457,1161,32.96500015258789,0,0,False,False,0.3044299919565674,0.019687999185407534
LUA:MapSignificanceMgr.ProcessSignificanceTask,1.2390566457942802,3.050378629027568,485,1194,0.40619765494137355,4532,0.026494200838008918,0.06522489855790237,4.230623911134899,4.888541981577873,7.025569108314812,6.375936985015869,350,33.30699920654297,305,0,False,False,0.5383850743055518,0.15921601561421994
LUA:MapSignificanceMgr.GetSampler_ProcessTask,0.002318687598281747,0.00570827421102764,485,1194,0.40619765494137355,4532,0.002318687598281747,0.005708274211027641,0.006772000095224939,0.008280000067315996,0.3529169920075219,0.3517189919948578,477,32.435001373291016,0,0,False,False,0.3529169920075219,0.008280000067315996
MapSignificanceMgr.ProcessTask_MapObjCleanUp,0.2444328382374154,2.012777992106717,145,1194,0.12144053601340034,398,0.002435053473444175,0.020051405843395483,2.3821870386600494,4.021508991718292,4.656822979450226,2.5372390747070312,856,32.516998291015625,49,0,False,True,0.11958198249340057,0.04921602935064584
LUA:MapSignificanceMgr.ProcessSignificanceTask_MapObjCleanUp,0.24110526383746808,1.9853771380823233,145,1194,0.12144053601340034,398,0.002219858098185954,0.018279383236096753,2.359375,3.980000078678131,4.589842975139618,2.4932289123535156,856,32.516998291015625,48,0,False,False,0.5452591088833287,0.023695989337284118
LUA:MapEntityCtrl.RemoveEntity,0.21480448953565554,1.768803865555674,145,1194,0.12144053601340034,404,0.002894741765332546,0.02383670115729007,2.1446870267391205,3.7113039195537567,4.2520319521427155,2.2955729961395264,470,33.564998626708984,36,0,False,False,0.10161098738899454,0.045888993045082316
LUA:MapCoordUtil.ConvertGridToGridIndex,0.00118258961352219,0.0032534838676163474,434,1194,0.36348408710217756,2711,0.00118258961352219,0.0032534838676163474,0.004584999958751723,0.0055219999921973795,0.049167000397574157,0.04739600047469139,382,32.67100143432617,0,0,False,False,0.049167000397574157,0.0055219999921973795
LUA:MapEntityCtrl.RemoveEntityInTypeData,0.0004417755410284423,0.0036377930757790352,145,1194,0.12144053601340034,404,0.0004417755410284423,0.0036377930757790352,0.003749999974388629,0.006561000016517937,0.01051899988669902,0.004478999879211187,847,33.53900146484375,0,0,False,False,0.01051899988669902,0.006561000016517937
LUA:OutsideNormalArmyEntity.CleanUp,0.1964546203538401,2.3456681670248507,100,1194,0.08375209380234507,314,0.003104698956038076,0.03707010553509463,1.9128639698028564,3.6647389829158783,4.198124974966049,2.2671871185302734,470,33.564998626708984,33,0,False,False,0.14218893922225107,0.06713205971755087
LUA:Scheduler.UnScheduleTarget,0.015233117231780934,0.040418537721658744,450,1194,0.3768844221105528,765,0.0017265217469215792,0.004581037701831924,0.08979200199246407,0.1733860019594431,0.28411400131881237,0.26218798756599426,856,32.516998291015625,0,0,True,False,0.06041799113154411,0.00989499781280756
LUA:EntityGameLoop.UnRegisterEntityByTarget,0.013506595484859356,0.03583750001982682,450,1194,0.3768844221105528,765,0.0031814346570647662,0.008441406623411847,0.08312499616295099,0.16322900261729956,0.26953198574483395,0.2583859860897064,249,33.619998931884766,0,0,True,False,0.08838499477133155,0.02328299697546754
LUA:EntityGameLoop.UnRegisterEntity,0.01032516082779459,0.027396093396414977,450,1194,0.3768844221105528,5355,0.002711299874906737,0.0071939823347525415,0.07125199744768906,0.1253670035948744,0.2573950022488134,0.24828100204467773,249,33.619998931884766,0,0,True,False,0.08786599559243768,0.01916900348442141
LUA:TblUtil.RemoveByValue,0.007628953917391935,0.020242157727479934,450,1194,0.3768844221105528,772,0.007628953917391935,0.020242157727479934,0.06171900103799999,0.10281300125643611,0.2472909966018051,0.2441139966249466,249,33.619998931884766,0,0,False,False,0.2472909966018051,0.10281300125643611
LUA:OutsideNormalArmyEntity.ResetHuaxiaResourceBuildParams,0.0022166440340610754,0.02646672976668924,100,1194,0.08375209380234507,314,0.0010137571041487661,0.012104259823536268,0.016561999917030334,0.03656299924477935,0.27302098274230957,0.27302098274230957,648,33.84299850463867,0,0,False,False,0.06020799861289561,0.019584000852773897
LUA:CivilHuaxiaMgr.PrintLogHuaxia,0.0013408132316615339,0.005697263340227301,281,1194,0.23534338358458962,3836,0.0013408132316615339,0.0056972633402273005,0.005778000006102957,0.008437000011326745,0.18422200303757563,0.17947900295257568,490,33.44200134277344,0,0,False,False,0.18422200303757563,0.008437000011326745
LUA:OutsideNormalArmyEntity.HideHuaxiaResourceBuildGridArea,0.0021877336501353695,0.00929592163082431,281,1194,0.23534338358458962,1273,0.0013363509072038427,0.005678302431321666,0.009949000086635351,0.01625099976081401,0.26432199450209737,0.2623949944972992,648,33.84299850463867,0,0,False,False,0.26203099451959133,0.009323999955086038
LUA:CivilHuaxiaMgr.HideHuaxiaResourceCityGridArea,0.0012110385281115519,0.005145836308061185,281,1194,0.23534338358458962,2546,0.0012110385281115519,0.005145836308061185,0.0058860000426648185,0.009842999977990985,0.10843600003863685,0.10447899997234344,475,33.650001525878906,0,0,False,False,0.10843600003863685,0.009842999977990985
LUA:OutsideNormalArmyEntity.ResetHuaxiaFightCityBuildParams,0.0009456030109708495,0.011290499950991944,100,1194,0.08375209380234507,314,0.0006131884406409086,0.007321469981252449,0.008697999874129891,0.02005199925042689,0.057446996914222836,0.0452599972486496,471,32.981998443603516,0,0,False,False,0.024062000738922507,0.013595999567769468
LUA:OutsideNormalArmyEntity.HideHuaxiaFightCityBuildGridArea,0.0010140008327509846,0.004308601403219486,281,1194,0.23534338358458962,1273,0.0006543450475709592,0.002780384294660944,0.005261999962385744,0.009008999855723232,0.05119799909880385,0.04374999925494194,471,32.981998443603516,0,0,False,False,0.04822699906071648,0.005728999909479171
LUA:OutsideNormalArmyEntity.StopCommanderEffects,0.00029227052044470124,0.002932529423621624,119,1194,0.09966499162479062,649,0.00029227052044470124,0.002932529423621624,0.002395999967120588,0.005365000193705782,0.0076030000345781446,0.0024999999441206455,847,33.53900146484375,0,0,False,False,0.0076030000345781446,0.005365000193705782
Lua:ArmyCleanUp,0.18081130922289948,2.1588870321214197,100,1194,0.08375209380234507,314,0.0034392427927318146,0.04106455894521787,1.734739065170288,3.405105024576187,3.9668749570846558,2.1969799995422363,470,33.564998626708984,23,0,False,False,0.23916704102884978,0.08572692624875344
LUA:OutsideNormalArmyEntity.RefreshBattleMusic,0.00037510050774403335,0.0026191228435460574,171,1194,0.14321608040201006,425,0.00037510050774403335,0.0026191228435460574,0.0018230000277981162,0.003698000014992431,0.16942700743675232,0.16942700743675232,819,33.33399963378906,0,0,False,False,0.16942700743675232,0.003698000014992431
LUA:OutsideNormalArmyEntity._logicCleanUp,0.015301208611042668,0.1773751755493684,103,1194,0.08626465661641541,321,0.0011228008028154903,0.013015768529725198,0.11822999641299248,0.34229299426078796,0.4427090063691139,0.31739500164985657,484,33.624000549316406,0,0,False,False,0.0678110052831471,0.020209001726470888
LUA:MapEntityOp.StaticDisableDragEntity,0.0005428232751311687,0.006546777681885005,99,1194,0.0829145728643216,313,0.00031045225605979356,0.0037442423609635707,0.004271000041626394,0.010103999986313283,0.08619799464941025,0.08619799464941025,938,30.99799919128418,0,0,False,False,0.08406299469061196,0.0055189998529385775
LUA:MapEntityOp.RemoveDisableDragEntityId,0.0002323710190713752,0.002802535320921434,99,1194,0.0829145728643216,313,0.0002323710190713752,0.002802535320921434,0.002032000105828047,0.004896000027656555,0.005208999966271222,0.00458399998024106,508,41.40299987792969,0,0,False,False,0.005208999966271222,0.004896000027656555
LUA:MapEntitySelect.IsCurrentSelectedById,0.01422032155486532,0.17150569632837567,99,1194,0.0829145728643216,320,0.00225898072297468,0.027244676598300686,0.12166699767112732,0.316613994538784,0.42265600711107254,0.31682300567626953,484,33.624000549316406,0,0,False,False,0.25520800007507205,0.06916700350120664
C#StaticGetAllSelectedArmy,0.005754559443190295,0.0694034744966587,99,1194,0.0829145728643216,320,0.005632811534548212,0.06793512093182388,0.0445830007083714,0.13135400135070086,0.23588499426841736,0.23588499426841736,249,33.619998931884766,0,0,False,False,0.2356769942707615,0.13036200134229148
LUA:OutsideNormalArmyEntity.ClearAirShipFlyingEffect,0.0004854095423496812,0.002187090541756677,265,1194,0.2219430485762144,626,0.0004854095423496812,0.002187090541756677,0.0026029999717138708,0.004477999929804355,0.011301999998977408,0.009686999954283237,631,33.36000061035156,0,0,False,False,0.011301999998977408,0.004477999929804355
LUA:OutsideNormalArmyEntity.HideAutoPavingPath,0.0026223458856413644,0.011024933054421792,284,1194,0.23785594639865998,969,0.0017537211010668784,0.007373038713640327,0.01218700036406517,0.022084999596700072,0.09973900194745511,0.09786400198936462,648,33.84299850463867,0,0,False,False,0.09541600209195167,0.013597999815829098
LUA:GridPreviewMgr.ClearAutoPavingPathByArmyId,0.0008686247845744859,0.0036518943407814653,284,1194,0.23785594639865998,969,0.0008686247845744859,0.0036518943407814653,0.00458399998024106,0.00848799990490079,0.010310999816283584,0.005417000036686659,856,32.516998291015625,0,0,False,False,0.010310999816283584,0.00848799990490079
LUA:OutsideNormalArmyEntity.CleanUpOccupyEmptyProcess,0.0032170820623243124,0.014332820829907571,268,1194,0.22445561139028475,1260,0.001845515897959491,0.008222186500610568,0.014478000113740563,0.028073999448679388,0.21979200886562467,0.21442700922489166,538,36.45800018310547,0,0,False,False,0.2168750090058893,0.015626000153133646
LUA:GridPreviewMgr.HideOccupyEmptyProcessEff,0.0013715661643648215,0.006110634329297003,268,1194,0.22445561139028475,1260,0.0013715661643648215,0.006110634329297003,0.0059899999760091305,0.01093699992634356,0.17322901007719338,0.17197901010513306,819,33.33399963378906,0,0,False,False,0.17322901007719338,0.01093699992634356
LUA:OutsideNormalArmyEntity.StopRopeWayLoopSound,0.000314422944542902,0.0037542099578422496,100,1194,0.08375209380234507,314,0.000314422944542902,0.0037542099578422496,0.0024480000138282776,0.005623000091873109,0.04494799982057884,0.03953099995851517,856,32.516998291015625,0,0,False,False,0.04494799982057884,0.005623000091873109
LUA:OutsideNormalArmyEntity.StopElevatorLoopSound,0.00022155443584048024,0.0026453599639353342,100,1194,0.08375209380234507,314,0.00022155443584048024,0.0026453599639353342,0.001927000004798174,0.0046879999281372875,0.005363000032957643,0.001979999942705035,847,33.53900146484375,0,0,False,False,0.005363000032957643,0.0046879999281372875
LUA:OutsideNormalArmyEntity.RefreshSelfArmyAttaceResourceEffect,0.0005732311584329204,0.0024357224312060747,281,1194,0.23534338358458962,647,0.0005732311584329204,0.0024357224312060747,0.001980000000912696,0.003019000112544745,0.1807290017604828,0.1807290017604828,273,33.54800033569336,0,0,False,False,0.1807290017604828,0.003019000112544745
LUA:OutsideNormalArmyEntity.RefreshArmySkinEffect,0.006171914565936979,0.027808550912183972,265,1194,0.2219430485762144,626,0.004373219425560302,0.019704241487241512,0.03651099931448698,0.06916699977591634,0.19052099157124758,0.15458299219608307,492,32.89500045776367,0,0,False,False,0.17468899190134834,0.04255200026091188
C#zero,0.003462331643446241,0.01497834776186526,276,1194,0.23115577889447236,1276,0.003462331643446241,0.01497834776186526,0.021770999883301556,0.027290999656543136,0.103540996205993,0.08708299696445465,1024,33.5,0,0,False,False,0.103540996205993,0.027290999656543136
LUA:OutsideNormalArmyEntity.UnbindArmyEffect,0.00554450837784197,0.024981671709974763,265,1194,0.2219430485762144,1566,0.000618878558619676,0.0027884565999694083,0.0033850000327220187,0.17708400457922835,0.8004170132917352,0.7998430132865906,819,33.33399963378906,0,0,False,False,0.06750100123463199,0.00942698925791774
LUA:OutsideNormalArmyEntity.RemoveGuardSoldier,0.005297005004261213,0.02027123068938426,312,1194,0.2613065326633166,1571,0.0030658768848124095,0.011732875001493644,0.027446999680250883,0.05400899960659444,0.12031299551017582,0.10885399580001831,692,34.667999267578125,0,0,False,False,0.11052199569530785,0.031041000213008374
LUA:EvtMgr.Unregist,0.002458088754085821,0.009406916578136122,312,1194,0.2613065326633166,1884,0.002458088754085821,0.009406916578136122,0.011978999827988446,0.022393999563064426,0.059739000571426004,0.051146000623703,670,33.95199966430664,0,0,False,False,0.059739000571426004,0.022393999563064426
LUA:OutsideArmyEntityBase.CleanUp,0.1547151585195332,1.8472989927232266,100,1194,0.08375209380234507,314,0.0022754040523558948,0.027168324385129384,1.5318230390548706,2.915782928466797,3.499686062335968,2.002500057220459,470,33.564998626708984,3,0,False,True,0.1256260781083256,0.0604170261285617
Lua:ArmyCleanUp2,0.15234763637634377,1.8190307783335447,100,1194,0.08375209380234507,314,0.0025831803675346863,0.030843173588364158,1.5232809782028198,2.870000958442688,3.4542189836502075,1.9821360111236572,470,33.564998626708984,3,0,False,False,0.18452993998653255,0.05515804003516678
LUA:OutsideArmyEntityBase.HideFloatUI,0.005151236174749819,0.06150575992651284,100,1194,0.08375209380234507,314,0.0015981892730562576,0.019082379920291718,0.040105000138282776,0.12875100038945675,0.2925529908388853,0.23286399245262146,474,33.72700119018555,0,0,False,False,0.08510699564067181,0.03927000181283802
Lua:ArmyHideFloatUI,0.0035152236181833912,0.04197177000110969,100,1194,0.08375209380234507,314,0.0021360703585970673,0.025504680081648985,0.026822999119758606,0.07057299977168441,0.25828101206570864,0.21729201078414917,474,33.72700119018555,0,0,False,False,0.23775901191402227,0.040833000297425315
LUA:MapUICtrl.CloseHudByEntity,0.0008214723599226007,0.009808379977475851,100,1194,0.08375209380234507,314,0.0005046080399037087,0.006025019996450283,0.007916999980807304,0.016144999652169645,0.01734399958513677,0.008073000237345695,845,31.20800018310547,0,0,False,False,0.01073199967504479,0.00906299997586757
LUA:Float_MapEntityInfoDynamic.CloseUIByEntity,0.0003168643200188919,0.003783359981025569,100,1194,0.08375209380234507,314,0.0003168643200188919,0.003783359981025569,0.0029159998521208763,0.006512000109069049,0.007811999996192753,0.0033340000081807375,846,33.395999908447266,0,0,False,False,0.007811999996192753,0.006512000109069049
LUA:Float_DialogBubble.ReleaseDelayDialogBubble,0.00037308877267795996,0.004454679945774842,100,1194,0.08375209380234507,314,0.00037308877267795996,0.004454679945774842,0.002707999898120761,0.007811999996192753,0.009633999783545732,0.003229999914765358,487,33.4640007019043,0,0,False,False,0.009633999783545732,0.007811999996192753
LUA:OutsideArmyEntityBase.DoHideView,0.14107656070784708,1.6844541348516942,100,1194,0.08375209380234507,314,0.0012605982185379444,0.015051542729343058,1.4451040029525757,2.736562967300415,3.2767700999975204,1.8674479722976685,470,33.564998626708984,1,0,False,True,0.8346870461245999,0.010729982968769036
LUA:OutsideArmyEntityBase.UnRegisterFog,0.00015288861076727002,0.001825490012561204,100,1194,0.08375209380234507,314,0.00015288861076727002,0.001825490012561204,0.0012499999720603228,0.0032270000083371997,0.0041660001734271646,0.002187000121921301,492,32.89500045776367,0,0,False,False,0.0041660001734271646,0.0032270000083371997
LUA:OutsideNormalArmyEntity.HideViewGo,0.13966307387854188,1.6675771021097898,100,1194,0.08375209380234507,314,0.006039648335715647,0.07211340112844483,1.4379680156707764,2.7269790172576904,3.2669809460639954,1.8625520467758179,470,33.564998626708984,1,0,False,False,0.2223399635986425,0.13738798395206686
LUA:OutsideNormalArmyEntity.HideHuaxiaResourceBuild,0.0027840611320324366,0.011829782888422525,281,1194,0.23534338358458962,959,0.001186393636409556,0.005041117444387936,0.014687000075355172,0.01953199994750321,0.07458500540815294,0.06406300514936447,629,31.104999542236328,0,0,False,False,0.04952999950910453,0.008437999669695273
LUA:OutsideNormalArmyEntity.HideHuaxiaFightCityBuild,0.001959178374336886,0.008324765049673458,281,1194,0.23534338358458962,959,0.0010305267849379282,0.0043788219972095595,0.009479000000283122,0.013853999669663608,0.10854099690914154,0.10854099690914154,257,34.645999908447266,0,0,False,False,0.10614599678956438,0.006716000032611191
LUA:OutsideNormalArmyEntity.CheckStopAirShipFlyingState,0.00041453936229884263,0.0018677735795653513,265,1194,0.2219430485762144,626,0.00041453936229884263,0.0018677735795653513,0.0023950000759214163,0.0028649999876506627,0.010260000126436353,0.009219000115990639,1063,34.08700180053711,0,0,False,False,0.010260000126436353,0.0028649999876506627
LUA:OutsideNormalArmyEntity.SetFollowEffectVisible,0.025296843180776508,0.11397898399187603,265,1194,0.2219430485762144,626,0.0019011337324542363,0.00856586293037871,0.12551999842980877,0.6038029789924622,1.0330729484558105,1.0330729484558105,1003,32.7599983215332,0,0,False,False,0.08890699571929872,0.01572999986819923
LUA:OutsideArmyEffectMgr.UnbindEffectFromArmy,0.0048372956488899254,0.18631390337982484,31,1194,0.025963149078726967,32,0.00020165996036337848,0.007767161053995933,0.0,0.38890698552131653,0.7857289910316467,0.7857289910316467,819,33.33399963378906,0,0,False,False,0.01416800171136856,0.013542011380195618
C#UnbindEffectFromArmy,0.0046356356885265465,0.17854674232582893,31,1194,0.025963149078726967,32,0.004064288956297289,0.15654067786512785,0.0,0.37473898380994797,0.7742180228233337,0.7742180228233337,819,33.33399963378906,0,0,False,False,0.5912500256090425,0.3370829844425316
GameObject.Deactivate,0.004370943042776523,0.05930574992130873,88,1194,0.07370184254606366,157,5.9715246281067304e-05,0.0008102273188590268,0.014375000260770321,0.13989500026218593,1.4378650188446045,1.4378650188446045,984,52.75299835205078,0,0,False,False,0.03989599831402302,0.0008869693410815671
LUA:BigBattleFieldMgr.ReleaseReference,8.83341703323688e-05,0.0034022903024789786,31,1194,0.025963149078726967,32,8.83341703323688e-05,0.0034022903024789786,0.0,0.00421899976208806,0.006042000139132142,0.00421899976208806,854,35.27399826049805,0,0,False,False,0.006042000139132142,0.00421899976208806
LUA:BattleGridMgr.RemoveArmyBindGrid,0.05728106286495275,0.2650914304680371,258,1194,0.21608040201005024,616,0.003522298289928,0.016300868830131907,0.3492180183529854,0.6651030257344246,0.8710419833660126,0.5016669631004333,484,33.624000549316406,0,0,False,False,0.1435909743886441,0.03713800886180252
LUA:OutsideUtilsMarch.GetArmyPosToGrid,0.02863420688522234,0.10584904960048135,323,1194,0.2705192629815745,1065,0.0020292521404863726,0.0075013221539960645,0.1524999998509884,0.19520900025963783,0.24765700101852417,0.20307299494743347,846,33.395999908447266,0,0,False,False,0.10359400510787964,0.011095005320385098
LUA:OutsideUtilsMarch.GetArmyPos,0.017607879371755137,0.06508918876122487,323,1194,0.2705192629815745,1067,0.000873293918883116,0.0032282134338899086,0.09666699916124344,0.1304680034518242,0.18864600360393524,0.18312500417232513,830,39.435001373291016,0,0,False,False,0.06171599589288235,0.005363999400287867
LUA:OutsideUtilsMarch.GetArmyPosWithOutDefaultValue,0.016719232019079128,0.061804219909537085,323,1194,0.2705192629815745,1067,0.004406687647078523,0.01628973699879801,0.09291599784046412,0.12796900421380997,0.18640700355172157,0.18135400116443634,830,39.435001373291016,0,0,False,False,0.1581250005401671,0.02614700052072294
C#StaticGetArmyPos,0.00853777051424776,0.031856556231286956,320,1194,0.26800670016750416,853,0.00853777051424776,0.031856556231286956,0.04895799979567528,0.07588599808514118,0.1280189985409379,0.07442700117826462,865,34.03900146484375,0,0,False,False,0.1280189985409379,0.07588599808514118
LUA:MapCoordUtil.ConvertWorldPosToGrid,0.00910076130219771,0.03353799072476564,324,1194,0.271356783919598,1069,0.0046308526224595175,0.017065549479063778,0.04734299844130874,0.06645700056105852,0.11677100136876106,0.10567700117826462,508,41.40299987792969,0,0,False,False,0.09718700160738081,0.028799999970942736
C#ConvertWorldPosToGrid,0.0024572135581263656,0.009055287001243459,324,1194,0.271356783919598,1069,0.0024572135581263656,0.009055287001243459,0.013958999887108803,0.021458999952301383,0.0660939970985055,0.06333299726247787,638,33.93000030517578,0,0,False,False,0.0660939970985055,0.021458999952301383
LUA:BattleGridMgr.GetEntityIdsInGrid,0.0007514832446527538,0.0027779287743510466,323,1194,0.2705192629815745,1067,0.0007514832446527538,0.0027779287743510466,0.0035940001253038645,0.004478999966522679,0.006928000031621195,0.0040619997307658195,661,32.54399871826172,0,0,False,False,0.006928000031621195,0.004478999966522679
LUA:TblUtil.IsEmpty,0.00044353852160934084,0.002701964259191597,196,1194,0.16415410385259632,528,0.00044353852160934084,0.002701964259191597,0.0030209998949430883,0.005570999986957759,0.011042999511118978,0.00843799952417612,484,33.624000549316406,0,0,False,False,0.011042999511118978,0.005570999986957759
LUA:OutsideNormalArmyEntity.SetArmyClientHidden,0.03962529891512202,0.18338219730486705,258,1194,0.21608040201005024,616,0.0011686088520086993,0.0054082130592960735,0.24697799608111382,0.4191660024225712,0.592135988175869,0.4209890067577362,850,33.28499984741211,0,0,False,False,0.048233994748443365,0.0103620023583062
LUA:MapEntityDataBase.SetClientHidden,0.0007558860980836952,0.002911380648748168,310,1194,0.25963149078726966,1528,0.0007558860980836952,0.002911380648748168,0.00354099998367019,0.005208000016864389,0.053855000049225055,0.051771000027656555,508,41.40299987792969,0,0,False,False,0.053855000049225055,0.005208000016864389
LUA:OutsideNormalArmyEntity.OnRefreshArmyClientHidden,0.05141593464080812,0.1980342772939513,310,1194,0.25963149078726966,935,0.004945648237870783,0.01904872256779908,0.29239699989557266,0.40083400160074234,0.5414049923419952,0.4167709946632385,850,33.28499984741211,0,0,False,False,0.13333400699775666,0.031356003310065717
LUA:OutsideNormalArmyEntity.SpecialClientHidden,0.004524650742296734,0.017427203181620325,310,1194,0.25963149078726966,935,0.0019236850901848091,0.00740929031509891,0.024322000332176685,0.04124999977648258,0.13578099757432938,0.08859400451183319,104,38.46900177001953,0,0,False,False,0.09312400448834524,0.013440000082482584
LUA:OutsideArmyDataBase.GetArmyState,0.02204267829659526,0.05242820296042777,502,1194,0.4204355108877722,9574,0.012485117148177018,0.02969567704168,0.06885299901477993,0.13468700367957354,0.7787620096933097,0.21479201316833496,250,35.76100158691406,0,0,False,False,0.42437400185735896,0.07990000062272884
LUA:OutsideArmyDataBase.GetFightState,0.005901967333230952,0.01403774700374055,502,1194,0.4204355108877722,10831,0.005901967333230952,0.014037747003740551,0.014582000047084875,0.04973800145671703,0.3729709986364469,0.19854100048542023,250,35.76100158691406,0,0,False,False,0.3729709986364469,0.04973800145671703
LUA:UtilArmyEntity.IsFightingState,0.004176618945734654,0.00993402992272346,502,1194,0.4204355108877722,9970,0.004176618945734654,0.009934029922723459,0.014689999836264178,0.021610000141663477,0.09484400699147955,0.0836460068821907,1024,33.5,0,0,False,False,0.09484400699147955,0.021610000141663477
LUA:OutsideNormalArmyEntity.GetClientShow,0.0014034983167166227,0.004445031804136996,377,1194,0.3157453936348409,1153,0.0014034983167166227,0.004445031804136996,0.005936999921686947,0.007552999653853476,0.050418001104844734,0.04453200101852417,677,34.395999908447266,0,0,False,False,0.050418001104844734,0.007552999653853476
C#StaticSetArmyViewEntityVisibleByMask,0.013782359290535763,0.053084312880321616,310,1194,0.25963149078726966,935,0.013782359290535763,0.053084312880321616,0.07906299643218517,0.12973900325596333,0.3388020098209381,0.30677101016044617,478,34.198001861572266,0,0,False,False,0.3388020098209381,0.12973900325596333
LUA:OutsideNormalArmyEntity.RefreshGuardGrid,0.006167278894171793,0.02375397096658426,310,1194,0.25963149078726966,936,0.0015778626780664482,0.006077316250359159,0.03260200144723058,0.042552000377327204,0.13776100054383278,0.11531300097703934,692,34.667999267578125,0,0,False,False,0.08036700007505715,0.0103150000795722
LUA:EvtMgr.Post,0.11674382873140805,0.3090734623177411,451,1194,0.3777219430485762,7650,0.056080843051184236,0.14847123415324606,0.4779160041362047,0.5683889994397759,9.845730456523597,9.520103454589844,628,60.51300048828125,1,0,False,False,0.48547200969187543,0.2986540029523894
LUA:EvtMgr._19,0.010928548488027294,0.029126533247108455,448,1194,0.37520938023450584,13642,0.00750993287560906,0.020015312172940218,0.049685000674799085,0.07572799926856533,0.336306004493963,0.2863540053367615,1113,32.97999954223633,0,0,False,False,0.30573100432229694,0.05765899858670309
LUA:BattleHeadMgr.BattleHeadItemRefresh,0.0055587754878665945,0.015118856338297753,439,1194,0.3676716917922948,6173,0.0055587754878665945,0.015118856338297753,0.023852000012993813,0.02963399951113388,0.10322999773779884,0.07265599817037582,701,33.14500045776367,0,0,False,False,0.10322999773779884,0.02963399951113388
LUA:EvtMgr._28,0.009093073643187266,0.024234665022244632,448,1194,0.37520938023450584,13642,0.005873257029468205,0.015653278779430884,0.04453099804231897,0.06547099794261158,0.18807600729633123,0.1597910076379776,681,33.183998107910156,0,0,False,False,0.17776700721879024,0.041827999099041335
LUA:Hud_Common_Army.BattleHeadItemRefresh,0.00924560299092105,0.02526144158160122,437,1194,0.3659966499162479,6169,0.004455938841850213,0.012174807728075868,0.03854299971135333,0.05833299981895834,0.16723900847136974,0.13692700862884521,496,33.49300003051758,0,0,False,False,0.14911500859307125,0.02296799945179373
LUA:Hud_Common_Army.GetPresetTeamUnitByID,0.004789664149070837,0.013086633853525353,437,1194,0.3659966499162479,6169,0.004789664149070837,0.013086633853525353,0.019690000219270587,0.02530900001875125,0.09994799908599816,0.08687499910593033,638,33.93000030517578,0,0,False,False,0.09994799908599816,0.02530900001875125
LUA:EvtMgr.StartScheduleUpdate,0.012810252021769627,0.03398986869776208,450,1194,0.3768844221105528,7649,0.006280243652185364,0.0166635798237985,0.05333599966252223,0.0797979993512854,0.20098700880771503,0.16203100979328156,640,33.54100036621094,0,0,False,False,0.09057800023583695,0.04890800081193447
LUA:Scheduler.ScheduleEntity,0.007329706019125029,0.019448153304078408,450,1194,0.3768844221105528,7961,0.007329706019125029,0.019448153304078408,0.030886999884387478,0.035261999670183286,0.18750100140459836,0.15989600121974945,640,33.54100036621094,0,0,True,False,0.18750100140459836,0.035261999670183286
Lua:ArmyHideViewGo3,0.028710350161028318,0.3428015809226781,100,1194,0.08375209380234507,314,0.0021461105540432224,0.025624560015276073,0.3285929970443249,0.5007819943130016,0.7727599889039993,0.5788019895553589,104,38.46900177001953,0,0,False,False,0.11906201392412186,0.05479399114847183
C#StaticRemoveArmy,0.026564239606985094,0.317177020907402,100,1194,0.08375209380234507,314,0.02560345150576931,0.3057052109788856,0.2991660051047802,0.473906010389328,0.7476560026407242,0.5651040077209473,104,38.46900177001953,0,0,False,False,0.6781780045930645,0.4522930048406124
Animation.Deactivate [Triggers RebuildInternalState],0.00018407453845951325,0.004777934759144758,46,1194,0.038525963149078725,59,0.00018407453845951325,0.004777934759144757,0.0,0.008958000224083662,0.010312000289559364,0.008750000037252903,984,52.75299835205078,0,0,False,False,0.010312000289559364,0.008958000224083662
AOE.dll!::VxAutoPlayAnimations.OnDisable(),3.707286408128158e-05,0.0010539285645964334,42,1194,0.035175879396984924,51,3.707286408128158e-05,0.0010539285645964334,0.0,0.0016670000040903687,0.001977999956579879,0.001509999972768128,896,31.31800079345703,0,0,False,False,0.001977999956579879,0.0016670000040903687
OutsideLineMesh:ResetIndexBufferJob (Burst),0.0009473953093831089,0.011783229160452416,96,1194,0.08040201005025126,124,0.0009473953093831089,0.011783229160452416,0.008906999602913857,0.01921800011768937,0.06968800025060773,0.05666700005531311,292,32.91400146484375,0,0,False,False,0.06968800025060773,0.01921800011768937
LUA:OutsideArmyEntityBase.HideViewGo,0.051684852636464475,0.6171171404793858,100,1194,0.08375209380234507,314,0.0012836158390410815,0.015326373118150514,0.5226029884070158,1.1808339934796095,1.8446889389306307,1.0027600526809692,470,33.564998626708984,0,0,False,False,0.0551020223647356,0.023857997788581997
LUA:BattleHeadMgr.ReleaseBattleHead,0.06386018481226076,0.5151963558502659,148,1194,0.12395309882747069,405,0.0010437458511833896,0.008420490177790318,0.5110419900156558,1.1395840048789978,1.7886990222614259,1.0157289505004883,470,33.564998626708984,0,0,False,False,0.05119795387145132,0.013488974480424076
LUA:BattleHeadMgr.HasBattleHead,0.0013615016752883825,0.004657974212877732,349,1194,0.29229480737018426,1180,0.0013615016752883825,0.004657974212877732,0.006199000054039061,0.00916799996048212,0.13822900876402855,0.13599000871181488,794,32.77399826049805,0,0,False,False,0.13822900876402855,0.00916799996048212
LUA:BattleHeadMgr.ReleaseBattleHeadItem,0.06293277065324249,0.5566053937775669,135,1194,0.11306532663316583,1330,0.0024393175516458513,0.021574408567889974,0.5028120279312134,1.151720017194748,1.7306760251522064,0.9977080225944519,470,33.564998626708984,0,0,False,False,0.2204160112887621,0.04765901155769825
LUA:BattleHeadPoolMgr.PutPoolObject,0.06230967675321665,0.5510944743951162,135,1194,0.11306532663316583,1330,0.0016207770719817898,0.014334872769972274,0.49859297275543213,1.1447399854660034,1.7221870124340057,0.9957819581031799,470,33.564998626708984,0,0,False,False,0.07260697372839786,0.033277015696512535
LUA:ObjPoolMgr.GetPool,0.003166118073760777,0.011776775638848496,321,1194,0.26884422110552764,2574,0.003166118073760777,0.011776775638848496,0.013698999653570354,0.02150599997548852,0.22114700835663825,0.20906300842761993,1147,34.46099853515625,0,0,False,False,0.22114700835663825,0.02150599997548852
LUA:BattleHeadPoolMgr.onPutFunc,0.059617150673202834,0.5272805770652161,135,1194,0.11306532663316583,1330,0.0010514471190864567,0.009299465631031328,0.48395901918411255,1.1191140115261078,1.6931779980659485,0.986562967300415,470,33.564998626708984,0,0,False,False,0.08349098917096853,0.02166399545967579
LUA:BattleHeadItemBase.Recycle,0.05932558133146746,0.5247018082205344,135,1194,0.11306532663316583,1330,0.005874206252397618,0.051954090854538934,0.4820310175418854,1.1153649985790253,1.6892189979553223,0.9855210185050964,470,33.564998626708984,0,0,False,False,0.22781900489644613,0.1322880229272414
LUA:BattleHeadItemBase.UnLoadUI,0.05537809532426666,0.4897884875346251,135,1194,0.11306532663316583,1330,0.0025861087100446955,0.022872694813284196,0.44453099370002747,1.0436430401168764,1.6222389936447144,0.971094012260437,470,33.564998626708984,0,0,False,False,0.21994801549590193,0.05042600260640029
LUA:BattleHeadItemBase.RemoveAllItems,0.030388493313704863,0.2687693408634341,135,1194,0.11306532663316583,1330,0.0016458650771440733,0.014556762237852025,0.27473998069763184,0.6787499785423279,1.1086460202932358,0.7613019943237305,470,33.564998626708984,0,0,False,False,0.05869700247421861,0.035992995341075584
LUA:BattleHeadSoldierSkillBuff.OnUnLoadUI,0.0004265226118174542,0.00585365515528782,87,1194,0.0728643216080402,148,0.0003886582895297708,0.005333999973546511,0.0040619997307658195,0.010885000228881836,0.014531000168062747,0.007187000010162592,906,32.856998443603516,0,0,False,False,0.013489000135450624,0.010155000214581378
LUA:BattleHeadItemBase.OnUnLoadUI,0.00019956616809546022,0.0017915940203457104,133,1194,0.11139028475711893,1115,0.00019956616809546022,0.0017915940203457104,0.0016130000440170988,0.004531000173301436,0.006977000201004557,0.0009380000410601497,906,32.856998443603516,0,0,False,False,0.006977000201004557,0.004531000173301436
LUA:BattleHeadItemBase.OnRecycle,0.00017335092534617852,0.0015562481568671966,133,1194,0.11139028475711893,1115,0.00017335092534617852,0.0015562481568671966,0.0014040000387467444,0.004689000023063272,0.0063520001276629046,0.0010939999483525753,906,32.856998443603516,0,0,False,False,0.0063520001276629046,0.004689000023063272
LUA:BattleHeadItemTimeText.OnUnLoadUI,0.00014194556089957406,0.0019480804564838093,87,1194,0.0728643216080402,148,0.00011739028402312833,0.0016110804496967267,0.0010420000180602074,0.003124999988358468,0.038958000543061644,0.036667000502347946,470,33.564998626708984,0,0,False,False,0.03739600050903391,0.0023449999425793067
LUA:BattleHeadItemBase.RefreshAllItemVisible,0.1545846378719325,0.5661780908560963,326,1194,0.2730318257956449,2876,0.011013469221555107,0.04033767561514355,1.3109380006790161,1.5929169654846191,2.2132820058614016,2.1653130054473877,852,36.8849983215332,0,0,False,False,0.3095330531068612,0.09479305188870057
TimeText.RefreshAllItemVisible,0.0005096951367468471,0.0033809777404207528,180,1194,0.1507537688442211,506,0.0005096951367468471,0.0033809777404207528,0.003436999977566302,0.005935999914072454,0.045467998075764626,0.041405998170375824,564,34.810001373291016,0,0,False,False,0.045467998075764626,0.005935999914072454
LUA:BattleHeadItemTimeText.OnRootVisibleChange,0.0002347169163237307,0.0015569555449474136,180,1194,0.1507537688442211,373,0.0002347169163237307,0.0015569555449474136,0.0014059999957680702,0.001980000000912696,0.05077999892819207,0.04942699894309044,721,32.689998626708984,0,0,False,False,0.05077999892819207,0.001980000000912696
LUA:BattleHeadItemTimeText.OnRecycle,0.0006286658253442727,0.008627896499552432,87,1194,0.0728643216080402,148,0.00018957369775155254,0.0026017355760385484,0.005677000153809786,0.0164059994276613,0.06333199888467789,0.04921799898147583,468,33.57500076293945,0,0,False,False,0.006717997763189487,0.00484200002392754
LUA:BattleHeadNameNoWar.OnUnLoadUI,9.84522607547997e-05,0.001351172406221044,87,1194,0.0728643216080402,148,7.506783813171063e-05,0.0010302413647041667,0.0009369999752379954,0.002812999940942973,0.0034370000357739627,0.0012499999720603228,906,32.856998443603516,0,0,False,False,0.002550999997765757,0.002031999931205064
LUA:BattleHeadNameRetreat.OnUnLoadUI,0.00018683082320363926,0.002564091987415463,87,1194,0.0728643216080402,148,0.00016388107403359918,0.002249126464323189,0.0008859999943524599,0.002761000010650605,0.1090100035071373,0.1090100035071373,481,33.36600112915039,0,0,False,False,0.10880200350948144,0.0019790000515058637
NameRetreat.RefreshAllItemVisible,0.00046468927304438274,0.0038002670685958425,146,1194,0.12227805695142378,440,0.00046468927304438274,0.0038002670685958425,0.002814000064972788,0.005052999884355813,0.04536300047766417,0.04229100048542023,1061,32.88800048828125,0,0,False,False,0.04536300047766417,0.005052999884355813
LUA:BattleHeadItemBase.OnRootVisibleChange,0.00027135092552493513,0.0010588006701855311,306,1194,0.2562814070351759,1278,0.00027135092552493513,0.0010588006701855311,0.0013539999927161261,0.002134000023943372,0.04239599961147178,0.04052099958062172,479,32.34199905395508,0,0,False,False,0.04239599961147178,0.002134000023943372
LUA:BattleHeadItemNameText.OnUnLoadUI,0.0001201348397681892,0.0016487471113013554,87,1194,0.0728643216080402,148,9.776297989977061e-05,0.0013417126206934035,0.001145999995060265,0.00286400003824383,0.014843999757431448,0.013020999729633331,859,34.02199935913086,0,0,False,False,0.01421899972774554,0.0021870000200578943
NameText.RefreshAllItemVisible,0.0440161715034365,0.2667782171325035,197,1194,0.16499162479061977,266,0.0005315089414705066,0.0032214298279989078,0.40192699432373047,0.5484380125999451,0.9737499952316284,0.9737499952316284,1145,33.617000579833984,0,0,False,True,0.051458992063999176,0.006613964447751641
LUA:BattleHeadItemNameText.OnRecycle,8.811222700756262e-05,0.001209264356862411,87,1194,0.0728643216080402,148,6.586013264945121e-05,0.0009038735446372959,0.0007810000097379088,0.002603999979328364,0.003489999973680824,0.001197999925352633,906,32.856998443603516,0,0,False,False,0.0024489999777870253,0.0018729999719653279
LUA:BattleHeadBritainPatrolKnightNum.OnUnLoadUI,0.00010840535949049066,0.0014877701061108716,87,1194,0.0728643216080402,148,8.493718478790254e-05,0.0011656896395029382,0.0009899999713525176,0.0030219999607652426,0.0037509999820031226,0.001509999972768128,906,32.856998443603516,0,0,False,False,0.0029169998597353697,0.002293999947141856
LUA:BattleHeadBritainPatrolKnightNum.OnRecycle,8.021775456913708e-05,0.0011009195282247089,87,1194,0.0728643216080402,148,5.8016748962884104e-05,0.0007962298650768232,0.0006249999860301614,0.002500000031432137,0.0031769999186508358,0.002395999850705266,512,33.12900161743164,0,0,False,False,0.0024459998967358842,0.0017710000029182993
LUA:BattleHeadWaitLeaderFollow.OnUnLoadUI,8.62788934374877e-05,0.0011841034340731073,87,1194,0.0728643216080402,148,6.420519106300475e-05,0.0008811608980370996,0.0007289999630302191,0.002707999956328422,0.003384999930858612,0.0010930000571534038,906,32.856998443603516,0,0,False,False,0.0023439999349648133,0.0019279999687569216
LUA:BattleHead.OnUnLoadUI,0.01905229154949262,0.17772215711011086,128,1194,0.10720268006700168,215,0.0003245772350847821,0.003027697021025233,0.1597920060157776,0.3665110021829605,0.7378130108118057,0.5985940098762512,1081,32.28499984741211,0,0,False,True,0.006769996136426926,0.005258999764919281
LUA:BattleHeadUIBinder.Release,0.01872771431440784,0.17469446008908562,128,1194,0.10720268006700168,215,0.0016591222577134945,0.01547649981023369,0.1572909951210022,0.3611980006098747,0.7335929721593857,0.5964059829711914,1081,32.28499984741211,0,0,False,False,0.036515017214696854,0.025993000192102045
C#id,0.0005609623063472684,0.005232726513895614,128,1194,0.10720268006700168,215,0.0005609623063472684,0.005232726513895614,0.0027600000612437725,0.006979999714531004,0.15593899600207806,0.15385499596595764,478,34.198001861572266,0,0,False,False,0.15593899600207806,0.006979999714531004
C#ReleaseBattleMUI,0.0027869807266110752,0.024649296204249063,135,1194,0.11306532663316583,228,0.0027869807266110752,0.024649296204249063,0.024063000455498695,0.043280999176204205,0.10156299732625484,0.0927089974284172,532,33.06700134277344,0,0,False,False,0.10156299732625484,0.043280999176204205
LUA:MeshUICtrlData.Delete,0.014417224396737776,0.12751234022003632,135,1194,0.11306532663316583,228,0.002634389374982445,0.023299710472066956,0.1134369969367981,0.24880199879407883,0.6753649860620499,0.574999988079071,1081,32.28499984741211,0,0,False,False,0.23275998648023233,0.04880100514856167
C#layouts,0.002979999151017667,0.011259870209857891,316,1194,0.2646566164154104,449,0.002979999151017667,0.011259870209857891,0.015000000596046448,0.022447999566793442,0.26828098949044943,0.260468989610672,980,34.334999084472656,0,0,False,False,0.26828098949044943,0.022447999566793442
BattleHead.RefreshAllItemVisible,0.149364579362154,0.5828147312366401,306,1194,0.2562814070351759,439,0.0015536079501949245,0.006062117295858626,1.300624966621399,1.585468053817749,2.164114087820053,2.158281087875366,852,36.8849983215332,0,0,False,True,0.0583319750148803,0.012706995010375977
LUA:BattleHead.OnRecycle,0.0005484530999609136,0.005116039073072898,128,1194,0.10720268006700168,215,0.0002755142438158758,0.0025700313055949664,0.0038540001260116696,0.008905999944545329,0.06364600290544331,0.061823002994060516,848,32.90800094604492,0,0,False,False,0.04703200119547546,0.004165999998804182
LUA:BattleHead.InitData,0.00027293885614503786,0.0025460077674779313,128,1194,0.10720268006700168,215,0.00027293885614503786,0.0025460077674779313,0.001926999888382852,0.004687999840825796,0.06072999816387892,0.05968799814581871,848,32.90800094604492,0,0,False,False,0.06072999816387892,0.004687999840825796
LUA:BattleHeadMgr.ReleaseBattleCommonBottom,0.00032955778665587907,0.0030741562286493718,128,1194,0.10720268006700168,215,0.00023995309613681736,0.0022383124749012495,0.002759999828413129,0.005261000012978911,0.007239999831654131,0.003541999962180853,994,34.694000244140625,0,0,False,False,0.004949999827658758,0.003957999928388745
LUA:BattleHeadMgr.HasHeadItem,0.0012368617956642603,0.004842009783682383,305,1194,0.2554438860971524,1434,0.0012368617956642603,0.004842009783682383,0.006717999960528687,0.00874900002963841,0.21187399738118984,0.20656199753284454,1155,34.0880012512207,0,0,False,False,0.21187399738118984,0.00874900002963841
LUA:BattleHeadMgr.OnReleaseBattleHead,0.002174373528525433,0.02012559684542145,129,1194,0.10804020100502512,216,0.0005343107193559439,0.004945480611713155,0.01692800037562847,0.03521000035107136,0.12234499910846353,0.09651099890470505,994,34.694000244140625,0,0,False,False,0.016041000140830874,0.008281999500468373
LUA:BucketPriorityQueue.Remove,0.001249232820366428,0.003945989384966971,378,1194,0.3165829145728643,1186,0.001249232820366428,0.003945989384966971,0.005000000004656613,0.007030999957351014,0.09562499634921551,0.09260399639606476,821,36.94499969482422,0,0,False,False,0.09562499634921551,0.007030999957351014
LUA:BattleHeadMgr.GetEntityPriority,0.0037069003149583137,0.012573974363807462,352,1194,0.2948073701842546,830,0.0026090418526214833,0.008849988556903554,0.017239999840967357,0.025310999830253422,0.20015600323677063,0.20015600323677063,591,33.82099914550781,0,0,False,False,0.0891659987391904,0.017388999272952788
LUA:BattleHeadClientService.IsClientEntity,0.0005450988361887693,0.0018490000295721322,352,1194,0.2948073701842546,830,0.0005450988361887693,0.0018490000295721322,0.0017709999810904264,0.002553999947849661,0.192656010389328,0.192656010389328,591,33.82099914550781,0,0,False,False,0.192656010389328,0.002553999947849661
LUA:BucketPriorityQueue.Insert,0.00133214823798693,0.004518707375444303,352,1194,0.2948073701842546,830,0.00133214823798693,0.004518707375444303,0.005572000169195235,0.008487999788485467,0.08541700127534568,0.08177100121974945,821,36.94499969482422,0,0,False,False,0.08541700127534568,0.008487999788485467
LUA:ArmyEffectMgr.ReleaseArmyAllEffect,0.0008281381888326001,0.009887969974661246,100,1194,0.08375209380234507,314,0.0007426742007588333,0.00886752995706047,0.0039059999398887157,0.014531999710015953,0.20229200343601406,0.19432300329208374,489,33.20600128173828,0,0,False,False,0.19807300328102428,0.012498999552917667
LUA:OutsideArmyEntityBase.StopBuffs,0.0013028735258277986,0.014014693602147672,111,1194,0.09296482412060302,327,0.0008209773762092319,0.008831053938683088,0.008124999701976776,0.030572999268770218,0.09927100036293268,0.08333300054073334,860,33.319000244140625,0,0,False,False,0.09083200039458461,0.016248999920208007
LUA:OutsideArmyEntityBase.StopChant,0.000824742870987588,0.0037160112753176606,265,1194,0.2219430485762144,939,0.000824742870987588,0.0037160112753176606,0.004584999987855554,0.005313000176101923,0.056666999706067145,0.054999999701976776,1008,39.22700119018555,0,0,False,False,0.056666999706067145,0.005313000176101923
LUA:NetServer.UnRegistNtfHandlerByObj,0.010833548502824964,0.12935256912373005,100,1194,0.08375209380234507,315,0.010833548502824964,0.12935256912373005,0.10406199842691422,0.21124900318682194,0.497082999907434,0.3746359944343567,860,33.319000244140625,0,0,False,False,0.497082999907434,0.21124900318682194
LUA:OutsideArmyEntityBase.HideEntityNotice,0.00019032412512671323,0.002272470054012956,100,1194,0.08375209380234507,314,0.00019032412512671323,0.002272470054012956,0.0010410000395495445,0.0026050000451505184,0.0704170057142619,0.06927100569009781,862,34.012001037597656,0,0,False,False,0.0704170057142619,0.0026050000451505184
LUA:MapEntityBase.CleanUp,0.004359511721534483,0.035170655375082245,148,1194,0.12395309882747069,405,0.0013225753659151776,0.010669966127721095,0.03359400015324354,0.06937400111928582,0.17401000298559666,0.14249999821186066,480,33.487998962402344,0,0,False,False,0.11713600269285962,0.016666001960402355
LUA:AttrMgr.UnRegisterEntityCallbackTree,0.00038504773879162826,0.0031063986494405684,148,1194,0.12395309882747069,405,0.00038504773879162826,0.0031063986494405684,0.0021879998967051506,0.003957999957492575,0.13552000280469656,0.13354100286960602,478,34.198001861572266,0,0,False,False,0.13552000280469656,0.003957999957492575
LUA:MapEntityFactory.PutEntity,0.002651888616827677,0.021394290597920584,148,1194,0.12395309882747069,405,0.0014632973225938504,0.011805250021466604,0.020938000176101923,0.04979199916124344,0.13250000216066837,0.09276100248098373,487,33.4640007019043,0,0,False,False,0.05890700007148553,0.02343700046185404
LUA:UtilArmyEntity.IsArmy,0.0016433660073217138,0.003491421730857876,562,1194,0.47068676716917923,4572,0.0016433660073217138,0.003491421730857876,0.0058330000028945506,0.007136000058380887,0.04192900027555879,0.03744800016283989,199,33.1870002746582,0,0,False,False,0.04192900027555879,0.007136000058380887
LUA:OutsideArmyEntityCtrl.ReleaseArmyEntity,0.00047329647959501697,0.005708242390267175,99,1194,0.0829145728643216,313,0.00047329647959501697,0.005708242390267175,0.004323999979533255,0.010156999924220145,0.011669000028632581,0.004999999888241291,856,32.516998291015625,0,0,False,False,0.011669000028632581,0.010156999924220145
LUA:MapDataCtrl.RemoveDataByEntityId,0.02379376044219213,0.19458732854779046,146,1194,0.12227805695142378,405,0.0034177746769200527,0.027950842220839336,0.19890599697828293,0.3748429846018553,0.5200000181794167,0.3819790184497833,850,33.28499984741211,0,0,False,False,0.12562500010244548,0.06880500890838448
LUA:AllianceWonderMgr.OnEffectEntityDataRemove,0.0015160502535189616,0.01239838358014822,146,1194,0.12227805695142378,718,0.001190206031645067,0.009733602751946645,0.011406000121496618,0.020934999571181834,0.07807400380261242,0.06609400361776352,493,33.93299865722656,0,0,False,False,0.07328300390508957,0.016352999198716134
LUA:AllianceWonderInfluence.ForgetEntity,0.0003258442218738945,0.0026647808282015757,146,1194,0.12227805695142378,718,0.0003258442218738945,0.0026647808282015757,0.00234400003682822,0.00442699997802265,0.04474200161348563,0.04125000163912773,467,33.55099868774414,0,0,False,False,0.04474200161348563,0.00442699997802265
LUA:BattleFieldModeMgr._150,0.003432298171465789,0.028069616552946246,146,1194,0.12227805695142378,718,0.0006433902932346566,0.0052616986994669865,0.02651200001128018,0.07062699960079044,0.1605730049777776,0.14067700505256653,493,33.93299865722656,0,0,False,False,0.01369800022803247,0.00901000015437603
LUA:BattleFieldModeMgr.GetModelVisibleEffectSettingType,0.0046239153948461195,0.027196822568700818,203,1194,0.17001675041876047,1433,0.0017772286326002986,0.010453256095195845,0.02838700031861663,0.08760499849449843,0.15432100859470665,0.13802000880241394,493,33.93299865722656,0,0,False,False,0.07755499798804522,0.03577499897801317
LUA:BattleFieldModeMgr.IsModelVisibleNoEffectEntityType,0.002014079559650943,0.011846359577454314,203,1194,0.17001675041876047,1433,0.0014578542660080775,0.008574768441446525,0.012032999831717461,0.03494499908993021,0.13661500468151644,0.1296360045671463,493,33.93299865722656,0,0,False,False,0.1335410046740435,0.023996999603696167
LUA:OutsideUtils.IsAIPlayer,0.0005562252936428655,0.00327159113600779,203,1194,0.17001675041876047,1433,0.0005562252936428655,0.00327159113600779,0.0031780000717844814,0.010780000215163454,0.07166599397896789,0.06968699395656586,1081,32.28499984741211,0,0,False,False,0.07166599397896789,0.010780000215163454
LUA:BattleFieldModeMgr.IsModelVisibleNoEffectWithEntityState,0.0008326072025948775,0.0048972068960506585,203,1194,0.17001675041876047,1433,0.0008326072025948775,0.0048972068960506585,0.005623999983072281,0.013648000152898021,0.04932599936728366,0.03416699916124344,1033,33.5890007019043,0,0,False,False,0.04932599936728366,0.013648000152898021
LUA:MapDataCtrl._OnRemoveData,0.005916466505907888,0.048385349370233,146,1194,0.12227805695142378,405,0.0015712118920830345,0.012849499994158515,0.05099000409245491,0.11020799539983273,0.19984400644898415,0.1796880066394806,249,33.619998931884766,0,0,False,False,0.096093998872675,0.02333400017232634
LUA:OutsideUtils.HandleGridArea,0.004947332508105026,0.01930429743358628,306,1194,0.2562814070351759,1962,0.0022639815761006502,0.008833967326353517,0.03145900060189888,0.05239500032621436,0.2847380166640505,0.2590100169181824,199,33.1870002746582,0,0,False,False,0.14348800040897913,0.019740998541237786
LUA:OutsideArmyDataCtrl.ReleaseData,0.0020108140821348706,0.024251636505747836,99,1194,0.0829145728643216,313,0.0008046959857460287,0.009705121282633922,0.014271000400185585,0.0771890003234148,0.09552100440487266,0.07708299905061722,486,32.805999755859375,0,0,False,False,0.05354200035799295,0.018387001182418317
LUA:MapDataCtrl._ProcessGridIndexOnRemoveData,0.0022331214435389805,0.018262650709490017,146,1194,0.12227805695142378,405,0.0007853073689795467,0.006422308209325882,0.025000000168802217,0.04598899911798071,0.2748950012464775,0.274167001247406,850,33.28499984741211,0,0,False,False,0.2748950012464775,0.010781002143630758
LUA:MapDataCtrl.OnRemoveEntityData_EntityTypeCheckList,0.00024209631353387003,0.001979883550407129,146,1194,0.12227805695142378,405,0.00024209631353387003,0.001979883550407129,0.0020840000361204147,0.003435000020544976,0.00453199990442954,0.002395999850705266,994,34.694000244140625,0,0,False,False,0.00453199990442954,0.003435000020544976
LUA:AttrMgr.OnEntityRemove,0.00025910803629855674,0.002119006817400526,146,1194,0.12227805695142378,405,0.00025910803629855674,0.002119006817400526,0.0015629999979864806,0.002916000012191944,0.05385399982333183,0.05385399982333183,753,32.8849983215332,0,0,False,False,0.05385399982333183,0.002916000012191944
LUA:OutsideUtilResource.IsPersonalBuildingEntityType,0.00019707872782493793,0.0016117260344039445,146,1194,0.12227805695142378,405,0.00019707872782493793,0.0016117260344039445,0.0016659999964758754,0.0030190000543370843,0.0038029999268474057,0.0017709999810904264,847,33.53900146484375,0,0,False,False,0.0038029999268474057,0.0030190000543370843
LUA:OutsideNormalArmyData.CleanUp,0.006263829124202231,0.07479011974297464,100,1194,0.08375209380234507,314,0.0015294823828317112,0.01826201965101063,0.05036499910056591,0.1576550006866455,0.29322700574994087,0.2261980026960373,848,32.90800094604492,0,0,False,False,0.1053139977157116,0.04150600219145417
LUA:OutsideArmyDataBase.CleanUp,0.00473434674137052,0.056528100091964004,100,1194,0.08375209380234507,314,0.0017478040219058393,0.020868780021555722,0.0315100010484457,0.11411399953067303,0.26369700487703085,0.20885400474071503,848,32.90800094604492,0,0,False,False,0.10791699774563313,0.04083199752494693
LUA:MapEntityDataBase.CleanUp,0.004240601337585018,0.03398173152400343,149,1194,0.12479061976549413,406,0.0020217747133121074,0.016201335622111786,0.03234499925747514,0.08614600449800491,0.22890599397942424,0.1997389942407608,848,32.90800094604492,0,0,False,False,0.2002059940714389,0.025938998791389167
LUA:MapDataFactory.PutData,0.0018983015010969548,0.015211892565837342,149,1194,0.12479061976549413,406,0.0012113911244300446,0.009707389278989753,0.012968999799340963,0.05140800052322447,0.11093699932098389,0.11093699932098389,819,33.33399963378906,0,0,False,False,0.08989399610436521,0.016354999956092797
LUA:MapEntityDataBase.ResetPreviewData,0.000825953929611151,0.004787325203668516,206,1194,0.17252931323283083,809,0.000825953929611151,0.004787325203668516,0.0040099999168887734,0.01062600000295788,0.1813569947553333,0.15619799494743347,645,32.946998596191406,0,0,False,False,0.1813569947553333,0.01062600000295788
LUA:MapSignificanceMgr.OnEntityTaskRemoveSignificanceTask,0.008083391039970782,0.01985919527103933,486,1194,0.40703517587939697,4700,0.0034018391659208363,0.008357604864422795,0.028434999519959092,0.03635299939196557,0.2620359960128553,0.11104200035333633,842,32.36399841308594,0,0,False,False,0.0927690030366648,0.014114999648882076
LUA:LinkedList.Remove,0.004681551874049945,0.011501590406616533,486,1194,0.40703517587939697,4700,0.004681551874049945,0.011501590406616533,0.016612999752396718,0.021401999809313565,0.16926699297619052,0.10979100316762924,842,32.36399841308594,0,0,False,False,0.16926699297619052,0.021401999809313565
LUA:MapSignificanceTaskFactory.PutTask,0.012752692552105566,0.03133068910949392,486,1194,0.40703517587939697,4887,0.006425302299459104,0.015785619229535332,0.04598999966401607,0.06781299924477935,0.22838499513454735,0.167603999376297,842,32.36399841308594,0,0,False,False,0.17650899942964315,0.031200000550597906
LUA:MapSignificanceTaskFactory.callbackOnPut,0.0063273902526464615,0.01554506987995859,486,1194,0.40703517587939697,4887,0.004552680867518834,0.011184981390570963,0.022709000040777028,0.030571999493986368,0.11780900007579476,0.09020800143480301,842,32.36399841308594,0,0,False,False,0.1031780012708623,0.021039999948698096
LUA:MapSignificanceTask_MapObjCleanUp.CleanUp,0.00024278810573381043,0.0019197946903719845,151,1194,0.12646566164154105,414,0.00024278810573381043,0.0019197946903719845,0.0015100000018719584,0.0027089999930467457,0.08062499761581421,0.08062499761581421,342,32.83399963378906,0,0,False,False,0.08062499761581421,0.0027089999930467457
LUA:MapSignificanceMgr._1303,0.005989475650467147,0.014745224591046956,485,1194,0.40619765494137355,4544,0.004004336604518953,0.00985809877483635,0.02291799965314567,0.031042999704368412,0.1536480044014752,0.12885400652885437,698,32.946998596191406,0,0,False,False,0.12994900639750995,0.018439999548718333
LUA:MapSignificanceEntityTask.IsEmpty,0.0016825628256230457,0.004142226832564776,485,1194,0.40619765494137355,4601,0.0016825628256230457,0.004142226832564776,0.006092000083299354,0.007083000091370195,0.03859299945179373,0.03677099943161011,1018,33.06100082397461,0,0,False,False,0.03859299945179373,0.007083000091370195
LUA:MapSignificanceMgr.PutEntityTask,0.01121217503475253,0.03771080842674513,355,1194,0.29731993299832493,1984,0.001403408736954607,0.004720197273024791,0.05416799942031503,0.09713599923998117,0.4479660040233284,0.1253640055656433,699,35.604000091552734,0,0,False,False,0.04937199968844652,0.008906000759452581
LUA:ObjPool.Put,0.009808766297797923,0.03299061115372034,355,1194,0.29731993299832493,1984,0.001789247915866337,0.006017921159280018,0.04671799927018583,0.08234299928881228,0.40353999682702124,0.12473999708890915,699,35.604000091552734,0,0,False,False,0.12505100737325847,0.010051000397652388
LUA:MapSignificanceMgr.callbackOnPut,0.008019518381931587,0.026972689994440323,355,1194,0.29731993299832493,1984,0.0012357453788338943,0.004156281640359634,0.03859500028192997,0.07114499853923917,0.35671699861995876,0.12385399639606476,699,35.604000091552734,0,0,False,False,0.0983849954791367,0.008015999104827642
LUA:MapSignificanceEntityTask.CleanUp,0.006783773003097692,0.022816408354080688,355,1194,0.29731993299832493,1984,0.0031372127029820544,0.01055163934467767,0.03286500019021332,0.05968799954280257,0.2738549984060228,0.12338600307703018,699,35.604000091552734,0,0,False,False,0.14016000251285732,0.02260100020794198
MapSignificanceMgr.ProcessTask_MapObjRefresh,0.3870682793730243,1.8195256912259488,254,1194,0.21273031825795644,1548,0.007002957581006766,0.03291941477055936,2.517654947936535,3.7073959708213806,4.758490934967995,3.9344799518585205,782,32.60599899291992,38,0,False,True,0.201094985823147,0.07807699815020896
LUA:MapSignificanceMgr.ProcessSignificanceTask_MapObjRefresh,0.37749450270654367,1.774521402486666,254,1194,0.21273031825795644,1548,0.00200402749923855,0.009420507220830035,2.448697991669178,3.6714580357074738,4.732084035873413,3.9230730533599854,782,32.60599899291992,30,0,False,False,0.13067900389432907,0.016665995121002197
LUA:MapCoreMgr.ProcessEntityAttr,0.4109642464648839,1.858679205602543,264,1194,0.22110552763819097,1870,0.02306807890209091,0.10433062957991115,2.6529149934649467,3.4769779443740845,4.7257818803191185,3.9216148853302,782,32.60599899291992,30,0,False,False,0.27973698974528816,0.20332804484496592
LUA:MapDataCtrl.MergeDataFromEntityAttr,0.12484095652916873,0.6084085799829693,245,1194,0.2051926298157454,1466,0.011862111539130256,0.057809637460087854,0.7925520092248917,1.1687510162591934,1.499428004026413,0.5826050043106079,837,33.60499954223633,0,0,False,False,0.18406198656157358,0.12957795847614761
EntityData.MergeMsg,0.04062601497593387,0.19798964033169406,245,1194,0.2051926298157454,1466,0.0038572453100775787,0.018798166939725015,0.25234299898147583,0.41135499347001314,0.6169269904494286,0.3713020086288452,1071,33.06800079345703,0,0,False,False,0.2081259963742923,0.03479100143886171
LUA:MapEntityDataBase.SetViewLayer,0.000554408716785989,0.002507439423645723,264,1194,0.22110552763819097,1870,0.000554408716785989,0.002507439423645723,0.003173999983118847,0.005002000092645176,0.04947899954277091,0.04880199953913689,971,32.599998474121094,0,0,False,False,0.04947899954277091,0.005002000092645176
LUA:MapEntityDataBase.MergeMsg,0.03633253347991312,0.17706548969394395,245,1194,0.2051926298157454,1466,0.006233866850678449,0.03038055926412273,0.22791800368577242,0.3633330166339874,0.5917700259014964,0.3633330166339874,1071,33.06800079345703,0,0,False,False,0.14750098864169559,0.0645799916019314
LUA:UtilMapEntityAttr.GetCallbackTree,0.0009065527648369,0.004418057147817382,245,1194,0.2051926298157454,1466,0.0009065527648369,0.004418057147817382,0.005000000062864274,0.006665000051725656,0.051197001681430265,0.04500000178813934,122,32.8489990234375,0,0,False,False,0.051197001681430265,0.006665000051725656
MergeMsg,0.028946021733215855,0.14106755081412134,245,1194,0.2051926298157454,1466,0.002778932969733274,0.013543044758618488,0.18051999621093273,0.2991150002926588,0.5408319970592856,0.35093799233436584,1071,33.06800079345703,0,0,False,False,0.08270598528906703,0.028332989662885666
LUA:UtilMapEntityAttr.Merge,0.02616708876348258,0.12752450605550286,245,1194,0.2051926298157454,1466,0.02616708876348258,0.12752450605550286,0.16473999992012978,0.2716150041669607,0.515467980876565,0.3448439836502075,1071,33.06800079345703,0,0,False,False,0.515467980876565,0.2716150041669607
EntityData.RefreshByEntityAttr,0.06873414910147263,0.3349737715394217,245,1194,0.2051926298157454,1466,0.0033186893220647695,0.016173530818552388,0.44494599662721157,0.6399489939212799,0.9006769917905331,0.4994269907474518,837,33.60499954223633,0,0,False,False,0.22484401240944862,0.03442700579762459
LUA:OutsideNormalArmyData.RefreshByEntityAttr,0.07486380064950467,0.3451250114884501,259,1194,0.2169179229480737,1635,0.007457235211425951,0.03437814224881307,0.44359399378299713,0.8031780049204826,1.2382819913327694,0.4941149950027466,645,32.946998596191406,0,0,False,False,0.21108801654190756,0.08056199648126494
LUA:OutsideArmyDataBase.RefreshByEntityAttr,0.06515741548883155,0.29922290036024957,260,1194,0.21775544388609716,1653,0.01767350837428751,0.08116218845730495,0.38551899045705795,0.6920839957892895,1.0751049984246492,0.47135502099990845,645,32.946998596191406,0,0,False,False,0.463119000181905,0.1904060047963867
LUA:MapEntityDataBase.RefreshByEntityAttr,0.01805025963557313,0.08163640153361484,264,1194,0.22110552763819097,1870,0.009717139900933348,0.04394797364285764,0.10603999998420477,0.1870359992608428,0.4126550229266286,0.2734370231628418,1034,33.946998596191406,0,0,False,False,0.21536600479157642,0.10333200043532997
LUA:ChatUtils.RemoveNameIllegalParts,0.005982078706133499,0.027055310511831052,264,1194,0.22110552763819097,1870,0.005982078706133499,0.027055310511831052,0.03385600005276501,0.058956000255420804,0.30583000439219177,0.2614060044288635,1034,33.946998596191406,0,0,False,False,0.30583000439219177,0.058956000255420804
LUA:OutsideArmyDataBase.GetMainHeroID,0.02404464406142295,0.1104204038820731,260,1194,0.21775544388609716,1653,0.002806123977502062,0.012886584727451779,0.1350520020350814,0.24989400152117014,0.45614500623196363,0.41718700528144836,938,30.99799919128418,0,0,False,False,0.10093300603330135,0.025260004214942455
LUA:OutsideArmyDataBase.GetRelationShip,0.03939876382643204,0.09639779509991774,488,1194,0.40871021775544386,2969,0.0033408040247102527,0.008174016404721398,0.14896199898794293,0.19661499746143818,0.4380730064585805,0.41057300567626953,938,30.99799919128418,0,0,False,False,0.20234600128605962,0.01374700153246522
LUA:WorldUtil.GetCommonRelation,0.036197852596821546,0.08838494069653359,489,1194,0.40954773869346733,2987,0.007782374375505732,0.01900236197209375,0.1378110023215413,0.18145699985325336,0.4315629890188575,0.4066149890422821,938,30.99799919128418,0,0,False,False,0.35619601582584437,0.03504899913968984
LUA:OutsideArmyMgr_Mechanism.IsMechanismByEntityType,0.0033722361735716833,0.008234049061849878,489,1194,0.40954773869346733,3848,0.0033722361735716833,0.008234049061849878,0.011563999811187387,0.014063999755308032,0.133542001247406,0.133542001247406,934,32.93899917602539,0,0,False,False,0.133542001247406,0.014063999755308032
LUA:RelationShipUtil.GetRelationById,0.027833876041484875,0.0679624703344232,489,1194,0.40954773869346733,3300,0.008271393714404596,0.020196409192227174,0.10661200108006597,0.1408330020494759,0.41041599912568927,0.39296799898147583,938,30.99799919128418,0,0,False,False,0.13141000534233171,0.03890900147962384
LUA:PlayerBaseInfoMgr.GetFactionID,0.001527064490673453,0.0037286605355094124,489,1194,0.40954773869346733,4161,0.001527064490673453,0.0037286605355094124,0.005781000043498352,0.006821000046329573,0.04500099804135971,0.0403129979968071,1057,32.209999084472656,0,0,False,False,0.04500099804135971,0.006821000046329573
LUA:PlayerBaseInfoMgr.GetAllianceID,0.016650356728192792,0.040489869518252945,491,1194,0.4112227805695142,4967,0.016650356728192792,0.040489869518252945,0.06416599988006055,0.0751559998607263,0.3961450008209795,0.3581250011920929,938,30.99799919128418,0,0,False,False,0.3961450008209795,0.0751559998607263
LUA:WorldUtil.IsAllianceInDiplomacyData,0.008126576983288376,0.019802312077645556,490,1194,0.4103852596314908,4182,0.004530299785307108,0.011039138660523853,0.03255299921147525,0.03791399940382689,0.1539579943055287,0.10963500291109085,645,32.946998596191406,0,0,False,False,0.1287479943712242,0.02015300199855119
LUA:GuildData.GetGuildDiplomacyInfo,0.0052642227485462,0.012827514207681964,490,1194,0.4103852596314908,5315,0.0052642227485462,0.012827514207681964,0.019998000003397465,0.024481999862473458,0.12067900074180216,0.10703200101852417,1034,33.946998596191406,0,0,False,False,0.12067900074180216,0.024481999862473458
LUA:SubMapUtil.CanCheckCompetitionRelation,0.000805386942003033,0.0019665276252589397,489,1194,0.40954773869346733,3253,0.000805386942003033,0.0019665276252589397,0.002812000078847632,0.003802999955951236,0.056301998149137944,0.054791998118162155,1058,33.69900131225586,0,0,False,False,0.056301998149137944,0.003802999955951236
LUA:MapCoreMgr.IsMapEntityInView,0.00635245726136945,0.028730431704830015,264,1194,0.22110552763819097,1870,0.0031395937820001066,0.014199526423136847,0.039270000357646495,0.06036599981598556,0.1310419999063015,0.109375,925,33.542999267578125,0,0,False,False,0.08703200114541687,0.025054998623090796
LUA:MapEntityDataBase.IsZombieState,0.0009514648271619281,0.004336064899356268,262,1194,0.21943048576214405,1909,0.0009514648271619281,0.004336064899356268,0.004844000097364187,0.006719000142766163,0.0571360012399964,0.055417001247406006,257,34.645999908447266,0,0,False,False,0.0571360012399964,0.006719000142766163
LUA:MapEntityDataBase.CheckViewLayer,0.01048553349638211,0.03114359948925433,402,1194,0.33668341708542715,2360,0.005479595504777285,0.016275216499263875,0.04588499921374023,0.07322900323197246,0.2644270062446594,0.2644270062446594,1091,31.9060001373291,0,0,False,False,0.257239006459713,0.02963499767065514
LUA:InfiniteZoomMgr.IsDefaultLayer,0.006676866770628372,0.01775540963057968,449,1194,0.3760469011725293,4235,0.003612779666381261,0.009607258177414757,0.023698999546468258,0.038597000238951296,0.15614800853654742,0.14088600873947144,894,33.69200134277344,0,0,False,False,0.14859900844749063,0.015522999950917438
LUA:InfiniteZoomMgr.IsSceneUseInfinite,0.0030640871042471106,0.008148151453164923,449,1194,0.3760469011725293,4235,0.0030640871042471106,0.008148151453164922,0.01062599994475022,0.012811000080546364,0.14328100404236466,0.1351570039987564,311,32.827999114990234,0,0,False,False,0.14328100404236466,0.012811000080546364
LUA:InfiniteZoomMapEntityCtrl.CanShowMapEntityGo,0.0010499665032958354,0.0031185572262070332,402,1194,0.33668341708542715,2360,0.0010499665032958354,0.0031185572262070337,0.004322000022511929,0.005835000076331198,0.09937499641091563,0.09749999642372131,243,33.33599853515625,0,0,False,False,0.09937499641091563,0.005835000076331198
LUA:BattleFieldModeMgr.IsBattleFieldBlockOperate,0.0054637671500355495,0.016228203923239915,402,1194,0.33668341708542715,2272,0.0018614254577141536,0.0055287114341062175,0.022032000357285142,0.032602999126538634,0.14703400526195765,0.12901100516319275,868,33.75400161743164,0,0,False,False,0.13193000538740307,0.009529000206384808
LUA:BattleFieldModeMgr.IsBattleFieldModeOpen,0.0036023416923213957,0.010699492489133697,402,1194,0.33668341708542715,2272,0.002890435496479079,0.008585024832825921,0.014476999931503087,0.019635999808087945,0.09025900030974299,0.07505200058221817,660,34.775001525878906,0,0,False,False,0.08572900034778286,0.015157999761868268
LUA:ConstantUIManager.GetHudCommonVisibleMode,0.0007119061958423166,0.002114467656307776,402,1194,0.33668341708542715,2272,0.0007119061958423166,0.0021144676563077764,0.0029690000374102965,0.0038560000393772498,0.06869599696074147,0.0665619969367981,654,34.097999572753906,0,0,False,False,0.06869599696074147,0.0038560000393772498
LUA:MapEntityBase.IsZombieState,0.0008073760442462261,0.003934722436040792,245,1194,0.2051926298157454,1383,0.0008073760442462261,0.003934722436040792,0.004427000036230311,0.006823000003350899,0.04911499979789369,0.042238999158144,839,31.908000946044922,0,0,False,False,0.04911499979789369,0.006823000003350899
LUA:MapCoreMgr.GetSampler_RefreshMapEntity,0.000866345053698483,0.004222106098432607,245,1194,0.2051926298157454,1382,0.000866345053698483,0.004222106098432607,0.003854000024148263,0.005158000014489517,0.152968001231784,0.15010400116443634,753,32.8849983215332,0,0,False,False,0.152968001231784,0.005158000014489517
ProcessEntityAttr.RefreshMapEntity_4,0.13786899588873042,0.6774303748606754,243,1194,0.20351758793969849,1244,0.003057887742976023,0.015025176811166139,1.0048430075403303,1.6529689664021134,2.2482789813075215,1.715364933013916,835,34.1609992980957,0,0,False,True,0.07500005653128028,0.03468897775746882
LUA:MapEntityBase.RefreshByEntityAttr,0.15883632356207739,0.7709372777769122,246,1194,0.20603015075376885,1383,0.0015383954259853224,0.007466846091977541,1.1036450257524848,2.0882809381000698,3.840679011773318,3.5259900093078613,782,32.60599899291992,5,0,False,True,0.058437007712200284,0.013022935949265957
LUA:UtilMapEntityAttr.OnDirtyCallback,0.15729792813609209,0.7634704316849347,246,1194,0.20603015075376885,1383,0.0016935353653186717,0.008219842382888186,1.0801560216932558,2.0815619418863207,3.8354160657618195,3.524635076522827,782,32.60599899291992,5,0,False,True,0.1626100167632103,0.01249899942195043
LUA:UtilMapEntityAttr.OnDirtyCallBackNew,0.15478532323622538,0.7543415344655229,245,1194,0.2051926298157454,1382,0.003029674119473992,0.014765024076130394,1.0602110033360077,2.0741670429706573,3.829947989550419,3.5230209827423096,782,32.60599899291992,5,0,False,True,0.07458398683229461,0.03218898118939251
LUA:UtilMapEntityAttr.callback,0.15253873369989954,0.884132272027573,206,1194,0.17252931323283083,847,0.0012912130662346558,0.007484021364486306,1.0417190045118332,2.0707280337810516,3.8105730190873146,3.3918750286102295,782,32.60599899291992,5,0,False,False,0.05010301130823791,0.017868016147986054
LUA:OutsideNormalArmyEntity.OnRefresh_armyState,0.17389709558618727,0.6428270344579183,323,1194,0.2705192629815745,775,0.006705650140989515,0.024788068942233687,0.8968220055103302,1.4937500357627869,2.094532012939453,1.1003129482269287,835,34.1609992980957,0,0,False,False,0.12661498197121546,0.05661601587780751
LUA:OutsideArmyEntityBase.OnRefresh_armyState,0.1298311933550603,0.4799332658388297,323,1194,0.2705192629815745,775,0.00885197059606269,0.03272214517553824,0.6435409784317017,0.9694819748401642,1.3872919827699661,1.0329689979553223,662,32.42900085449219,0,0,False,False,0.13989501423202455,0.06338198715820909
LUA:MapCoordUtil.ConvertProtoPosToWorldPos,0.017899575386815695,0.06535808260507016,327,1194,0.27386934673366836,1595,0.004541810750808228,0.01658385943873096,0.10005299840122461,0.13020899891853333,0.21359599847346544,0.1083339974284172,1134,34.51900100708008,0,0,False,False,0.08124900027178228,0.03083600092213601
LUA:MapCoordUtil.ConvertProtoPosToGrid,0.0018002864208013533,0.00657352289430219,327,1194,0.27386934673366836,1595,0.0018002864208013533,0.00657352289430219,0.008227999787777662,0.011148000019602478,0.101718005083967,0.09302100539207458,1134,34.51900100708008,0,0,False,False,0.101718005083967,0.011148000019602478
C#ConvertGridToWorldPos,0.011755603006896617,0.042793262165349275,328,1194,0.2747068676716918,1609,0.011755603006896617,0.042793262165349275,0.06974199926480651,0.09224199783056974,0.14635400054976344,0.0850519984960556,835,34.1609992980957,0,0,False,False,0.14635400054976344,0.09224199783056974
C#StaticSetArmyState,0.013008193461668259,0.046782478895276806,332,1194,0.2780569514237856,1587,0.012252852595719342,0.04406598192556896,0.06989799905568361,0.12723900191485882,0.36619598930701613,0.2885409891605377,662,32.42900085449219,0,0,False,False,0.293330994900316,0.10932299913838506
LUA:OutsideArmyEntityBase.RefreshHeadItemCreateState,0.03999428394491592,0.14784264715241366,323,1194,0.2705192629815745,2637,0.0033949967278744807,0.012549925984774396,0.2139060036279261,0.26583400648087263,0.7005189973860979,0.46619799733161926,367,33.542999267578125,0,0,False,False,0.1530189928598702,0.020887000486254692
LUA:BattleHeadMgr.CanCreatBattleHead,0.016964340002363364,0.06271028471461874,323,1194,0.2705192629815745,2637,0.003181614717265819,0.011761139233484172,0.08739399979822338,0.11979099828749895,0.32911399472504854,0.2867189943790436,497,33.2599983215332,0,0,False,False,0.07161599956452847,0.01911600143648684
LUA:FeatureUnlockMgr.IsUnlock,0.024541764624238988,0.05396476420136529,543,1194,0.4547738693467337,3888,0.0035123995322362835,0.007723397866464314,0.10051999962888658,0.1197389995213598,0.33599201356992126,0.28583401441574097,497,33.2599983215332,0,0,False,False,0.2778160141315311,0.015103000216186047
LUA:FeatureUnlockMgr.GetProviderByFeatureId,0.021029365092002705,0.046241366334900974,543,1194,0.4547738693467337,3888,0.006686773865324386,0.014703513803309975,0.08432499994523823,0.10109400027431548,0.3171879858709872,0.261821985244751,1003,32.7599983215332,0,0,False,False,0.12718898989260197,0.02905899952747859
LUA:Entity.GetChildren,0.012130130591027757,0.02667288384104446,543,1194,0.4547738693467337,3888,0.012130130591027757,0.02667288384104446,0.04989499936345965,0.05619699903763831,0.18390399613417685,0.16552099585533142,1003,32.7599983215332,0,0,False,False,0.18390399613417685,0.05619699903763831
LUA:FeatureUnlockServerFeatureProvider.IsUnlock,0.0022124606356505616,0.004864968690546538,543,1194,0.4547738693467337,3888,0.0022124606356505616,0.004864968690546539,0.008126000175252557,0.009426999939023517,0.07124999910593033,0.07124999910593033,1159,33.33100128173828,0,0,False,False,0.07124999910593033,0.009426999939023517
LUA:MeshLineUtil.RefreshLineColor,0.0255847294936565,0.09457636846881072,323,1194,0.2705192629815745,776,0.0032610737109655076,0.012054866906788904,0.1264059990644455,0.188594002276659,0.9183849915862083,0.8857809901237488,1055,33.05400085449219,0,0,False,False,0.08890600316226482,0.0231790067628026
LUA:MeshLineUtil.GetMeshLineColorByEntityData,0.012497873527545425,0.046199569634332006,323,1194,0.2705192629815745,775,0.002985133184880561,0.011034826695812353,0.06479200068861246,0.09630099963396788,0.8781769890338182,0.8600519895553589,1055,33.05400085449219,0,0,False,False,0.8390109882457182,0.014739999314770103
LUA:RelationShipUtil.GetRelationByEntityData,0.007983443890019652,0.02871154218278152,332,1194,0.2780569514237856,861,0.0027563124279991,0.0099127621657558,0.03932399954646826,0.06072800047695637,0.15723900962620974,0.1314060091972351,333,33.20199966430664,0,0,False,False,0.07432400193647482,0.02004999981727451
LUA:WorldUtil.IsAllianceInDiplomacyData_EntityData,0.0011296532511901442,0.004511056795722515,299,1194,0.25041876046901174,688,0.0007195577792106883,0.002873418021329638,0.005468999850563705,0.008542999741621315,0.05322799738496542,0.04900999739766121,1074,32.83599853515625,0,0,False,False,0.049009997223038226,0.004896000085864216
C#StaticRefreshLineColor,0.009819631501341979,0.03629919508545611,323,1194,0.2705192629815745,776,0.009819631501341979,0.03629919508545611,0.048906998708844185,0.07572800014168024,0.2508340012282133,0.1793230026960373,815,33.22999954223633,0,0,False,False,0.2508340012282133,0.07572800014168024
LUA:OutsideNormalArmyEntity._isStateOccupying,0.0008320234506142363,0.0030756532508773938,323,1194,0.2705192629815745,1550,0.0008320234506142363,0.0030756532508773938,0.003542000020388514,0.005468000075779855,0.05265599815174937,0.05213499814271927,688,33.284000396728516,0,0,False,False,0.05265599815174937,0.005468000075779855
LUA:MapCoreMgr.NeedCheckAddIconEntity,0.0014047445539736862,0.006353276505471898,264,1194,0.22110552763819097,1870,0.0014047445539736862,0.006353276505471899,0.007394999876851216,0.010886000032769516,0.08463499919162132,0.07520899921655655,840,33.361000061035156,0,0,False,False,0.08463499919162132,0.010886000032769516
LUA:InfiniteZoomMapEntityCtrl.GetMapEntityIconByEntityId,0.0009991448897080787,0.0048693020339242695,245,1194,0.2051926298157454,1466,0.0009991448897080787,0.0048693020339242695,0.0059380001039244235,0.008907000024919398,0.0516150031471625,0.04994800314307213,370,32.95100021362305,0,0,False,False,0.0516150031471625,0.008907000024919398
LUA:MapSignificanceMgr.RequestTask_ZoomEntityAdd,0.02155142132476771,0.09747120099156305,264,1194,0.22110552763819097,1870,0.005326539406499188,0.024090485043030418,0.12671900074929,0.22791599854826927,0.3617190169170499,0.28333401679992676,1090,33.70100021362305,0,0,False,False,0.09396400074183475,0.053539999047643505
LUA:MapSignificanceTaskFactory.TakeTask_ZoomEntityAdd,0.0033222922634187513,0.015025821827734806,264,1194,0.22110552763819097,1870,0.002208738650160298,0.009989522531406803,0.017132999724708498,0.027289999939966947,0.18687600479461253,0.1766670048236847,374,32.9739990234375,0,0,False,False,0.17979300484876148,0.017235999344848096
LUA:MapSignificanceTask_MapObjRefresh.CleanUp,0.0005679598044713458,0.002598252898616042,261,1194,0.2185929648241206,1618,0.0005679598044713458,0.002598252898616042,0.003074000036576763,0.004377000092063099,0.04619699942122679,0.042603999376297,663,32.83399963378906,0,0,False,False,0.04619699942122679,0.004377000092063099
LUA:MapEntityCtrl.RemoveDelayedDeleteEntity,0.006604237023334821,0.06571215838218146,120,1194,0.10050251256281408,425,0.0002341474620385526,0.0023297672472835985,0.0015620000194758177,0.010000000096624717,2.2103641033172607,2.2103641033172607,819,33.33399963378906,0,0,False,False,0.010000000096624717,0.00713400001404807
LUA:MapSignificanceMgr.GetEntitySignificanceTask,3.533333347302236e-05,0.007031333361131449,6,1194,0.005025125628140704,8,2.6304020346111153e-05,0.005234500048876119,0.0,0.010468999855220318,0.010468999855220318,0.007656000088900328,265,32.87099838256836,0,0,False,False,0.0077599999494850636,0.0077599999494850636
LUA:MapSignificanceEntityTask.GetSignificanceTask,9.029313126911208e-06,0.0017968333122553304,6,1194,0.005025125628140704,8,9.029313126911208e-06,0.0017968333122553304,0.0,0.0027089999057352543,0.0027089999057352543,0.0017709999810904264,265,32.87099838256836,0,0,False,False,0.0027089999057352543,0.0027089999057352543
LUA:Hud_Common_Left_Top.func,0.0016379212809280435,0.02444597511785105,80,1194,0.06700167504187604,80,0.00023481743862630933,0.003504650271497667,0.020104998722672462,0.030520999804139137,0.14015600085258484,0.14015600085258484,484,33.624000549316406,0,0,False,False,0.008072998374700546,0.004687000066041946
LUA:Hud_Common_Left_Top.CheckShowMingChengReinforceNPCArmy,0.0014031038423017342,0.02094132484635338,80,1194,0.06700167504187604,80,0.0002701842478906246,0.004032499899767572,0.016875000670552254,0.026822999119758606,0.1367189884185791,0.1367189884185791,484,33.624000549316406,0,0,False,False,0.009164996445178986,0.005155999446287751
LUA:Hud_Common_Left_Top.needShowMingChengReinforceNPCArmy,0.001014751254641755,0.015145162475528195,80,1194,0.06700167504187604,80,0.000736317424035075,0.010989537553723495,0.011562000028789043,0.020312000066041946,0.13109299540519714,0.13109299540519714,484,33.624000549316406,0,0,False,False,0.12567699537612498,0.0149470001924783
LUA:MapDataCtrl.GetAllEntityDataIdsByType,0.00013300334756657283,0.0016894254999413611,94,1194,0.07872696817420435,98,0.00013300334756657283,0.0016894254999413611,0.001509999972768128,0.0025000000023283064,0.0048439996317029,0.0048439996317029,65,31.108999252319336,0,0,False,False,0.0048439996317029,0.0025000000023283064
LUA:MapEntityDataMingChengMainBuilding.IsReinforcementActive,9.705694931499985e-05,0.0014485749685263726,80,1194,0.06700167504187604,80,9.705694931499985e-05,0.0014485749685263726,0.0012499999720603228,0.0020309998653829098,0.005051999818533659,0.005051999818533659,65,31.108999252319336,0,0,False,False,0.005051999818533659,0.0020309998653829098
LUA:Hud_Common_Left_Top._removeMingChengReinforceNPCArmyToFunctionRoot,0.00011816833976935439,0.0017636624710576144,80,1194,0.06700167504187604,80,0.00011816833976935439,0.0017636624710576144,0.001509999972768128,0.002655999967828393,0.006041999906301498,0.006041999906301498,65,31.108999252319336,0,0,False,False,0.006041999906301498,0.002655999967828393
LUA:Panel_Chat.func,0.00010443132111749657,0.0015586374676786364,80,1194,0.06700167504187604,80,0.00010443132111749657,0.0015586374676786364,0.0013539999490603805,0.0021359999664127827,0.0028119999915361404,0.0028119999915361404,544,33.04199981689453,0,0,False,False,0.0028119999915361404,0.0021359999664127827
LUA:Hud_Top.func,0.05497199746232536,1.4585903326670329,45,1194,0.03768844221105527,45,0.00028680756202469136,0.00760996064572181,0.0,2.0729689598083496,3.8502609729766846,3.8502609729766846,5,34.86199951171875,1,0,False,False,0.04244700714480132,0.04088294577377383
LUA:Hud_Top.RefreshTime,0.05090290677407679,1.519451767206192,40,1194,0.03350083752093802,40,0.00209885987202002,0.0626509671797976,0.0,2.069166898727417,3.846302032470703,3.846302032470703,5,34.86199951171875,1,0,False,False,0.12937495904043317,0.07322895782999694
LUA:TimeUtil.GetServerHourAndMinuteAndSec,0.003909084568396086,0.11668617436662317,40,1194,0.03350083752093802,40,0.0011231013101024843,0.03352457410655916,0.0,0.18067699670791626,0.2746879756450653,0.2746879756450653,841,34.1510009765625,0,0,False,False,0.05916701257228851,0.04130200296640396
LUA:CfgMgr.GetCfgRowByKey,0.0038801248074576285,0.02807799406123884,165,1194,0.13819095477386933,171,0.001456552787852677,0.01054014562846119,0.026875000447034836,0.042813001200556755,0.12656299769878387,0.12656299769878387,565,35.84000015258789,0,0,False,False,0.06354199873749167,0.013698001625016332
LUA:CfgMgr._ReadStreamCfgById,0.0039539195948075255,0.016449407652265453,287,1194,0.2403685092127303,536,0.0014720209339667515,0.006124017404725788,0.018333999440073967,0.0263539997395128,0.23375000059604645,0.23375000059604645,892,33.020999908447266,0,0,False,False,0.1599480016157031,0.00916599971242249
LUA:CfgMgr.CheckOpenFileHandle,0.0010258701880609888,0.004860670652955638,252,1194,0.21105527638190955,472,0.0006543542774461625,0.003100392885994913,0.004426999948918819,0.0061980001628398895,0.11145800352096558,0.11145800352096558,423,44.21900177001953,0,0,False,False,0.11078100354643539,0.003594000154407695
LUA:CfgMgr.GetCfgStreamHeadData,0.0004976231158531421,0.0023577857155898875,252,1194,0.21105527638190955,944,0.0004970996652663899,0.002355305556857419,0.0026029999426100403,0.003489999915473163,0.06364599702646956,0.06317699700593948,892,33.020999908447266,0,0,False,False,0.06364599702646956,0.003489999915473163
LUA:CfgMgr.StreamReadOneCfg,0.001455156613450179,0.006894670620871087,252,1194,0.21105527638190955,472,0.0013290494082118635,0.0062971626722419256,0.007395999971777201,0.012185999774374068,0.06562499701976776,0.06562499701976776,865,34.03900146484375,0,0,False,False,0.06536499701905996,0.010781000135466456
LUA:CfgMgr._GetMergeRowByKey,0.000585919588790985,0.002437588811903958,287,1194,0.2403685092127303,365,0.000585919588790985,0.002437588811903958,0.002655999967828393,0.003489999915473163,0.09249899908900261,0.09025999903678894,541,36.064998626708984,0,0,False,False,0.09249899908900261,0.003489999915473163
C#StringFormat,0.0022805887789245525,0.060511622267464794,45,1194,0.03768844221105527,65,0.002164065329030576,0.05741986673027794,0.0,0.1303650001063943,0.2203650027513504,0.2203650027513504,841,34.1510009765625,0,0,False,False,0.21635300280468073,0.10390899889898719
LUA:PerformanceUtil.GetObfuscatedUid,0.0028449103697959703,0.0849205745384097,40,1194,0.03350083752093802,40,0.0003061348282212588,0.009138124622404573,0.0,0.10890600085258484,0.3553130030632019,0.3553130030632019,185,32.99599838256836,0,0,False,False,0.01328200101852417,0.01244799792766571
LUA:PerformanceUtil._717,0.0025387755415747114,0.07578244991600513,40,1194,0.03350083752093802,40,0.0025387755415747114,0.07578244991600513,0.0,0.09713499993085861,0.3464590013027191,0.3464590013027191,185,32.99599838256836,0,0,False,False,0.3464590013027191,0.09713499993085861
C#internetReachability,0.002923516732121083,0.08726697445381433,40,1194,0.03350083752093802,80,0.0029044530802490513,0.08669792444543419,0.0,0.09411399625241756,0.5077609904110432,0.45552098751068115,1050,35.30699920654297,0,0,False,False,0.5071359903813573,0.0933849962457316
C#SetIndex,0.00016916163974142067,0.004697185996540843,43,1194,0.036013400335008376,67,0.00016916163974142067,0.004697185996540843,0.0,0.01130399975227192,0.01843599963467568,0.006353999953716993,1009,53.58100128173828,0,0,False,False,0.01843599963467568,0.01130399975227192
EvtMgr,0.015656832482360016,0.04154279551986191,450,1194,0.3768844221105528,450,0.002872448916885521,0.007621564459469583,0.05015599727630615,0.058594003319740295,0.1553650051355362,0.1553650051355362,287,34.10100173950195,0,0,False,False,0.06260499730706215,0.010781997814774513
LUA:EvtMgr.OnLateUpdate,0.012784383565474495,0.033921231060392326,450,1194,0.3768844221105528,450,0.005718020088908261,0.01517181330256992,0.042969003319740295,0.05000000074505806,0.14656199514865875,0.14656199514865875,287,34.10100173950195,0,0,False,False,0.10963499546051025,0.030156001448631287
LUA:EvtMgr.StopScheduleUpdate,0.007066363476566234,0.018749417757822406,450,1194,0.3768844221105528,450,0.0009915016582188894,0.0026307843998074534,0.020781999453902245,0.022343000397086143,0.0754690021276474,0.0754690021276474,638,33.93000030517578,0,0,False,False,0.04661399777978659,0.00354200042784214
LUA:BattleGridMgr.RefreshArmyBindGrid,0.0444534773652877,0.22780022306503656,233,1194,0.19514237855946398,449,0.002694462351016899,0.01380767402194926,0.2938539981842041,0.4275519922375679,0.6595320031046867,0.4454679787158966,656,33.685001373291016,0,0,False,False,0.10843700001714751,0.021564005553955212
LUA:BattleGridMgr.IsValidEntity,0.0003701180874462079,0.0018966566369561038,233,1194,0.19514237855946398,449,0.0003701180874462079,0.0018966566369561038,0.0022399999434128404,0.0032289999653585255,0.004478000104427338,0.00380200007930398,635,33.448001861572266,0,0,False,False,0.004478000104427338,0.0032289999653585255
MapSignificanceMgr.ProcessTask_ZoomEntityAdd,0.012899913758209515,0.05329583746471336,289,1194,0.24204355108877723,1779,0.00451325881582532,0.018646474138738517,0.07182200066745281,0.13395899906754494,0.6999430041760206,0.2157289981842041,699,35.604000091552734,0,0,False,False,0.3108810045523569,0.05572800134541467
LUA:MapSignificanceMgr.ProcessSignificanceTask_ZoomEntityAdd,0.006740219422095023,0.02784713491343065,289,1194,0.24204355108877723,1779,0.0026661901467569856,0.011015332301826438,0.03515600063838065,0.07338600093498826,0.3066689991392195,0.20624999701976776,699,35.604000091552734,0,0,False,False,0.207709997164784,0.02557300095213577
LUA:InfiniteZoomMapEntityCtrl.CreateMapEntityIcon,0.0030769865633841834,0.012712532722078599,289,1194,0.24204355108877723,1779,0.002292542675572644,0.009471612299770716,0.015988999512046576,0.028852999792434275,0.1505179962841794,0.04958299919962883,699,35.604000091552734,0,0,False,False,0.1160359957430046,0.021828000055393204
LUA:InfiniteZoomMapEntityCtrl.CanShowMapEntityIcon,0.0007844438878115395,0.0032409204223078827,289,1194,0.24204355108877723,1779,0.0007844438878115395,0.0032409204223078827,0.003958000073907897,0.006408000073861331,0.053227998985676095,0.048280999064445496,424,35.06999969482422,0,0,False,False,0.053227998985676095,0.006408000073861331
LUA:MapSignificanceTask_ZoomEntityAdd.CleanUp,0.0005469246244628292,0.002228764510609618,293,1194,0.245393634840871,1870,0.0005469246244628292,0.002228764510609618,0.0025489999825367704,0.003960000074584968,0.07525999868812505,0.0729679986834526,695,32.16299819946289,0,0,False,False,0.07525999868812505,0.003960000074584968
ECS.Draw.Filter,0.012585979018990619,1.5027658948674798,10,1194,0.008375209380234505,150,0.012585979018990619,1.5027658948674798,0.0,1.7935950092505664,1.7935950092505664,0.35640600323677063,821,36.94499969482422,0,0,False,False,1.7935950092505664,1.7935950092505664
LUA:UnattendedSceneMgr.PollFileCmd,0.018794010931523,0.2914292084706294,77,1194,0.06448911222780569,77,0.00024061309332823634,0.003731065369271613,0.23130200803279877,0.4692710041999817,0.4975520074367523,0.4975520074367523,1073,33.10100173950195,0,0,False,True,0.0765099972486496,0.0035929977893829346
LUA:UnattendedSceneMgr.ReadJsonFile,0.018553397838194766,0.2876981431013578,77,1194,0.06448911222780569,77,0.0004233794233806968,0.00656513027943574,0.22734399139881134,0.46650999784469604,0.49437499046325684,0.49437499046325684,1073,33.10100173950195,0,0,False,False,0.054895997047424316,0.007500007748603821
LUA:UnattendedSceneMgr.FilePath,0.009468217753185898,0.14681885710784368,77,1194,0.06448911222780569,77,0.00029230314358394947,0.004532596797912152,0.10619799792766571,0.27666598558425903,0.3755730092525482,0.3755730092525482,1073,33.10100173950195,0,0,False,False,0.05901000648736954,0.004999011754989624
LUA:UnattendedSceneMgr.FileDir,0.009175914609601949,0.14228626030993152,77,1194,0.06448911222780569,77,0.0005448258589560063,0.008448338644071058,0.10291700065135956,0.2721870243549347,0.3713020086288452,0.3713020086288452,1073,33.10100173950195,0,0,False,False,0.017863988876342773,0.012292005121707916
C#persistentDataPath,0.008631088750645943,0.13383792166586045,77,1194,0.06448911222780569,77,0.008594883557520345,0.13327650607375705,0.09567700326442719,0.2622399926185608,0.35822901129722595,0.35822901129722595,1073,33.10100173950195,0,0,False,False,0.3577590112981852,0.26135499260999495
LUA:UnattendedSceneMgr._515,0.00866180066162817,0.13431415571407837,77,1194,0.06448911222780569,77,0.0005318274163021714,0.008246778377464839,0.11354199796915054,0.22677099704742432,0.28755199909210205,0.28755199909210205,828,38.23699951171875,0,0,False,False,0.011613994836807251,0.011040985584259033
LUA:PlayerAndAllianceShortInfoMgr.func,0.015975626432017068,0.14342028541224344,133,1194,0.11139028475711893,133,0.00045213316702962523,0.004059000010777237,0.24958299100399017,0.3363020122051239,0.4888020157814026,0.4888020157814026,841,34.1510009765625,0,0,False,True,0.009532004594802856,0.005624979734420776
Menu_DebugError.,0.004635284712516283,0.06918162433430552,80,1194,0.06700167504187604,80,0.0004034052841627418,0.006020823866128922,0.05635400116443634,0.11723999679088593,0.23833298683166504,0.23833298683166504,800,33.4119987487793,0,0,False,False,0.010884996503591537,0.010469004511833191
LUA:Menu_DebugError.func,0.004231879428353541,0.0631608004681766,80,1194,0.06700167504187604,80,0.0017713961763606973,0.026438087932183406,0.051979001611471176,0.11333300173282623,0.23166701197624207,0.23166701197624207,800,33.4119987487793,0,0,False,False,0.18708301323931664,0.03312600054778159
C#instance,0.0010106968221533887,0.015084650070639328,80,1194,0.06700167504187604,80,0.0010106968221533887,0.015084650070639328,0.011718999594449997,0.019948000088334084,0.07713500410318375,0.07713500410318375,278,33.07099914550781,0,0,False,False,0.07713500410318375,0.019948000088334084
C#GetErrorLogCount,0.00015607788781300062,0.0023294624756090344,80,1194,0.06700167504187604,80,0.00015607788781300062,0.0023294624756090344,0.001927000004798174,0.00317799998447299,0.00723999971523881,0.00723999971523881,383,34.12699890136719,0,0,False,False,0.00723999971523881,0.00317799998447299
AOE.dll!::VxAutoPlayAnimations.PlayAnimationWithDelay() [Coroutine: MoveNext],0.0023902529278080568,0.020831839385422043,137,1194,0.11474036850921274,219,0.002274448902991426,0.019822569271326737,0.020364999771118164,0.04265599884092808,0.09317700564861298,0.09317700564861298,790,31.059999465942383,0,0,False,False,0.06906400028674398,0.03875000071275281
*** BattleLayer_CalculateArmyInView ***,0.004344944715799399,0.0435954957198696,119,1194,0.09966499162479062,119,0.002921325792546791,0.029311453750427464,0.04067699983716011,0.078125,0.1383340060710907,0.1383340060710907,90,32.25899887084961,0,0,False,False,0.12229200592264533,0.0377599997445941
GatherChunksAndOffsetsJob (Burst),0.0007638869354917888,0.004775293198833486,191,1194,0.15996649916247907,208,0.0007638869354917888,0.004775293198833486,0.005313000176101923,0.009949000086635351,0.03796900063753128,0.03796900063753128,1180,34.104000091552734,0,0,False,False,0.03796900063753128,0.009949000086635351
BattleFieldMgr:CalculateCountInView (Burst),0.0011066700124386167,0.011103899116400912,119,1194,0.09966499162479062,119,0.0011066700124386167,0.011103899116400912,0.010677000507712364,0.01385399978607893,0.0807809978723526,0.0807809978723526,10,33.97100067138672,0,0,False,False,0.0807809978723526,0.01385399978607893
*** pb.decode***368,0.0007372797346694186,0.2934373343984286,3,1194,0.002512562814070352,3,0.0007305603042001453,0.2907630010716578,0.0,0.4087499976158142,0.4087499976158142,0.4087499976158142,11,34.88800048828125,0,0,False,False,0.40567699768871535,0.40567699768871535
LUA:WorldCoordFormatUtil.FormatWorldPosition,0.003007273027409918,0.024261378342752986,148,1194,0.12395309882747069,3180,0.0013608475762660814,0.01097872977068717,0.010781999662867747,0.07828200179210398,0.4848909980064491,0.1653130054473877,1008,39.22700119018555,0,0,False,False,0.19965300089097582,0.029787000152282417
LUA:WorldCoordFormatUtil.GetWorldPositionSceneCfgId,0.0016464254511438367,0.015853483779562427,124,1194,0.10385259631490787,2412,0.0011868576036723369,0.011428290151490083,0.005835000018123537,0.043699001893401146,0.33302199972968083,0.0658859983086586,1008,39.22700119018555,0,0,False,False,0.23139299392641988,0.015989999679732136
LUA:WorldCoordFormatUtil.GetCfgIdByUnifiedCoord,0.0005354673464918452,0.004771253818740769,134,1194,0.11222780569514237,2436,0.0005354673464918452,0.004771253818740769,0.0020839999633608386,0.008697999961441383,0.12645900365896523,0.05869800224900246,1008,39.22700119018555,0,0,False,False,0.12645900365896523,0.008697999961441383
LUA:WorldCoordFormatUtil.FormatYawAttr,0.0018316909421814084,0.015401682992708462,142,1194,0.11892797319932999,1099,0.0007338249499475118,0.00617033091716429,0.006041999906301498,0.04588600079296157,0.3464579985011369,0.11927100270986557,1008,39.22700119018555,0,0,False,False,0.13536399928852916,0.012131003066315316
LUA:WorldCoordFormatUtil.FormatWorldPositionArray,0.0003084020067906862,0.0034738867557365972,106,1194,0.08877721943048576,441,0.00023250250777034082,0.002618943342243273,0.001614999957382679,0.005363999865949154,0.0515609992435202,0.0032809998374432325,1008,39.22700119018555,0,0,False,False,0.04088399896863848,0.003907999882358126
LUA:TblUtil.Clone,0.001139778892740325,0.012838641489924037,106,1194,0.08877721943048576,882,0.001139778892740325,0.012838641489924037,0.007968999911099672,0.04881200086674653,0.08431399904657155,0.05296799913048744,1008,39.22700119018555,0,0,False,False,0.08431399904657155,0.04881200086674653
*** pb.decode***174,0.00010455946689175201,0.062422001734375954,2,1194,0.0016750418760469012,2,0.00010163651884009304,0.06067700174753555,0.0,0.07192700356245041,0.07192700356245041,0.07192700356245041,889,33.119998931884766,0,0,False,False,0.07010300357069355,0.07010300357069355
LUA:NetMsgPostProcesser.EntityMoveNtf,0.001547839213318661,0.03186413828797381,58,1194,0.048576214405360134,58,0.00016178309775489557,0.003330500322747333,0.0,0.08921800553798676,0.10453099757432938,0.10453099757432938,1066,32.64799880981445,0,0,False,False,0.008697999641299248,0.005416002124547958
*** pb.decode***70,0.0003456959900269956,0.05159512651152909,8,1194,0.006700167504187605,8,0.0003346172632509433,0.04994162654020329,0.0,0.10041700303554535,0.10041700303554535,0.10041700303554535,370,32.95100021362305,0,0,False,False,0.0974490031512687,0.0974490031512687
LUA:NetMsgPostProcesser.SceneEventNtf,8.824371855231735e-05,0.003902333331535812,27,1194,0.022613065326633167,27,8.824371855231735e-05,0.003902333331535812,0.0,0.005468999966979027,0.005520999897271395,0.005520999897271395,460,33.784000396728516,0,0,False,False,0.005520999897271395,0.005468999966979027
processFullUpdateEntity,0.0012605133879043699,0.014471663318825169,104,1194,0.08710217755443886,104,0.0004414413660574374,0.005068086452620964,0.008333000354468822,0.024583999067544937,0.13400998711585999,0.13400998711585999,143,33.665000915527344,0,0,False,False,0.12609398737549782,0.007447999902069569
LUA:MapSignificanceMgr.WritePrepareData_FullUpdateEntity,0.00038128224212420446,0.004377413433618271,104,1194,0.08710217755443886,104,0.00038128224212420446,0.004377413433618271,0.003645000047981739,0.006666999775916338,0.01880200020968914,0.01880200020968914,1008,39.22700119018555,0,0,False,False,0.01880200020968914,0.006666999775916338
EntityMoveNtf,0.002150512582792509,0.04427089696300441,58,1194,0.048576214405360134,58,0.0002183249903533926,0.004494483422102599,0.0,0.15729200839996338,0.3194790184497833,0.3194790184497833,508,41.40299987792969,0,0,False,False,0.03822900354862213,0.012499995529651642
LUA:OutsideUtils.RecivesMoveMsg_Debug,0.00011480485655453564,0.0023633965297606132,58,1194,0.048576214405360134,89,0.00011480485655453564,0.0023633965297606132,0.0,0.0033859999384731054,0.004636000085156411,0.0043230000883340836,20,33.04999923706055,0,0,False,False,0.004636000085156411,0.0033859999384731054
LUA:MapSignificanceMgr.AddHighFreqPrepareData,0.00029770938016184087,0.0061287068950558275,58,1194,0.048576214405360134,89,0.00029770938016184087,0.0061287068950558275,0.0,0.006300999782979488,0.11296900361776352,0.11296900361776352,508,41.40299987792969,0,0,False,False,0.11296900361776352,0.006300999782979488
LUA:OutsideEventNet.func,0.013333159322589886,0.5896219344878638,27,1194,0.022613065326633167,27,7.942890238650206e-05,0.003512522572203091,0.0,2.9211978912353516,9.641875267028809,9.641875267028809,628,60.51300048828125,1,0,False,True,0.0057290036347694695,0.004530997364781797
LUA:OutsideEventNet.processSceneEvent,0.013247531927635323,0.5858353007998731,27,1194,0.022613065326633167,27,0.0002442752057920449,0.010802392433914874,0.0,2.9151558876037598,9.637656211853027,9.637656211853027,628,60.51300048828125,1,0,False,True,0.11182200442999601,0.01447986625134945
LUA:OutsideArmyEventNet.CfgNs.SceneEventType.SET_ArrowTowerThrow,0.001196212699976898,0.05713111855089664,25,1194,0.020938023450586266,50,0.00044863312497385585,0.021426718048751354,0.0,0.3258319841697812,0.42463598027825356,0.3523959815502167,112,32.93899917602539,0,0,False,False,0.10057397294440307,0.04484097921522334
C#__call,0.0005918509189692331,0.0037193157749961276,190,1194,0.15912897822445563,237,0.0005918509189692331,0.0037193157749961276,0.0028649999294430017,0.011613999959081411,0.019270000280812383,0.009843999519944191,11,34.88800048828125,0,0,False,False,0.019270000280812383,0.011613999959081411
LUA:MapCoreMgr.CreateMapObject,0.007357450588988499,0.08446919233896412,104,1194,0.08710217755443886,409,0.00031210386492249554,0.003583192449206343,0.04567699879407883,0.177031010389328,1.0838020062074065,0.177031010389328,1008,39.22700119018555,0,0,False,False,0.030205000191926956,0.004896999336779118
LUA:MapSignificanceMgr.RequestTask_MapObjInit,0.007045346724066003,0.08088599988975777,104,1194,0.08710217755443886,409,0.0011633358494028796,0.013355990424875367,0.04359400272369385,0.1741659939289093,1.0535970060154796,0.1741659939289093,1008,39.22700119018555,0,0,False,False,0.21052101062377915,0.019531001802533865
LUA:MapSignificanceTaskFactory.TakeTask_MapObjInit,0.0006297571153923638,0.007230096113254638,104,1194,0.08710217755443886,409,0.00045735175427189016,0.005250749948083047,0.003645000047981739,0.010989999689627439,0.06275899900356308,0.05864600092172623,1001,33.64400100708008,0,0,False,False,0.05750000092666596,0.0076559995068237185
LUA:MapSignificanceEntityTask.CounteractTask_MapObjInit,0.0016829338272989819,0.01932137490187485,104,1194,0.08710217755443886,409,0.00024271189212530752,0.0027865192230540113,0.007552000228315592,0.051614999771118164,0.33505600085482,0.07015600055456161,1008,39.22700119018555,0,0,False,False,0.0413029994815588,0.004166999598965049
LUA:MapSignificanceMgr.GetRefreshSubTask,0.00030377638001514404,0.006253603409277275,58,1194,0.048576214405360134,89,0.00019520602860635027,0.004018551692344521,0.0,0.00817699998151511,0.05666699982248247,0.05385399982333183,835,34.1609992980957,0,0,False,False,0.05182299989974126,0.004793000174686313
LUA:MapSignificanceEntityTask.GetSignificanceTaskBySubType,6.796063597060949e-05,0.0014490178455162095,56,1194,0.04690117252931323,86,6.796063597060949e-05,0.0014490178455162095,0.0,0.00229199999012053,0.002554000006057322,0.0017189999343827367,994,34.694000244140625,0,0,False,False,0.002554000006057322,0.00229199999012053
MapSignificanceMgr.ProcessTask_MapObjInit,0.0687875109202099,0.7333240003458091,112,1194,0.09380234505862646,404,0.0018063759198168549,0.019257257573761826,0.45609399676322937,2.7257829681038857,3.414687968790531,0.8630210161209106,645,32.946998596191406,2,0,False,False,0.13208194114849903,0.09776189969852567
LUA:MapSignificanceMgr.ProcessSignificanceTask_MapObjInit,0.06633275476482446,0.7071545463321465,112,1194,0.09380234505862646,404,0.0004469843665559088,0.004765172622033528,0.44520801305770874,2.5909390300512314,3.2411460280418396,0.8541669845581055,645,32.946998596191406,1,0,False,True,0.052550025284290314,0.017136000096797943
LUA:OutsideLocalEntityMgr.OnServerEntityReceived,0.002710549415411331,0.02889639287501008,112,1194,0.09380234505862646,404,0.0008639589666400238,0.009210419697930254,0.023385999724268913,0.0719280019402504,0.09536300064064562,0.07703100144863129,645,32.946998596191406,0,0,False,False,0.045365004101768136,0.03614899926469661
LUA:OutsideLocalEntityMgr.GetGridIndexFromEntityAttr,0.0013317051874508791,0.014196928516217408,112,1194,0.09380234505862646,404,0.0008491775512431477,0.009052839251645699,0.01296900026500225,0.025417000520974398,0.06416700035333633,0.06416700035333633,567,33.382999420166016,0,0,False,False,0.05922000022837892,0.016251000139163807
LUA:BattleGridMgr.ReSelect,0.0001237437192054615,0.0025474138057124318,58,1194,0.048576214405360134,313,0.0001237437192054615,0.0025474138057124318,0.0,0.008071000178460963,0.010780000171507709,0.0016659999964758754,645,32.946998596191406,0,0,False,False,0.010780000171507709,0.008071000178460963
LUA:OutsideLocalEntityMgr.TryRemoveLocalEntity,0.0003911415421149664,0.004169848225761338,112,1194,0.09380234505862646,404,0.0003911415421149664,0.004169848225761338,0.003854000009596348,0.006821999792009592,0.0536450007930398,0.05244800075888634,910,33.48699951171875,0,0,False,False,0.0536450007930398,0.006821999792009592
LUA:MapDataCtrl.CreateEntityDataByEntityAttr,0.046911549512640115,0.5001106260543955,112,1194,0.09380234505862646,404,0.0020125353224847544,0.02145506406291783,0.3360409736633301,1.652758989483118,2.233331985771656,0.7511979937553406,647,33.46900177001953,0,0,False,False,0.13727999549882952,0.07291702891234308
LUA:MapDataFactory.TakeData,0.004155361814692717,0.04429912506020628,112,1194,0.09380234505862646,403,0.0014666599849051498,0.01563564305336383,0.01588599942624569,0.20463600102812052,0.5157300047576427,0.17906300723552704,1033,33.5890007019043,0,0,False,False,0.14026300617842935,0.052965998474974185
LUA:LinkedList.RemoveLast,0.005119289742289166,0.014281383066105756,428,1194,0.35845896147403683,2347,0.005119289742289166,0.014281383066105756,0.027761999517679214,0.031975999590940773,0.1802079895278439,0.151093989610672,1056,34.22200012207031,0,0,False,False,0.1802079895278439,0.031975999590940773
LUA:MapEntityDataBase.Init,0.0012318978183224198,0.013132910670330082,112,1194,0.09380234505862646,403,0.0007264690118872247,0.007744678573154877,0.005729000084102154,0.049740999238565564,0.21927300363313407,0.15848900377750397,645,32.946998596191406,0,0,False,False,0.06995000157621689,0.031040999194374308
LUA:MapDataCtrl.RemoveDelayedDeleteData,0.0006688969769734278,0.007005815706195375,114,1194,0.09547738693467336,410,0.0004618375143026496,0.004837140281380383,0.004270999925211072,0.023856999876443297,0.048541996628046036,0.04380199685692787,789,36.9630012512207,0,0,False,False,0.04593799670692533,0.015936999872792512
LUA:MapDataCtrl.AddEntityData,0.022028465659733567,0.2348391785510882,112,1194,0.09380234505862646,403,0.001614568584831724,0.01721245437758106,0.24203100241720676,0.43245299253612757,0.6080209985375404,0.4918229877948761,381,33.76100158691406,0,0,False,False,0.22681500937324017,0.05616300037945621
LUA:MapDataCtrl._ProcessGridIndexOnAddData,0.016570650000116687,0.1766549651798154,112,1194,0.09380234505862646,403,0.0006504682328348623,0.006934455982185942,0.21192699670791626,0.4039580225944519,0.5202589936088771,0.4669789969921112,381,33.76100158691406,0,0,False,False,0.12843698170036077,0.011040998244425282
LUA:MapDataCtrl.OnAddEntityData_EntityTypeCheckList,0.00020645226152187488,0.0022009285737242734,112,1194,0.09380234505862646,403,0.00020645226152187488,0.0022009285737242734,0.001145999995060265,0.008176000148523599,0.02890499954810366,0.027343999594449997,280,34.375,0,0,False,False,0.02890499954810366,0.008176000148523599
LUA:OutsideArmyDataCtrl.AddData,0.0021709757207672873,0.044692155355105886,58,1194,0.048576214405360134,312,0.0007875318289758799,0.01621229316891725,0.0,0.17135400045663118,0.26015700213611126,0.07166700065135956,645,32.946998596191406,0,0,False,False,0.12802000233205035,0.050989001436391845
LUA:UtilArmyEntity.IsMyselfArmyByData,0.00015663316899587257,0.003224482823811584,58,1194,0.048576214405360134,312,0.00015663316899587257,0.0032244828238115835,0.0,0.008802000054856762,0.06739700297475792,0.061823002994060516,1033,33.5890007019043,0,0,False,False,0.06739700297475792,0.008802000054856762
LUA:AllianceWonderMgr.OnEffectEntityDataAdd,0.0002631691810711041,0.0028055714482044486,112,1194,0.09380234505862646,715,0.0002631691810711041,0.002805571448204449,0.0014059999957680702,0.01271700017969124,0.0201120002893731,0.0018229999113827944,1001,33.64400100708008,0,0,False,False,0.0201120002893731,0.01271700017969124
LUA:BattleFieldModeMgr._135,0.00232987771782996,0.024838160670437252,112,1194,0.09380234505862646,715,0.0004948702012149733,0.005275669823666769,0.011354000307619572,0.1317180006299168,0.1841150012332946,0.05192699655890465,1032,33.12699890136719,0,0,False,False,0.05437400261871517,0.02140700223390013
LUA:OutsideArmyDataBase.OnCreateFinish,0.0002326775539225323,0.0047899482652328206,58,1194,0.048576214405360134,312,0.0001678157440768231,0.003454689628064255,0.0,0.01848999975482002,0.04369600216159597,0.03234400227665901,647,33.46900177001953,0,0,False,False,0.03978700206789654,0.01270999968983233
LUA:MapEntityDataBase.OnCreateFinish,9.15661654575986e-05,0.0009761607281818994,112,1194,0.09380234505862646,403,9.15661654575986e-05,0.0009761607281818994,0.00041700000292621553,0.0038540000532520935,0.012548999940918293,0.006718999706208706,1001,33.64400100708008,0,0,False,False,0.012548999940918293,0.0038540000532520935
LUA:MapSignificanceMgr.RequestTask_MapEntityAdd,0.006943609719546871,0.06477085941514815,128,1194,0.10720268006700168,576,0.0016165728905356965,0.015079593994528294,0.04125000070780516,0.25552000012248755,0.33098900225013494,0.2082819938659668,645,32.946998596191406,0,0,False,False,0.08115000092948321,0.05202900317090098
LUA:MapSignificanceTaskFactory.TakeTask_MapEntityAdd,0.0009888333214935964,0.009223960827057454,128,1194,0.10720268006700168,576,0.0006386063527852107,0.005956999884574543,0.005832999828271568,0.026307000138331205,0.1264069948811084,0.11515599489212036,829,32.560001373291016,0,0,False,False,0.03682300040964037,0.016820999211631715
LUA:MapSignificanceEntityTask.CheckException_MapEntityAdd,0.0005804522544126279,0.005414531185692795,128,1194,0.10720268006700168,576,0.0004280946299426298,0.003993320219933594,0.002604000153951347,0.022500999621115625,0.08489499753341079,0.06499999761581421,1033,33.5890007019043,0,0,False,False,0.056668000484933145,0.016926999698625877
LUA:MapSignificanceEntityTask.CounteractTask_MapEntityAdd,0.00013144053657466258,0.0014012500059834565,112,1194,0.09380234505862646,404,0.00013144053657466258,0.0014012500059834565,0.0007820000173524022,0.005934000088018365,0.00823200005106628,0.001145999995060265,1001,33.64400100708008,0,0,False,False,0.00823200005106628,0.005934000088018365
LUA:MapSignificanceTask_MapObjInit.CleanUp,0.00015322696829265,0.001577181035701932,116,1194,0.09715242881072027,409,0.00015322696829265,0.001577181035701932,0.000989000080153346,0.006146000087028369,0.012392999764415435,0.0072919996455311775,622,33.279998779296875,0,0,False,False,0.012392999764415435,0.006146000087028369
LUA:UtilMapEntityAttr.GetAttrComponent,0.00016510468918671815,0.002560194790765474,77,1194,0.06448911222780569,91,0.00016510468918671815,0.002560194790765474,0.0020309998653829098,0.004217999987304211,0.005416999803856015,0.004896000027656555,696,29.454999923706055,0,0,False,False,0.005416999803856015,0.004217999987304211
LUA:MapEntityDataDetailGrid.RefreshByEntityAttr,0.0034505418662474784,0.030518125839255474,135,1194,0.11306532663316583,185,0.0004890711829365602,0.004325562906861133,0.024531999602913857,0.06671800464391708,0.23317599296569824,0.21723899245262146,181,33.79499816894531,0,0,False,False,0.009633002511691302,0.006665996043011546
LUA:MapEntityDataGrid.RefreshByEntityAttr,0.0037610753781787765,0.030139087258694356,149,1194,0.12479061976549413,217,0.0007655963043429167,0.006135046895204312,0.025989999994635582,0.07744799926877022,0.22442699689418077,0.21177099645137787,181,33.79499816894531,0,0,False,False,0.10104400002455804,0.009739000335684977
LUA:MapViewCtrl.AddGridIndexOfInterest,0.014879563675921916,0.23072985752013983,77,1194,0.06448911222780569,91,0.0003087471186228633,0.00478758519007401,0.19447900354862213,0.3996350020170212,0.4852609932422638,0.4424999952316284,381,33.76100158691406,0,0,False,True,0.009948022663593292,0.00739598274230957
C#AddGridIndexOfInterest,0.014570816557299053,0.22594227233006584,77,1194,0.06448911222780569,91,0.001063262103078653,0.016487466897089763,0.18974000215530396,0.3932799994945526,0.47770801186561584,0.43510401248931885,381,33.76100158691406,0,0,False,False,0.04963499307632446,0.025885984301567078
MapViewCtrl.GridIndexCallback,0.013507554454220399,0.21794621646404266,74,1194,0.06197654941373534,88,0.00148214914304028,0.023914676713379653,0.17458298802375793,0.372081995010376,0.4280730187892914,0.41645801067352295,381,33.76100158691406,0,0,False,False,0.15885501354932785,0.04156200587749481
LUA:OutsideMapViewCtrl._105,0.01202540531118012,0.194031539750663,74,1194,0.06197654941373534,88,0.0001768349253352563,0.0028532554168958922,0.15453200042247772,0.3234889954328537,0.39250001311302185,0.39250001311302185,181,33.79499816894531,0,0,False,True,0.0053640007972717285,0.004375003278255463
LUA:OutsideMapViewCtrl.OnAddGridIndex,0.011848570385844864,0.19117828433376713,74,1194,0.06197654941373534,88,0.0020451692171157216,0.0329990816923807,0.15192700922489166,0.31932400166988373,0.389739990234375,0.389739990234375,181,33.79499816894531,0,0,False,False,0.07426998882147018,0.060366999940015376
MapViewCtrl.OnNewlyVisible,0.004720958138518098,0.07617329753230552,74,1194,0.06197654941373534,88,0.000794554443583766,0.012820243319446171,0.05854199826717377,0.12630200386047363,0.21031300723552704,0.21031300723552704,311,32.827999114990234,0,0,False,False,0.025103997439146042,0.021978989243507385
LUA:OutsideMapViewCtrl.AddUnitInGrid,0.003926403694934332,0.06335305421285935,74,1194,0.06197654941373534,88,0.000721837539702398,0.011646946248711666,0.046198002994060516,0.11380299925804138,0.1949470043182373,0.1949470043182373,311,32.827999114990234,0,0,False,False,0.018384998285910115,0.01713499872130342
LUA:MapDataCtrl.HasMultipleDataInGridIndex,0.00015176046676292215,0.001709452804857821,106,1194,0.08877721943048576,180,0.00015176046676292215,0.001709452804857821,0.001509999972768128,0.0027089999348390847,0.0034890000242739916,0.002604000037536025,1081,32.28499984741211,0,0,False,False,0.0034890000242739916,0.0027089999348390847
LUA:MapDataCtrl.GetDataByGridIndex,3.563986630104888e-05,0.0005750540589655724,74,1194,0.06197654941373534,88,3.563986630104888e-05,0.0005750540589655724,0.00041700000292621553,0.0009889999928418547,0.001145999995060265,0.000989000080153346,696,29.454999923706055,0,0,False,False,0.001145999995060265,0.0009889999928418547
LUA:MapCoreMgr.CreateMapEntity,0.0029777336586422755,0.04804613497863348,74,1194,0.06197654941373534,88,0.0005247244563534227,0.008466500011972794,0.03416699916124344,0.10161399841308594,0.17734399437904358,0.17734399437904358,311,32.827999114990234,0,0,False,False,0.1134919926407747,0.010990001552272588
LUA:OutsideMapViewCtrl.GetSampler_NewCallback,0.00013540368368004807,0.0021847567339726673,74,1194,0.06197654941373534,176,0.00013540368368004807,0.0021847567339726677,0.0017709999810904264,0.003124999988358468,0.003646000026492402,0.0022909999825060368,775,33.28200149536133,0,0,False,False,0.003646000026492402,0.003124999988358468
OutsideMapViewCtrl.NewCallback_OutsideLocalSubEntityMgr,0.0033122638132816284,0.053443824230517085,74,1194,0.06197654941373534,88,0.00020554354429943878,0.0033164728634260798,0.04286399856209755,0.08546900004148483,0.19249999523162842,0.19249999523162842,181,33.79499816894531,0,0,False,False,0.03713500127196312,0.004322996363043785
LUA:OutsideLocalSubEntityMgr._OnNewlyVisible,0.0031067202689821897,0.050127351367091004,74,1194,0.06197654941373534,88,0.00015677471677936502,0.0025295812410075923,0.04078099876642227,0.07458300143480301,0.18974000215530396,0.18974000215530396,181,33.79499816894531,0,0,False,False,0.00484299473464489,0.003437001258134842
LUA:OutsideLocalSubEntityMgr.OnNewlyVisible,0.0029499455522028245,0.04759777012608341,74,1194,0.06197654941373534,88,0.0005600343161612403,0.009036229371574606,0.03791699931025505,0.07145900279283524,0.18744799494743347,0.18744799494743347,181,33.79499816894531,0,0,False,False,0.04239700305333827,0.014217003794328775
OutsideLocalSubEntityMgr.OnNewlyVisible,0.0023523057078540174,0.03795477047537428,74,1194,0.06197654941373534,88,0.00021693635875455898,0.003500297464228965,0.030208999291062355,0.054166000336408615,0.17765600979328156,0.17765600979328156,181,33.79499816894531,0,0,False,False,0.006978999823331833,0.005624998360872269
LUA:OutsideLocalSubEntityMgr.OnGridInViewChanged,0.0021353693490994584,0.03445447301114532,74,1194,0.06197654941373534,88,0.00012208710926143418,0.001969892006191249,0.027031000703573227,0.04942699894309044,0.17296800017356873,0.17296800017356873,181,33.79499816894531,0,0,False,False,0.0030219992622733116,0.002762001007795334
LUA:OutsideLocalSubEntityMgr.OnGetNewViewGridIndex,0.0020132822398380244,0.03248458100495407,74,1194,0.06197654941373534,88,9.893718131909917e-05,0.0015963647904730326,0.02546899951994419,0.04703100025653839,0.17109400033950806,0.17109400033950806,181,33.79499816894531,0,0,False,False,0.0026020007207989693,0.0021359995007514954
LUA:OutsideLocalSubEntityMgr.SyncReadSubEntityInfoFromSharedMemory,0.0019143450585189252,0.030888216214481037,74,1194,0.06197654941373534,88,0.0003908425411583865,0.006306297218150183,0.023905999958515167,0.04489600099623203,0.16963499784469604,0.16963499784469604,181,33.79499816894531,0,0,False,False,0.011042001657187939,0.009374000132083893
OutsideMapViewCtrl.NewCallback_OutsideLocalMiscEntityMgr,0.0012905661584544223,0.020823459367494326,74,1194,0.06197654941373534,88,0.00013339697926225674,0.0021523782870153316,0.015104000456631184,0.054375000298023224,0.07666599750518799,0.07666599750518799,1127,32.54800033569336,0,0,False,False,0.003958000801503658,0.0033339988440275192
LUA:OutsideLocalMiscEntityMgr._OnNewlyVisible,0.0011571691791921654,0.018671081080478994,74,1194,0.06197654941373534,88,0.00012156198587474512,0.001961419069384401,0.013280999846756458,0.05249999836087227,0.07432299852371216,0.07432299852371216,1127,32.54800033569336,0,0,False,False,0.0029169986955821514,0.0025509968400001526
LUA:OutsideLocalMiscEntityMgr.OnNewlyVisible,0.0010356071933174203,0.016709662011094594,74,1194,0.06197654941373534,88,0.00045140032614370684,0.007283405262372784,0.011562999337911606,0.05083300173282623,0.07197899371385574,0.07197899371385574,1127,32.54800033569336,0,0,False,False,0.060624993697274476,0.012605999276274815
OutsideLocalMiscEntityMgr.OnNewlyVisible,0.0005420695134661655,0.008746364852413535,74,1194,0.06197654941373534,88,0.00021033501262282032,0.0033937838523195605,0.0059889997355639935,0.010729000205174088,0.052604999393224716,0.052604999393224716,994,34.694000244140625,0,0,False,False,0.04453199915587902,0.004062000662088394
LUA:OutsideLocalMiscEntityMgr.OnGridInViewChanged,0.0003317345008433452,0.005352581000093975,74,1194,0.06197654941373534,88,8.575627670960323e-05,0.00138368911339549,0.0040619997307658195,0.007083999691531062,0.04005199670791626,0.04005199670791626,723,33.016998291015625,0,0,False,False,0.0026570004411041737,0.0019790001679211855
LUA:OutsideLocalMiscEntityMgr.OnGetNewViewGridIndex,0.00024597822413374194,0.003968891886698485,74,1194,0.06197654941373534,88,0.0001569011732395754,0.0025316216330817974,0.0027609998360276222,0.004895000020042062,0.03901100158691406,0.03901100158691406,723,33.016998291015625,0,0,False,False,0.03692800155840814,0.0029160003177821636
LUA:OutsideLocalMiscEntityMgr.CreateLocalEntity,8.907705089416654e-05,0.0014372702536166872,74,1194,0.06197654941373534,88,8.907705089416654e-05,0.0014372702536166872,0.0010939999483525753,0.0021349999005906284,0.002655999967828393,0.0020830000285059214,796,32.59700012207031,0,0,False,False,0.002655999967828393,0.0021349999005906284
LUA:MapDataCtrl.GetEntityGridIndex,0.002146494975180944,0.015075970590388512,170,1194,0.1423785594639866,309,0.0015577286511789883,0.010940752997104189,0.015259999781847,0.027708000503480434,0.06906099710613489,0.05192699655890465,143,33.665000915527344,0,0,False,False,0.05916600221826229,0.02062600018689409
LUA:MapCoordUtil.ConvertGridIndexToGrid,0.00030430401572784083,0.0015935920823642192,228,1194,0.19095477386934673,385,0.00030430401572784083,0.0015935920823642192,0.0016659999964758754,0.0024480000138282776,0.04697799720452167,0.0452599972486496,143,33.665000915527344,0,0,False,False,0.04697799720452167,0.0024480000138282776
LUA:OutsideUtils.HandleGridAreaOnlyTreeArea,0.00047569850468128633,0.0033410824387615054,170,1194,0.1423785594639866,398,0.00047569850468128633,0.0033410824387615054,0.001771000010194257,0.0033340000081807375,0.2541140128450934,0.2526560127735138,199,33.1870002746582,0,0,False,False,0.2541140128450934,0.0033340000081807375
LUA:OutsideMapViewCtrl.IsUnitInView,0.0017988408574057585,0.01590974802772204,135,1194,0.11306532663316583,185,0.0009255066909963792,0.008185592511479087,0.017292000353336334,0.0276040006428957,0.061511002480983734,0.061511002480983734,925,33.542999267578125,0,0,False,False,0.016770999878644943,0.013230000156909227
C#IsGridIndexInView,0.0008733341664093791,0.007724155516242954,135,1194,0.11306532663316583,185,0.0008733341664093791,0.007724155516242954,0.00843799952417612,0.014427000191062689,0.05005199834704399,0.05005199834704399,925,33.542999267578125,0,0,False,False,0.05005199834704399,0.014427000191062689
LUA:MapSignificanceTask_MapEntityAdd.CleanUp,0.000263809882166992,0.001097522645670343,287,1194,0.2403685092127303,576,0.000263809882166992,0.001097522645670343,0.0011449999583419412,0.0015100000018719584,0.05192700115730986,0.051458001136779785,667,34.06700134277344,0,0,False,False,0.05192700115730986,0.0015100000018719584
LUA:OutsideArmyEntityBase.OnRefresh_Dir,0.0012290619804728245,0.027688679333670804,53,1194,0.04438860971524288,59,0.0004906415444346561,0.011053320831226027,0.0,0.06416700035333633,0.09775999840348959,0.08823000639677048,1071,33.06800079345703,0,0,False,False,0.02250099927186966,0.017134007764980197
LUA:OutsideArmyEntityBase.IsMoving,7.428810570991194e-05,0.0016735848720308463,53,1194,0.04438860971524288,59,7.428810570991194e-05,0.0016735848720308463,0.0,0.0027609998360276222,0.0032289999071508646,0.0021359999664127827,526,32.85200119018555,0,0,False,False,0.0032289999071508646,0.0027609998360276222
C#StaticRotateDir,0.0004937897843481907,0.02679931829598817,22,1194,0.018425460636515914,24,0.0004937897843481907,0.02679931829598817,0.0,0.05697999894618988,0.06458400096744299,0.05697999894618988,1071,33.06800079345703,0,0,False,False,0.06458400096744299,0.05697999894618988
LUA:OutsideArmyEntityBase.OnRefresh_actionType,0.00011084003177419978,0.006965420944126029,19,1194,0.015912897822445562,20,4.881239278550873e-05,0.0030674735255735485,0.0,0.021144999656826258,0.021144999656826258,0.015155999921262264,1071,33.06800079345703,0,0,False,False,0.007343999110162258,0.007343999110162258
LUA:OutsideNormalArmyEntity.OnRefresh_ActionType,8.318592970520008e-05,0.005227578950947837,19,1194,0.015912897822445562,20,5.7492462896322284e-05,0.0036129474051688846,0.0,0.03682300075888634,0.03682300075888634,0.03682300075888634,564,34.810001373291016,0,0,False,False,0.034583000699058175,0.034583000699058175
LUA:OutsideNormalArmyEntity.OnRefresh_FlyStateComponent,2.6522612513528146e-05,0.0016667368074290846,19,1194,0.015912897822445562,21,2.6522612513528146e-05,0.0016667368074290846,0.0,0.0029169999761506915,0.0029169999761506915,0.002240000059828162,1071,33.06800079345703,0,0,False,False,0.0029169999761506915,0.0029169999761506915
LUA:OutsideNormalArmyEntity.OnRefresh_Behavior,0.0006352956508172417,0.03792715035378933,20,1194,0.01675041876046901,21,0.00010263735991126548,0.006127450386702549,0.0,0.055157002061605453,0.06291700154542923,0.055157002061605453,1071,33.06800079345703,0,0,False,False,0.009687999845482409,0.00947899918537587
LUA:OutsideNormalArmyEntity.CheckHuaxiaResourceBuild,0.003993489935142386,0.025914277079130483,184,1194,0.1541038525963149,645,0.0007225267950915755,0.00468857061597468,0.026822999585419893,0.042811000952497125,0.10682299919426441,0.10265599936246872,831,31.55500030517578,0,0,False,False,0.047814002144150436,0.006928999500814825
LUA:OutsideNormalArmyEntity.IsHuaxiaResourceBuild,0.0013450963088327635,0.008728505395360433,184,1194,0.1541038525963149,645,0.0009770142394797587,0.006339972836624087,0.008802999625913799,0.011406000005081296,0.09239600214641541,0.0910940021276474,831,31.55500030517578,0,0,False,False,0.09119900214136578,0.008332999757840298
LUA:OutsideNormalArmyEntity.CheckHuaxiaFightCityBuild,0.0024632889489991155,0.015984603288613827,184,1194,0.1541038525963149,645,0.0006861390499261612,0.0044524457913686765,0.0164580000564456,0.03406300023198128,0.07677099807187915,0.06666699796915054,1012,33.17499923706055,0,0,False,False,0.0630229982198216,0.006826000229921192
LUA:OutsideNormalArmyEntity.IsHuaxiaFightCityBuild,0.0005213107127977856,0.0033828532123943264,184,1194,0.1541038525963149,645,0.00040846565286699105,0.00265058689958254,0.0035429999697953463,0.005884999874979258,0.0497409988893196,0.04697899892926216,680,32.1349983215332,0,0,False,False,0.04896099888719618,0.004424999831826426
LUA:OutsideNormalArmyEntity.RefreshAllPathOccupy,0.0020784941316469943,0.01348761952818756,184,1194,0.1541038525963149,334,0.00045457705048067336,0.002949809773227848,0.014738999772816896,0.017603999935090542,0.10317600099369884,0.09848900139331818,1015,34.03499984741211,0,0,False,False,0.047969003673642874,0.0042180001037195325
LUA:OutsideNormalArmyEntity.ShowAutoPavingPath,0.0004259991592928842,0.0027643641097592595,184,1194,0.1541038525963149,334,0.0004259991592928842,0.0027643641097592595,0.003176999860443175,0.0038550001627299935,0.004686999949626625,0.0034379998687654734,624,32.92499923706055,0,0,False,False,0.004686999949626625,0.0038550001627299935
LUA:MapCoreMgr.ProcessEntityHighFreqRefresh,0.03041199914068982,0.6260677064479939,58,1194,0.048576214405360134,82,0.00029387854115377996,0.006049844450648505,0.0,1.5601570010185242,2.1968220472335815,1.3542710542678833,1072,33.67100143432617,0,0,False,True,0.018019967974396423,0.011147046636324376
LUA:MapEntityDataBase.RefreshEntityMoveAttr,0.029994456444584594,0.6174720861178277,58,1194,0.048576214405360134,82,0.000787307158117596,0.016207668048144993,0.0,1.548280954360962,2.1848959922790527,1.3476040363311768,1072,33.67100143432617,0,0,False,False,0.16677099978551269,0.05932301509892568
LUA:WorldUtil.SetAttrComponent,0.00014661138935187767,0.003018172394588654,58,1194,0.048576214405360134,82,0.00014661138935187767,0.003018172394588654,0.0,0.006718999822624028,0.041926998645067215,0.041926998645067215,947,31.593000411987305,0,0,False,False,0.041926998645067215,0.006718999822624028
LUA:UtilMapEntityAttr.OnRefreshEntityHighFreqData,0.027358840244539065,0.5632147457237869,58,1194,0.048576214405360134,82,0.0003448629628244274,0.007099420303661489,0.0,1.460052028298378,2.0749990344047546,1.3055200576782227,1072,33.67100143432617,0,0,False,True,0.019531053549144417,0.013594996591564268
LUA:OutsideNormalArmyEntity.OnRefresh_moveComponent,0.027147194208386953,0.5788169622288218,56,1194,0.04690117252931323,74,0.0005931992114768629,0.012647854616131684,0.0,1.4372399747371674,2.05765700340271,1.2929160594940186,1072,33.67100143432617,0,0,False,False,0.04786399251315743,0.025418946344871074
LUA:OutsideArmyEntityBase.OnRefresh_moveComponent,0.023658523468653263,0.504433518242357,56,1194,0.04690117252931323,74,0.0009878460679746738,0.021062289377888583,0.0,1.2731760293245316,1.8703130185604095,1.225780963897705,1072,33.67100143432617,0,0,False,False,0.08286600696737878,0.031978044542483985
LUA:OutsideArmyEntityBase.NoNeedMoveArmy,0.00014198157437913232,0.0030272499965836425,56,1194,0.04690117252931323,74,0.00014198157437913232,0.0030272499965836425,0.0,0.004740000003948808,0.006197000038810074,0.0041149999015033245,1072,33.67100143432617,0,0,False,False,0.006197000038810074,0.004740000003948808
LUA:OutsideArmyDataFactory.RefreshMoveDataWrap,0.010773795656859875,0.0699125652950581,184,1194,0.1541038525963149,341,0.00530969769862294,0.0344553209356293,0.07151000201702118,0.10635499935597181,0.2560420036315918,0.2560420036315918,295,33.33000183105469,0,0,False,False,0.16427200532052666,0.05322999769123271
LUA:OutsideNormalArmyData.CanCreateMoveLine,0.00036837855332793896,0.002390456481921517,184,1194,0.1541038525963149,341,0.00036837855332793896,0.002390456481921517,0.0024469999480061233,0.0032809998374432325,0.047238998115062714,0.047238998115062714,11,34.88800048828125,0,0,False,False,0.047238998115062714,0.0032809998374432325
LUA:OutsideUtilsMarch.ProcessAirShipPoints,0.0007513324894678703,0.004875494524046941,184,1194,0.1541038525963149,341,0.00033536012812129145,0.0021761956140044676,0.005206999951042235,0.006562999857123941,0.0564059978350997,0.054426997900009155,628,60.51300048828125,0,0,False,False,0.004687999899033457,0.0032260000298265368
LUA:OutsideUtilsMarch.IsAirShipMove,0.0005020008371149188,0.003257548910408767,184,1194,0.1541038525963149,481,0.0005020008371149188,0.003257548910408767,0.003333999920869246,0.004895999940345064,0.05317700287560001,0.052240002900362015,628,60.51300048828125,0,0,False,False,0.05317700287560001,0.004895999940345064
LUA:OutsideUtilsMarch.ExecutePathPointInsertion,0.0006964489160662508,0.011087466743774713,75,1194,0.06281407035175879,88,0.0006964489160662508,0.011087466743774713,0.0041669998317956924,0.017291000112891197,0.19765600562095642,0.19765600562095642,295,33.33000183105469,0,0,False,False,0.19765600562095642,0.017291000112891197
LUA:OutsideArmyDataFactory.SyncMoveArmyDataWrap,0.001144391955094883,0.007426108665126579,184,1194,0.1541038525963149,341,0.001040490780919213,0.0067518803935735896,0.007551999529823661,0.011354000307619572,0.03265599976293743,0.027134999632835388,703,32.47600173950195,0,0,False,False,0.017969000502489507,0.010521999749471433
LUA:MapCommandBuffer.GetSharedArrayMoveArmyData,0.00010390117417567003,0.0006742282715529892,184,1194,0.1541038525963149,341,0.00010390117417567003,0.0006742282715529892,0.0006250000005820766,0.0009890000219456851,0.022136000712634996,0.02177100069820881,703,32.47600173950195,0,0,False,False,0.022136000712634996,0.0009890000219456851
C#StaticMoveArmy,0.01577666989672723,0.7245132252573967,26,1194,0.021775544388609715,29,0.00038308103629692116,0.017592259897635534,0.0,1.1809890270233154,1.4614059925079346,1.14369797706604,1072,33.67100143432617,0,0,False,True,0.03505101799964905,0.034375011920928955
*** ArmyMove ***,0.03770793978767579,0.6253233348122902,72,1194,0.06030150753768844,85,0.0021581901432369123,0.035789986542012125,0.36994799971580505,1.1745830178260803,1.530469000339508,1.119634985923767,972,40.75,0,0,False,False,0.15494801849126816,0.126563997939229
*** ArmyMove_SetMoveComponentData ***,0.0010967160775162393,0.018187208285477634,72,1194,0.06030150753768844,85,0.0010967160775162393,0.018187208285477634,0.01104199979454279,0.04046900011599064,0.0538019984960556,0.0538019984960556,737,33.65299987792969,0,0,False,False,0.0538019984960556,0.04046900011599064
*** ArmyMove_StartFollowPath ***,0.0013679489115069011,0.02268515278248944,72,1194,0.06030150753768844,85,0.0013679489115069011,0.02268515278248944,0.018124999478459358,0.032500000670552254,0.03812500089406967,0.029843000695109367,830,39.435001373291016,0,0,False,False,0.03812500089406967,0.032500000670552254
*** ArmyMove_CreateMoveline ***,0.03224677728548322,0.5347590566509299,72,1194,0.06030150753768844,85,0.0008536039388869613,0.014155598653208775,0.30375000834465027,0.9855210185050964,1.2959370017051697,0.9095830321311951,972,40.75,0,0,False,False,0.07432300259824842,0.02552198781631887
*** ArmyMove_GetRelationColor ***,0.0037789238091102697,0.06266715316774531,72,1194,0.06030150753768844,85,0.001480541082794842,0.02455230628968113,0.04807300120592117,0.11296800523996353,0.14625000581145287,0.11296800523996353,148,34.457000732421875,0,0,False,False,0.07213600352406502,0.042813001200556755
LUA:MapEntityOp.GetMeshLineColor,0.002298382726315428,0.03811484687806418,72,1194,0.06030150753768844,85,0.0008504396744750649,0.014103124601711493,0.027083000168204308,0.07760399580001831,0.10187400132417679,0.0850519984960556,148,34.457000732421875,0,0,False,False,0.06348899856675416,0.0263020028360188
*** ArmyMove_CheckCanCreate ***,0.004912103860135154,0.08145905568057464,72,1194,0.06030150753768844,85,0.0015945167602874476,0.026442402941433504,0.047240000218153,0.13625000044703484,0.38963598012924194,0.38963598012924194,295,33.33000183105469,0,0,False,False,0.050676971673965454,0.04333299957215786
*** ArmyMove_GetRelationTypeByLua ***,0.003317587099847707,0.055016652739141136,72,1194,0.06030150753768844,85,0.0005733978254424168,0.009508847271920078,0.01593799889087677,0.10354099795222282,0.3389590084552765,0.3389590084552765,295,33.33000183105469,0,0,False,False,0.02234402298927307,0.015936996787786484
LUA:OutsideArmyMgr.GetClipRelationType,0.00274418927440529,0.04550780546722106,72,1194,0.06030150753768844,85,0.0003588651587849856,0.005951180549851011,0.0062500000931322575,0.08927100151777267,0.3166149854660034,0.3166149854660034,295,33.33000183105469,0,0,False,False,0.01156199921388179,0.009532002091873437
*** ArmyMove_GetTimeDynamicBuff ***,0.0012845025063216236,0.021301333229833592,72,1194,0.06030150753768844,85,0.0012845025063216236,0.02130133322983359,0.014739999547600746,0.036511000245809555,0.09656199999153614,0.07322899997234344,148,34.457000732421875,0,0,False,False,0.09656199999153614,0.036511000245809555
*** ArmyMove_ExtendLine ***,8.95938011770834e-05,0.0014857638695199664,72,1194,0.06030150753768844,85,8.95938011770834e-05,0.0014857638695199664,0.0009899999713525176,0.002812999999150634,0.0038019998464733362,0.0029170000925660133,148,34.457000732421875,0,0,False,False,0.0038019998464733362,0.002812999999150634
*** ArmyMove_CreateLineMesh ***,0.006832608870438095,0.11330743043476509,72,1194,0.06030150753768844,85,0.005851262134776115,0.09703343040170391,0.08791700005531311,0.17802099883556366,0.35843798518180847,0.35843798518180847,350,33.30699920654297,0,0,False,False,0.35041798558086157,0.1492179990382283
*** ArmyMove_MovelineTarget ***,0.014495440499414028,0.24038272161528262,72,1194,0.06030150753768844,85,0.010030422076363094,0.16633783276635464,0.03812500089406967,0.6023960113525391,0.8204689919948578,0.6023960113525391,972,40.75,0,0,False,False,0.5989569909143029,0.4260420222490211
LUA:MapEntityOp.CanCreateMoveLinePointEffect,0.0005298626452756162,0.008786888867487304,72,1194,0.06030150753768844,85,0.0004136105530130501,0.006859041670799747,0.006771000102162361,0.0168230002745986,0.019999999552965164,0.014062999747693539,972,40.75,0,0,False,False,0.015781999565660954,0.012968000373803079
LUA:OutsideArmyDataCtrl.GetData,0.0001162520922625662,0.0019278471966875561,72,1194,0.06030150753768844,85,0.0001162520922625662,0.0019278471966875561,0.0013539999490603805,0.00380200007930398,0.004219999886117876,0.00380200007930398,148,34.457000732421875,0,0,False,False,0.004219999886117876,0.00380200007930398
TBUResManager.CheckAndFixCaseOfAssetUrlStr,0.0005465360166330649,0.013051280077197589,50,1194,0.04187604690117253,966,0.0005465360166330649,0.013051280077197589,0.0,0.029324000148335472,0.0644300002604723,0.048907000571489334,623,33.59700012207031,0,0,False,False,0.0644300002604723,0.029324000148335472
BeforeLoadChecker.Check,0.0003324329994043251,0.010445394770756952,38,1194,0.031825795644891124,57,0.0003324329994043251,0.010445394770756952,0.0,0.024322999641299248,0.025416000047698617,0.011927000246942043,628,60.51300048828125,0,0,False,False,0.025416000047698617,0.024322999641299248
ResFsmLogMgr.Log,0.0019064053595810972,0.030349973324531068,75,1194,0.06281407035175879,231,0.0019064053595810972,0.030349973324531068,0.013749999809078872,0.11041500011924654,0.17406299710273743,0.17406299710273743,819,33.33399963378906,0,0,False,False,0.17406299710273743,0.11041500011924654
[res]goLoader_async: assets/bundleresources/effects_yz/mobile/ui3d/p_fx_yz_march_target_red.prefab(8232c49b6fddc4d44f45c7073e4ed5b3),0.0013316138904897411,0.06912812979325005,23,1194,0.019262981574539362,25,0.0011106700073242263,0.05765826038022288,0.0,0.11713600158691406,0.14333400130271912,0.14333400130271912,830,39.435001373291016,0,0,False,False,0.12916700088680955,0.10203200203250162
[res]assetLoader_async: assets/bundleresources/effects_yz/mobile/ui3d/p_fx_yz_march_target_red.prefab(8232c49b6fddc4d44f45c7073e4ed5b3),0.00013526465396289174,0.007021999862247511,23,1194,0.019262981574539362,25,0.00013526465396289174,0.007021999862247511,0.0,0.007186999777331948,0.04963499680161476,0.04963499680161476,1021,29.847999572753906,0,0,False,False,0.04963499680161476,0.007186999777331948
*** ArmyMove_PlayMoveAudio ***,0.0008383073699325198,0.013901930551380955,72,1194,0.06030150753768844,85,0.0008383073699325198,0.013901930551380955,0.00901000015437603,0.026928000152111053,0.031302000395953655,0.020677000284194946,972,40.75,0,0,False,False,0.031302000395953655,0.026928000152111053
LUA:GuildData.func,9.701758611618137e-05,0.001447987472784007,80,1194,0.06700167504187604,80,9.701758611618137e-05,0.001447987472784007,0.0012499999720603228,0.001927000004798174,0.0023440001532435417,0.0023440001532435417,131,32.816001892089844,0,0,False,False,0.0023440001532435417,0.001927000004798174
LUA:ObjPoolMgr.func,0.01423087691142531,0.8495833516120911,20,1194,0.01675041876046901,20,0.008107025947684456,0.48398944907676195,0.0,1.2594269514083862,1.9844269752502441,1.9844269752502441,481,33.36600112915039,0,0,False,False,0.9762399517931044,0.8322890148265287
LUA:ObjPoolLinkedList.TickLRU,0.004759371049155776,0.2841344516345998,20,1194,0.01675041876046901,3320,0.0027949791058240916,0.16686025261769827,0.0,0.30666499643120915,1.4577150555560365,1.2384370565414429,481,33.36600112915039,0,0,False,False,0.200898995710304,0.1970919957384467
LUA:WeatherDataCtrl.func,0.00027468174554008234,0.008199250104371458,40,1194,0.03350083752093802,40,0.00023180234692117178,0.006919300055596977,0.0,0.0046350001357495785,0.15786400437355042,0.15786400437355042,221,33.395999908447266,0,0,False,False,0.15786400437355042,0.0046350001357495785
LUA:BanditMgr.func,0.0001975184260092214,0.0058959250163752586,40,1194,0.03350083752093802,40,0.0001975184260092214,0.005895925016375259,0.0,0.007447999902069569,0.00942699983716011,0.00942699983716011,430,32.84700012207031,0,0,False,False,0.00942699983716011,0.007447999902069569
LUA:BattleHeadMgr.func,0.0001434254582107092,0.00428124992758967,40,1194,0.03350083752093802,40,0.00011341205790386983,0.0033853499284305145,0.0,0.004999999888241291,0.006874999962747097,0.006874999962747097,131,32.816001892089844,0,0,False,False,0.005363999982364476,0.00437499990221113
LUA:OutsideArmyMgr.func,0.00017247655018664884,0.005148425023071468,40,1194,0.03350083752093802,40,0.00012915661843989663,0.0038553250604309143,0.0,0.006093999836593866,0.008802000433206558,0.008802000433206558,131,32.816001892089844,0,0,False,False,0.006979000521823764,0.004843999864533544
LUA:OutsideArmyEntityCtrl.OnTick,4.331993174675222e-05,0.0012930999626405537,40,1194,0.03350083752093802,40,4.331993174675222e-05,0.0012930999626405537,0.0,0.0017189999343827367,0.0018229999113827944,0.0018229999113827944,131,32.816001892089844,0,0,False,False,0.0018229999113827944,0.0017189999343827367
LUA:GVoiceData.func,0.00011494053586992986,0.0034309749957174064,40,1194,0.03350083752093802,40,0.00011494053586992986,0.0034309749957174064,0.0,0.00421899976208806,0.005677000153809786,0.005677000153809786,788,32.970001220703125,0,0,False,False,0.005677000153809786,0.00421899976208806
[res]go: assets/bundleresources/effects_yz/mobile/ui3d/p_fx_yz_march_target_red.prefab(8232c49b6fddc4d44f45c7073e4ed5b3),0.010503124776397718,0.5452491731747336,23,1194,0.019262981574539362,25,0.0001029488527120662,0.005344388266878567,0.0,0.7171359956264496,0.8107289969921112,0.7149999737739563,996,32.66699981689453,0,0,False,False,0.007603941980050877,0.007553006631496828
Instantiate,0.03632310572918036,1.032614005729556,42,1194,0.035175879396984924,83,0.0002552212537320914,0.007255575641812314,0.0,4.821093991398811,7.220988154411316,5.924271106719971,145,34.922000885009766,4,0,False,False,0.02713107131421566,0.01817786693572998
Instantiate.Produce,0.011181690157632932,0.3178794773384219,42,1194,0.035175879396984924,83,0.010583916277405852,0.30088561988625206,0.0,1.0662500113248825,5.932916082441807,5.735104084014893,145,34.922000885009766,1,0,False,False,5.298853069805773,1.036252011126635
Instantiate.Copy,0.017729837579225225,0.5040339540379742,42,1194,0.035175879396984924,83,0.017565871079230546,0.4993726206809827,0.0,1.9461439549922943,2.692186065018177,1.2832809686660767,1009,53.58100128173828,0,0,False,False,2.5697320642684645,1.9449979549826821
Instantiate.Awake,0.007156356738590116,0.20344499871134758,42,1194,0.035175879396984924,83,0.004384602131321539,0.1246479748761409,0.0,0.6259370073676109,1.293072983622551,0.8671349883079529,1009,53.58100128173828,0,0,False,False,0.4949429798507481,0.36380500604354893
gameObjectChangedScene.Invoke,1.304606368063818e-05,0.000370880953206714,42,1194,0.035175879396984924,155,1.304606368063818e-05,0.000370880953206714,0.0,0.0006780000039725564,0.0020840000033786055,0.0003129999968223274,145,34.922000885009766,0,0,False,False,0.0020840000033786055,0.0006780000039725564
Animation.RebuildInternalState,0.03912413543303945,0.6146607593032777,76,1194,0.06365159128978225,95,0.0021797081176000224,0.03424436174229509,0.0078119998797774315,1.359270989894867,1.4716659784317017,1.0982290506362915,704,34.82699966430664,0,0,False,False,0.16598896717187017,0.09463497533579357
AOE.dll!::VxAutoPlayAnimations.OnEnable(),0.0015411172553559942,0.040002043541196894,46,1194,0.038525963149078725,53,0.0007862202669526029,0.02040754345090017,0.0,0.07218699902296066,0.11796800047159195,0.11796800047159195,790,31.059999465942383,0,0,False,False,0.05114499724004418,0.03557300262036733
AOE.dll!::VxAutoPlayAnimations.PlayAnimationWithDelay() [Coroutine: System.Collections.IEnumerator.get_Current],2.1151591466895384e-05,0.00035076389182601514,72,1194,0.06030150753768844,84,2.1151591466895384e-05,0.00035076389182601514,0.00015600000915583223,0.0006250000005820766,0.001041000010445714,0.001041000010445714,985,34.01300048828125,0,0,False,False,0.001041000010445714,0.0006250000005820766
AOE.dll!::VxAutoPlayAnimations.Start(),0.0008972814085096171,0.03826264292001724,28,1194,0.023450586264656615,31,0.00038329145922144203,0.016344642939657206,0.0,0.05687499884516001,0.09083300083875656,0.09083300083875656,12,30.913000106811523,0,0,False,False,0.023384998603432905,0.022082999792473856
*** pb.decode***36,5.16030144951052e-05,0.06161399930715561,1,1194,0.0008375209380234506,1,5.0468173623806527e-05,0.06025899930682499,0.0,0.06161399930715561,0.06161399930715561,0.06161399930715561,12,30.913000106811523,0,0,False,False,0.06025899930682499,0.06025899930682499
MapSignificanceMgr.ProcessTask_MapEntityAdd,0.4959115894414622,2.6433858830049366,224,1194,0.18760469011725292,403,0.0019237046451557433,0.010254032796053383,3.764739990234375,4.2936460971832275,6.3692193031311035,6.3692193031311035,1051,31.010000228881836,124,0,False,True,0.1051049278175924,0.015471051214262843
LUA:MapSignificanceMgr.ProcessSignificanceTask_MapEntityAdd,0.49328159167114616,2.6293670556042343,224,1194,0.18760469011725292,403,0.0013531719884471312,0.0072128899741333696,3.735572934150696,4.2785409688949585,6.360415935516357,6.360415935516357,1051,31.010000228881836,124,0,False,True,0.04979103247751482,0.010833239910425618
LUA:MapEntityCtrl.CreateEntity,0.4904514774461737,2.614281536030051,224,1194,0.18760469011725292,402,0.012101921071226757,0.06450756142430691,3.7247389256954193,4.269479036331177,6.352865219116211,6.352865219116211,1051,31.010000228881836,123,0,False,False,0.4561969683491043,0.10244602519378532
LUA:OutsideVisibilityGM.IsVisible,0.0011295879328345733,0.006021107106270003,224,1194,0.18760469011725292,804,0.0008047864239247924,0.004289799063241974,0.006927000067662448,0.008750999870244414,0.015884000342339277,0.010208000428974628,627,33.37900161743164,0,0,False,False,0.014061000329093076,0.006248999881790951
LUA:OutsideVisibilityGM.GetState,0.00032480150890978085,0.0017313080430280284,224,1194,0.18760469011725292,804,0.00032480150890978085,0.0017313080430280282,0.0020319999603088945,0.0027079999854322523,0.0034379999997327104,0.0018229999113827944,1007,33.319000244140625,0,0,False,False,0.0034379999997327104,0.0027079999854322523
LUA:MapEntityFactory.TakeEntity,0.00647006867144575,0.034487776757617085,224,1194,0.18760469011725292,402,0.002153030987210818,0.011476424101471951,0.02458300068974495,0.12312400341033936,0.211667999625206,0.16901099681854248,683,33.4630012512207,0,0,False,False,0.10812600050121546,0.01723800116451457
LUA:MapEntityCtrl.GetSampler_CreateMapEntity,0.00040595560781710345,0.0021638883738108105,224,1194,0.18760469011725292,402,0.00040595560781710345,0.0021638883738108105,0.0021890000789426267,0.0027080000145360827,0.05349000170826912,0.05349000170826912,790,31.059999465942383,0,0,False,False,0.05349000170826912,0.0027080000145360827
MapEntityCtrl.CreateMapEntity_4,0.33867147946777054,2.4359864246055305,166,1194,0.1390284757118928,312,0.0013094557389941447,0.00941861537565668,2.582395911216736,3.2661460041999817,5.802342891693115,5.802342891693115,1051,31.010000228881836,17,0,False,True,0.10223901271820068,0.015105009078979492
LUA:OutsideNormalArmyEntity.Create,0.33736202372877644,2.4265678092298737,166,1194,0.1390284757118928,312,0.002222960351963299,0.015989244941229996,2.5720839500427246,3.250156044960022,5.7963547706604,5.7963547706604,1051,31.010000228881836,17,0,False,True,0.10369783826172352,0.028540955507196486
LUA:OutsideNormalArmyData.GetCommander,0.0005037646534193777,0.0023868849054870514,252,1194,0.21105527638190955,754,0.0005037646534193777,0.0023868849054870514,0.002708999963942915,0.0040089999965857714,0.04119700090086553,0.0381769984960556,644,33.04999923706055,0,0,False,False,0.04119700090086553,0.0040089999965857714
LUA:OutsideArmyEntityBase.Create,0.3302051923682342,2.375090359564287,166,1194,0.1390284757118928,312,0.005674765806822996,0.04081729140570275,2.503437042236328,3.1797409653663635,5.7634382247924805,5.7634382247924805,1051,31.010000228881836,17,0,False,True,2.025050941752852,0.03427003930846695
LUA:MapEntityBase.Create,0.003716905274794248,0.019812432580822912,224,1194,0.18760469011725292,402,0.003388966417323854,0.018064401349485188,0.008646999835036695,0.013906000182032585,2.171562910079956,2.171562910079956,688,33.284000396728516,0,0,False,False,2.1681779101490974,0.01182200011680834
LUA:AttrMgr.RegisterEntityCallbackTree,0.0003279388574703941,0.0017480312313377258,224,1194,0.18760469011725292,402,0.0003279388574703941,0.0017480312313377258,0.0020320000185165554,0.0025010000099428,0.003384999930858612,0.003384999930858612,688,33.284000396728516,0,0,False,False,0.003384999930858612,0.0025010000099428
LUA:OutsideArmyEntityBase.OnDelayShow,0.0001030720269597655,0.000741373495120241,166,1194,0.1390284757118928,312,0.0001030720269597655,0.000741373495120241,0.0007820000173524022,0.0011980000126641244,0.003489999973680824,0.0028119999915361404,670,33.95199966430664,0,0,False,False,0.003489999973680824,0.0011980000126641244
LUA:OutsideArmyEntityBase.DoShowView,0.32063363435080705,2.3062443338244796,166,1194,0.1390284757118928,312,0.0008632519765611944,0.006209173855506422,2.456666946411133,3.1213018894195557,5.737916946411133,5.737916946411133,1051,31.010000228881836,12,0,False,True,0.152031083824113,0.00724393711425364
LUA:OutsideNormalArmyEntity.ShowViewGo,0.3152937433577862,2.2678357202963655,166,1194,0.1390284757118928,312,0.005659910307290535,0.04071043919822228,2.4135419130325317,3.0431769490242004,5.704270839691162,5.704270839691162,1051,31.010000228881836,9,0,False,False,0.14958192240737844,0.06167192570865154
Lua:ArmyShowViewGo,0.18902921761499977,1.3596438905560826,166,1194,0.1390284757118928,312,0.005442565127261113,0.03914712507198656,1.4197919964790344,1.7450000047683716,5.1263017654418945,5.1263017654418945,1051,31.010000228881836,1,0,False,False,0.2032290295464918,0.06390701097552665
LUA:OutsideArmyDataFactory.RefreshBaseArmyDataWrap,0.07371646406712444,0.5302256511816059,166,1194,0.1390284757118928,312,0.004428827569253412,0.031855542877642015,0.602187991142273,0.8229690194129944,1.0180209577083588,0.6833850145339966,680,32.1349983215332,0,0,False,False,0.11041598915471695,0.04494596135918982
LUA:WorldUtil.IsMapEntityAllianceMarked,0.01216184252083701,0.05717023610188736,254,1194,0.21273031825795644,445,0.002556370171809267,0.012016952697402617,0.07015599869191647,0.09437500312924385,0.325467973947525,0.325467973947525,1003,32.7599983215332,0,0,False,False,0.1612499956972897,0.016874002933036536
LUA:WorldUtil.GetEntityAllianceId,0.0014431088752057902,0.006783748019668164,254,1194,0.21273031825795644,445,0.0009286867693182428,0.004365559065220401,0.008228000486269593,0.009894999559037387,0.04302100325003266,0.03828200325369835,1055,33.05400085449219,0,0,False,False,0.04000100324628875,0.00671799955307506
LUA:InfiniteZoomUtil.IsBigCityEntityType,0.0005144221058875475,0.002418188954447763,254,1194,0.21273031825795644,445,0.0005144221058875475,0.002418188954447763,0.0029170000343583524,0.0036459999391809106,0.004428999993251637,0.0043230000883340836,639,33.35300064086914,0,0,False,False,0.004428999993251637,0.0036459999391809106
LUA:OutsidePub.GetSelfUId,0.00044575376993864606,0.0020953937059320603,254,1194,0.21273031825795644,757,0.00044575376993864606,0.0020953937059320603,0.002863000030629337,0.0035420000494923443,0.04354200139641762,0.04354200139641762,847,33.53900146484375,0,0,False,False,0.04354200139641762,0.0035420000494923443
LUA:WorldUtil.IsAllianceMarked,0.004446747067339182,0.02090321259213773,254,1194,0.21273031825795644,445,0.0014894748937983651,0.007001704815729323,0.024739999324083328,0.03869700012728572,0.08281299751251936,0.07458300143480301,1049,32.6609992980957,0,0,False,False,0.04401200031861663,0.010833000531420112
LUA:OutsideArmyDataFactory.GetSoldiersWrapByTroopData,0.044336957273571134,0.318905584244843,166,1194,0.1390284757118928,312,0.006327189259131445,0.045510023948210514,0.34796901047229767,0.5266140103340149,0.6667190119624138,0.46229198575019836,639,33.35300064086914,0,0,False,False,0.11010601410816889,0.06963502416328993
LUA:SoldierUtil.GetSoldierYzConfigById,0.013097033457841469,0.07897908054880158,198,1194,0.1658291457286432,2534,0.004283874357064895,0.02583306051684588,0.09390700096264482,0.15323199843987823,0.2049490010831505,0.11270800232887268,1169,30.402999877929688,0,0,False,False,0.12171899972599931,0.06499800067103934
LUA:CfgMgr.__index,0.0036476993434923044,0.008641573444702006,504,1194,0.4221105527638191,10843,0.0036476993434923044,0.008641573444702006,0.018645000222022645,0.026674000240745954,0.10546300103305839,0.08744800090789795,1017,33.79999923706055,0,0,False,False,0.10546300103305839,0.026674000240745954
LUA:CfgMgr.GetTipsGuideTaskConfById,0.020836104615133216,0.04936172402870845,504,1194,0.4221105527638191,10558,0.014359337425959597,0.03401795414007095,0.11369799944804981,0.14702799782389775,0.3928650161251426,0.38447901606559753,892,33.020999908447266,0,0,False,False,0.28479899911326356,0.11463199887657538
LUA:CfgMgr.GetOrLoadCfgByKey,0.0043717973449949364,0.010566651882437154,494,1194,0.4137353433835846,10388,0.0043717973449949364,0.010566651882437154,0.024998000502819195,0.034118000374292023,0.13167400268139318,0.10687500238418579,1169,30.402999877929688,0,0,False,False,0.13167400268139318,0.034118000374292023
LUA:OutsideArmyDataFactory.GetSoldierTypesAndFormation,0.011921983262152727,0.07952429058665005,179,1194,0.14991624790619765,641,0.00895256786185761,0.059717128642782044,0.086302001029253,0.13661500439047813,0.3368229866027832,0.2727609872817993,1012,33.17499923706055,0,0,False,False,0.3167669862450566,0.1031790020497283
LUA:SoldierDataCtrl.GetSoldierConfByTypeAndLevel,0.02107546317517458,0.15159098211541233,166,1194,0.1390284757118928,1560,0.02107546317517458,0.15159098211541233,0.15791399870067835,0.29812400322407484,0.39765799697488546,0.2549999952316284,1058,33.69900131225586,0,0,False,False,0.39765799697488546,0.29812400322407484
LUA:OutsideArmyDataFactory.GetArmyFormationID,0.00872042798398178,0.052586823297344674,198,1194,0.1658291457286432,662,0.0033016741974669288,0.019910095918058146,0.05994899803772569,0.10661499993875623,0.31375000113621354,0.2803120017051697,1012,33.17499923706055,0,0,False,False,0.20421901158988476,0.033490000292658806
LUA:BattleCoreUtil.IsBattleOnWall,0.00126570434608088,0.007371956044978394,205,1194,0.17169179229480738,814,0.0008926105408655703,0.005198912125821907,0.0076049998751841486,0.014637999818660319,0.07484500017017126,0.06171900033950806,841,34.1510009765625,0,0,False,False,0.060051000415114686,0.010574999818345532
LUA:BattleCoreUtil.IsFightingAreaOnWall,0.0003730938052153098,0.0021730439191564874,205,1194,0.17169179229480738,814,0.0003730938052153098,0.0021730439191564874,0.0021870000346098095,0.003908000013325363,0.06270800145284738,0.05916700139641762,841,34.1510009765625,0,0,False,False,0.06270800145284738,0.003908000013325363
LUA:BattleCoreUtil.GetFightingWallInfo,0.00376513317735145,0.027081741046732718,166,1194,0.1390284757118928,312,0.0018782688605960246,0.013509957949106345,0.02953100111335516,0.040000999346375465,0.11583300307393074,0.1036980003118515,1056,34.22200012207031,0,0,False,False,0.09885400312487036,0.01927200169302523
LUA:OutsideNormalArmyData.HasCommander,0.0006079932906231227,0.004373156560265112,166,1194,0.1390284757118928,312,0.000517971513646037,0.003725650525863664,0.0039059999398887157,0.005260000005364418,0.09385399520397186,0.09385399520397186,382,32.67100143432617,0,0,False,False,0.0921359951607883,0.004425999824889004
LUA:OutsideArmyDataFactory.SyncBaseArmyDataWrap,0.004663206044104032,0.03354137359433863,166,1194,0.1390284757118928,312,0.00357054524690194,0.025682114607234435,0.03619800042361021,0.047759998589754105,0.10828100517392159,0.09671800583600998,636,33.03200149536133,0,0,False,False,0.10104000521823764,0.03515700095158536
LUA:MapCommandBuffer.GetSharedArrayBaseArmyData,0.00019389112361570683,0.0013946144674527347,166,1194,0.1390284757118928,312,0.00019389112361570683,0.0013946144674527347,0.0013009999674977735,0.0016670000477461144,0.0405730007623788,0.039271000772714615,1041,33.44900131225586,0,0,False,False,0.0405730007623788,0.0016670000477461144
C#z,0.0002736356768482544,0.0019564131626156633,167,1194,0.13986599664991625,314,0.0002736356768482544,0.0019564131626156633,0.0016139999497681856,0.002812999999150634,0.04536499991081655,0.04463599994778633,687,32.42399978637695,0,0,False,False,0.04536499991081655,0.002812999999150634
C#StaticCreateAndMoveArmy,0.09327989529000855,0.6709409335919891,166,1194,0.1390284757118928,312,0.00598203689733542,0.04302742202059332,0.6822920143604279,1.1800520420074463,4.72822904586792,4.72822904586792,1051,31.010000228881836,1,0,False,False,0.2584899812936783,0.055936992168426514
*** ArmyCreate ***,0.06498350746542765,0.46741149345614824,166,1194,0.1390284757118928,312,0.026926551314571095,0.1936765196963728,0.4681769907474518,0.650780975818634,4.6968231201171875,4.6968231201171875,1051,31.010000228881836,1,0,False,False,0.5071360120928148,0.29182298804516904
*** ArmyCreate_SetArmyComponent ***,0.01826724625415663,0.13139212064736758,166,1194,0.1390284757118928,312,0.01826724625415663,0.13139212064736755,0.14140600338578224,0.19192900136113167,0.33723999559879303,0.2819789946079254,1026,33.10100173950195,0,0,False,False,0.33723999559879303,0.19192900136113167
*** ArmyCreate_LoopSoldiers ***,0.015220196771012679,0.10947539123246469,166,1194,0.1390284757118928,312,0.004568541821262408,0.032860475509562136,0.1132810041308403,0.188385009765625,0.41619798727333546,0.38874998688697815,1026,33.10100173950195,0,0,False,False,0.2749999789521098,0.042083002626895905
*** ArmyCreate_SetSpawnComponent ***,0.010651654949750271,0.07661491572290255,166,1194,0.1390284757118928,312,0.009630181754848241,0.06926769286318554,0.07781199924647808,0.14723999798297882,0.24968800693750381,0.1828639954328537,692,34.667999267578125,0,0,False,False,0.23208400624571368,0.13984499406069517
*** ArmyCreate_NewRamdon ***,0.0002479824093456627,0.001783680703365791,166,1194,0.1390284757118928,312,0.0002479824093456627,0.001783680703365791,0.001978999935090542,0.0027599999448284507,0.003907000063918531,0.0024480000138282776,1042,34.125999450683594,0,0,False,False,0.003907000063918531,0.0027599999448284507
*** ArmyCreate_CreateStruct ***,0.0007734907855563664,0.005563542156351214,166,1194,0.1390284757118928,312,0.0007734907855563664,0.005563542156351214,0.00635399972088635,0.008957999991253018,0.015885000582784414,0.011510000564157963,692,34.667999267578125,0,0,False,False,0.015885000582784414,0.008957999991253018
LUA:UtilPerfClip.GetNewRelationType,0.011459986575515675,0.08242906006726336,166,1194,0.1390284757118928,368,0.0029544966774624096,0.02125101827042239,0.08015600219368935,0.1351040005683899,0.33906299248337746,0.3091149926185608,295,33.33000183105469,0,0,False,False,0.07010500552132726,0.027135996730066836
C#GetBattleComplexType,0.0009293157393157629,0.004803476159060696,231,1194,0.1934673366834171,448,0.0009293157393157629,0.004803476159060696,0.0052079998422414064,0.008541999850422144,0.05708399799186736,0.05104199796915054,1168,36.470001220703125,0,0,False,False,0.05708399799186736,0.008541999850422144
LUA:UtilArmyEntity.IsMyselfArmyById,0.004738793118214906,0.017681621822339365,320,1194,0.26800670016750416,1062,0.0029062596256261646,0.010843981228117628,0.02067799970973283,0.025885000941343606,0.24718799674883485,0.24239599704742432,295,33.33000183105469,0,0,False,False,0.24041799661063123,0.01531099977728445
LUA:BritainConquerBattleCtrl.IsConquerBattleEntity,0.001462743708366993,0.005457862461844343,320,1194,0.26800670016750416,1062,0.001462743708366993,0.005457862461844343,0.006563000031746924,0.008697000099346042,0.013437999645248055,0.007031000219285488,1042,34.125999450683594,0,0,False,False,0.013437999645248055,0.008697000099346042
LUA:UtilArmyEntity.IsArmyGroup,0.001604069504659495,0.00598518433926074,320,1194,0.26800670016750416,577,0.0013902319848328405,0.005187303093407536,0.008541000075638294,0.010312999598681927,0.07098899781703949,0.07098899781703949,1134,34.51900100708008,0,0,False,False,0.07072899781633168,0.008231000188970938
LUA:UtilArmyEntity.IsMainEnemyFightWithSelf,0.0009259086999639719,0.006659849323837243,166,1194,0.1390284757118928,368,0.0007900494036547079,0.005682644505805549,0.0059380000457167625,0.007239999948069453,0.14895799849182367,0.14281199872493744,643,32.99599838256836,0,0,False,False,0.146405998559203,0.006093999982113019
LUA:OutsideArmyMgr.GetAllSelfArmyIds,0.000778244564041493,0.0032377143186952703,287,1194,0.2403685092127303,2228,0.000778244564041493,0.0032377143186952703,0.0034930000256281346,0.005205000183195807,0.0717700025998056,0.07088500261306763,129,34.194000244140625,0,0,False,False,0.0717700025998056,0.005205000183195807
LUA:UtilArmyEntity.IsFightWithSelf,0.006797316551915958,0.028278731578354196,287,1194,0.2403685092127303,1860,0.004232937985013954,0.017610201930685233,0.03723800031002611,0.06817599863279611,0.12775999563746154,0.09369799494743347,1013,33.04899978637695,0,0,False,False,0.10172099537157919,0.035052999170147814
LUA:UtilArmyEntity.IsMyGuildMember,0.0014246122147560344,0.010246909544690994,166,1194,0.1390284757118928,368,0.000449206862202124,0.00323104212933335,0.009583999868482351,0.015780000016093254,0.09775999374687672,0.09343699365854263,1061,32.88800048828125,0,0,False,False,0.09114499381394126,0.0044760000018868595
LUA:UtilArmyEntity.IsFightWithMyGuildMember,0.000862649075454491,0.006204837325859411,166,1194,0.1390284757118928,368,0.00032960888302494603,0.0023708012429625638,0.005885000107809901,0.011146999662742019,0.016249999636784196,0.013593999668955803,1061,32.88800048828125,0,0,False,False,0.007551999718998559,0.004062000080011785
LUA:UtilArmyEntity.IsStormMember,0.00033880820370340095,0.0024369698507341006,166,1194,0.1390284757118928,368,0.00027393131871336065,0.0019703252683358594,0.002395999967120588,0.004062000138219446,0.006042999913915992,0.005156999919563532,295,33.33000183105469,0,0,False,False,0.004688999964855611,0.0032259998988592997
*** ArmyMove_GetListPool ***,0.0003454321613176484,0.007931653857947541,52,1194,0.04355108877721943,57,0.00032610720323886797,0.007487923089754007,0.0,0.014791999943554401,0.020207999274134636,0.020207999274134636,565,35.84000015258789,0,0,False,False,0.019270999313448556,0.013698999922780786
Lua:ArmyOnShow,0.0038264304757511347,0.02752263848220997,166,1194,0.1390284757118928,312,0.0017417906071769207,0.01252830111427255,0.028541999869048595,0.04145800042897463,0.2421889966353774,0.2313549965620041,623,33.59700012207031,0,0,False,False,0.22161599714308977,0.016094997990876436
LUA:OutsideArmyEntityBase.OnArmyShow,0.002084639868574214,0.014994337367937418,166,1194,0.1390284757118928,312,0.000868532670622027,0.006247156679052411,0.0164580000564456,0.02062400057911873,0.06942800153046846,0.06291700154542923,1027,33.82099914550781,0,0,False,False,0.0590110020712018,0.008747999556362629
LUA:OutsideArmyEntityBase.OnRefresh_skillInfo,0.001862741193626469,0.013398270995120507,166,1194,0.1390284757118928,625,0.0013050108811795834,0.009386644530894111,0.014167999615892768,0.017808999866247177,0.0762499962002039,0.06947899609804153,695,32.16299819946289,0,0,False,False,0.07218699622899294,0.012133999727666378
LUA:OutsideNormalArmyEntity.CheckLockAirShip,0.0006579371822266286,0.004732391539630087,166,1194,0.1390284757118928,312,0.0004982872661782298,0.003584066239860279,0.005417000036686659,0.007030999753624201,0.008594000013545156,0.005417000036686659,1041,33.44900131225586,0,0,False,False,0.006510000035632402,0.005364999931771308
LUA:OutsideNormalArmyEntity.CheckFlySound,0.0044446616373890685,0.03196943370507559,166,1194,0.1390284757118928,312,0.0013177906153847422,0.009478566233550494,0.038905998691916466,0.0492710005491972,0.0814060028642416,0.06322900205850601,674,30.64299964904785,0,0,False,False,0.021876002429053187,0.013438999885693192
LUA:OutsideNormalArmyEntity.CheckShowAirShipFlyingEffect,0.003323429625464207,0.023904668510869056,166,1194,0.1390284757118928,312,0.0007585183961012353,0.005455849186414909,0.024999001063406467,0.03458299953490496,0.1572909951210022,0.1572909951210022,894,33.69200134277344,0,0,False,False,0.013333999377209693,0.007553999515948817
LUA:InfiniteZoomMgr.GetIconLayerLevel,0.008377532642787101,0.03637372354722836,275,1194,0.23031825795644892,1754,0.0032460125597634343,0.014093596350391056,0.04864600021392107,0.08333399915136397,0.18729099654592574,0.14979200065135956,689,33.137001037597656,0,0,False,False,0.11739299508917611,0.025205999976606108
LUA:InfiniteZoomMgr.IsInRaidState,0.002289705179901591,0.009941483581099997,275,1194,0.23031825795644892,1754,0.00151166581134423,0.006563378104527311,0.013956000213511288,0.01984500017715618,0.09692800178891048,0.08375000208616257,665,32.98099899291992,0,0,False,False,0.09046900173416361,0.012605000112671405
LUA:InfiniteZoomSceneCtrl.IsSwitchingScene,0.0005987026851954386,0.002599458204084923,275,1194,0.23031825795644892,1754,0.0005987026851954386,0.0025994582040849224,0.0030230000702431425,0.004425000006449409,0.08046800195006654,0.07979100197553635,367,33.542999267578125,0,0,False,False,0.08046800195006654,0.004425000006449409
C#StaticCalculateArmyPos,0.0055533751854719825,0.13001431316575585,51,1194,0.04271356783919598,140,0.005256304832588434,0.12305937196295275,0.0,0.22437399625778198,0.25703100115060806,0.13890600204467773,830,39.435001373291016,0,0,False,False,0.2334890016791178,0.21103900308298762
LUA:OutsideNormalArmyEntity.OnRefresh_operateResourceAttr,0.03383921614381636,0.24339773539588394,166,1194,0.1390284757118928,313,0.0010328610578608048,0.007429133151119283,0.2733839973807335,0.38307399302721024,0.5396880060434341,0.4289590120315552,1012,33.17499923706055,0,0,False,False,0.024060986936092377,0.010887004435062408
LUA:OutsideNormalArmyEntity.RefreshOccupying,0.02561401337435098,0.18423573475286184,166,1194,0.1390284757118928,313,0.0011635527555225104,0.008369168615023358,0.20427100360393524,0.2935420013964176,0.46890702098608017,0.3839070200920105,1012,33.17499923706055,0,0,False,False,0.0578140082070604,0.011772003083024174
LUA:OutsideNormalArmyEntity.IsOccupying,0.0011293040236522143,0.008122825326751468,166,1194,0.1390284757118928,313,0.0005386750500647653,0.0038745663239598185,0.007969000143930316,0.00984499987680465,0.11083299666643143,0.11083299666643143,695,32.16299819946289,0,0,False,False,0.10572899645194411,0.004011000215541571
LUA:OutsideNormalArmyData.IsOccupyingResource,0.0010702386828002144,0.007697981850984675,166,1194,0.1390284757118928,938,0.0010702386828002144,0.007697981850984675,0.008749999920837581,0.011300000041956082,0.026718999724835157,0.017916999757289886,644,33.04999923706055,0,0,False,False,0.026718999724835157,0.011300000041956082
LUA:OutsideArmyEntityBase.RefreshArmyFormation,0.029434964804905442,0.17750175745988434,198,1194,0.1658291457286432,350,0.003924767968792412,0.02366754017544515,0.1953129991889,0.3258340060710907,0.509323000907898,0.38604098558425903,526,32.85200119018555,0,0,False,False,0.20062700286507607,0.03708399599418044
LUA:OutsideArmyDataBase.GetMainSoldierType,0.004966403682165509,0.0299489191742708,198,1194,0.1658291457286432,662,0.001015832500065828,0.0061257778034272655,0.0331760011613369,0.06036399910226464,0.12390699610114098,0.08473999798297882,351,33.02399826049805,0,0,False,False,0.054792999755591154,0.008958999533206224
LUA:OutsideArmyEntityBase._684,0.018930952292453604,0.1262768549563665,179,1194,0.14991624790619765,329,0.0016795954812014666,0.011203558684662296,0.14161500334739685,0.22098800539970398,0.4035419896245003,0.34489598870277405,1012,33.17499923706055,0,0,False,False,0.09494698396883905,0.017655997769907117
LUA:OutsideArmyDataFactory._903,0.005418753786514852,0.03614520682178063,179,1194,0.14991624790619765,329,0.00027157372203803743,0.0018115029280079144,0.035989999771118164,0.08260399848222733,0.2905729999765754,0.27510499954223633,1012,33.17499923706055,0,0,False,False,0.0035930052399635315,0.0028120018541812897
C#StaticFreshArmyFormation,0.012714088798096556,0.07666980820670348,198,1194,0.1658291457286432,350,0.012689531846783998,0.07652172234878835,0.08510399982333183,0.15104100108146667,0.29427099227905273,0.29427099227905273,841,34.1510009765625,0,0,False,False,0.29255299220676534,0.14937400110648014
LUA:OutsideNormalArmyEntity.CheckShowOccupyEmptyProcess,0.0028963911222680853,0.020833078313181288,166,1194,0.1390284757118928,625,0.0008705636596391398,0.006261765118127307,0.021978999953716993,0.03000000026077032,0.22708300221711397,0.21703100204467773,538,36.45800018310547,0,0,False,False,0.011716999462805688,0.009276999568101019
LUA:OutsideNormalArmyEntity.OnCreate_CheckArmyState,0.0012578149074594955,0.009047174695823118,166,1194,0.1390284757118928,312,0.0005987462344464544,0.004306644601982328,0.00979200005531311,0.014115000143647194,0.07135300058871508,0.058125000447034836,624,32.92499923706055,0,0,False,False,0.009478999985731207,0.0068209997116355225
LUA:OutsideNormalArmyEntity.OnCreate_CheckBattlePerform,0.0001363509210286595,0.0009807409620977074,166,1194,0.1390284757118928,312,0.0001363509210286595,0.0009807409620977074,0.0010940000065602362,0.001613999978872016,0.002498999936506152,0.0014579999260604382,624,32.92499923706055,0,0,False,False,0.002498999936506152,0.001613999978872016
LUA:OutsideArmyDataFactory.GetArmyFollowEffectID,0.002243592135118355,0.016137644634525997,166,1194,0.1390284757118928,312,0.00041588023889940886,0.002991331356902977,0.017031999304890633,0.029947999864816666,0.06723999883979559,0.05666700005531311,1042,34.125999450683594,0,0,False,False,0.04302100092172623,0.003958999877795577
LUA:OutsideNormalArmyEntity.BindArmyEffect,0.015088894538290041,0.10853096432962836,166,1194,0.1390284757118928,312,0.0009181248720989202,0.006603862031844041,0.009739000117406249,0.7109370231628418,1.014219045639038,1.014219045639038,1003,32.7599983215332,0,0,False,False,0.05609400128014386,0.010989992064423859
LUA:BigBattleFieldMgr.IsReachMaxByType_ThisFrame,0.0004284020096823726,0.003081397587715379,166,1194,0.1390284757118928,312,0.0004284020096823726,0.003081397587715379,0.0033859999384731054,0.0041149999015033245,0.004947000066749752,0.003696999978274107,643,32.99599838256836,0,0,False,False,0.004947000066749752,0.0041149999015033245
LUA:OutsideArmyEffectMgr.BindEffectToArmy,0.013697612213229814,0.5639637580205654,29,1194,0.024288107202680067,32,0.00045641703373975614,0.0187917909753541,0.0,0.8777080029249191,0.9998959898948669,0.9998959898948669,1003,32.7599983215332,0,0,False,False,0.06541701169044245,0.03229202843795065
LUA:ResMgr.IsAllAssetAbsExistAndValid,0.006872029360414949,0.2829380364253603,29,1194,0.024288107202680067,32,0.00013679058183377712,0.005631998438259651,0.0,0.4077080190181732,0.4376550018787384,0.36625000834465027,1004,32.89899826049805,0,0,False,True,0.008333012461662292,0.0069789886474609375
C#IsAllAssetAbsExistAndValid,0.006735238778581172,0.2773060379871007,29,1194,0.024288107202680067,32,0.0003271994877165832,0.01347159270115863,0.0,0.3993750065565109,0.4323960021138191,0.3606780171394348,1004,32.89899826049805,0,0,False,False,0.022656007145997137,0.018697042774874717
TBUResManager.IsAllAssetAbsExistAndValid,0.006393996577466553,0.2632562728791401,29,1194,0.024288107202680067,32,0.003505283015950606,0.14432096279465598,0.0,0.37562499940395355,0.4183339923620224,0.346407026052475,1004,32.89899826049805,0,0,False,False,0.23474499135045335,0.23005100159934955
TBUResManager.GetResFileInfo,0.0011303056872844107,0.04217453095679957,32,1194,0.02680067001675042,909,0.0009505854198245809,0.035468718477204675,0.0,0.05682600010186434,0.05875200024456717,0.041092999279499054,830,39.435001373291016,0,0,False,False,0.05328199896030128,0.04880400039837696
AbListMgr.GetAbUrlInternByAssetUrlHash,0.0001878768839979454,0.0077353448101223025,29,1194,0.024288107202680067,64,0.0001878768839979454,0.0077353448101223025,0.0,0.010417000434244983,0.010468999840668403,0.010208000428974628,830,39.435001373291016,0,0,False,False,0.010468999840668403,0.010417000434244983
AbListMgr.GetAbUrlInternByHash,0.0005892646544608264,0.021986937419569585,32,1194,0.02680067001675042,839,0.0005892646544608264,0.021986937419569585,0.0,0.031349999757367186,0.07010500134492759,0.049584001302719116,281,31.76099967956543,0,0,False,False,0.07010500134492759,0.031349999757367186
BeforeLoadChecker.FastCheckFileSystemAbSize,0.0005775334943022339,0.02298583307322891,30,1194,0.02512562814070352,833,0.0005775334943022339,0.02298583307322891,0.0,0.031246999802533537,0.109269996144576,0.09093699604272842,1003,32.7599983215332,0,0,False,False,0.109269996144576,0.031246999802533537
AbListMgr.GetDirectDepAbUrlHashes,0.00019019765818522387,0.007569866795771911,30,1194,0.02512562814070352,833,0.00019019765818522387,0.007569866795771911,0.0,0.013178000343032181,0.06354000049032038,0.05927100032567978,920,33.999000549316406,0,0,False,False,0.06354000049032038,0.013178000343032181
C#BindEffectToArmy,0.006081099654711671,0.2503735513008874,29,1194,0.024288107202680067,32,0.004269133983382727,0.17577055090203367,0.0,0.4693230092525482,0.6048439741134644,0.6048439741134644,1003,32.7599983215332,0,0,False,False,0.48385197078459896,0.30859500289079733
GameObject.Activate,0.0033062052110777902,0.10965580616741338,36,1194,0.03015075376884422,48,6.299417056814086e-05,0.0020893066571766716,0.0,0.33713600039482117,0.37135498970746994,0.3640109896659851,984,52.75299835205078,0,0,False,False,0.06312499940395355,0.0013539940118789673
SortingGroup.UpdateRenderer,2.7870184329634383e-05,0.0010083939421085895,33,1194,0.02763819095477387,83,2.7870184329634383e-05,0.0010083939421085895,0.0,0.0014580000133719295,0.0025519999908283353,0.0017709999810904264,509,32.66400146484375,0,0,False,False,0.0025519999908283353,0.0014580000133719295
LUA:BigBattleFieldMgr.AddReference,4.4755443278934115e-05,0.001842689630174046,29,1194,0.024288107202680067,32,4.4755443278934115e-05,0.001842689630174046,0.0,0.002655999967828393,0.003801999962888658,0.002655999967828393,830,39.435001373291016,0,0,False,False,0.003801999962888658,0.002655999967828393
LUA:OutsideNormalArmyEntity.CheckCommanderEffectOnShow,0.0004889045208142649,0.0035165783003146523,166,1194,0.1390284757118928,312,0.00024680485737832165,0.0017752108416247956,0.003906999947503209,0.00505199987674132,0.0059899999760091305,0.0039059999398887157,643,32.99599838256836,0,0,False,False,0.0030719999049324542,0.002551999845309183
LUA:OutsideNormalArmyEntity.GetCommander,0.00024257956293136212,0.0017448192659038938,166,1194,0.1390284757118928,313,0.00024257956293136212,0.0017448192659038938,0.0019279999542050064,0.002604000037536025,0.003020999953150749,0.002032000105828047,643,32.99599838256836,0,0,False,False,0.003020999953150749,0.002604000037536025
LUA:OutsideNormalArmyEntity.RefreshArmyTransparent,0.0004174003288929056,0.003002265016253791,166,1194,0.1390284757118928,313,0.0004174003288929056,0.003002265016253791,0.003384999930858612,0.004581999848596752,0.006302999681793153,0.004270999692380428,631,33.36000061035156,0,0,False,False,0.006302999681793153,0.004581999848596752
LUA:OutsideArmyEntityBase.RegisterFog,0.0038358936303917635,0.027590704787275697,166,1194,0.1390284757118928,313,0.0008503860903988082,0.006116632481543235,0.02786399982869625,0.060780998319387436,0.2080729976296425,0.12390699982643127,636,33.03200149536133,0,0,False,False,0.11046900093788281,0.007340000694966875
LUA:OutsideArmyEntityBase.BindMoveLineFog,0.0001027252937712312,0.0007388795226677714,166,1194,0.1390284757118928,313,0.0001027252937712312,0.0007388795226677714,0.0007810000097379088,0.0013539999927161261,0.0019280000269645825,0.0015629999106749892,639,33.35300064086914,0,0,False,False,0.0019280000269645825,0.0013539999927161261
LUA:OutsideNormalArmyEntity.CheckWonderSkillToast,0.002629505864686178,0.01891343374961022,166,1194,0.1390284757118928,312,0.0003694748705630526,0.0026575481653752096,0.01921800011768937,0.03166500013321638,0.11249999795109034,0.10390599817037582,1039,32.60499954223633,0,0,False,False,0.0496360007673502,0.003021000884473324
LUA:MapEntityCtrl.GetSampler_AddMapEntity,0.00036845728263839645,0.0019640089083493096,224,1194,0.18760469011725292,402,0.00036845728263839645,0.0019640089083493096,0.002343999920412898,0.0029159998521208763,0.003490000031888485,0.0024480000138282776,643,32.99599838256836,0,0,False,False,0.003490000031888485,0.0029159998521208763
MapEntityCtrl.AddMapEntity_4,0.0035209941343908235,0.02532570479796773,166,1194,0.1390284757118928,312,0.0006640912788269583,0.004776656547707158,0.026770999655127525,0.03937500063329935,0.12177100032567978,0.11349000036716461,681,33.183998107910156,0,0,False,False,0.07588499877601862,0.007082001306116581
LUA:MapEntityCtrl.AddEntity,0.0035122160860641518,0.01872136610160981,224,1194,0.18760469011725292,402,0.002012500018319657,0.010727343847650313,0.022291000001132488,0.02885600016452372,0.11547000706195831,0.10906300693750381,681,33.183998107910156,0,0,False,False,0.10375300692976452,0.015313000199967064
LUA:OutsideArmyEntityCtrl.AddArmyEntity,0.000774879390001375,0.005573530070250854,166,1194,0.1390284757118928,312,0.0006717629740207723,0.0048318372950650725,0.005884999874979258,0.0076039996929466724,0.050988998264074326,0.050988998264074326,36,32.5890007019043,0,0,False,False,0.05010399827733636,0.006562999958987348
LUA:MapEntityCtrl.AddEntityTypeData,0.0005083551038648634,0.0027097142589939593,224,1194,0.18760469011725292,402,0.0005083551038648634,0.0027097142589939593,0.002969000081066042,0.00437499990221113,0.039792001247406006,0.039792001247406006,538,36.45800018310547,0,0,False,False,0.039792001247406006,0.00437499990221113
LUA:OutsideArmyEntityBase.OnCreateFinish,0.11298475365842407,0.8126734690852913,166,1194,0.1390284757118928,312,0.0016751797315073737,0.012049184333854242,0.9519809782505035,1.158541977405548,1.7654689252376556,1.324739933013916,1055,33.05400085449219,0,0,False,False,0.07348903390811756,0.016613008658168837
LUA:MapEntityBase.OnCreateFinish,0.00011471105681022885,0.0006114509010330949,224,1194,0.18760469011725292,402,0.00011471105681022885,0.0006114509010330949,0.0007289999921340495,0.0009380000410601497,0.001563000027090311,0.0013020000187680125,1040,33.50899887084961,0,0,False,False,0.001563000027090311,0.0009380000410601497
LUA:OutsideArmyEntityBase.InitClipRelation,0.029524190064326203,0.2123607405831656,166,1194,0.1390284757118928,312,0.00036686260746152355,0.00263875875487385,0.2267179936170578,0.32359399646520615,0.456355020403862,0.2865620255470276,643,32.99599838256836,0,0,False,True,0.04739599674940109,0.003126010298728943
LUA:OutsideArmyEntityBase.RefreshClipRelation,0.02915732745686468,0.20972198182829174,166,1194,0.1390284757118928,312,0.0006821708249823632,0.004906698584511697,0.2239059992134571,0.32020800560712814,0.45322901010513306,0.2844800055027008,643,32.99599838256836,0,0,False,False,0.05223899893462658,0.0069269947707653046
LUA:UtilArmyEntity.IsArmyByEntityId,0.0005702051892564625,0.004101355397422989,166,1194,0.1390284757118928,312,0.00044126297782147553,0.003173903587462902,0.004583000089041889,0.006041999906301498,0.04114500037394464,0.038541000336408615,1018,33.06100082397461,0,0,False,False,0.0395300003583543,0.004479999945033342
LUA:OutsideArmyEntityBase.RefreshShowPriority,0.040416281483131436,0.22979542900409017,210,1194,0.17587939698492464,1362,0.001591130687856744,0.009046714482385488,0.2997389957308769,0.4091660073027015,0.4401559913530946,0.2963019907474518,1056,34.22200012207031,0,0,False,False,0.032604995649307966,0.015157008543610573
LUA:OutsideArmyEntityBase.GetNewShowPriority,0.03400019685452308,0.1933154049728598,210,1194,0.17587939698492464,1362,0.003537410445410136,0.020112705103903342,0.2386989938095212,0.334113004617393,0.4133849963545799,0.29307299852371216,367,33.542999267578125,0,0,False,False,0.13875000091502443,0.032235001504886895
LUA:OutsideArmyEntityBase.CanShowBattleHead,0.014551670847061266,0.08273664281614834,210,1194,0.17587939698492464,1362,0.0021073643423903925,0.011981871546733948,0.094115000218153,0.1734380004927516,0.30323000252246857,0.1930209994316101,367,33.542999267578125,0,0,False,False,0.16187600698322058,0.018021000549197197
LUA:OutsideArmyEntityBase.NeedHideBattleHead,0.010255667498768923,0.04266643551752646,287,1194,0.2403685092127303,1492,0.004025990802154508,0.01674924396436405,0.05593799939379096,0.09223999688401818,0.2157810078933835,0.15046800673007965,1056,34.22200012207031,0,0,False,False,0.17260600873851217,0.028748000942869112
LUA:OutsideArmyEntityBase.HasBuffSpecialPerform,0.0010302981706995242,0.004286327581237742,287,1194,0.2403685092127303,2854,0.0010302981706995242,0.004286327581237742,0.005412000042269938,0.007659000053536147,0.06999899951915722,0.06557299941778183,691,33.262001037597656,0,0,False,False,0.06999899951915722,0.007659000053536147
LUA:UtilPerfClip.GetClipShowType,0.006177853408267244,0.03512550937843376,210,1194,0.17587939698492464,1674,0.0027159296353219875,0.015441999926545014,0.04166599945165217,0.07697899709455669,0.1271879959385842,0.09078099578619003,679,34.22999954223633,0,0,False,False,0.08739499968942255,0.023025000831694342
LUA:OutsideArmyEntityBase.GetNewDistancePriority,0.010376178387667941,0.0746334758727441,166,1194,0.1390284757118928,312,0.0031403818953013238,0.02258804809029988,0.07963600382208824,0.11859400197863579,0.18364500999450684,0.18364500999450684,988,33.12699890136719,0,0,False,False,0.08374999882653356,0.03318000165745616
C#CorePos,0.0010930988245851936,0.007862409617799526,166,1194,0.1390284757118928,312,0.0010930988245851936,0.007862409617799526,0.00916700018569827,0.013282000087201595,0.01823000004515052,0.010989999398589134,1041,33.44900131225586,0,0,False,False,0.01823000004515052,0.013282000087201595
LUA:OutsideUtilsMarch.GetArmyPosByMoveAttr,0.004083531837515733,0.029371909722854125,166,1194,0.1390284757118928,312,0.0006973651826004942,0.005015988120632471,0.025104000233113766,0.05911500006914139,0.14849001169204712,0.14849001169204712,988,33.12699890136719,0,0,False,False,0.009896000381559134,0.008073000237345695
C#__sub,0.0017454430533665071,0.012554572323612106,166,1194,0.1390284757118928,312,0.0017454430533665071,0.012554572323612106,0.015208999626338482,0.019531000405550003,0.10151100065559149,0.09479200094938278,680,32.1349983215332,0,0,False,False,0.10151100065559149,0.019531000405550003
C#sqrMagnitude,0.0003137227768991829,0.00225653611817846,166,1194,0.1390284757118928,312,0.0003137227768991829,0.00225653611817846,0.002709000022150576,0.0036979998694732785,0.005155999795533717,0.003957999870181084,637,32.70600128173828,0,0,False,False,0.005155999795533717,0.0036979998694732785
LUA:OutsideArmyEntityBase.InitShowPriority,0.010780371879999662,0.07754074713686504,166,1194,0.1390284757118928,312,0.00040921605023644376,0.002943397373387433,0.08599000051617622,0.13791800290346146,0.22536499798297882,0.18984399735927582,1056,34.22200012207031,0,0,False,False,0.0054700011387467384,0.004531000042334199
LUA:OutsideArmyEntityBase.IsAlwaysDisable,0.0014113509248305654,0.010151524121974068,166,1194,0.1390284757118928,312,0.0004600201118378658,0.003308819358641035,0.01104199979454279,0.01494900044053793,0.06380200106650591,0.057500001043081284,1066,32.64799880981445,0,0,False,False,0.05541700078174472,0.00432200008071959
LUA:BattleHeadMgr.OnRefreshShowPriority,0.004630277206142545,0.01874085079367525,295,1194,0.24706867671691793,872,0.0016719195982735757,0.006767023729961523,0.03244699948118068,0.05395900167059153,0.2217709980031941,0.09760399907827377,692,34.667999267578125,0,0,False,False,0.06645999941974878,0.017239999753655866
LUA:BattleHeadMgr.RefreshHeadItemVisible,0.0004780887736359937,0.002718276170101793,210,1194,0.17587939698492464,738,0.0004780887736359937,0.002718276170101793,0.003281999990576878,0.004584999929647893,0.006147000094642863,0.004010000266134739,639,33.35300064086914,0,0,False,False,0.006147000094642863,0.004584999929647893
LUA:OutsideArmyEntityBase.OnRefresh_formChangeEndMs,0.001937987432632614,0.013939499967249042,166,1194,0.1390284757118928,313,0.0004888065284121176,0.003515873463398003,0.01421900000423193,0.01869899919256568,0.08854200504720211,0.07984400540590286,1023,33.255001068115234,0,0,False,False,0.005831999937072396,0.004844000097364187
LUA:ArmyEffectMgr.RefreshArmyEffect,0.0014491809042204964,0.01042362650385104,166,1194,0.1390284757118928,313,0.0007605904554250109,0.005470753034803994,0.010313000064343214,0.01374999969266355,0.08463500160723925,0.07854200154542923,1023,33.255001068115234,0,0,False,False,0.04682300123386085,0.007551999966381118
LUA:ArmyEffectMgr._14,0.00024963818825223644,0.00179559034200705,166,1194,0.1390284757118928,313,0.00024963818825223644,0.00179559034200705,0.001664999988861382,0.0022920000192243606,0.047238998115062714,0.047238998115062714,664,34.13600158691406,0,0,False,False,0.047238998115062714,0.0022920000192243606
LUA:ArmyEffectMgr.ReleaseArmyEffect,0.00032209715123397145,0.002316771075743144,166,1194,0.1390284757118928,313,0.00032209715123397145,0.002316771075743144,0.0018229999695904553,0.0022399999579647556,0.07614600274246186,0.07484400272369385,1023,33.255001068115234,0,0,False,False,0.07614600274246186,0.0022399999579647556
LUA:MapEntityCtrl.GetSampler_TakeMapEntity,0.00030910468651666235,0.001647638373664709,224,1194,0.18760469011725292,402,0.00030910468651666235,0.001647638373664709,0.0018229999841423705,0.0022380000445991755,0.04171799909090623,0.03999999910593033,643,32.99599838256836,0,0,False,False,0.04171799909090623,0.0022380000445991755
MapEntityCtrl.TakeMapEntity_4,0.0012800041839661361,0.009206777082262448,166,1194,0.1390284757118928,312,0.0011332236148521907,0.008151018048997082,0.009999999776482582,0.013334000017493963,0.0637499988079071,0.0637499988079071,1177,33.07600021362305,0,0,False,False,0.06301999877905473,0.011458999302703887
Animation.CheckDefaultValue,0.00018825544401969847,0.004086854548354908,55,1194,0.046063651591289785,478,0.00015406700188896216,0.00334465455009856,0.0,0.005938000031164847,0.03817399880790617,0.03473899886012077,105,31.47599983215332,0,0,False,False,0.03723699881811626,0.004949000038322993
AnimationClip.GetDefaultValue,3.418844213073631e-05,0.0007850192289249838,52,1194,0.04355108877721943,436,3.418844213073631e-05,0.0007850192289249838,0.0,0.0014059999921300914,0.0018230000023322646,0.0005210000090301037,997,33.268001556396484,0,0,False,False,0.0018230000023322646,0.0014059999921300914
Animation.BindCurves,0.036756171871419725,0.797943076626821,55,1194,0.046063651591289785,59,0.0004256116028786046,0.009239640978855525,0.0,1.3369790017604828,1.4160940051078796,1.0663020610809326,985,34.01300048828125,0,0,False,False,0.01656498644661042,0.015939031989546493
Animation.BindCurves.JobPrepare,0.0010262680102695074,0.022279345532032577,55,1194,0.046063651591289785,59,0.0010262680102695074,0.022279345532032577,0.0,0.0348959993571043,0.036353000439703465,0.030520999804139137,997,33.268001556396484,0,0,False,False,0.036353000439703465,0.0348959993571043
Animation.BindValue.RendererMaterialAnimationBinding,0.0352027436821305,0.8083091530089195,52,1194,0.04355108877721943,224,0.0352027436821305,0.8083091530089195,0.0,1.2795840054750443,1.3598970249295235,0.5832290053367615,985,34.01300048828125,0,0,False,False,1.3598970249295235,1.2795840054750443
Animation.BindCurves.Precalculate,2.3907035280337286e-05,0.0005489423100908215,52,1194,0.04355108877721943,224,2.3907035280337286e-05,0.0005489423100908215,0.0,0.001092999995307764,0.0017700001117191277,0.000989000080153346,509,32.66400146484375,0,0,False,False,0.0017700001117191277,0.001092999995307764
Animation.BindCurves.CalculateTransformRoots,7.764154086078122e-05,0.0016855272688685958,55,1194,0.046063651591289785,59,7.764154086078122e-05,0.0016855272688685958,0.0,0.004011000040918589,0.00666699989233166,0.004947999957948923,1073,33.10100173950195,0,0,False,False,0.00666699989233166,0.004011000040918589
LUA:BucketPriorityQueue.Contain,0.0002508149065008665,0.0022860534226109507,131,1194,0.10971524288107203,404,0.0002508149065008665,0.0022860534226109507,0.0019800000300165266,0.0048430000024382025,0.008173999900463969,0.003020999953150749,692,34.667999267578125,0,0,False,False,0.008173999900463969,0.0048430000024382025
LUA:UtilPerfClip.GetBattlePerfLimitNum_UIHead,0.010977281443150699,0.03854962953859392,340,1194,0.2847571189279732,340,0.002528736231223816,0.008880326647297753,0.04046900197863579,0.04625000059604645,0.27067700028419495,0.27067700028419495,794,32.77399826049805,0,0,False,False,0.01385399978607893,0.010728002991527319
LUA:InfiniteZoomMgr.GetCameraDist,0.0002853232815889392,0.0009961286497578755,342,1194,0.2864321608040201,344,0.0002853232815889392,0.0009961286497578755,0.001145999995060265,0.0013020000187680125,0.0020840000361204147,0.0020840000361204147,1057,32.209999084472656,0,0,False,False,0.0020840000361204147,0.0013020000187680125
LUA:UtilPerfClip.GetClipIgnoreCameraDist_UIHead,0.0014225711863799179,0.004995735283934183,340,1194,0.2847571189279732,340,0.001205551088300114,0.0042336117630304,0.005625000223517418,0.006093000061810017,0.009322999976575375,0.009322999976575375,1057,32.209999084472656,0,0,False,False,0.008020999957807362,0.0051570001523941755
LUA:UIManager.IsLandscape,0.00021702009807980402,0.0007621235209037824,340,1194,0.2847571189279732,340,0.00021702009807980402,0.0007621235209037824,0.0008849999867379665,0.0009899999713525176,0.0013020000187680125,0.0013020000187680125,1057,32.209999084472656,0,0,False,False,0.0013020000187680125,0.0009899999713525176
LUA:UtilPerfClip.GetBattlePerfLimitNumByType,0.006742876037094162,0.023679394083207145,340,1194,0.2847571189279732,340,0.003382367672255556,0.01187807941374451,0.024322999641299248,0.02796899899840355,0.25385400652885437,0.25385400652885437,794,32.77399826049805,0,0,False,False,0.09755300311371684,0.013958999188616872
LUA:PerformanceMgr.GetDeviceLevel,0.00024253852545791515,0.000851738233519855,340,1194,0.2847571189279732,340,0.00024253852545791515,0.000851738233519855,0.0009899999713525176,0.0010939999483525753,0.001927000004798174,0.001927000004798174,506,31.56800079345703,0,0,False,False,0.001927000004798174,0.0010939999483525753
LUA:BattleHeadMgr.GetBattleHeadShowState,0.0043582470560683505,0.021326831905514796,244,1194,0.20435510887772193,570,0.0011862964846669202,0.005805073781525831,0.021978999953716993,0.061249999329447746,0.10286399954929948,0.04312499985098839,513,32.78300094604492,0,0,False,False,0.01557199948001653,0.011824999703094363
LUA:BucketPriorityQueue.GetMax,0.0013866432074892648,0.006785458974353206,244,1194,0.20435510887772193,570,0.0013866432074892648,0.006785458974353206,0.007447999785654247,0.01588499965146184,0.05338500312063843,0.037136003375053406,513,32.78300094604492,0,0,False,False,0.05338500312063843,0.01588499965146184
LUA:BucketPriorityQueue.GetMin,0.0017853073639121652,0.00873629914963576,244,1194,0.20435510887772193,570,0.0017853073639121652,0.00873629914963576,0.008646000118460506,0.032762999879196286,0.05625200038775802,0.033438000828027725,870,33.198001861572266,0,0,False,False,0.05625200038775802,0.032762999879196286
LUA:BattleHeadMgr.RegisterBattleHead,0.3180337460146877,1.8706024272982122,203,1194,0.17001675041876047,209,0.00396414131207518,0.023316180919299333,2.550990104675293,3.15958309173584,3.6385409832000732,3.6385409832000732,1136,33.16600036621094,25,0,False,False,0.17666500466293655,0.026196990511380136
LUA:BattleHeadClientService.ExitedClientEntity,0.00018699916053900318,0.001099886688096403,203,1194,0.17001675041876047,209,0.00018699916053900318,0.001099886688096403,0.001197999925352633,0.0014070000033825636,0.002604000037536025,0.002604000037536025,1079,33.59299850463867,0,0,False,False,0.002604000037536025,0.0014070000033825636
LUA:BattleHeadMgr.CreatBattleHeadItem,0.014926224490869448,0.08693615630291766,205,1194,0.17169179229480738,1219,0.0025372998700105708,0.014778224608744495,0.10072900075465441,0.17770799901336432,0.34781200159341097,0.22328101098537445,794,32.77399826049805,0,0,False,False,0.1927090019453317,0.021404003025963902
LUA:BattleHeadPoolMgr.TakePoolObject,0.011241667515713679,0.06547585860371771,205,1194,0.17169179229480738,1219,0.005432407065091931,0.03164045871082813,0.07755000237375498,0.1328650009818375,0.2868209998123348,0.22078099846839905,1147,34.46099853515625,0,0,False,False,0.2059330063930247,0.061667001544265077
LUA:Float_BattleRoleInfo.GetHeadUIRoot,0.009835421294129924,0.057849719335916885,203,1194,0.17001675041876047,209,0.0027325486078299895,0.016072231713049296,0.057551998645067215,0.08375000208616257,0.4466659724712372,0.4466659724712372,716,33.645999908447266,0,0,False,False,0.20994800003245473,0.019480996765196323
LUA:UtilArmyEntity.IsBossById,0.000839750413214273,0.00493922164225538,203,1194,0.17001675041876047,209,0.0008017076992415557,0.004715463019184323,0.004531000275164843,0.005729000084102154,0.16739599406719208,0.16739599406719208,716,33.645999908447266,0,0,False,False,0.16713499405886978,0.005520000078831799
C#transform,0.0036185242867852302,0.02117900979618414,204,1194,0.1708542713567839,213,0.0036185242867852302,0.02117900979618414,0.020677000284194946,0.02541700005531311,0.23937499523162842,0.23937499523162842,716,33.645999908447266,0,0,False,False,0.23937499523162842,0.02541700005531311
LUA:BattleHeadUIBinder.CreateRootContext,0.07303369164441897,0.4295676247459914,203,1194,0.17001675041876047,209,0.0009140714042294705,0.005376360870196984,0.48911401629447937,0.714792013168335,1.0033329725265503,1.0033329725265503,766,33.60200119018555,0,0,False,True,0.07161503308452666,0.006666999659501016
LUA:Class.New,0.08604808149518449,0.48462928917570886,212,1194,0.17755443886097153,225,0.0009582649721994908,0.005397020645312227,0.49073001742362976,1.1496349573135376,2.746042013168335,2.746042013168335,782,32.60599899291992,0,0,False,True,0.07010403275489807,0.007498979568481445
LUA:MeshUICtrlData.Ctor,0.08508872607070797,0.48149734089301094,211,1194,0.17671691792294808,221,0.006975725846074372,0.039474012607643605,0.484375,1.1450519561767578,2.7411980628967285,2.7411980628967285,782,32.60599899291992,0,0,False,False,0.2560919886745978,0.05895986358518712
LUA:BattleHeadMgr.OnRegisterBattleHead,0.0025492453964433355,0.014920583349771286,204,1194,0.1708542713567839,210,0.0008375686947523478,0.004902240301638741,0.014739999547600746,0.020312000066041946,0.20911499857902527,0.20911499857902527,591,33.82099914550781,0,0,False,False,0.07671899709384888,0.0060430001467466354
LUA:BattleHeadItemBase.Init,0.2222488242446428,1.2944638836492852,205,1194,0.17169179229480738,1219,0.004968402690999761,0.028937916161237632,1.9088020324707031,2.3407809734344482,2.9713540077209473,2.9713540077209473,1136,33.16600036621094,0,0,False,False,0.16077999556728173,0.04953396599012194
BattleHead.Init,0.21887448707118107,1.2873701357782767,203,1194,0.17001675041876047,209,0.0025842629279144258,0.015200048945467117,1.900676965713501,2.3270320892333984,2.9622390270233154,2.9622390270233154,1136,33.16600036621094,0,0,False,False,0.10338603176933248,0.02166708776348969
BattleHead.DataInit,0.0032398969935755586,0.019056339952360675,203,1194,0.17001675041876047,209,0.0024999539507694355,0.014704162646397565,0.01880200020968914,0.022708000615239143,0.2726040184497833,0.2726040184497833,423,44.21900177001953,0,0,False,False,0.16494701756164432,0.017968001076951623
LUA:BattleHeadMgr.GetItemUid,0.0004375033517062182,0.002548190253352315,205,1194,0.17169179229480738,1219,0.0004375033517062182,0.002548190253352315,0.0033870000042952597,0.004218999965814874,0.004898000042885542,0.0038030000869184732,1019,37.19599914550781,0,0,False,False,0.004898000042885542,0.004218999965814874
LUA:BattleHeadMgr.GetItemClipType,0.0006256474046021196,0.0036440146394874674,205,1194,0.17169179229480738,1219,0.0006256474046021196,0.0036440146394874674,0.004480000032344833,0.005258999852230772,0.042708000662969425,0.03796900063753128,1053,32.37900161743164,0,0,False,False,0.042708000662969425,0.005258999852230772
LUA:UtilPerfClip.GetLimitClipType,0.0004083408685364032,0.002401768458288007,203,1194,0.17001675041876047,209,0.0004083408685364032,0.002401768458288007,0.0021349999587982893,0.0024999999441206455,0.10458400100469589,0.10458400100469589,423,44.21900177001953,0,0,False,False,0.10458400100469589,0.0024999999441206455
BattleHead.OnInit,0.0006021423769121837,0.0035416650149416124,203,1194,0.17001675041876047,209,0.00042398827410009774,0.0024938029520961413,0.003333000000566244,0.0043230000883340836,0.06567700207233429,0.06567700207233429,1087,33.81399917602539,0,0,False,False,0.06349000195041299,0.0029690000228583813
LUA:BattleHead.OnInit,0.00017815410281208591,0.001047862062845471,203,1194,0.17001675041876047,209,0.00017815410281208591,0.001047862062845471,0.0010939999483525753,0.0016139999497681856,0.0032290001399815083,0.0032290001399815083,1020,32.268001556396484,0,0,False,False,0.0032290001399815083,0.0016139999497681856
LUA:BattleHeadItemBase.LoadUI,0.2054413908256383,1.196570832418596,205,1194,0.17169179229480738,1219,0.003384565819284382,0.01971303213768562,1.7937500476837158,2.238020896911621,2.892604112625122,2.892604112625122,1136,33.16600036621094,0,0,False,False,0.18198101271991618,0.0306780087921652
BattleHead.LoadUI,0.20380653097751353,1.1987438324490205,203,1194,0.17001675041876047,209,0.001636912270035067,0.009627947046413152,1.79072904586792,2.2169790267944336,2.889583110809326,2.889583110809326,1136,33.16600036621094,0,0,False,False,0.21546997247787658,0.012760018493281677
BattleHead.OnLoadUI,0.05613518851517483,0.3301744585572352,203,1194,0.17001675041876047,209,0.0007249773565798349,0.0042641525308193245,0.42515599727630615,0.6766669750213623,1.3619790077209473,1.3619790077209473,733,33.76900100708008,0,0,False,True,0.07791495323181152,0.006406009197235107
LUA:BattleHead.OnLoadUI,0.05541021115859499,0.32591030602641585,203,1194,0.17001675041876047,209,0.000742475931011347,0.004367075180431273,0.42057299613952637,0.6708340048789978,1.3571879863739014,1.3571879863739014,733,33.76900100708008,0,0,False,True,0.04635502095334232,0.006458016810938716
LUA:BattleHeadUIBinder.Bind,0.05443776873138482,0.3201906200259777,203,1194,0.17001675041876047,209,0.00210166407810092,0.012361511868238908,0.41364598274230957,0.662447988986969,1.3497400283813477,1.3497400283813477,733,33.76900100708008,0,0,False,False,0.07291603478370234,0.016248999687377363
LUA:BattleHeadUIBinder.GetBindInfo,0.011626798142811636,0.06838619203210392,203,1194,0.17001675041876047,209,0.001557666668368576,0.009161842374542265,0.07583300024271011,0.13213498890399933,0.5539069771766663,0.5539069771766663,892,33.020999908447266,0,0,False,False,0.129582000663504,0.011822998872958124
LUA:BattleHeadUtil.GetEntityRadius,0.0016035502532021637,0.009431719223267899,203,1194,0.17001675041876047,209,0.000675949749426247,0.003975783255246004,0.01244799979031086,0.015312000177800655,0.1200530007481575,0.1200530007481575,892,33.020999908447266,0,0,False,False,0.10854300018399954,0.005468999966979027
LUA:BattleHeadUtil.GetEntityHeadOffset,0.008102922933956163,0.04765955656721013,203,1194,0.17001675041876047,209,0.002566603833725255,0.015096182155014553,0.05083300173282623,0.09432299435138702,0.4197919964790344,0.4197919964790344,892,33.020999908447266,0,0,False,False,0.2065099908504635,0.019166998798027635
C#up,0.0010193375214116126,0.00599551231805648,203,1194,0.17001675041876047,209,0.0010193375214116126,0.00599551231805648,0.0048439996317029,0.006510999985039234,0.1338540017604828,0.1338540017604828,414,33.691001892089844,0,0,False,False,0.1338540017604828,0.006510999985039234
C#__mul,0.0014130494110184836,0.008311236437222017,203,1194,0.17001675041876047,209,0.0014130494110184836,0.008311236437222017,0.008750000037252903,0.010625000111758709,0.09484399855136871,0.09484399855136871,1117,32.38199996948242,0,0,False,False,0.09484399855136871,0.010625000111758709
C#SetRadius,0.0021228065490574454,0.012485867091500444,203,1194,0.17001675041876047,288,0.0021228065490574454,0.012485867091500444,0.013749999925494194,0.018438000231981277,0.23572900891304016,0.23572900891304016,660,34.775001525878906,0,0,False,False,0.23572900891304016,0.018438000231981277
LUA:MapCoordUtil.ConvertGridIndexToWorldPos,0.0012087303134214937,0.01924298658967018,75,1194,0.06281407035175879,79,0.00029134254187339266,0.004638173266624411,0.014686999842524529,0.0255730003118515,0.07380200177431107,0.07380200177431107,461,32.650001525878906,0,0,False,False,0.017917003482580185,0.0061980001628398895
C#ConvertGridIndexToWorldPos,0.0009173877715481011,0.01460481332304577,75,1194,0.06281407035175879,79,0.0009173877715481011,0.01460481332304577,0.010885000228881836,0.019375000149011612,0.05588499829173088,0.05588499829173088,461,32.650001525878906,0,0,False,False,0.05588499829173088,0.019375000149011612
C#RegisterBattleMUI,0.0020356968072924755,0.028595552798908422,85,1194,0.0711892797319933,91,0.0020356968072924755,0.028595552798908422,0.021093999966979027,0.042082998901605606,0.34822899103164673,0.34822899103164673,232,32.895999908447266,0,0,False,False,0.34822899103164673,0.042082998901605606
LUA:BattleHeadItemBase.RefreshChildItemVisible,0.14781097141195906,0.8444320567745413,209,1194,0.17504187604690116,1106,0.0022110829278722387,0.012631736918083508,1.2938019782304764,1.597967967391014,2.1501039266586304,1.3826569318771362,852,36.8849983215332,0,0,False,False,0.06416599234216847,0.020517023658612743
LUA:BattleHeadItemBase.IsRootVisible,0.0031274455424766343,0.01786684199864642,209,1194,0.17504187604690116,1106,0.0018679346624105447,0.010671358789082252,0.023071999428793788,0.030676999362185597,0.20843800145667046,0.18656200170516968,1056,34.22200012207031,0,0,False,False,0.06234699988272041,0.018126000184565783
C#enabledSelf,0.0012595108800660896,0.007195483209564168,209,1194,0.17504187604690116,1106,0.0012595108800660896,0.007195483209564168,0.008541999734006822,0.012083999870810658,0.18989500124007463,0.18135400116443634,1056,34.22200012207031,0,0,False,False,0.18989500124007463,0.012083999870810658
LUA:BattleHeadMgr.CanCreatItem,0.0007260736964959487,0.004228936554225184,205,1194,0.17169179229480738,1016,0.0007260736964959487,0.004228936554225184,0.004477999958908185,0.005624999961582944,0.15718599819228984,0.1532289981842041,1082,34.35100173950195,0,0,False,False,0.15718599819228984,0.005624999961582944
LUA:BattleHeadItemBase.AddItem,0.13961928070427684,0.8131971763946662,205,1194,0.17169179229480738,1010,0.0025314261109566326,0.014744013543815705,1.2536440268158913,1.54802106320858,2.1136979684233665,1.3756769895553589,852,36.8849983215332,0,0,False,False,0.1145320513896877,0.02260600999579765
C#GetNode,0.010215800642028101,0.0567333300771235,215,1194,0.1800670016750419,2279,0.009942083722248456,0.05521324634588212,0.09265500050969422,0.11760100163519382,0.1927099961321801,0.1386450082063675,1173,33.06100082397461,0,0,False,False,0.19015699611918535,0.11561900163360406
MultipleTroops.Init,0.005884891978060979,0.09368748029073079,75,1194,0.06281407035175879,79,0.0009443392369984314,0.015033880653015027,0.05999999865889549,0.24276100099086761,0.3920830190181732,0.3920830190181732,716,33.645999908447266,0,0,False,False,0.26421802030381514,0.01812400228664046
MultipleTroops.DataInit,0.00046800586205425124,0.00745065332390368,75,1194,0.06281407035175879,79,0.0004046708533954354,0.006442359986055332,0.0043230000883340836,0.017500000074505806,0.058229997754096985,0.058229997754096985,357,33.926998138427734,0,0,False,False,0.05661599774612114,0.016719000035664067
MultipleTroops.OnInit,0.00028990536021034373,0.004615293334548672,75,1194,0.06281407035175879,79,0.00015777470850131446,0.002511773359340926,0.00380200007930398,0.0066139999544247985,0.012760999612510204,0.012760999612510204,716,33.645999908447266,0,0,False,False,0.009426999604329467,0.003959000110626221
LUA:BattleHeadMultipleTroops.OnInit,0.00013213065170902927,0.002103519975207746,75,1194,0.06281407035175879,79,9.802009893916283e-05,0.001560479975111472,0.0018229999113827944,0.0029690000228583813,0.0043219998478889465,0.0043219998478889465,505,32.83100128173828,0,0,False,False,0.0034359998535364866,0.0022929999977350235
LUA:BattleHeadItemBase.OnInit,0.0002821063669218051,0.0016430975712421237,205,1194,0.17169179229480738,1010,0.0002821063669218051,0.0016430975712421233,0.0019300000567454845,0.002498999980161898,0.044116998979006894,0.042082998901605606,535,33.51300048828125,0,0,False,False,0.044116998979006894,0.002498999980161898
MultipleTroops.LoadUI,0.0013467487504696426,0.02144024010747671,75,1194,0.06281407035175879,79,0.0003304773972604609,0.005261200164386537,0.01421900000423193,0.06619800254702568,0.08197899907827377,0.08197899907827377,1106,32.76499938964844,0,0,False,False,0.050678002371569164,0.009999000576499384
MultipleTroops.OnLoadUI,0.0001982102165516572,0.0031555066475023826,75,1194,0.06281407035175879,79,9.840284815444994e-05,0.001566573342618843,0.002707999898120761,0.0043750000186264515,0.005313000176101923,0.005313000176101923,1076,33.819000244140625,0,0,False,False,0.0036990002263337374,0.0024480000138282776
LUA:BattleHeadMultipleTroops.OnLoadUI,9.980736839720727e-05,0.0015889333048835397,75,1194,0.06281407035175879,79,8.392629613723509e-05,0.0013361066345047826,0.0014059999957680702,0.0020840000361204147,0.0025000000023283064,0.0021359999664127827,705,32.3390007019043,0,0,False,False,0.0020319999748608097,0.0018219998601125553
LUA:BattleHeadItemBase.OnLoadUI,0.00017376884758260673,0.0010120975805543045,205,1194,0.17169179229480738,1010,0.00017376884758260673,0.0010120975805543045,0.0014060000103199854,0.0016670000331941992,0.002601000072900206,0.0008329999982379377,535,33.51300048828125,0,0,False,False,0.002601000072900206,0.0016670000331941992
MultipleTroops.RefreshAllItemVisible,0.00016383668470197987,0.0026082800204555194,75,1194,0.06281407035175879,158,0.00016383668470197987,0.0026082800204555194,0.0014589999918825924,0.003906999831087887,0.044583002803847194,0.042448002845048904,236,30.54400062561035,0,0,False,False,0.044583002803847194,0.003906999831087887
MultipleTroops.Refresh,0.0015755393557949381,0.025082586544255416,75,1194,0.06281407035175879,79,0.000205624782304019,0.0032735465342799822,0.015937000513076782,0.08197899907827377,0.2086459994316101,0.2086459994316101,1106,32.76499938964844,0,0,False,False,0.11776100099086761,0.0024480000138282776
LUA:BattleHeadItemBase.Refresh,0.09045159454196941,0.4635158964940407,233,1194,0.19514237855946398,1368,0.004875966736359607,0.024986713661859956,0.7114049969241023,0.9554179841652513,2.7470290176570415,1.1575000286102295,439,33.356998443603516,0,0,False,False,0.17770303488941863,0.04963497305288911
LUA:BattleHeadItemBase.CanRefresh,0.0003850544464262651,0.0019731974636607746,233,1194,0.19514237855946398,1368,0.0003850544464262651,0.001973197463660775,0.0020830000285059214,0.0028119999915361404,0.07661600489518605,0.07463600486516953,854,35.27399826049805,0,0,False,False,0.07661600489518605,0.0028119999915361404
MultipleTroops.OnRefresh,0.0009173475719919706,0.014412013170505432,76,1194,0.06365159128978225,86,0.0002567554415333111,0.00403376312093123,0.009791000746190548,0.04479200020432472,0.07354200072586536,0.07343800365924835,513,32.78300094604492,0,0,False,False,0.054166994988918304,0.009113997220993042
LUA:BattleHeadMultipleTroops.OnRefresh,0.0006605921304586595,0.010378250049574203,76,1194,0.06365159128978225,86,0.00020988945106482774,0.003297473744360583,0.007708000019192696,0.017448000609874725,0.06301900092512369,0.03567800298333168,513,32.78300094604492,0,0,False,False,0.016247001942247152,0.0052090000826865435
LUA:MapEntityDataDetailGrid.ExistArmyInGrid,0.00016427973119176962,0.0025809210400391173,76,1194,0.06365159128978225,86,0.00016427973119176962,0.0025809210400391173,0.0020309998653829098,0.003907000180333853,0.01208299957215786,0.006510999985039234,513,32.78300094604492,0,0,False,False,0.01208299957215786,0.003907000180333853
BattleHead.Refresh,0.007795089604629444,0.04584895067944609,203,1194,0.17001675041876047,209,0.0002203701778472568,0.001296167449998151,0.04927000030875206,0.08635399490594864,0.46583300828933716,0.46583300828933716,877,33.71900177001953,0,0,False,True,0.04437500610947609,0.0017179995775222778
BattleHead.OnRefresh,0.014936188421519458,0.08412174044950109,212,1194,0.17755443886097153,316,0.0005219346914640074,0.0029395755736227585,0.048280999064445496,0.17239500395953655,2.5921349842101336,1.1520839929580688,439,33.356998443603516,0,0,False,False,0.0546330101788044,0.005520999431610107
LUA:BattleHead.OnRefresh,0.01441425373005545,0.08118216487587834,212,1194,0.17755443886097153,316,0.0025378877582451463,0.0142935753931354,0.04567699879407883,0.16213500313460827,2.5479699578136206,1.1508339643478394,439,33.356998443603516,0,0,False,False,0.22281399666098878,0.024583999198512174
C#PlayAnimation,0.004745824155249513,0.07455939528115682,76,1194,0.06365159128978225,79,0.002393655835067956,0.03760559298777815,0.016978999599814415,0.3583329990506172,0.4519270062446594,0.4519270062446594,971,32.599998474121094,0,0,False,False,0.4186459821794415,0.10708299648104003
MapEntityCtrl.CreateMapEntity_309,0.007316829976773941,0.11345837652296215,77,1194,0.06448911222780569,90,0.0003282872420209936,0.0050905839866632,0.06541699916124344,0.15557299554347992,2.057811975479126,2.057811975479126,498,33.69499969482422,0,0,False,False,0.06312501430511475,0.00765499472618103
LUA:MapEntityGrid.Create,0.006988542734752947,0.10836779253629895,77,1194,0.06448911222780569,90,0.0005071725381472557,0.00786446766945225,0.06224000081419945,0.15062500536441803,2.0528130531311035,2.0528130531311035,498,33.69499969482422,0,0,False,False,0.055677999334875494,0.009841997409239411
LUA:Components._68,0.0003573911216909883,0.00316092592073363,135,1194,0.11306532663316583,362,0.0003573911216909883,0.00316092592073363,0.002760999894235283,0.004947999957948923,0.035157002159394324,0.033490002155303955,1192,33.91600036621094,0,0,False,False,0.035157002159394324,0.004947999957948923
LUA:MapEntityDataGrid.IsValid,3.816666645538046e-05,0.0005918311655548606,77,1194,0.06448911222780569,90,3.816666645538046e-05,0.0005918311655548606,0.000467999983811751,0.0008859999798005447,0.0016139999497681856,0.0013539999490603805,1161,32.96500015258789,0,0,False,False,0.0016139999497681856,0.0008859999798005447
LUA:MapEntityGrid.DoShowViewGo,0.005992812411844031,0.09292750674989317,77,1194,0.06448911222780569,90,0.00019786351358820644,0.003068169288627513,0.04927099868655205,0.13526000082492828,2.039947986602783,2.039947986602783,498,33.69499969482422,0,0,False,False,0.006146000640001148,0.00453100394224748
LUA:MapEntityDetailGrid.ShowViewGo,0.005739283069369182,0.08899615564710134,77,1194,0.06448911222780569,90,0.0003507931664479987,0.005439571957648187,0.045573003590106964,0.13046899437904358,2.0334889888763428,2.0334889888763428,498,33.69499969482422,0,0,False,False,0.04937399830669165,0.006926998496055603
LUA:MapEntityDetailGrid.OnRefresh,0.004352929593973373,0.060434859711676836,86,1194,0.07202680067001675,112,0.0003764061006179962,0.005225917257417297,0.025989999994635582,0.11234300211071968,2.0010409355163574,2.0010409355163574,498,33.69499969482422,0,0,False,False,0.039947000332176685,0.008906001865398139
LUA:MapEntityDetailGrid.RefreshSimpleBattleHint,0.023780492387795463,0.28680715061644224,99,1194,0.0829145728643216,150,0.00042163799946345356,0.005085209811710743,0.0043230000883340836,2.10093791782856,3.505885973572731,3.388072967529297,782,32.60599899291992,1,0,False,False,0.023074006341630593,0.021093909977935255
LUA:MapEntityDataDetailGrid.GetSimpleBattleInGrid,0.00018792043534521688,0.002266434341436252,99,1194,0.0829145728643216,150,0.00018792043534521688,0.002266434341436252,0.0015619999612681568,0.0032810000120662153,0.04682300239801407,0.04682300239801407,368,33.74300003051758,0,0,False,False,0.04682300239801407,0.0032810000120662153
LUA:MapEntityCtrl.AddDetailGridEntity,0.0001494413710427837,0.002074802290989346,86,1194,0.07202680067001675,112,0.0001494413710427837,0.002074802290989346,0.0014579999260604382,0.004584000038448721,0.005468999966979027,0.005468999966979027,499,32.70199966430664,0,0,False,False,0.005468999966979027,0.004584000038448721
MapEntityCtrl.AddMapEntity_309,0.0008520485776347082,0.01321228573630963,77,1194,0.06448911222780569,90,0.00019673534713442152,0.003050675382837653,0.009062999859452248,0.026355000212788582,0.07109299954026937,0.06161399930715561,702,33.757999420166016,0,0,False,False,0.055623000022023916,0.003958999179303646
MapEntityCtrl.TakeMapEntity_309,0.0002996708541192813,0.004646844153485999,77,1194,0.06448911222780569,90,0.0002419581241105992,0.0037519220803643566,0.0034370000939816236,0.007916999980807304,0.009115000255405903,0.008124999701976776,702,33.757999420166016,0,0,False,False,0.0074490002589300275,0.006197000213433057
LUA:MapEntityDataMingChengOtherBuilding.RefreshByEntityAttr,0.0025921683287375937,0.10316829948375622,30,1194,0.02512562814070352,32,0.00020348824300511523,0.008098832071603586,0.0,0.1974480003118515,0.24276100099086761,0.24276100099086761,228,33.29600143432617,0,0,False,False,0.016770000656833872,0.01015599793754518
LUA:MapEntityDataBuildingBase.RefreshByEntityAttr,0.001726078740016899,0.06869793385267257,30,1194,0.02512562814070352,32,0.0003165586350410217,0.012599033674632665,0.0,0.13198000192642212,0.2100519984960556,0.2100519984960556,228,33.29600143432617,0,0,False,False,0.057915998535463586,0.018384001872618683
LUA:MapEntityDataBuildingBase.RefreshWallHPInfo,5.971440536257073e-05,0.002376633333430315,30,1194,0.02512562814070352,32,4.8020937979428826e-05,0.0019112333315812672,0.0,0.003541999962180853,0.004843999864533544,0.003541999962180853,374,32.9739990234375,0,0,False,False,0.003644999844254926,0.002812999999150634
LUA:MapEntityDataBuildingBase.RefreshAllianceInfo,2.4252931355932414e-05,0.00096526666796611,30,1194,0.02512562814070352,32,2.4252931355932414e-05,0.00096526666796611,0.0,0.0013020000187680125,0.001926999946590513,0.0014579999260604382,374,32.9739990234375,0,0,False,False,0.001926999946590513,0.0013020000187680125
LUA:MapEntityDataBuildingBase.RefreshNPCTroopsInfo,7.101339993957848e-05,0.0028263333175952234,30,1194,0.02512562814070352,32,4.8719429910390435e-05,0.0019390333104335393,0.0,0.004792999941855669,0.0065100002102553844,0.0065100002102553844,1147,34.46099853515625,0,0,False,False,0.004843000177061185,0.003126999916275963
LUA:MapEntityDataBuildingBase.RefreshBuildingBuild,0.00017535594628165964,0.006979166662010054,30,1194,0.02512562814070352,32,0.00015847403700896374,0.006307266672956757,0.0,0.009584000101312995,0.013333000242710114,0.008697999641299248,374,32.9739990234375,0,0,False,False,0.012290000217035413,0.008647000096971169
LUA:MapEntityDataBuildingBase.RefreshBuildingPosition,1.0429648402161815e-05,0.00041510000640604026,30,1194,0.02512562814070352,32,1.0429648402161815e-05,0.00041510000640604026,0.0,0.0006780000258004293,0.0009380000410601497,0.0009380000410601497,77,33.59400177001953,0,0,False,False,0.0009380000410601497,0.0006780000258004293
LUA:MapEntityDataBuildingBase.RefreshBuildingCombatAttr,5.5180067041267954e-05,0.0021961666682424647,30,1194,0.02512562814070352,32,4.619681733169779e-05,0.0018386333298015718,0.0,0.0032290001399815083,0.004166999948211014,0.0032290001399815083,374,32.9739990234375,0,0,False,False,0.0035949999291915447,0.002552000165451318
LUA:MapEntityDataBuildingBase.RefreshGroupAttr,3.4677554021388214e-05,0.001380166650051251,30,1194,0.02512562814070352,32,2.5774706385649858e-05,0.0010258333141488643,0.0,0.0020309998653829098,0.0029159998521208763,0.0020309998653829098,374,32.9739990234375,0,0,False,False,0.0022899998439243063,0.0014059998793527484
LUA:MapEntityDataMingChengOtherBuilding.GetTableData,0.0005834313293597606,0.023220566908518474,30,1194,0.02512562814070352,32,0.00012602178236372906,0.005015666938076416,0.0,0.06599000096321106,0.12968800961971283,0.12968800961971283,26,33.275001525878906,0,0,False,False,0.00885399864637293,0.007760999724268913
ProcessEntityAttr.RefreshMapEntity_22,0.00014076381941268242,0.00560240001262476,30,1194,0.02512562814070352,32,5.626717125653746e-05,0.002239433416010191,0.0,0.010259999893605709,0.016041000373661518,0.012083000503480434,374,32.9739990234375,0,0,False,False,0.005989000434055924,0.0036449998151510954
LUA:LoginHeartBeatCtrl.func,0.0012205561242336204,0.03643360030837357,40,1194,0.03350083752093802,40,0.0002687504270618666,0.008022200247796717,0.0,0.05854199826717377,0.3721350133419037,0.3721350133419037,731,33.59299850463867,0,0,False,False,0.01291799615137279,0.009897003299556673
LUA:LoginMgr.IsKickedOff,0.00018848576216367222,0.005626300000585616,40,1194,0.03350083752093802,40,0.0001541984930437158,0.004602825017354917,0.0,0.00723899994045496,0.009218000806868076,0.009218000806868076,523,31.323999404907227,0,0,False,False,0.007551000802777708,0.005727999960072339
LUA:LoginFSM.GetStateAndSubState,3.428726911995641e-05,0.0010234749832306988,40,1194,0.03350083752093802,40,3.428726911995641e-05,0.0010234749832306986,0.0,0.0015109999803826213,0.0020309998653829098,0.0020309998653829098,14,35.209999084472656,0,0,False,False,0.0020309998653829098,0.0015109999803826213
LUA:LoginHeartBeatCtrl._calcFps,0.0004409204351823384,0.0131614749901928,40,1194,0.03350083752093802,40,0.0003210435526816399,0.009583150047546951,0.0,0.014791999943554401,0.04802099987864494,0.04802099987864494,284,33.95600128173828,0,0,False,False,0.04322899994440377,0.01052100001834333
LUA:LoginHeartBeatCtrl._reportLongTimeProtoId,3.685762085312263e-05,0.0012224444249619006,36,1194,0.03015075376884422,36,3.685762085312263e-05,0.0012224444249619006,0.0,0.0015620000194758177,0.002655999967828393,0.002655999967828393,523,31.323999404907227,0,0,False,False,0.002655999967828393,0.0015620000194758177
UP_OBSERVE,0.042747328129645365,0.6715830235104812,76,1194,0.06365159128978225,76,0.014273213532716385,0.2242396968166232,0.4064580202102661,1.5049480199813843,1.6892189979553223,1.6892189979553223,250,35.76100158691406,0,0,True,False,0.5561500084440922,0.3342149748277734
C#Performance,0.0018459891200758255,0.02900146064961231,76,1194,0.06365159128978225,304,0.0018459891200758255,0.02900146064961231,0.022031999309547246,0.03265599976293743,0.21458400040864944,0.20250000059604645,828,38.23699951171875,0,0,False,False,0.21458400040864944,0.03265599976293743
C#IsPowerSavingModeOpen,0.00024274958124449804,0.0038137236842885613,76,1194,0.06365159128978225,152,0.00024274958124449804,0.0038137236842885613,0.00317799998447299,0.005207999958656728,0.0067709998693317175,0.004947999957948923,549,30.73699951171875,0,0,False,False,0.0067709998693317175,0.005207999958656728
C#targetFrameRate,0.0003338257952274831,0.0034963859605404808,114,1194,0.09547738693467336,192,0.0003338257952274831,0.0034963859605404808,0.002604000037536025,0.00437499990221113,0.09208200115244836,0.09098900109529495,394,33.92499923706055,0,0,False,False,0.09208200115244836,0.00437499990221113
LUA:MapCameraCtrl.GetCurrentViewPos,8.602093651124792e-05,0.001351434186768816,76,1194,0.06365159128978225,76,8.602093651124792e-05,0.001351434186768816,0.001145999995060265,0.0018749999580904841,0.002187000121921301,0.002187000121921301,394,33.92499923706055,0,0,False,False,0.002187000121921301,0.0018749999580904841
C#MapEntityEffectMgr,0.0005037814064397534,0.007914671043277179,76,1194,0.06365159128978225,76,0.0005037814064397534,0.007914671043277179,0.006407000124454498,0.0107810003682971,0.03135399892926216,0.03135399892926216,627,33.37900161743164,0,0,False,False,0.03135399892926216,0.0107810003682971
C#ArmyPerfClipMgr,0.00028332076862242254,0.00445111839125227,76,1194,0.06365159128978225,76,0.00028332076862242254,0.00445111839125227,0.003541999962180853,0.00661400007084012,0.023593999445438385,0.023593999445438385,95,43.25699996948242,0,0,False,False,0.023593999445438385,0.00661400007084012
UP_SYNC|采样对齐/阶段标记,0.0004662219452526626,0.007324592139890515,76,1194,0.06365159128978225,76,0.00045584338568157825,0.007161539506629005,0.005156000144779682,0.014686999842524529,0.054999999701976776,0.054999999701976776,220,32.73400115966797,0,0,True,False,0.05468799968366511,0.014218999858712777
*** pb.decode***285,0.0005653257945075107,0.3374994993209839,2,1194,0.0016750418760469012,2,0.0005618366822928941,0.33541649932885775,0.0,0.3464580178260803,0.3464580178260803,0.3464580178260803,1112,33.37699890136719,0,0,False,False,0.34489701777056325,0.34489701777056325
ProcessEntityAttr.RefreshMapEntity_309,0.023165439499286275,0.363941246870366,76,1194,0.06365159128978225,88,0.00020780702504926866,0.0032647577356424576,0.004426999948918819,2.2917709350585938,3.530052900314331,3.530052900314331,782,32.60599899291992,1,0,False,True,0.010572999715805054,0.007551982998847961
LUA:OutsideArmyEntityDataMingChengNpc.RefreshByEntityAttr,0.0009669865820076398,0.06414344327317344,18,1194,0.01507537688442211,18,5.95393442014315e-05,0.003949443165361622,0.0,0.0997919961810112,0.0997919961810112,0.0997919961810112,242,33.66400146484375,0,0,False,False,0.006039995030732825,0.006039995030732825
LUA:OutsideArmyEntityDataMingChengNpc.GetRelationShip,0.00045086599892657405,0.029907444595462747,18,1194,0.01507537688442211,18,0.00016087270393001205,0.010671222694024131,0.0,0.04984400048851967,0.04984400048851967,0.04984400048851967,311,32.827999114990234,0,0,False,False,0.013699001050554216,0.013699001050554216
LUA:OutsideArmyEntityDataMingChengNpc.GetCityId,1.83643210426572e-05,0.0012181666291629274,18,1194,0.01507537688442211,18,1.83643210426572e-05,0.0012181666291629276,0.0,0.0020309998653829098,0.0020309998653829098,0.0020309998653829098,658,32.84700012207031,0,0,False,False,0.0020309998653829098,0.0020309998653829098
LUA:MapEntityDataMingChengMainBuilding.IsMyGuildDeclareCity,6.90963137598468e-05,0.004583388812736505,18,1194,0.01507537688442211,18,4.6850082958257526e-05,0.003107722169564416,0.0,0.006407000124454498,0.006407000124454498,0.006407000124454498,658,32.84700012207031,0,0,False,False,0.004584000213071704,0.004584000213071704
LUA:OutsideArmyEntityDataMingChengNpc.IsChaseTargetSelf,3.3369346251134046e-05,0.002213499967991892,18,1194,0.01507537688442211,18,1.888693438240731e-05,0.0012528333140330182,0.0,0.003020999953150749,0.003020999953150749,0.003020999953150749,1036,33.11399841308594,0,0,False,False,0.001563000027090311,0.001563000027090311
LUA:OutsideArmyEntityDataMingChengNpc.GetChaseTargetUid,1.4482411868726737e-05,0.0009606666539588736,18,1194,0.01507537688442211,18,1.4482411868726737e-05,0.0009606666539588736,0.0,0.0014579999260604382,0.0014579999260604382,0.0014579999260604382,904,32.5880012512207,0,0,False,False,0.0014579999260604382,0.0014579999260604382
ProcessEntityAttr.RefreshMapEntity_349,0.00010181239718755386,0.006753555680107739,18,1194,0.01507537688442211,18,5.648827583527495e-05,0.0037470556304065716,0.0,0.03838600218296051,0.03838600218296051,0.03838600218296051,840,33.361000061035156,0,0,False,False,0.036459002178162336,0.036459002178162336
LUA:TimeWheel.SyncJiffies,3.109882705434658e-05,0.0009282999875722453,40,1194,0.03350083752093802,41,3.109882705434658e-05,0.0009282999875722453,0.0,0.0012499999720603228,0.0014059999957680702,0.0014059999957680702,1098,34.04499816894531,0,0,False,False,0.0014059999957680702,0.0012499999720603228
PerformanceMgr.,0.0010301926363590274,0.030751250195316972,40,1194,0.03350083752093802,40,0.00015241290806126555,0.004549525305628776,0.0,0.060780998319387436,0.07484300434589386,0.07484300434589386,740,33.35499954223633,0,0,False,False,0.009426996111869812,0.008541001006960869
LUA:PerformanceMgr.func,0.0008777797282977619,0.026201724889688194,40,1194,0.03350083752093802,40,0.00013038023478130012,0.0038918500082218087,0.0,0.051719002425670624,0.06666599959135056,0.06666599959135056,740,33.35499954223633,0,0,False,False,0.005311999819241464,0.004739001335110515
LUA:PerformanceMgr.UpdateCurrentFPS,0.0007045209346186227,0.021029949898365884,40,1194,0.03350083752093802,40,0.00030433667962220177,0.009084449886722723,0.0,0.04739600047469139,0.060520999133586884,0.060520999133586884,740,33.35499954223633,0,0,False,False,0.012915999162942171,0.0121359993936494
LUA:PerformanceMgr.PostPerfDogValue,4.2878558897839195e-05,0.0012799249831004999,40,1194,0.03350083752093802,40,4.2878558897839195e-05,0.0012799249831004999,0.0,0.0016670000040903687,0.0020830000285059214,0.0020830000285059214,53,33.3129997253418,0,0,False,False,0.0020830000285059214,0.0016670000040903687
SceneMgr.,0.00034373115211525556,0.010260374890640378,40,1194,0.03350083752093802,40,0.0001574271369079624,0.004699200036702678,0.0,0.010052000172436237,0.09140599519014359,0.09140599519014359,770,33.279998779296875,0,0,False,False,0.053646001033484936,0.005156000144779682
LUA:SceneMgr.func,0.00018630401520729314,0.0055611748539377,40,1194,0.03350083752093802,40,0.00013744890701744886,0.004102849874470849,0.0,0.004531000275164843,0.08697899430990219,0.08697899430990219,770,33.279998779296875,0,0,False,False,0.08473999425768852,0.0026050000451505184
LUA:SceneMgr.CheckLoadingTimeout,4.885510818984428e-05,0.0014583249794668518,40,1194,0.03350083752093802,40,4.885510818984428e-05,0.0014583249794668518,0.0,0.001927000004798174,0.002240000059828162,0.002240000059828162,442,33.48400115966797,0,0,False,False,0.002240000059828162,0.001927000004798174
DynamicTreePoolSupervisor.,0.0007299087236524626,0.02178777540102601,40,1194,0.03350083752093802,40,0.00011280487202594627,0.0033672254299744963,0.0,0.03557300195097923,0.1432810127735138,0.1432810127735138,353,33.345001220703125,0,0,False,False,0.00786501169204712,0.00661499984562397
LUA:DynamicTreePoolSupervisor.func,0.0006171038516265164,0.018420549971051515,40,1194,0.03350083752093802,40,0.00044301758953986357,0.013224075047764927,0.0,0.03229200094938278,0.13541600108146667,0.13541600108146667,353,33.345001220703125,0,0,False,False,0.13005100097507238,0.014115000376477838
DynamicThermalSupervisor.,0.0001425971509108766,0.004256524954689667,40,1194,0.03350083752093802,40,0.00011236431998305235,0.0033540749514941125,0.0,0.005625000223517418,0.00723999971523881,0.00723999971523881,383,34.12699890136719,0,0,False,False,0.006145999766886234,0.004740000236779451
LUA:DynamicThermalSupervisor.func,3.0232830927824256e-05,0.000902450003195554,40,1194,0.03350083752093802,40,3.0232830927824256e-05,0.000902450003195554,0.0,0.001145999995060265,0.0014070000033825636,0.0014070000033825636,830,39.435001373291016,0,0,False,False,0.0014070000033825636,0.001145999995060265
DynamicFPS.,0.0009737964828734222,0.029067825013771652,40,1194,0.03350083752093802,40,0.000150019265524107,0.004478075075894594,0.0,0.03734400123357773,0.07901100069284439,0.07901100069284439,353,33.345001220703125,0,0,False,False,0.00979200191795826,0.008332999423146248
LUA:DynamicFPS.func,0.0008237772173493152,0.02458974993787706,40,1194,0.03350083752093802,40,0.00019323868775300346,0.005768174829427153,0.0,0.029167000204324722,0.07182300090789795,0.07182300090789795,353,33.345001220703125,0,0,False,False,0.008177000097930431,0.007134999148547649
LUA:PerfInterfaceImpl.GetVSync,0.0003132855970493613,0.009351575071923435,40,1194,0.03350083752093802,40,0.00025457119252501523,0.007598950096871705,0.0,0.010677000507712364,0.0555730015039444,0.0555730015039444,353,33.345001220703125,0,0,False,False,0.053437001537531614,0.008958000573329628
C#vSyncCount,5.8714404524346096e-05,0.001752624975051731,40,1194,0.03350083752093802,40,5.8714404524346096e-05,0.001752624975051731,0.0,0.0027600000612437725,0.0028649999294430017,0.0028649999294430017,651,33.154998779296875,0,0,False,False,0.0028649999294430017,0.0027600000612437725
LUA:DynamicFPS.EnforceFPS,0.0003172529325469505,0.009470000036526472,40,1194,0.03350083752093802,40,7.694137713230735e-05,0.0022967001073993746,0.0,0.011094000190496445,0.01140700001269579,0.01140700001269579,53,33.3129997253418,0,0,False,False,0.0028640003874897957,0.002759999595582485
LUA:PerfInterfaceImpl.GetFPS,0.00024031155541464312,0.0071732999291270975,40,1194,0.03350083752093802,40,0.00016812143866456357,0.005018424944137222,0.0,0.008593999780714512,0.008750000037252903,0.008750000037252903,53,33.3129997253418,0,0,False,False,0.006875000079162419,0.006249999860301614
LUA:CelebrationRedPacketData._action,0.0008091222763161363,0.02477158969029402,39,1194,0.032663316582914576,39,8.165495473286215e-05,0.0024998978448983952,0.0,0.0249479990452528,0.30317699909210205,0.30317699909210205,205,33.137001037597656,0,0,False,False,0.0037499982863664627,0.0036970004439353943
LUA:CelebrationRedPacketData.OnCelebrationTick,0.0007274673215832742,0.022271691845395625,39,1194,0.032663316582914576,39,0.00017435676000943686,0.005337999267981221,0.0,0.021198000758886337,0.30046898126602173,0.30046898126602173,205,33.137001037597656,0,0,False,False,0.007656000670976937,0.007448000134900212
LUA:CelebrationRedPacketData.TryRequestWaveConfig,0.0004063718692887843,0.012441231075148934,39,1194,0.032663316582914576,39,8.619263911716502e-05,0.0026388207975870524,0.0,0.008073000237345695,0.2851560115814209,0.2851560115814209,205,33.137001037597656,0,0,False,False,0.0046880003064870834,0.004687011241912842
LUA:CelebrationRedPacketData.GetCurrentWave,0.0005214480769056499,0.008413635186829,74,1194,0.06197654941373534,118,0.0005214480769056499,0.008413635186829,0.0029690000228583813,0.010000000358559191,0.28234400029759854,0.28046900033950806,205,33.137001037597656,0,0,False,False,0.28234400029759854,0.010000000358559191
LUA:CelebrationRedPacketData.IsInCelebration,0.0003009815721802251,0.004856378340313362,74,1194,0.06197654941373534,79,9.971272544619445e-05,0.0016088782997669753,0.0016139999497681856,0.00854200019966811,0.05828099814243615,0.057030998170375824,568,33.11199951171875,0,0,False,False,0.005885999649763107,0.0030199955217540264
LUA:CelebrationRedPacketData.CheckRedPacketExpireCross,9.334840873409207e-05,0.002857897436628357,39,1194,0.032663316582914576,39,9.334840873409207e-05,0.002857897436628357,0.0,0.0039059999398887157,0.00458399998024106,0.00458399998024106,205,33.137001037597656,0,0,False,False,0.00458399998024106,0.0039059999398887157
GatherChunks (Burst),0.00022949832429176498,0.0036536133227248985,75,1194,0.06281407035175879,235,0.00022949832429176498,0.0036536133227248985,0.001978999935090542,0.005311999935656786,0.0056779999285936356,0.00458399998024106,1091,31.9060001373291,0,0,False,False,0.0056779999285936356,0.005311999935656786
*** pb.decode***14,0.001801544382319578,0.05246448762169698,41,1194,0.03433835845896147,41,0.001720581233723101,0.05010668275769226,0.0,0.06906300038099289,0.08994799852371216,0.08994799852371216,174,33.275001525878906,0,0,False,False,0.08729099865013268,0.06635400048253359
*** pb.decode***171,4.466750364207742e-05,0.05333299934864044,1,1194,0.0008375209380234506,1,4.3881908973916456e-05,0.05239499931485625,0.0,0.05333299934864044,0.05333299934864044,0.05333299934864044,26,33.275001525878906,0,0,False,False,0.05239499931485625,0.05239499931485625
LUA:NetMsgPostProcesser.YzEntityMoveLineNtf,0.0006728978246786605,0.02231777785184224,36,1194,0.03015075376884422,70,9.757956879726693e-05,0.00323638903177602,0.0,0.05250000348314643,0.06317700236104429,0.06244800239801407,1176,33.54899978637695,0,0,False,False,0.004635999328456819,0.004583999048918486
YzEntityMoveLineNtf,0.01644275877219149,0.5453514992776844,36,1194,0.03015075376884422,70,0.0003002378184791386,0.009957887646224763,0.0,1.0636459589004517,1.1959369778633118,0.9348959922790527,804,42.32600021362305,0,0,False,True,0.052812010049819946,0.04510301351547241
LUA:MeshLineUtil.DeleteArmyLine,0.003528709406379479,0.1203794008919171,35,1194,0.02931323283082077,39,0.00017255946675586941,0.005886742951614517,0.0,0.1758850011974573,0.5653120279312134,0.5653120279312134,650,33.08599853515625,0,0,False,False,0.011666003614664078,0.010311990976333618
C#StaticDeleteEntityMoveLine,0.00335614993962361,0.11449265794030257,35,1194,0.02931323283082077,39,0.002999855971768798,0.10233794372262699,0.0,0.16421899758279324,0.556198000907898,0.556198000907898,650,33.08599853515625,0,0,False,False,0.546042000874877,0.14067699806764722
LUA:MeshLineUtil.CreateArmyLine,0.009346297325900251,0.31884225734642574,35,1194,0.02931323283082077,39,0.000664259630543612,0.022660742824830646,0.0,0.5701029822230339,0.870572030544281,0.870572030544281,804,42.32600021362305,0,0,False,False,0.14025898417457938,0.036251984973205253
LUA:MeshLineUtil.GetEntityMoveLineColor,0.0005560753819450012,0.018970114458352328,35,1194,0.02931323283082077,39,0.0002845343437523174,0.009706685898293342,0.0,0.03328000148758292,0.04900999739766121,0.04900999739766121,408,32.74100112915039,0,0,False,False,0.03926999727264047,0.014479001401923597
C#StaticCreateEntityMoveLine,0.0074351825868364555,0.2536459431052208,35,1194,0.02931323283082077,39,0.006844195146018815,0.2334848286956133,0.0,0.474373996257782,0.746770977973938,0.746770977973938,804,42.32600021362305,0,0,False,False,0.7339579778854386,0.45046399614511756
LUA:MapDataCtrl.AddDelayedDeleteInfo,0.005470935454774629,0.09200418215494235,71,1194,0.059463986599664995,99,0.0005631901451179421,0.009471113144659477,0.009791000746190548,0.8907290101051331,1.8809889825060964,1.3019269704818726,235,42.39799880981445,0,0,False,False,0.02427002701733727,0.015365987623226829
LUA:MapEntityGrid.OnDelayedCleanUp,0.00017033919437173784,0.0029476086678239853,69,1194,0.05778894472361809,91,0.00017033919437173784,0.0029476086678239853,0.001978999935090542,0.004478999879211187,0.005209000315517187,0.005209000315517187,714,32.04999923706055,0,0,False,False,0.005209000315517187,0.004478999879211187
LUA:MapEntityDetailGrid.CleanUp,0.020550450653311996,0.3556121460877467,69,1194,0.05778894472361809,91,0.0008733812049512909,0.015113292155244077,0.12421900033950806,0.7060930132865906,1.0593750476837158,1.0593750476837158,1081,32.28499984741211,0,0,False,False,0.12973900826182216,0.019271987723186612
LUA:BattleHeadMultipleTroops.OnUnLoadUI,9.971775448572209e-05,0.0020180169297619012,59,1194,0.049413735343383586,79,7.681909429300983e-05,0.0015546101455229445,0.0,0.0029689999064430594,0.0047909998102113605,0.002812999999150634,1112,33.37699890136719,0,0,False,False,0.00364499980059918,0.002343999905860983
LUA:BattleHeadMultipleTroops.OnRecycle,8.40150742398472e-05,0.0017002372651250433,59,1194,0.049413735343383586,79,7.154271214503492e-05,0.0014478304796808762,0.0,0.002915999968536198,0.003541999903973192,0.002240000059828162,1112,33.37699890136719,0,0,False,False,0.002968999891891144,0.0022409999364754185
LUA:MapEntityCtrl.DeleteDetailGridEntity,8.57144041463477e-05,0.0014832318630541904,69,1194,0.05778894472361809,91,8.57144041463477e-05,0.0014832318630541906,0.0010939999483525753,0.002395999967120588,0.0032810000120662153,0.0022909999825060368,994,34.694000244140625,0,0,False,False,0.0032810000120662153,0.002395999967120588
LUA:MapEntityDetailGrid.CloseSimpleBattleHint,0.0016150201029371208,0.02537281582772266,76,1194,0.06365159128978225,110,0.00014220519890108612,0.00223411851957759,0.0012499999720603228,0.17739599524065852,0.25171800891985185,0.25135400891304016,650,33.08599853515625,0,0,False,False,0.007240004721097648,0.005729000811697915
LUA:MapEntityDetailGrid.StopBuffs,0.0001828601321367737,0.003164275330018954,69,1194,0.05778894472361809,91,0.00014381909341640284,0.0024886956165099273,0.0021349999587982893,0.005467999842949212,0.007240000180900097,0.0041669998317956924,1075,33.48500061035156,0,0,False,False,0.005468000133987516,0.004166000202530995
LUA:MapEntityGrid.CleanUp,0.0017579195964800654,0.030419652147785477,69,1194,0.05778894472361809,91,0.00028113650837722056,0.004864883927571034,0.022708000615239143,0.0501559991389513,0.0832820013165474,0.0832820013165474,894,33.69200134277344,0,0,False,False,0.056408001808449626,0.006509000959340483
LUA:MapEntityGrid.DoRecycleViewGo,0.00039856700176744405,0.006896942030584467,69,1194,0.05778894472361809,91,0.0002588015085283567,0.004478391321490694,0.005417000036686659,0.01020899973809719,0.013176999753341079,0.008384999819099903,1112,33.37699890136719,0,0,False,False,0.007810999872162938,0.006822999857831746
LUA:MapEntityBase.RecycleViewGo,2.9534338801862107e-05,0.0005110724714409182,69,1194,0.05778894472361809,91,2.9534338801862107e-05,0.0005110724714409182,0.00041599999531172216,0.0008340000058524311,0.0010430000256747007,0.0008340000058524311,1112,33.37699890136719,0,0,False,False,0.0010430000256747007,0.0008340000058524311
LUA:MapEntityDataGrid.GetNeedGridWidthAndHeight,0.0001758341704786972,0.0029992285650223493,70,1194,0.05862646566164154,92,0.0001758341704786972,0.0029992285650223493,0.002187000121921301,0.00572899985127151,0.006458000047132373,0.0037499999161809683,1112,33.37699890136719,0,0,False,False,0.006458000047132373,0.00572899985127151
LUA:BigCityEntityMgr.CheckHasGroundBase,8.933416936683845e-05,0.0015237856889143587,70,1194,0.05862646566164154,92,8.933416936683845e-05,0.0015237856889143587,0.001197999925352633,0.0022399999434128404,0.0026039999502245337,0.001927000004798174,1075,33.48500061035156,0,0,False,False,0.0026039999502245337,0.0022399999434128404
LUA:MapViewCtrl.DelGridIndexOfInterest,0.0013403366883386744,0.02353473538053496,68,1194,0.05695142378559464,89,0.0004266139056098334,0.007490838283796192,0.016719000414013863,0.04062599875032902,0.09473899751901627,0.09473899751901627,759,34.47800064086914,0,0,False,False,0.015311000868678093,0.011979000177234411
C#DelGridIndexOfInterest,0.000913722782728841,0.016043897096738768,68,1194,0.05695142378559464,89,0.000913722782728841,0.016043897096738768,0.011094000190496445,0.02942799963057041,0.08473999798297882,0.08473999798297882,759,34.47800064086914,0,0,False,False,0.08473999798297882,0.02942799963057041
LUA:MapEntityDataDetailGrid.CleanUp,0.0016100410484339125,0.027462700169001306,70,1194,0.05862646566164154,92,0.0001618701951356739,0.00276104304274278,0.01880200020968914,0.054686001501977444,0.09656400047242641,0.07005200535058975,1075,33.48500061035156,0,0,False,False,0.007187001407146454,0.004322999157011509
LUA:MapEntityDataGrid.CleanUp,0.0014481708532982386,0.024701657126258526,70,1194,0.05862646566164154,92,0.00019411223517790113,0.003311000125748771,0.016405999660491943,0.048124998807907104,0.09281299728900194,0.06755200028419495,1075,33.48500061035156,0,0,False,False,0.013071998953819275,0.005780999548733234
LUA:Hud_Common_Right_TopGuild.func,0.0004376901174822145,0.013065050006844103,40,1194,0.03350083752093802,40,0.00016915745445703808,0.0050493500155425865,0.0,0.017239000648260117,0.01838500052690506,0.01838500052690506,448,32.9379997253418,0,0,False,False,0.008749000495299697,0.007290999696124345
LUA:Hud_Common_Right_TopGuild.CheckShowState,0.0002481180899955919,0.007406324986368418,40,1194,0.03350083752093802,40,0.00021474455540100427,0.006410124978719978,0.0,0.009219000115990639,0.009686999954283237,0.009686999954283237,448,32.9379997253418,0,0,False,False,0.008958999969763681,0.008072000258835033
LUA:GuildData.IsBeforeOverStateJoinGuildOpen2,1.967420440379349e-05,0.0005872750014532357,40,1194,0.03350083752093802,40,1.967420440379349e-05,0.0005872750014532357,0.0,0.0008849999867379665,0.0009899999713525176,0.0009899999713525176,1104,28.46299934387207,0,0,False,False,0.0009899999713525176,0.0008849999867379665
LUA:GuildData.IsOverStateJoinGuildOpen2,1.3699330190794115e-05,0.0004089250061952043,40,1194,0.03350083752093802,40,1.3699330190794115e-05,0.0004089250061952043,0.0,0.0005210000090301037,0.0005729999975301325,0.0005729999975301325,209,33.59600067138672,0,0,False,False,0.0005729999975301325,0.0005210000090301037
LUA:Hud_Common_Right_TopBtn.SetEnable,3.89974875193498e-05,0.0011640750024525914,40,1194,0.03350083752093802,80,3.89974875193498e-05,0.0011640750024525916,0.0,0.001509999972768128,0.001770999951986596,0.0013539999490603805,419,32.42499923706055,0,0,False,False,0.001770999951986596,0.001509999972768128
LUA:Hud_Common_Right_BattleNightBtn.func,0.0035717613071552675,0.10661707501858472,40,1194,0.03350083752093802,40,8.322525351390967e-05,0.0024842738173902036,0.0,0.1347920000553131,0.39838501811027527,0.39838501811027527,269,33.12300109863281,0,0,False,True,0.004374995827674866,0.0032809972763061523
LUA:Hud_Common_Right_BattleNightBtn.UpdateNightMode,0.003488536053641358,0.10413280120119453,40,1194,0.03350083752093802,40,0.0007194405689935388,0.021475300984457133,0.0,0.13260400295257568,0.395781010389328,0.395781010389328,269,33.12300109863281,0,0,False,False,0.12203100509941578,0.02411400806158781
LUA:OutsideNightModeCtrl.GetCurState,0.0009942487431331296,0.02967832498252392,40,1194,0.03350083752093802,40,0.0002347713566839171,0.007007924997014925,0.0,0.03400999680161476,0.039062999188899994,0.039062999188899994,508,41.40299987792969,0,0,False,False,0.009273000119719654,0.008126001950586215
LUA:TimeUtil.GetServerUTCDataTime,0.0008820577909143476,0.026329425058793276,40,1194,0.03350083752093802,80,0.0001386323292627369,0.004138175028492696,0.0,0.03333299933001399,0.041666001081466675,0.026822999119758606,269,33.12300109863281,0,0,False,False,0.005677000503055751,0.005575999151915312
LUA:TimeUtil.GetServerUTCTimeS,0.0006006532682143339,0.017929500056197867,40,1194,0.03350083752093802,80,0.0006006532682143339,0.017929500056197867,0.0,0.023227999918162823,0.030313000082969666,0.019531000405550003,269,33.12300109863281,0,0,False,False,0.030313000082969666,0.023227999918162823
LUA:TimeUtil.FormatTime2T,0.00014277219343727682,0.004261749974102713,40,1194,0.03350083752093802,80,0.00014277219343727682,0.004261749974102713,0.0,0.005260999780148268,0.005676999920979142,0.0036459998227655888,269,33.12300109863281,0,0,False,False,0.005676999920979142,0.005260999780148268
LUA:OutsideNightModeCtrl.GetPeriodTypeTodayTimeS,0.00020470854511735664,0.006110550071753096,40,1194,0.03350083752093802,120,0.00020470854511735664,0.006110550071753096,0.0,0.003072999941650778,0.11848900237237103,0.1166670024394989,269,33.12300109863281,0,0,False,False,0.11848900237237103,0.003072999941650778
LUA:OutsideNightModeCtrl.DisTime,2.9400335284538092e-05,0.0008776000082434621,40,1194,0.03350083752093802,80,2.9400335284538092e-05,0.0008776000082434621,0.0,0.001197000005049631,0.0013020000769756734,0.000989000080153346,448,32.9379997253418,0,0,False,False,0.0013020000769756734,0.001197000005049631
LUA:OutsideNightModeCtrl.GetDownTimeByState,0.00048044221818921353,0.014341200212948024,40,1194,0.03350083752093802,40,0.00010722445772467041,0.003200650063081412,0.0,0.04474000260233879,0.14479200541973114,0.14479200541973114,269,33.12300109863281,0,0,False,False,0.04177100004744716,0.003439001098740846
LUA:OutsideNightModeCtrl.DowmTime,1.652847559751328e-05,0.0004933749965857715,40,1194,0.03350083752093802,40,1.652847559751328e-05,0.0004933749965857715,0.0,0.0007289999630302191,0.001197999925352633,0.001197999925352633,269,33.12300109863281,0,0,False,False,0.001197999925352633,0.0007289999630302191
LUA:Hud_Common_Right_TopSettlement.func,0.0034030376897634974,0.10158067503944039,40,1194,0.03350083752093802,40,0.00011629145748451527,0.0034713000059127808,0.0,0.14927099645137787,0.2843230068683624,0.2843230068683624,1014,33.3489990234375,0,0,False,False,0.0050519853830337524,0.004479996860027313
LUA:Hud_Common_Right_TopSettlement.FindSettlementMilestone,0.003286746232278982,0.09810937503352761,40,1194,0.03350083752093802,40,0.000670539357752494,0.020015599828911945,0.0,0.14604200422763824,0.2805210053920746,0.2805210053920746,1014,33.3489990234375,0,0,False,False,0.22203200543299317,0.019478996749967337
LUA:MilestoneDataCtrl.GetAllMilestoneCfg,0.002555617260773178,0.07628517523407936,40,1194,0.03350083752093802,40,0.0011270402050273878,0.03364215012006753,0.0,0.11958300322294235,0.18119800090789795,0.18119800090789795,269,33.12300109863281,0,0,False,False,0.0960970022570109,0.08135799324372783
LUA:MilestoneDataCtrl._198,0.0006129539445342131,0.01829667524434626,40,1194,0.03350083752093802,1000,0.0006129539445342131,0.01829667524434626,0.0,0.02005700027802959,0.12406000462942757,0.10651100426912308,269,33.12300109863281,0,0,False,False,0.12406000462942757,0.02005700027802959
LUA:MilestoneMgr.GetMilestoneNetInfoByMilestoneId,6.05896137533101e-05,0.0018085999705363064,40,1194,0.03350083752093802,40,6.05896137533101e-05,0.0018085999705363064,0.0,0.0020830000285059214,0.0041139996610581875,0.0041139996610581875,1014,33.3489990234375,0,0,False,False,0.0041139996610581875,0.0020830000285059214
LUA:Hud_Common_Right_TopCelebration.func,0.0008300175910606556,0.02477602509316057,40,1194,0.03350083752093802,40,0.00019511055955992874,0.005824050202863873,0.0,0.029218999668955803,0.0798960030078888,0.0798960030078888,568,33.11199951171875,0,0,False,False,0.016719003790058196,0.008489001425914466
LUA:Hud_Common_Right_TopCelebration.CheckShowState,0.0006163241170109616,0.018397274892777205,40,1194,0.03350083752093802,40,0.00026557453688845614,0.007927399926120415,0.0,0.020208999514579773,0.07317700237035751,0.07317700237035751,568,33.11199951171875,0,0,False,False,0.018540997989475727,0.009688003920018673
LUA:CountryData.IsCountryCreating,0.00010315829149324141,0.0030792750010732563,40,1194,0.03350083752093802,40,0.00010315829149324141,0.0030792750010732563,0.0,0.003541999962180853,0.010103999637067318,0.010103999637067318,419,32.42499923706055,0,0,False,False,0.010103999637067318,0.003541999962180853
RenderBoundsUpdateSystem:BoundsJob (Cleanup),2.138191026594908e-06,0.00042550001429238665,6,1194,0.005025125628140704,6,2.138191026594908e-06,0.00042550001429238665,0.0,0.0005210000090301037,0.0005210000090301037,0.0005210000090301037,615,34.42900085449219,0,0,False,False,0.0005210000090301037,0.0005210000090301037
RenderBoundsUpdateSystem:BoundsJob (Burst),6.900586252823438e-05,0.0032957199943484737,25,1194,0.020938023450586266,54,6.900586252823438e-05,0.0032957199943484737,0.0,0.01150999972014688,0.012396000325679779,0.012396000325679779,32,33.316001892089844,0,0,False,False,0.012396000325679779,0.01150999972014688
*** pb.decode***29,0.0006182822500241661,0.0527306433234896,14,1194,0.011725293132328308,14,0.0005923258011190629,0.05051692903829722,0.0,0.07536400109529495,0.07536400109529495,0.07536400109529495,759,34.47800064086914,0,0,False,False,0.07296700109145604,0.07296700109145604
*** pb.decode***859,0.00038613231737210323,0.46104198694229126,1,1194,0.0008375209380234506,1,0.0003844304748653755,0.4590099869892583,0.0,0.46104198694229126,0.46104198694229126,0.46104198694229126,34,34.03900146484375,0,0,False,False,0.4590099869892583,0.4590099869892583
*** pb.decode***214,3.04907866109356e-05,0.03640599921345711,1,1194,0.0008375209380234506,1,2.9355945727449392e-05,0.03505099919857457,0.0,0.03640599921345711,0.03640599921345711,0.03640599921345711,34,34.03900146484375,0,0,False,False,0.03505099919857457,0.03505099919857457
mscorlib.dll!System::Action`1.Invoke(),0.0014561473996232426,0.04458051269615774,39,1194,0.032663316582914576,846,0.0013853098784028448,0.042411794738794785,0.0,0.3213559932919452,0.3845830049540382,0.15140600502490997,984,52.75299835205078,0,0,False,False,0.3355730042385403,0.285785993670288
Destroy,0.007256943000858053,0.22217410110319272,39,1194,0.032663316582914576,76,0.00460698152964198,0.14104451144596217,0.0,0.7521359771490097,1.1356770172715187,0.5098440051078796,481,33.36600112915039,0,0,False,False,0.5186480235861382,0.3289029718253005
LUA:OutsideNormalArmyEntity.GetEntityRadius,0.0009276005037759167,0.008519653857757267,130,1194,0.10887772194304858,130,0.00025780653577903205,0.0023678538747704944,0.008489999920129776,0.011145999655127525,0.013906000182032585,0.013906000182032585,1020,32.268001556396484,0,0,False,False,0.003906000405550003,0.003228999674320221
LUA:OutsideNormalArmyEntity.HasCommander,0.0006697939679968846,0.006151799982986771,130,1194,0.10887772194304858,130,0.0005368852598469398,0.004931084617363433,0.006145999766886234,0.00786499958485365,0.009999999776482582,0.009999999776482582,1020,32.268001556396484,0,0,False,False,0.007603999925777316,0.0062509996350854635
C#RegisterBattleMUIWithEntityId,0.03542421019356854,0.32535774593169875,130,1194,0.10887772194304858,130,0.015589719387153035,0.1431855765250825,0.3018749952316284,0.5407819747924805,1.247655987739563,1.247655987739563,733,33.76900100708008,0,0,False,False,0.8861979752764455,0.23364401270373492
LogStringToConsole,0.02312718010140923,0.20919585637183805,132,1194,0.11055276381909548,178,0.015393247137859846,0.13923891729245952,0.16614599525928497,0.4206250011920929,1.5345309972763062,0.6940619945526123,984,52.75299835205078,0,0,False,False,1.0820799970097141,0.3206779983374872
UnityEngine.CoreModule.dll!UnityEngine::Application.CallLogCallback(),0.00763757450434331,0.06908533301655993,132,1194,0.11055276381909548,178,0.00697442626053022,0.06308685572025063,0.0521869994699955,0.14015699923038483,0.5418760068714619,0.4760420024394989,1009,53.58100128173828,0,0,False,False,0.4822909939175588,0.13255000169738196
SoldierSkillBuff.Init,0.00622029230154589,0.05626537127307418,132,1194,0.11055276381909548,133,0.0013095502409353928,0.011845477179370144,0.05005199834704399,0.10666699707508087,0.15854200720787048,0.15854200720787048,933,34.15800094604492,0,0,False,False,0.051403999350441154,0.01723899161152076
SoldierSkillBuff.DataInit,0.0011377638259316035,0.010291590970926776,132,1194,0.11055276381909548,133,0.0010144053668414955,0.00917575763642989,0.008958999998867512,0.014843999408185482,0.10218800604343414,0.10218800604343414,1019,37.19599914550781,0,0,False,False,0.10005200613522902,0.012344999937340617
SoldierSkillBuff.OnInit,0.0003906633193804329,0.0035337272980320972,132,1194,0.11055276381909548,133,0.0002923417121311962,0.0026443636688230927,0.002187000121921301,0.004217999987304211,0.09546900540590286,0.09546900540590286,1124,33.03300094604492,0,0,False,False,0.0943230054108426,0.0031240000389516354
SoldierSkillBuff.LoadUI,0.0015801180940327334,0.01429288639602336,132,1194,0.11055276381909548,133,0.0004940871117492066,0.004469242510822369,0.012812000699341297,0.02145799994468689,0.0768750011920929,0.0768750011920929,933,34.15800094604492,0,0,False,False,0.011719000154698733,0.008125000669679139
SoldierSkillBuff.OnLoadUI,0.0003842596298901105,0.0034758030158241818,132,1194,0.11055276381909548,133,0.0002150100505605833,0.0019448636391616399,0.003333000000566244,0.004478999879211187,0.013280999846756458,0.013280999846756458,851,32.9379997253418,0,0,False,False,0.004011000040918589,0.0025519999908283353
LUA:BattleHeadSoldierSkillBuff.OnLoadUI,0.00016924957932952723,0.0015309393766625417,132,1194,0.11055276381909548,133,0.0001394966475193083,0.0012618105843791977,0.0014579999260604382,0.0021349999587982893,0.011354000307619572,0.011354000307619572,851,32.9379997253418,0,0,False,False,0.010990000300807878,0.0017699999443721026
SoldierSkillBuff.RefreshAllItemVisible,0.00016693215689682705,0.0015099772373849357,132,1194,0.11055276381909548,133,0.00016693215689682705,0.0015099772373849357,0.0010939999483525753,0.0017709999810904264,0.04703099653124809,0.04703099653124809,1110,33.029998779296875,0,0,False,False,0.04703099653124809,0.0017709999810904264
SoldierSkillBuff.Refresh,0.0013131172520262962,0.011877742416056042,132,1194,0.11055276381909548,133,0.00019935343626705646,0.0018032424462338288,0.010728999972343445,0.016927000135183334,0.061563000082969666,0.061563000082969666,833,33.78200149536133,0,0,False,False,0.04682399798184633,0.001876000314950943
SoldierSkillBuff.OnRefresh,0.00052606532158302,0.004758499954319136,132,1194,0.11055276381909548,133,0.0002236423736681516,0.0020229469254528258,0.0046350001357495785,0.0061980001628398895,0.008906000293791294,0.008906000293791294,1089,33.14500045776367,0,0,False,False,0.004166000057011843,0.0027089996729046106
LUA:BattleHeadSoldierSkillBuff.OnRefresh,0.00030242294791486845,0.00273555302886631,132,1194,0.11055276381909548,133,0.00026914070294452346,0.0024344999948163713,0.002707999898120761,0.00380200007930398,0.005572999827563763,0.005572999827563763,1075,33.48500061035156,0,0,False,False,0.005208999820752069,0.003384999989066273
TimeText.Init,0.02065025542673953,0.18679094681459846,132,1194,0.11055276381909548,133,0.001264566175045219,0.011438575856090843,0.18114599585533142,0.3158330023288727,0.46098998188972473,0.46098998188972473,852,36.8849983215332,0,0,False,False,0.1866659877850907,0.013280992629006505
TimeText.DataInit,0.00039965410442270924,0.003615053035459961,132,1194,0.11055276381909548,133,0.00031754522539967345,0.0028723409024788643,0.0036459998227655888,0.005261000245809555,0.00786499958485365,0.00786499958485365,541,36.064998626708984,0,0,False,False,0.006613999546971172,0.004323000233853236
TimeText.OnInit,0.0003194782226362033,0.0028898257411183845,132,1194,0.11055276381909548,133,0.00021142127151075295,0.0019124015013927199,0.002655999967828393,0.0035940001253038645,0.026041999459266663,0.026041999459266663,839,31.908000946044922,0,0,False,False,0.018280999269336462,0.0027080000145360827
LUA:BattleHeadItemTimeText.OnInit,0.00010805695112545037,0.0009774242397256646,132,1194,0.11055276381909548,133,8.210050171456444e-05,0.0007426363564181056,0.0009369999752379954,0.0013550000730901957,0.007761000189930201,0.007761000189930201,839,31.908000946044922,0,0,False,False,0.0052090000826865435,0.0011469998862594366
TimeText.LoadUI,0.003024721948720103,0.027359984899786385,132,1194,0.11055276381909548,133,0.00043769682147277875,0.003959166703321954,0.027448000386357307,0.03828200325369835,0.08573000133037567,0.08573000133037567,1009,53.58100128173828,0,0,False,False,0.01088500116020441,0.006093999851145782
TimeText.OnLoadUI,0.0003067018418187522,0.0027742575691787133,132,1194,0.11055276381909548,133,0.0001734430495910097,0.0015688712213004967,0.002552999882027507,0.0046360003761947155,0.008489999920129776,0.008489999920129776,1134,34.51900100708008,0,0,False,False,0.007447999902069569,0.00302200042642653
LUA:BattleHeadItemTimeText.OnLoadUI,0.0001332587922277425,0.0012053863478782164,132,1194,0.11055276381909548,133,0.00010965912682743325,0.0009919166472117827,0.001145999995060265,0.0016670000040903687,0.0021879998967051506,0.0021879998967051506,1009,53.58100128173828,0,0,False,False,0.0017190000071423128,0.0014059999521123245
TimeText.Refresh,0.014340804000595706,0.12971909073266116,132,1194,0.11055276381909548,133,0.00011393967922308936,0.0010306361893361266,0.12421900033950806,0.23624999821186066,0.4007820188999176,0.4007820188999176,852,36.8849983215332,0,0,False,True,0.002240017056465149,0.001458004117012024
TimeText.OnRefresh,0.01800360298798212,0.13868581914613323,155,1194,0.12981574539363483,168,0.0002708819568456717,0.0020866648804756904,0.12880299985408783,0.26390600204467773,1.2690639533102512,0.39447900652885437,513,32.78300094604492,0,0,False,True,0.04140700399875641,0.0030200034379959106
LUA:BattleHeadItemTimeText.OnRefresh,0.017732721031136447,0.13659915426565755,155,1194,0.12981574539363483,168,0.0047802989680178504,0.036823722372989115,0.12723900377750397,0.26203200221061707,1.2535399794578552,0.39088597893714905,513,32.78300094604492,0,0,False,False,0.19484401625959435,0.05724000205373159
LUA:OutsideNormalArmyData.CanShowTimeText,8.484757052907264e-05,0.0006535999949142758,155,1194,0.12981574539363483,168,8.484757052907264e-05,0.0006535999949142758,0.0006769999745301902,0.0008859999943524599,0.0032829999981913716,0.0022909999825060368,513,32.78300094604492,0,0,False,False,0.0032829999981913716,0.0008859999943524599
TimeText.0,0.0005652336680628297,0.004354122578496895,155,1194,0.12981574539363483,168,0.0002513023460090045,0.0019358387169983958,0.0040619997307658195,0.0057299998588860035,0.04682300239801407,0.04682300239801407,831,31.55500030517578,0,0,False,False,0.04359400225803256,0.0028649999294430017
LUA:BattleHeadItemTimeText._71,0.0003139313220538252,0.0024182838614984986,155,1194,0.12981574539363483,168,0.0003139313220538252,0.0024182838614984986,0.0023950000759214163,0.003490000031888485,0.010832999920239672,0.005260000005364418,513,32.78300094604492,0,0,False,False,0.010832999920239672,0.003490000031888485
TimeText.1,0.0006615963010421612,0.005096425699640907,155,1194,0.12981574539363483,168,0.00014397904899484561,0.0011091031258054559,0.0034370000939816236,0.0046880003064870834,0.2738019856624305,0.254738986492157,513,32.78300094604492,0,0,False,False,0.014062985253985971,0.0016129999421536922
LUA:BattleHeadItemTimeText._72,0.0005176172520473157,0.003987322573835451,155,1194,0.12981574539363483,168,0.0005176172520473157,0.003987322573835451,0.0024480000138282776,0.0033859999384731054,0.25973900040844455,0.24921900033950806,513,32.78300094604492,0,0,False,False,0.25973900040844455,0.0033859999384731054
TimeText.2,0.003221834994933663,0.024818522477101895,155,1194,0.12981574539363483,168,0.0001309807178325689,0.0010089740457554018,0.009219000115990639,0.07057299464941025,0.5974470004439354,0.2512499988079071,513,32.78300094604492,0,0,False,False,0.012963991612195969,0.0017190005164593458
NameText.Init,0.07617741608539817,0.6890593545906472,132,1194,0.11055276381909548,133,0.001200715897906489,0.010861021076517787,0.7287499904632568,1.0205730199813843,1.3332819938659668,1.3332819938659668,852,36.8849983215332,0,0,False,False,0.06322602802538313,0.014738002268131822
NameText.DataInit,0.0006171842544437878,0.0055827121197415345,132,1194,0.11055276381909548,133,0.0005290293119465768,0.004785310594425854,0.005885000340640545,0.007708000019192696,0.008750000037252903,0.008750000037252903,1056,34.22200012207031,0,0,False,False,0.007864000013796613,0.006614000099943951
NameText.OnInit,0.000419591283530989,0.0037953938828484916,132,1194,0.11055276381909548,133,0.0002235686700944001,0.002022280243126619,0.003020999953150749,0.003957999870181084,0.08848999440670013,0.08848999440670013,854,35.27399826049805,0,0,False,False,0.014427999733015895,0.002604000037536025
LUA:BattleHeadItemNameText.OnInit,0.00019602261343658895,0.0017731136397218727,132,1194,0.11055276381909548,133,0.00017059547741335023,0.0015431136366025771,0.001145999995060265,0.0014070000033825636,0.08406300097703934,0.08406300097703934,854,35.27399826049805,0,0,False,False,0.08317800099030137,0.001197999925352633
NameText.LoadUI,0.045385087891739215,0.41052874956618657,132,1194,0.11055276381909548,133,0.00046064136319607925,0.004166710512546353,0.41536498069763184,0.6127080321311951,0.9859899878501892,0.9859899878501892,1145,33.617000579833984,0,0,False,True,0.03255301886383677,0.006198018149007112
NameText.OnLoadUI,0.00028217838916434616,0.0025524317928956766,132,1194,0.11055276381909548,133,0.00020487604541290658,0.0018531969562349277,0.0021359999664127827,0.003020999953150749,0.03338499739766121,0.03338499739766121,639,33.35300064086914,0,0,False,False,0.03270799742313102,0.0021879999549128115
LUA:BattleHeadItemNameText.OnLoadUI,7.730234375143957e-05,0.0006992348366607489,132,1194,0.11055276381909548,133,5.492378395090544e-05,0.0004968105911922811,0.0006779999821446836,0.0008859999943524599,0.0015110000385902822,0.0014589999336749315,535,33.51300048828125,0,0,False,False,0.0011470000317785889,0.0006769999890821055
NameRetreat.Init,0.008375205161982844,0.0757575376015721,132,1194,0.11055276381909548,133,0.0011474832204669287,0.010379507312405402,0.06697899848222733,0.12760399281978607,0.39057299494743347,0.39057299494743347,1145,33.617000579833984,0,0,False,False,0.26619899871730013,0.012394997385854367
NameRetreat.DataInit,0.0004181549404677584,0.00378240150695836,132,1194,0.11055276381909548,133,0.00031137939465409253,0.002816568160734746,0.0033859999384731054,0.0061980001628398895,0.044686999171972275,0.044686999171972275,1053,32.37900161743164,0,0,False,False,0.013281000312417746,0.005364000127883628
NameRetreat.OnInit,0.00014390284619668508,0.0013016666542336513,132,1194,0.11055276381909548,133,0.000120264654881122,0.001087848469151967,0.001145999995060265,0.0018749999580904841,0.011823000386357307,0.011823000386357307,644,33.04999923706055,0,0,False,False,0.011615000388701446,0.0016130000440170988
NameRetreat.LoadUI,0.003182972360158985,0.028791431803256273,132,1194,0.11055276381909548,133,0.0005012914619509802,0.004534409133102049,0.024219000712037086,0.0767190009355545,0.3259899914264679,0.3259899914264679,1145,33.617000579833984,0,0,False,False,0.058387002303788904,0.006613999939872883
NameRetreat.OnLoadUI,0.0002914731990595908,0.0026365075733117533,132,1194,0.11055276381909548,133,0.000186431323356733,0.0016863560612722667,0.0024999999441206455,0.0034379998687654734,0.013489000499248505,0.013489000499248505,659,33.33700180053711,0,0,False,False,0.0035419996129348874,0.0023430000292137265
LUA:BattleHeadNameRetreat.OnLoadUI,0.00010504187570285782,0.0009501515120394866,132,1194,0.11055276381909548,133,8.485510811037883e-05,0.0007675530233620631,0.0008340000058524311,0.0010939999483525753,0.011874999850988388,0.011874999850988388,659,33.33700180053711,0,0,False,False,0.011769999851821922,0.0008859999506967142
NameRetreat.Refresh,0.002084293973692997,0.018853386398404837,132,1194,0.11055276381909548,133,0.00010029145031293832,0.0009071817551033967,0.016040999442338943,0.026875000447034836,0.26557299494743347,0.26557299494743347,935,33.62099838256836,0,0,False,False,0.0014570001512765884,0.0011459887027740479
NameRetreat.OnRefresh,0.0016209070190125873,0.014661840762886586,132,1194,0.11055276381909548,133,0.00019547066977325595,0.0017681210584035425,0.011405999772250652,0.022708000615239143,0.2586459815502167,0.2586459815502167,935,33.62099838256836,0,0,False,False,0.027030998840928078,0.0020319996401667595
LUA:BattleHeadNameRetreat.OnRefresh,0.0014254363492393314,0.012893719704483043,132,1194,0.11055276381909548,133,0.0005355678401049695,0.004844454553676769,0.009791000746190548,0.020469000563025475,0.2551040053367615,0.2551040053367615,935,33.62099838256836,0,0,False,False,0.23312500584870577,0.0048950002528727055
NameNoWar.Init,0.027876316708585924,0.25215395568220905,132,1194,0.11055276381909548,133,0.001100812577364259,0.009957350131613071,0.24729201197624207,0.4078649878501892,0.6716150045394897,0.6716150045394897,1136,33.16600036621094,0,0,False,False,0.07453200452437159,0.017499003144621383
NameNoWar.DataInit,0.00043494723151458217,0.003934295412336448,132,1194,0.11055276381909548,133,0.0003573978169613722,0.003232825707968776,0.0033340000081807375,0.006561999674886465,0.057134997099637985,0.057134997099637985,1020,32.268001556396484,0,0,False,False,0.055362997169140726,0.00520899987895973
NameNoWar.OnInit,0.00014238107052102835,0.00128790150153112,132,1194,0.11055276381909548,133,0.00011704019911657829,0.0010586818010999582,0.001197999925352633,0.0020309998653829098,0.004896000027656555,0.004896000027656555,1155,34.0880012512207,0,0,False,False,0.004218000045511872,0.0017709998646751046
NameNoWar.LoadUI,0.0031034539522325475,0.028072151658830768,132,1194,0.11055276381909548,133,0.0005582688576963042,0.005049795576434751,0.020677000284194946,0.0797399953007698,0.20109400153160095,0.20109400153160095,292,32.91400146484375,0,0,False,False,0.05604299795959378,0.007760995998978615
NameNoWar.RefreshAllItemVisible,0.00054670769498579,0.0049452196046441904,132,1194,0.11055276381909548,402,0.00054670769498579,0.0049452196046441904,0.0026049999869428575,0.014583999931346625,0.08203099691309035,0.07973899692296982,1027,33.82099914550781,0,0,False,False,0.08203099691309035,0.014583999931346625
NameNoWar.OnLoadUI,0.0003786281441920242,0.0034248636679187643,132,1194,0.11055276381909548,133,0.00026870687169270897,0.0024305757939476857,0.002707999898120761,0.004011000040918589,0.07984400540590286,0.07984400540590286,292,32.91400146484375,0,0,False,False,0.07854200538713485,0.0029690000228583813
LUA:BattleHeadNameNoWar.OnLoadUI,0.0001099212724993152,0.0009942878739710784,132,1194,0.11055276381909548,133,8.94254596126453e-05,0.0008088939301325644,0.000989000080153346,0.0013020000187680125,0.0018229999113827944,0.0018229999113827944,591,33.82099914550781,0,0,False,False,0.0016149999137269333,0.0010419999161968008
NameNoWar.Refresh,0.021607824911673863,0.19545259806468632,132,1194,0.11055276381909548,133,0.00029993891541282933,0.0027130838257796836,0.1912499964237213,0.31364497542381287,0.4625000059604645,0.4625000059604645,1136,33.16600036621094,0,0,False,True,0.19051998853683472,0.0024470090866088867
NameNoWar.OnRefresh,0.020725326515871476,0.18746999893901925,132,1194,0.11055276381909548,133,0.0004345057672591665,0.003930302167480642,0.18369799852371216,0.294948011636734,0.4555729925632477,0.4555729925632477,1136,33.16600036621094,0,0,False,True,0.07916697859764099,0.005885004997253418
LUA:BattleHeadNameNoWar.OnRefresh,0.02029082074861231,0.1835396967715386,132,1194,0.11055276381909548,133,0.003209313231536345,0.029029696957987846,0.17921899259090424,0.2905209958553314,0.45124998688697815,0.45124998688697815,1136,33.16600036621094,0,0,False,False,0.2868739889236167,0.07333399646449834
LUA:NewbieBuffUtil.IsNewbieCareEntityType,0.00012279396837302662,0.0011107272593741955,132,1194,0.11055276381909548,133,0.00012279396837302662,0.0011107272593741955,0.0010939999483525753,0.0015109999803826213,0.002707999898120761,0.002707999898120761,1087,33.81399917602539,0,0,False,False,0.002707999898120761,0.0015109999803826213
LUA:OutsideArmyDataBase.IsMoving,0.0001329087091736976,0.0012022196875257191,132,1194,0.11055276381909548,133,0.0001329087091736976,0.0012022196875257191,0.001145999995060265,0.0018229999113827944,0.0032820000778883696,0.0032820000778883696,1087,33.81399917602539,0,0,False,False,0.0032820000778883696,0.0018229999113827944
LUA:NewbieBuffUtil.IsInNewbieBuff,0.005358391942166204,0.048469090749594296,132,1194,0.11055276381909548,133,0.0017583157368454968,0.015904765074193358,0.04645799845457077,0.08781199902296066,0.20786400139331818,0.20786400139331818,1144,33.58700180053711,0,0,False,False,0.07671800721436739,0.01775900082429871
LUA:CfgMgr.GetTroopTrainConf,0.00041029899255520786,0.0037113408872039254,132,1194,0.11055276381909548,133,0.00041029899255520786,0.0037113408872039254,0.0037499999161809683,0.004790999926626682,0.008073000237345695,0.008073000237345695,1087,33.81399917602539,0,0,False,False,0.008073000237345695,0.004790999926626682
LUA:NewbieBuffUtil.InMilestoneId,0.0019358417052008099,0.017510568151589145,132,1194,0.11055276381909548,133,0.0005248802327168747,0.004747780286848094,0.015937000513076782,0.020729999989271164,0.17723999917507172,0.17723999917507172,1144,33.58700180053711,0,0,False,False,0.03973999712616205,0.005573000758886337
LUA:StrUtil.split,0.0014109614724839353,0.01276278786474105,132,1194,0.11055276381909548,133,0.001041357619399314,0.009419553011839249,0.011405999772250652,0.01447999943047762,0.1722400039434433,0.1722400039434433,1144,33.58700180053711,0,0,False,False,0.046508997678756714,0.011770000332035124
LUA:StrUtil._14,0.0003696038530846212,0.003343234852901801,132,1194,0.11055276381909548,266,0.0003696038530846212,0.003343234852901801,0.0021879999549128115,0.00317799998447299,0.13208200130611658,0.12973900139331818,1144,33.58700180053711,0,0,False,False,0.13208200130611658,0.00317799998447299
LUA:NewbieBuffUtil._IsBuffValid,9.165326575729123e-05,0.0008290454493500433,132,1194,0.11055276381909548,133,9.165326575729123e-05,0.0008290454493500433,0.0008329999982379377,0.0010939999483525753,0.0015109999803826213,0.0015109999803826213,1015,34.03499984741211,0,0,False,False,0.0015109999803826213,0.0010939999483525753
LUA:NewbieBuffUtil.IsPlayerInNewbieEnemyCityPhase,0.0011161842501029634,0.010096393898658624,132,1194,0.11055276381909548,266,0.0005325862644587361,0.0048174848466949315,0.010156000382266939,0.012187000131234527,0.017917000339366496,0.016719000414013863,639,33.35300064086914,0,0,False,False,0.00937500037252903,0.006093000643886626
LUA:CoMgr.FindCoInfoById,0.00034360217671120663,0.00310803787116046,132,1194,0.11055276381909548,133,0.00034360217671120663,0.00310803787116046,0.0028649999294430017,0.004896000027656555,0.025989999994635582,0.025989999994635582,940,28.78499984741211,0,0,False,False,0.025989999994635582,0.004896000027656555
LUA:CoMgr.CreateBinded,0.00827238525902007,0.06955794365683073,142,1194,0.11892797319932999,308,0.004319258789935587,0.03631827461396543,0.06671900115907192,0.12901000306010246,0.22250100784003735,0.19974000751972198,1056,34.22200012207031,0,0,False,False,0.10640800118562765,0.051301998006238136
LUA:ObjPoolLinkedList.Take,0.013347816283438648,0.11067564335017879,144,1194,0.12060301507537688,323,0.0010560727590610977,0.008756603293881603,0.013176999986171722,0.053125000558793545,8.671405792236328,8.671405792236328,628,60.51300048828125,2,0,False,False,0.09567800674994942,0.019218001049011946
LUA:CoMgr.onTakeFunc,0.000167144052648232,0.0014054225271971058,142,1194,0.11892797319932999,308,0.000167144052648232,0.0014054225271971058,0.0014050000754650682,0.002397000032942742,0.0037489999376703054,0.0024470000062137842,822,35.07400131225586,0,0,False,False,0.0037489999376703054,0.002397000032942742
LUA:CoMgr.setCoInfo_luaCo,0.0004219371848174182,0.0035478380188168827,142,1194,0.11892797319932999,308,0.0004219371848174182,0.0035478380188168827,0.003541999845765531,0.005259999947156757,0.008541000075638294,0.004531000275164843,822,35.07400131225586,0,0,False,False,0.008541000075638294,0.005259999947156757
LUA:TblUtil.GetOrCreateMemberTable,0.0003928458951622282,0.0033032253438288767,142,1194,0.11892797319932999,308,0.0003928458951622282,0.0033032253438288767,0.0029170000925660133,0.004896999947959557,0.05880200152751058,0.058021001517772675,631,33.36000061035156,0,0,False,False,0.05880200152751058,0.004896999947959557
LUA:BattleHeadNameNoWar.func,0.003120904525514174,0.028230000026241847,132,1194,0.11055276381909548,133,0.00014308544103574115,0.0012942728530051131,0.0276040006428957,0.03609300032258034,0.1516139954328537,0.1516139954328537,1142,33.400001525878906,0,0,False,False,0.0033340007066726685,0.0023440010845661163
LUA:NewbieBuffUtil.IsPlayerInNewbieEnemyCityPhaseA2S,0.002977819084478433,0.026935727173236734,132,1194,0.11055276381909548,133,0.00025892797763922706,0.0023421212522820993,0.026405999436974525,0.03473899886012077,0.14979200065135956,0.14979200065135956,1142,33.400001525878906,0,0,False,False,0.003750000149011612,0.0031759999692440033
LUA:PlayerAndAllianceShortInfoMgr.GetPlayerShortInfoA2S,0.00339261639997413,0.02852664775752895,142,1194,0.11892797319932999,175,0.0023251566117217176,0.019550964749265713,0.02458300068974495,0.06817700061947107,0.14749999344348907,0.14749999344348907,1142,33.400001525878906,0,0,False,False,0.10406099807005376,0.0475000012665987
LUA:PlayerAndAllianceShortInfoMgr.addToRequestQueue,0.00023246063473786522,0.001954633787866275,142,1194,0.11892797319932999,175,0.00023246063473786522,0.001954633787866275,0.0018749999580904841,0.003228999994462356,0.0060419998480938375,0.0033340000081807375,822,35.07400131225586,0,0,False,False,0.0060419998480938375,0.003228999994462356
NameText.Refresh,0.028091886147881672,0.2541038792467479,132,1194,0.11055276381909548,133,0.00023349758917762207,0.0021120918293793998,0.2676039934158325,0.37630200386047363,0.6288020014762878,0.6288020014762878,852,36.8849983215332,0,0,False,True,0.05026000738143921,0.0028649866580963135
NameText.OnRefresh,0.02727265309049456,0.24669354386401898,132,1194,0.11055276381909548,133,0.0003138129385671823,0.0028385806715849676,0.25916698575019836,0.36854198575019836,0.6214060187339783,0.6214060187339783,852,36.8849983215332,0,0,False,True,0.004635989665985107,0.004218012094497681
LUA:BattleHeadItemNameText.OnRefresh,0.026958840151927378,0.24385496319243402,132,1194,0.11055276381909548,133,0.000631372066505914,0.005711047328848949,0.25562500953674316,0.3643749952316284,0.6181250214576721,0.6181250214576721,852,36.8849983215332,0,0,False,False,0.008178011048585176,0.007290999245014973
LUA:BattleHeadItemNameText.IsShow,4.702428859109418e-05,0.00042535606498307914,132,1194,0.11055276381909548,133,4.702428859109418e-05,0.00042535606498307914,0.00041700000292621553,0.0006249999860301614,0.0015629999106749892,0.0015629999106749892,1132,32.433998107910156,0,0,False,False,0.0015629999106749892,0.0006249999860301614
LUA:BattleHeadItemNameText.InitName,0.02186004262124274,0.19773402189215025,132,1194,0.11055276381909548,133,0.0018917570725513133,0.01711180261080506,0.2033340036869049,0.2800000011920929,0.5724999904632568,0.5724999904632568,852,36.8849983215332,0,0,False,False,0.08010299981106073,0.023020006716251373
LUA:BattleHeadUtil.GetBattleHeadColor,0.010733267148859936,0.09708728011923307,132,1194,0.11055276381909548,133,0.001144429648699086,0.010351886367778096,0.09369799494743347,0.14015600085258484,0.4476560056209564,0.4476560056209564,852,36.8849983215332,0,0,False,False,0.019948010216467083,0.012656996143050492
LUA:WorldUtil.GetCommonRelationColorType,0.007776475709611846,0.07034175755512534,132,1194,0.11055276381909548,133,0.0006831180835250957,0.006179113573704275,0.07057299464941025,0.09343800693750381,0.2400519996881485,0.2400519996881485,983,34.07600021362305,0,0,False,False,0.09526000078767538,0.006405994019587524
LUA:WorldUtil.IsSpecialRelationColor,7.98668334271503e-05,0.0007224318114546777,132,1194,0.11055276381909548,133,7.98668334271503e-05,0.0007224318114546778,0.0007289999630302191,0.0010420000180602074,0.001509999972768128,0.001509999972768128,1089,33.14500045776367,0,0,False,False,0.001509999972768128,0.0010420000180602074
LUA:UtilArmyEntity.IsFightWithPlayer,0.00047825795416587614,0.004326060585409516,132,1194,0.11055276381909548,133,0.0004254798970861482,0.0038486590690974317,0.0043230000883340836,0.005520999897271395,0.009062000550329685,0.009062000550329685,1089,33.14500045776367,0,0,False,False,0.008333000587299466,0.004950000045937486
C#SetColorIndex,0.0010055427116199929,0.008893466649439049,135,1194,0.11306532663316583,139,0.0009583408689869617,0.008475992574595794,0.009843000210821629,0.01380200032144785,0.06515699625015259,0.06515699625015259,854,35.27399826049805,0,0,False,False,0.06463599624839844,0.013228000185335986
LUA:OutsideNormalArmyEntity.GetCustomName,0.0001489221095185496,0.001347068172463244,132,1194,0.11055276381909548,133,0.0001489221095185496,0.001347068172463244,0.0012499999720603228,0.0020309998653829098,0.01041600073222071,0.009791000746190548,535,33.51300048828125,0,0,False,False,0.01041600073222071,0.0020309998653829098
LUA:BattleHeadItemNameText.func,0.0013869765430682619,0.012545833275935642,132,1194,0.11055276381909548,133,0.0009758894449143578,0.008827363615361692,0.01385399978607893,0.017916999757289886,0.02223999984562397,0.02223999984562397,1056,34.22200012207031,0,0,False,False,0.015416999580338597,0.012812999775633216
LUA:BattleHeadItemNameText.RefreshTags,0.002637311565834823,0.023855681890960444,132,1194,0.11055276381909548,133,0.0005567144219287971,0.005035734998355937,0.026510000228881836,0.03796900063753128,0.09156300127506256,0.09156300127506256,1015,34.03499984741211,0,0,False,False,0.066250001284061,0.0067180010955780745
LUA:BattleHeadItemNameText.RefreshSoldierType,0.0004964447166876777,0.004490568119129448,132,1194,0.11055276381909548,133,0.00011991624284763407,0.0010846969239399627,0.004166000057011843,0.006665999768301845,0.04359299689531326,0.04359299689531326,839,31.908000946044922,0,0,False,False,0.0018750005401670933,0.0015100003220140934
LUA:BattleHeadItemNameText.RefreshGuildNameVisible,0.00036693969702463554,0.0033191363503592033,132,1194,0.11055276381909548,133,9.357453750171877e-05,0.0008464242255837289,0.0031769999768584967,0.0046880003064870834,0.009583999402821064,0.009583999402821064,839,31.908000946044922,0,0,False,False,0.0016159992665052414,0.0011970000341534615
BritainPatrolKnightNum.Init,0.005400518417183678,0.04885014386452509,132,1194,0.11055276381909548,133,0.0012435008293643257,0.011248030229250038,0.048124998807907104,0.06963500380516052,0.11937499791383743,0.11937499791383743,541,36.064998626708984,0,0,False,False,0.07036399796925252,0.015364999875600915
BritainPatrolKnightNum.DataInit,0.0007787629840287132,0.00704426517371427,132,1194,0.11055276381909548,133,0.0006615594668662717,0.005984106086654003,0.006459000054746866,0.010728999972343445,0.06562499701976776,0.06562499701976776,541,36.064998626708984,0,0,False,False,0.06395799707388505,0.008906999952159822
BritainPatrolKnightNum.OnInit,0.0003522855942012739,0.0031865833293660685,132,1194,0.11055276381909548,133,0.00022378140861375984,0.002024204559733555,0.0032290001399815083,0.004166000057011843,0.005625000223517418,0.005625000223517418,541,36.064998626708984,0,0,False,False,0.003959000110626221,0.002707999898120761
LUA:BattleHeadBritainPatrolKnightNum.OnInit,0.00012850418558751407,0.0011623787696325135,132,1194,0.11055276381909548,133,0.0001016214380102775,0.0009192120983656919,0.001145999995060265,0.0015620000194758177,0.0018229999113827944,0.0018229999113827944,541,36.064998626708984,0,0,False,False,0.0013539999345084652,0.0011969999759458005
BritainPatrolKnightNum.LoadUI,0.0012792286410821692,0.011571204526152349,132,1194,0.11055276381909548,133,0.0004199966483969215,0.003799060592317608,0.011823000386357307,0.01385399978607893,0.0192709993571043,0.0192709993571043,983,34.07600021362305,0,0,False,False,0.009270999289583415,0.0048980001083691604
BritainPatrolKnightNum.OnLoadUI,0.00022106699969610152,0.0019996514972511,132,1194,0.11055276381909548,133,0.0001353969838637141,0.0012247272631308685,0.001978999935090542,0.0024999999441206455,0.0032289999071508646,0.002812999999150634,535,33.51300048828125,0,0,False,False,0.0019789999932982028,0.0015110000967979431
LUA:BattleHeadBritainPatrolKnightNum.OnLoadUI,8.567001583238743e-05,0.0007749242341202316,132,1194,0.11055276381909548,133,6.473450451768339e-05,0.000585553018137227,0.0007810000097379088,0.0009380000410601497,0.0013020000187680125,0.0013020000187680125,1036,33.11399841308594,0,0,False,False,0.0011460000096121803,0.0007290000357897952
BritainPatrolKnightNum.RefreshAllItemVisible,0.00011554941247565238,0.001045196958302492,132,1194,0.11055276381909548,133,0.00011554941247565238,0.001045196958302492,0.0010420000180602074,0.0014070000033825636,0.0016670000040903687,0.001614999957382679,535,33.51300048828125,0,0,False,False,0.0016670000040903687,0.0014070000033825636
BritainPatrolKnightNum.Refresh,0.0013197881132177073,0.011938083387741988,132,1194,0.11055276381909548,133,0.00011157287188011598,0.0010092273410974126,0.011301999911665916,0.017707999795675278,0.05906200036406517,0.05906200036406517,842,32.36399841308594,0,0,False,False,0.014322999864816666,0.001249999739229679
BritainPatrolKnightNum.OnRefresh,0.0007829480750682816,0.007082121224481274,132,1194,0.11055276381909548,133,0.000186004189398433,0.001682492440467644,0.0064580002799630165,0.011405999772250652,0.05270799994468689,0.05270799994468689,842,32.36399841308594,0,0,False,False,0.003906000405550003,0.002343000378459692
LUA:BattleHeadBritainPatrolKnightNum.OnRefresh,0.0005969438856698485,0.00539962878401363,132,1194,0.11055276381909548,133,0.00013495896114843744,0.0012207651485699569,0.004686999600380659,0.009218000806868076,0.05010399967432022,0.05010399967432022,842,32.36399841308594,0,0,False,False,0.0019799998990492895,0.0016669998440193012
WaitLeaderFollow.Init,0.007392476579576881,0.06686831087889997,132,1194,0.11055276381909548,133,0.001010346761704172,0.009139045708142283,0.06567700207233429,0.09317700564861298,0.2999480068683624,0.2999480068683624,846,33.395999908447266,0,0,False,False,0.06015800253226189,0.012760998462908901
WaitLeaderFollow.DataInit,0.00037002763469115373,0.0033470681501608906,132,1194,0.11055276381909548,133,0.0002969648194510234,0.002686181775943348,0.0034370000939816236,0.004738999996334314,0.008177000097930431,0.008177000097930431,1019,37.19599914550781,0,0,False,False,0.006927000067662448,0.003957999957492575
WaitLeaderFollow.OnInit,0.00013440703364577412,0.0012157727134322297,132,1194,0.11055276381909548,133,0.00011197822247444648,0.001012893921473402,0.0012499999720603228,0.0015629999106749892,0.002604000037536025,0.002604000037536025,1143,33.09299850463867,0,0,False,False,0.00213500001700595,0.0013549999130191281
WaitLeaderFollow.LoadUI,0.002778909553678541,0.02513650005372862,132,1194,0.11055276381909548,133,0.00043001257621794235,0.0038896592121532058,0.023229999467730522,0.03520800173282623,0.24072900414466858,0.24072900414466858,846,33.395999908447266,0,0,False,False,0.008386010165850166,0.006199002062203363
WaitLeaderFollow.RefreshAllItemVisible,0.0002947914543490657,0.0026665227007029125,132,1194,0.11055276381909548,399,0.0002947914543490657,0.0026665227007029125,0.002552000049035996,0.004218999878503382,0.005260000005364418,0.0032290001399815083,844,34.75400161743164,0,0,False,False,0.005260000005364418,0.004218999878503382
WaitLeaderFollow.OnLoadUI,0.00030874539618310165,0.0027927424472926014,132,1194,0.11055276381909548,133,0.0002047127329489338,0.0018517197207653555,0.0024999999441206455,0.0033340000081807375,0.04151100292801857,0.04151100292801857,767,32.53499984741211,0,0,False,False,0.03927100286819041,0.0020840000361204147
LUA:BattleHeadWaitLeaderFollow.OnLoadUI,0.00010403266323416789,0.0009410227265272459,132,1194,0.11055276381909548,133,8.349413671644858e-05,0.0007552424184806031,0.0009369999752379954,0.001197999925352633,0.002240000059828162,0.002240000059828162,767,32.53499984741211,0,0,False,False,0.001563000085297972,0.0009379999537486583
WaitLeaderFollow.Refresh,0.001774237863251462,0.016048787944865497,132,1194,0.11055276381909548,133,0.00010966081047427514,0.0009919318765627615,0.015572999604046345,0.02140600048005581,0.07750000059604645,0.07750000059604645,1144,33.58700180053711,0,0,False,False,0.011145000346004963,0.0011979993432760239
WaitLeaderFollow.OnRefresh,0.0012459045173085514,0.011269772679290989,132,1194,0.11055276381909548,133,0.00017794053354167958,0.0016095530079451926,0.011145000346004963,0.014948000200092793,0.07078199833631516,0.07078199833631516,1144,33.58700180053711,0,0,False,False,0.0030200015753507614,0.0022409986704587936
LUA:BattleHeadWaitLeaderFollow.OnRefresh,0.001067963983766872,0.009660219671345796,132,1194,0.11055276381909548,133,0.0002779907849090801,0.0025145530089503154,0.00942699983716011,0.012551999650895596,0.06833299994468689,0.06833299994468689,1144,33.58700180053711,0,0,False,False,0.0038019982166588306,0.0032820000778883696
LUA:BattleHeadWaitLeaderFollow.CalcDisplayState,0.00028200670098846894,0.0025508787953047872,132,1194,0.11055276381909548,133,0.00028200670098846894,0.0025508787953047872,0.002187000121921301,0.0028639998636208475,0.05349000170826912,0.05349000170826912,1144,33.58700180053711,0,0,False,False,0.05349000170826912,0.0028639998636208475
LUA:BattleGridMgr.InEntitySelecting,0.00021479899242180642,0.0018584782387799773,138,1194,0.11557788944723618,218,0.00021479899242180642,0.0018584782387799773,0.0014589999336749315,0.0025009999226313084,0.038751000072807074,0.030313000082969666,906,32.856998443603516,0,0,False,False,0.038751000072807074,0.0025009999226313084
LUA:OutsideUtilsMarch.ProcessElevatorPoints,0.0002889438819236136,0.0021296234260295968,162,1194,0.135678391959799,307,0.0002889438819236136,0.0021296234260295968,0.0023949999595060945,0.00354099998367019,0.006353999953716993,0.006353999953716993,129,34.194000244140625,0,0,False,False,0.006353999953716993,0.00354099998367019
LUA:OutsideUtilsMarch.ProcessRopewayPoints,0.0002679623089100108,0.001974981461966376,162,1194,0.135678391959799,307,0.0002679623089100108,0.001974981461966376,0.002188999962527305,0.0031249999592546374,0.0036980000440962613,0.0020309998653829098,639,33.35300064086914,0,0,False,False,0.0036980000440962613,0.0031249999592546374
LUA:OutsideUtilsMarch.ProcessPathTypes,0.0013068308111926046,0.009631827089901047,162,1194,0.135678391959799,307,0.0013068308111926046,0.009631827089901047,0.007552000344730914,0.019375000149011612,0.11999999592080712,0.11770899593830109,1059,32.88399887084961,0,0,False,False,0.11999999592080712,0.019375000149011612
LUA:OutsideUtilsMarch.AppendRopewayTailGuardPoint,0.00021862227545147903,0.0016417295401828047,159,1194,0.13316582914572864,304,0.00021862227545147903,0.0016417295401828047,0.0017709999810904264,0.0026549999602138996,0.0032269999210257083,0.0016670000040903687,639,33.35300064086914,0,0,False,False,0.0032269999210257083,0.0026549999602138996
LUA:PlayerAndAllianceShortInfoMgr.internalSubscribeInfo,0.015523493264987441,0.28515463012915393,65,1194,0.05443886097152429,65,0.0010622494055115784,0.01951270446432038,0.24510399997234344,0.35536402463912964,0.4840629994869232,0.4840629994869232,841,34.1510009765625,0,0,False,False,0.05916499024897348,0.0303139740426559
LUA:TblUtil.Append,0.00037797738356676444,0.00694315378428795,65,1194,0.05443886097152429,348,0.00037797738356676444,0.00694315378428795,0.003855000133626163,0.012500999917392619,0.016039999580243602,0.006040999665856361,824,31.437000274658203,0,0,False,False,0.016039999580243602,0.012500999917392619
LUA:PlayerAndAllianceShortInfoMgr.removeDuplicateValue,0.00024030401947256022,0.004414199988465183,65,1194,0.05443886097152429,130,0.00024030401947256022,0.004414199988465183,0.0031240000971592963,0.007134999963454902,0.007709000143222511,0.006874999962747097,850,33.28499984741211,0,0,False,False,0.007709000143222511,0.007134999963454902
LUA:PlayerAndAllianceShortInfoMgr.removeCachedValue,0.00027525041703215896,0.005056138429790735,65,1194,0.05443886097152429,65,0.00018320770483919133,0.0033653846088922226,0.0028119999915361404,0.007187000010162592,0.007447999902069569,0.007447999902069569,850,33.28499984741211,0,0,False,False,0.004790999824763276,0.004583000161801465
LUA:ShortInfoNet.RequestSubscribeShortInfoAsync,0.013567712039404378,0.24922843346228965,65,1194,0.05443886097152429,65,0.000529741330175244,0.009730940741988329,0.21505200862884521,0.3114060163497925,0.4430209994316101,0.4430209994316101,841,34.1510009765625,0,0,False,False,0.012552007101476192,0.011614013346843421
LUA:NetServer.__index,6.333417048556122e-05,0.0011633999932270783,65,1194,0.05443886097152429,65,6.333417048556122e-05,0.0011633999932270783,0.0008859999943524599,0.0014059999957680702,0.0016659999964758754,0.0016659999964758754,1128,33.79899978637695,0,0,False,False,0.0016659999964758754,0.0014059999957680702
LUA:NetServer.Req_Login_Async,0.012974636538743574,0.23833409272707426,65,1194,0.05443886097152429,65,0.00027529146503563504,0.005056892450039203,0.20494799315929413,0.2998960018157959,0.43260401487350464,0.43260401487350464,841,34.1510009765625,0,0,False,True,0.00645899772644043,0.006197988986968994
LUA:NetServer._Request_SwapCallbackToEnd,0.012934592981484267,0.23399854575594267,66,1194,0.05527638190954774,67,0.0007636650430621233,0.013815394869942049,0.20088499784469604,0.2946870028972626,0.4266659915447235,0.4266659915447235,841,34.1510009765625,0,0,False,False,0.05046799452975392,0.016198003781028092
LUA:NetParser.Serialize,0.0015663400407836864,0.02710449287964814,69,1194,0.05778894472361809,70,0.0015663400407836864,0.02710449287964814,0.01848899945616722,0.05692699924111366,0.21260400116443634,0.21260400116443634,841,34.1510009765625,0,0,False,False,0.21260400116443634,0.05692699924111366
LUA:NetServer.GetNetMsgRecvCallback,8.480234382248217e-05,0.001534151492788541,66,1194,0.05527638190954774,67,8.480234382248217e-05,0.001534151492788541,0.001197999925352633,0.0023440001532435417,0.004634999902918935,0.0031769999768584967,731,33.59299850463867,0,0,False,False,0.004634999902918935,0.0023440001532435417
C#LuaRequest,0.010796953064437887,0.19532669634755814,66,1194,0.05527638190954774,67,0.010662376012405852,0.19289207513352405,0.1686979979276657,0.2438019961118698,0.3107289969921112,0.3107289969921112,959,32.89799880981445,0,0,False,False,0.30885499696887564,0.24203099610167556
SelectLODJob (Cleanup),4.536851025124079e-06,0.0006018889026664612,9,1194,0.007537688442211055,9,4.536851025124079e-06,0.0006018889026664612,0.0,0.0010420000180602074,0.0010420000180602074,0.0010420000180602074,694,35.33300018310547,0,0,False,False,0.0010420000180602074,0.0010420000180602074
SelectLODJob (Burst),0.0005950770614884397,0.044407625713574816,16,1194,0.01340033500837521,23,0.0005950770614884397,0.044407625713574816,0.0,0.09911499917507172,0.09911499917507172,0.09911499917507172,1155,34.0880012512207,0,0,False,False,0.09911499917507172,0.09911499917507172
LUA:BattleHeadItemNameText.GetDisplayName,0.015874729490210262,0.14580328470239273,130,1194,0.10887772194304858,131,0.0017447545969189134,0.016024899913239864,0.13713499903678894,0.2274480015039444,0.29682299494743347,0.29682299494743347,934,32.93899917602539,0,0,False,False,0.022186999092809856,0.01973898580763489
LUA:BattleHeadUtil.GetArmyFullName,0.004972298153780613,0.04566864612010809,130,1194,0.10887772194304858,131,0.0019312219279295636,0.017737530630368453,0.04197999835014343,0.06848999857902527,0.1631769984960556,0.1631769984960556,1135,32.6609992980957,0,0,False,False,0.1296359971165657,0.021510999649763107
LUA:BattleHeadUtil.NeedShortenName,0.0014954983222437164,0.013735576898146135,130,1194,0.10887772194304858,131,0.00037392294400962855,0.0034343384242115117,0.012083999812602997,0.015417000278830528,0.10453199595212936,0.10453199595212936,1114,33.22600173950195,0,0,False,False,0.06953100115060806,0.00416600052267313
LUA:StrUtil.GetRealLength,0.001121575378234088,0.010301238473934623,130,1194,0.10887772194304858,131,0.0007712068617422098,0.0070832384070784495,0.009062999859452248,0.011145000346004963,0.10312499850988388,0.10312499850988388,1114,33.22600173950195,0,0,False,False,0.055783000352676027,0.008122999803163111
LUA:StrUtil.GetCharByteCount,0.0002278727017980891,0.002092923122668603,130,1194,0.10887772194304858,655,0.0002278727017980891,0.002092923122668603,0.0013540000218199566,0.0017180000577354804,0.09619800388463773,0.09505200386047363,1114,33.22600173950195,0,0,False,False,0.09619800388463773,0.0017180000577354804
LUA:StrUtil.GetCharRealLength,0.00012249581469378905,0.0011250769441875702,130,1194,0.10887772194304858,655,0.00012249581469378905,0.0011250769441875702,0.0011440000089351088,0.0013540000072680414,0.001980000059120357,0.0007289999630302191,536,33.74800109863281,0,0,False,False,0.001980000059120357,0.0013540000072680414
LUA:OutsideArmyEntityBase.IsSelected,0.0002211599663981054,0.0020312692298410603,130,1194,0.10887772194304858,131,0.0002211599663981054,0.0020312692298410603,0.001145999995060265,0.0014059999957680702,0.1216140016913414,0.1216140016913414,1046,33.698001861572266,0,0,False,False,0.1216140016913414,0.0014059999957680702
LUA:BattleHeadUtil.GetAllianceName,0.001838095490844106,0.016882200123598944,130,1194,0.10887772194304858,131,0.000755391130457871,0.006937976998205368,0.01520800031721592,0.0209369994699955,0.10989600419998169,0.10989600419998169,1090,33.70100021362305,0,0,False,False,0.07890600524842739,0.008593999780714512
LUA:PlayerAndAllianceShortInfoMgr.GetAllianceShortInfoA2S,0.001082704360386235,0.009944223125393574,130,1194,0.10887772194304858,131,0.00034428894901226964,0.0031621615778511534,0.009010999463498592,0.011927000246942043,0.10265599936246872,0.10265599936246872,1090,33.70100021362305,0,0,False,False,0.09223899990320206,0.0033330004662275314
LUA:PlayerAndAllianceShortInfoMgr.GetAllianceShortInfoInPool,0.0007384154113739654,0.006782061547542421,130,1194,0.10887772194304858,131,0.0004890812444159374,0.004492023121789456,0.006459000054746866,0.008593999780714512,0.06031200196594,0.0534370020031929,536,33.74800109863281,0,0,False,False,0.008385999593883753,0.005988999968394637
LUA:AllianceShortInfo.GetAllianceShortInfo,0.000249334166958028,0.002290038425752965,130,1194,0.10887772194304858,131,0.000249334166958028,0.002290038425752965,0.001927000004798174,0.002604000037536025,0.05442699836567044,0.05249999836087227,536,33.74800109863281,0,0,False,False,0.05442699836567044,0.002604000037536025
LUA:BattleHeadItemNameText.GetNameSuffix,0.00012819765397824092,0.0011774461450001512,130,1194,0.10887772194304858,131,0.00012819765397824092,0.0011774461450001514,0.0010939999483525753,0.0014589999336749315,0.011874999850988388,0.011874999850988388,1020,32.268001556396484,0,0,False,False,0.011874999850988388,0.0014589999336749315
LUA:CivilDataCtrl.CheckCivilDailyUpdateRedPoint,1.7884421790989e-05,0.0026692499523051083,8,1194,0.006700167504187605,8,1.3216917504052595e-05,0.00197262493747985,0.0,0.0034379998687654734,0.0034379998687654734,0.0034379998687654734,489,33.20600128173828,0,0,False,False,0.0024479998974129558,0.0024479998974129558
LUA:CivilDataCtrl.NeedCivilDailyUpdateRedPoint,4.6675042869364045e-06,0.0006966250148252584,8,1194,0.006700167504187605,8,4.6675042869364045e-06,0.0006966250148252584,0.0,0.0009899999713525176,0.0009899999713525176,0.0009899999713525176,489,33.20600128173828,0,0,False,False,0.0009899999713525176,0.0009899999713525176
*** pb.decode***116,0.00010277051946625638,0.06135400012135506,2,1194,0.0016750418760469012,2,9.98040203232641e-05,0.05958300013298867,0.0,0.06895799934864044,0.06895799934864044,0.06895799934864044,621,32.13100051879883,0,0,False,False,0.06703099935111823,0.06703099935111823
MemoryMgr.,0.00012737269539829076,0.019010374788194895,8,1194,0.006700167504187605,8,3.738274604356668e-05,0.0055793748470023274,0.0,0.02166599966585636,0.02166599966585636,0.02166599966585636,1074,32.83599853515625,0,0,False,False,0.007759999483823776,0.007759999483823776
LUA:MemoryMgr.func,8.998994935472407e-05,0.013430999941192567,8,1194,0.006700167504187605,8,2.5428811297244962e-05,0.0037952500861138105,0.0,0.014791000634431839,0.014791000634431839,0.014791000634431839,487,33.4640007019043,0,0,False,False,0.0048430003225803375,0.0048430003225803375
LUA:MemoryMgr.EnsureIdleDiscardPulseDetect,6.456113805747911e-05,0.009635749855078757,8,1194,0.006700167504187605,8,2.5609714759847576e-05,0.003822249927907251,0.0,0.010937999933958054,0.010937999933958054,0.010937999933958054,779,31.18199920654297,0,0,False,False,0.004481000127270818,0.004481000127270818
LUA:MemoryMgr.CanPreemptiveDiscardPulse,3.08835839968131e-05,0.004609374911524355,8,1194,0.006700167504187605,8,2.2247068231404327e-05,0.003320374933537096,0.0,0.005415999796241522,0.005415999796241522,0.005415999796241522,779,31.18199920654297,0,0,False,False,0.004217999870888889,0.004217999870888889
LUA:PerformanceUtil.GetMemoryPoolTier,8.636515765408775e-06,0.0012889999779872596,8,1194,0.006700167504187605,8,8.636515765408775e-06,0.0012889999779872596,0.0,0.0016670000040903687,0.0016670000040903687,0.0016670000040903687,1074,32.83599853515625,0,0,False,False,0.0016670000040903687,0.0016670000040903687
BatchChunkSimpleCullingJob (Cleanup),8.069514233573734e-06,0.0006021874996804399,16,1194,0.01340033500837521,17,8.069514233573734e-06,0.0006021874996804399,0.0,0.001041000010445714,0.001041000010445714,0.0008849999867379665,677,34.395999908447266,0,0,False,False,0.001041000010445714,0.001041000010445714
BatchChunkSimpleCullingJob (Burst),0.0013818660027484395,0.04124870018204092,40,1194,0.03350083752093802,65,0.0013818660027484395,0.04124870018204092,0.0,0.08833300322294235,0.09744799882173538,0.09744799882173538,186,33.0890007019043,0,0,False,False,0.09744799882173538,0.08833300322294235
ParticleSystem.SwapBuffer,0.0019055192495633457,0.06149162118861175,37,1194,0.03098827470686767,2003,0.0019055192495633457,0.06149162118861175,0.0,0.12994799914304167,0.13238999893656,0.027499999850988388,59,33.8380012512207,0,0,False,False,0.13238999893656,0.12994799914304167
*** pb.decode***470,0.0003001114082096809,0.358333021402359,1,1194,0.0008375209380234506,1,0.00029845311673944256,0.3563530213868944,0.0,0.358333021402359,0.358333021402359,0.358333021402359,50,33.57899856567383,0,0,False,False,0.3563530213868944,0.3563530213868944
*** pb.decode***256,4.850669921542732e-05,0.057916998863220215,1,1194,0.0008375209380234506,1,4.741624695058971e-05,0.05661499885900412,0.0,0.057916998863220215,0.057916998863220215,0.057916998863220215,50,33.57899856567383,0,0,False,False,0.05661499885900412,0.05661499885900412
LUA:BattleHeadMgr.OnRefreshBattleHeadItem,0.01019523361505425,1.014425744697898,12,1194,0.010050251256281407,604,0.00030651332278072154,0.030498075616681792,0.0,2.7927099853986874,2.7927099853986874,1.1588029861450195,439,33.356998443603516,0,0,False,False,0.08702996029751375,0.08702996029751375
LUA:BattleHeadItemBase.RemoveItem,0.0032596641752113847,0.4865048781502992,8,1194,0.006700167504187605,90,0.00011660134064117868,0.017402750090695918,0.0,1.0528140161186457,1.0528140161186457,0.1622920036315918,512,33.12900161743164,0,0,False,False,0.08760500140488148,0.08760500140488148
GatherChunks (Cleanup),1.268927980478778e-05,0.0005611481513672819,27,1194,0.022613065326633167,27,1.268927980478778e-05,0.0005611481513672818,0.0,0.0010420000180602074,0.001197999925352633,0.001197999925352633,308,33.86199951171875,0,0,False,False,0.001197999925352633,0.0010420000180602074
*** pb.decode***44,0.00010813651622040587,0.1291150003671646,1,1194,0.0008375209380234506,1,0.00010538860997608263,0.12583400031144265,0.0,0.1291150003671646,0.1291150003671646,0.1291150003671646,59,33.8380012512207,0,0,False,False,0.12583400031144265,0.12583400031144265
*** pb.decode***69,0.0006799623245370249,0.16237500309944153,5,1194,0.0041876046901172526,5,0.0006716725424476517,0.16039540313649922,0.0,0.24119800329208374,0.24119800329208374,0.24119800329208374,994,34.694000244140625,0,0,False,False,0.23796800334821455,0.23796800334821455
*** pb.decode***153,3.0229482768568362e-05,0.036094002425670624,1,1194,0.0008375209380234506,1,2.953182781038929e-05,0.03526100240560481,0.0,0.036094002425670624,0.036094002425670624,0.036094002425670624,59,33.8380012512207,0,0,False,False,0.03526100240560481,0.03526100240560481
UP_ENTITY_SCAN,0.011611834842356006,0.7297121474617406,19,1194,0.015912897822445562,19,0.004759206707168176,0.2990785688609896,0.0,1.2010419368743896,1.2010419368743896,1.2010419368743896,250,35.76100158691406,0,0,True,False,0.483687956497306,0.483687956497306
LUA:OutsideArmyEntityCtrl.GetAllArmyEntities,1.866750388329777e-05,0.0011731052440346072,19,1194,0.015912897822445562,19,1.866750388329777e-05,0.0011731052440346074,0.0,0.0017180000431835651,0.0017180000431835651,0.0017180000431835651,378,33.19200134277344,0,0,False,False,0.0017180000431835651,0.0017180000431835651
*** pb.decode***235,8.74597978601903e-05,0.05221349932253361,2,1194,0.0016750418760469012,2,8.497403576430729e-05,0.05072949935129145,0.0,0.05906299874186516,0.05906299874186516,0.05906299874186516,68,32.96799850463867,0,0,False,False,0.05755299880547682,0.05755299880547682
*** pb.decode***372,0.0003526314868399845,0.42104199528694153,1,1194,0.0008375209380234506,1,0.00035010133613764047,0.4180209953483427,0.0,0.42104199528694153,0.42104199528694153,0.42104199528694153,77,33.59400177001953,0,0,False,False,0.4180209953483427,0.4180209953483427
*** pb.decode***279,5.3260469157092734e-05,0.06359300017356873,1,1194,0.0008375209380234506,1,5.2126465807015615e-05,0.06223900017357664,0.0,0.06359300017356873,0.06359300017356873,0.06359300017356873,77,33.59400177001953,0,0,False,False,0.06223900017357664,0.06223900017357664
PrepareTranscriptRenderNodesJob,1.5747068462334885e-05,0.0012534666496018569,15,1194,0.01256281407035176,15,1.5747068462334885e-05,0.0012534666496018569,0.0,0.0016670000040903687,0.0016670000040903687,0.0016670000040903687,356,33.49100112915039,0,0,False,False,0.0016670000040903687,0.0016670000040903687
*** pb.decode***154,6.198576047791908e-05,0.07401099801063538,1,1194,0.0008375209380234506,1,6.006616253280619e-05,0.07171899806417059,0.0,0.07401099801063538,0.07401099801063538,0.07401099801063538,86,33.41600036621094,0,0,False,False,0.07171899806417059,0.07171899806417059
*** pb.decode***77,0.0036389823859460787,0.17379779875278473,25,1194,0.020938023450586266,25,0.003594968985713815,0.1716957187576918,0.0,0.326665997505188,0.34369799494743347,0.34369799494743347,532,33.06700134277344,0,0,False,False,0.34093699500954244,0.32317699757550145
*** pb.decode***133,7.419933376200435e-05,0.08859400451183319,1,1194,0.0008375209380234506,1,7.267337060211519e-05,0.08677200449892553,0.0,0.08859400451183319,0.08859400451183319,0.08859400451183319,95,43.25699996948242,0,0,False,False,0.08677200449892553,0.08677200449892553
*** pb.decode***30,0.00034674288552110917,0.06900183421870072,6,1194,0.005025125628140704,6,0.00033609799442094613,0.06688350088976829,0.0,0.11349000036716461,0.11349000036716461,0.11349000036716461,664,34.13600158691406,0,0,False,False,0.11062600038712844,0.11062600038712844
*** pb.decode***513,0.0003818140507143746,0.45588597655296326,1,1194,0.0008375209380234506,1,0.0003801130457837123,0.4538549766657525,0.0,0.45588597655296326,0.45588597655296326,0.45588597655296326,104,38.46900177001953,0,0,False,False,0.4538549766657525,0.4538549766657525
*** pb.decode***142,3.6074541247070736e-05,0.04307300224900246,1,1194,0.0008375209380234506,1,3.515913086878783e-05,0.04198000225733267,0.0,0.04307300224900246,0.04307300224900246,0.04307300224900246,104,38.46900177001953,0,0,False,False,0.04198000225733267,0.04198000225733267
[res]goLoader_async: assets/bundleresources/effects_yz/mobile/maingame/world/common/p_fx_yz_common_movementtrails_begin.prefab(27701d31ef50fa6f6be96fc1a781ad54),0.0006605494218305927,0.06066892382044058,13,1194,0.010887772194304857,15,0.0005688567914272133,0.052247308381853284,0.0,0.07942700386047363,0.07942700386047363,0.07942700386047363,1003,32.7599983215332,0,0,False,False,0.0694800038181711,0.0694800038181711
[res]assetLoader_async: assets/bundleresources/effects_yz/mobile/maingame/world/common/p_fx_yz_common_movementtrails_begin.prefab(27701d31ef50fa6f6be96fc1a781ad54),4.296649980219939e-05,0.003946307751063544,13,1194,0.010887772194304857,15,4.296649980219939e-05,0.003946307751063544,0.0,0.005157000035978854,0.005157000035978854,0.004896000027656555,1004,32.89899826049805,0,0,False,False,0.005157000035978854,0.005157000035978854
[res]go: assets/bundleresources/effects_yz/mobile/maingame/world/common/p_fx_yz_common_movementtrails_begin.prefab(27701d31ef50fa6f6be96fc1a781ad54),0.004824861909077195,0.4431450091875516,13,1194,0.010887772194304857,15,0.0001609196176167349,0.014779847956490882,0.0,0.8950000107288361,0.8950000107288361,0.5418750047683716,1004,32.89899826049805,0,0,False,False,0.05036400651442818,0.05036400651442818
*** pb.decode***105,0.0001870025092832607,0.055820249021053314,4,1194,0.0033500837520938024,4,0.00014251004560210764,0.04253924861222913,0.0,0.08765599876642227,0.08765599876642227,0.08765599876642227,292,32.91400146484375,0,0,False,False,0.0688540020637447,0.0688540020637447
*** pb.decode***140,0.0001068266289592588,0.042516998325785,3,1194,0.002512562814070352,3,0.0001039045184044463,0.041353998324969624,0.0,0.050780996680259705,0.050780996680259705,0.050780996680259705,1073,33.10100173950195,0,0,False,False,0.04963499666337157,0.04963499666337157
LUA:BattleUtils.GetScaleAndCastType,8.768006968912567e-06,0.005234500160440803,2,1194,0.0016750418760469012,2,8.768006968912567e-06,0.005234500160440803,0.0,0.005313000176101923,0.005313000176101923,0.005313000176101923,693,35.185001373291016,0,0,False,False,0.005313000176101923,0.005313000176101923
C#__add,1.544221124956556e-05,0.009219000115990639,2,1194,0.0016750418760469012,2,1.544221124956556e-05,0.009219000115990639,0.0,0.00937500037252903,0.00937500037252903,0.00937500037252903,693,35.185001373291016,0,0,False,False,0.00937500037252903,0.00937500037252903
C#StaticFireProjectile2,0.00019341541869157124,0.11546900495886803,2,1194,0.0016750418760469012,2,0.0001834263062569464,0.109505504835397,0.0,0.15125000476837158,0.15125000476837158,0.15125000476837158,112,32.93899917602539,0,0,False,False,0.14562500454485416,0.14562500454485416
LUA:AudioMgr.PlayUnloop3DByGrid,0.00016907454036188684,0.10093750059604645,2,1194,0.0016750418760469012,2,2.3381075975087345e-05,0.013958502357127145,0.0,0.12223999947309494,0.12223999947309494,0.12223999947309494,693,35.185001373291016,0,0,False,False,0.014480003679636866,0.014480003679636866
LUA:MapCoordUtil.ConvertGridToWorldPos,0.0002745921307023446,0.023418786004185677,14,1194,0.011725293132328308,14,7.646733901184209e-05,0.006521571627152819,0.0,0.07421800494194031,0.07421800494194031,0.07421800494194031,498,33.69499969482422,0,0,False,False,0.04395799897611141,0.04395799897611141
LUA:AudioMgr.PlayUnloop3DByXYZ,7.611808914635049e-05,0.045442499220371246,2,1194,0.0016750418760469012,2,1.0598822180150541e-05,0.006327496841549873,0.0,0.045625001192092896,0.045625001192092896,0.045625001192092896,112,32.93899917602539,0,0,False,False,0.006717998534440994,0.006717998534440994
C#Play3DSoundXYZ,6.551926696619995e-05,0.03911500237882137,2,1194,0.0016750418760469012,2,6.551926696619995e-05,0.03911500237882137,0.0,0.039323002099990845,0.039323002099990845,0.039323002099990845,693,35.185001373291016,0,0,False,False,0.039323002099990845,0.039323002099990845
ParticleSystem.Prewarm,5.7492461336317975e-05,0.03432299941778183,2,1194,0.0016750418760469012,2,1.949832400882701e-05,0.011640499433269724,0.0,0.036249998956918716,0.036249998956918716,0.036249998956918716,112,32.93899917602539,0,0,False,False,0.012967999442480505,0.012967999442480505
ParticleSystem.UpdateJob,3.7208542701986364e-05,0.02221349999308586,2,1194,0.0016750418760469012,2,3.7208542701986364e-05,0.022213499993085858,0.0,0.023020999506115913,0.023020999506115913,0.023020999506115913,112,32.93899917602539,0,0,False,False,0.023020999506115913,0.023020999506115913
C#GetViewTreePoolEntityCount,5.273869217465471e-05,0.01574249961413443,4,1194,0.0033500837520938024,4,5.273869217465471e-05,0.01574249961413443,0.0,0.016666999086737633,0.016666999086737633,0.016666999086737633,740,33.35499954223633,0,0,False,False,0.016666999086737633,0.016666999086737633
LUA:LoginUICtrl.CurrentFPSChanged,0.00010490787357491265,0.010438333420703808,12,1194,0.010050251256281407,12,2.2506700529150626e-05,0.002239416702650487,0.0,0.012500000186264515,0.012500000186264515,0.012500000186264515,740,33.35499954223633,0,0,False,False,0.0031240005046129227,0.0031240005046129227
LUA:LoginUICtrl.RefreshWatermarkHint2,8.240117304576202e-05,0.00819891671805332,12,1194,0.010050251256281407,12,2.6434673997924554e-05,0.0026302500627934933,0.0,0.010052000172436237,0.010052000172436237,0.010052000172436237,681,33.183998107910156,0,0,False,False,0.003332999534904957,0.003332999534904957
LUA:LoginUICtrl.IsDistributionWatermarkMode,5.5966499047837464e-05,0.005568666655259828,12,1194,0.010050251256281407,12,2.957370219568112e-05,0.0029425833684702716,0.0,0.006874999962747097,0.006874999962747097,0.006874999962747097,681,33.183998107910156,0,0,False,False,0.004218999994918704,0.004218999994918704
LUA:LoginUICtrl.IsDistributionWatermarkTestEnabled,2.6392796852156346e-05,0.0026260832867895565,12,1194,0.010050251256281407,12,1.858626422121297e-05,0.0018493332900106907,0.0,0.0032290001399815083,0.0032290001399815083,0.0032290001399815083,740,33.35499954223633,0,0,False,False,0.0022399999434128404,0.0022399999434128404
LUA:LoginUICtrl.IsDistributionWatermarkGMTestEnabled,7.806532630943373e-06,0.0007767499967788657,12,1194,0.010050251256281407,12,7.806532630943373e-06,0.0007767499967788657,0.0,0.001197999925352633,0.001197999925352633,0.001197999925352633,740,33.35499954223633,0,0,False,False,0.001197999925352633,0.001197999925352633
ParentSystem.DeletedParents,0.0016114011574501462,0.19240129819954746,10,1194,0.008375209380234505,10,0.0011044824202923289,0.13187520098290406,0.0,0.8282819986343384,0.8282819986343384,0.8282819986343384,146,29.743999481201172,0,0,False,False,0.41145898099057376,0.41145898099057376
ParentSystem.RemoveParents,1.0077051900856046e-05,0.001203199996962212,10,1194,0.008375209380234505,10,1.0077051900856046e-05,0.0012031999969622119,0.0,0.0021359999664127827,0.0021359999664127827,0.0021359999664127827,113,34.486000061035156,0,0,False,False,0.0021359999664127827,0.0021359999664127827
ParentSystem.NewParents,0.001718225347976414,0.20515610654838384,10,1194,0.008375209380234505,10,0.0014216910056704328,0.16974990607704968,0.0,0.8851560354232788,0.8851560354232788,0.8851560354232788,113,34.486000061035156,0,0,False,False,0.7096350230276585,0.7096350230276585
ParentSystem.ChangeParents,0.0013762830869314983,0.1643282005796209,10,1194,0.008375209380234505,10,0.0013457922997355612,0.16068760058842602,0.0,0.7842710018157959,0.7842710018157959,0.7842710018157959,113,34.486000061035156,0,0,False,False,0.7779690017923713,0.7779690017923713
ParentSystem:FixupChangedChildren (Burst),1.4874371824789186e-05,0.004439999989699572,4,1194,0.0033500837520938024,4,1.4874371824789186e-05,0.004439999989699572,0.0,0.00520800007507205,0.00520800007507205,0.00520800007507205,711,32.20199966430664,0,0,False,False,0.00520800007507205,0.00520800007507205
TransformAccessArray.Sort,2.3773032079889148e-05,0.004730833383897941,6,1194,0.005025125628140704,6,2.3773032079889148e-05,0.004730833383897941,0.0,0.00802099984139204,0.00802099984139204,0.00802099984139204,694,35.33300018310547,0,0,False,False,0.00802099984139204,0.00802099984139204
WriteInstanceDataJob (Burst),0.000126370181198118,0.07544299817527644,2,1194,0.0016750418760469012,2,0.000126370181198118,0.07544299817527644,0.0,0.1502079963684082,0.1502079963684082,0.1502079963684082,163,30.95400047302246,0,0,False,False,0.1502079963684082,0.1502079963684082
*** pb.decode***206,7.607453694595164e-05,0.04541649855673313,2,1194,0.0016750418760469012,2,7.398073461113055e-05,0.044166498562844936,0.0,0.05338499695062637,0.05338499695062637,0.05338499695062637,122,32.8489990234375,0,0,False,False,0.05208299696823815,0.05208299696823815
TrailRenderer.ScheduleGeometryJobs,2.687269698132697e-05,0.0014584545543502,22,1194,0.018425460636515914,22,2.687269698132697e-05,0.0014584545543502,0.0,0.0028119999915361404,0.005729000084102154,0.005729000084102154,124,33.492000579833984,0,0,False,False,0.005729000084102154,0.0028119999915361404
AoETextureStreamingManager CalculateMipmapLevel,6.521356782641565e-05,0.03893249999237014,2,1194,0.0016750418760469012,107,6.521356782641565e-05,0.03893249999237014,0.0,0.03901200013933703,0.03901200013933703,0.003855000017210841,129,34.194000244140625,0,0,False,False,0.03901200013933703,0.03901200013933703
*** pb.decode***143,0.00014246482296005966,0.08505149930715561,2,1194,0.0016750418760469012,2,0.00013749246125925962,0.08208299937177799,0.0,0.09536399692296982,0.09536399692296982,0.09536399692296982,129,34.194000244140625,0,0,False,False,0.09291599694552133,0.09291599694552133
LUA:MapEntityOp.CanPlayDeadAnim,0.00033731909154429156,0.01830722705926746,22,1194,0.018425460636515914,27,0.0002774329950077104,0.015057045274509372,0.0,0.02901000063866377,0.07286499440670013,0.07286499440670013,662,32.42900085449219,0,0,False,False,0.0676039945683442,0.022761000669561327
LUA:WorldUtil.IsSeaTerrainType,2.5820770156429377e-05,0.0014013636166716672,22,1194,0.018425460636515914,27,2.5820770156429377e-05,0.001401363616671667,0.0,0.002240000059828162,0.0032809998374432325,0.0032809998374432325,662,32.42900085449219,0,0,False,False,0.0032809998374432325,0.002240000059828162
LUA:CivilDataCtrl.GetSkillIdByBattleSkillId,4.1394472463248324e-05,0.0012054878078321585,41,1194,0.03433835845896147,58,4.1394472463248324e-05,0.0012054878078321585,0.0,0.001875000016298145,0.0030209999240469187,0.001978999935090542,382,32.67100143432617,0,0,False,False,0.0030209999240469187,0.001875000016298145
C#StaticStopArmy,0.005419062773059037,0.1960715439706815,33,1194,0.02763819095477387,45,0.004904597106013253,0.17745724074484315,0.0,0.4543229788541794,0.4847389906644821,0.44307300448417664,754,33.61600112915039,0,0,False,False,0.42073098873515846,0.40843800532456953
LUA:OutsideNormalArmyEntity.OnMoveEnd,0.00021112730264058414,0.007638969677359317,33,1194,0.02763819095477387,45,7.406951385937082e-05,0.002679969683275417,0.0,0.010729999979957938,0.011666999664157629,0.008853999897837639,844,34.75400161743164,0,0,False,False,0.00395899941213429,0.003594000358134508
LUA:OutsideNormalArmyEntity.IsOnOccupyingResourceEntityGrid,0.00013705778878121333,0.004958999994083901,33,1194,0.02763819095477387,45,7.851758901220146e-05,0.002840909129714198,0.0,0.00723999971523881,0.007708000252023339,0.005885000340640545,844,34.75400161743164,0,0,False,False,0.00416700029745698,0.004115000134333968
LUA:OutsideNormalArmyEntity.GetOccupyingResourceGridIndex,5.854019976901187e-05,0.002118090864369702,33,1194,0.02763819095477387,45,5.854019976901187e-05,0.002118090864369702,0.0,0.0035409999545663595,0.003541999845765531,0.0028649999294430017,391,33.36800003051758,0,0,False,False,0.003541999845765531,0.0035409999545663595
TRSToLocalToWorldSystem:TRSToLocalToWorld (Cleanup),4.3634841627311866e-07,0.0005210000090301037,1,1194,0.0008375209380234506,1,4.3634841627311866e-07,0.0005210000090301037,0.0,0.0005210000090301037,0.0005210000090301037,0.0005210000090301037,130,33.202999114990234,0,0,False,False,0.0005210000090301037,0.0005210000090301037
*** pb.decode***85,0.0013252026721261056,0.14384472641077908,11,1194,0.009212730318257957,11,0.001309979054140835,0.14219227187674155,0.0,0.16843698918819427,0.16843698918819427,0.16843698918819427,871,33.7239990234375,0,0,False,False,0.1660929892823333,0.1660929892823333
*** pb.decode***114,0.00019214992135313888,0.1147135030478239,2,1194,0.0016750418760469012,2,0.00018844221628860336,0.1125000031242962,0.0,0.19244800508022308,0.19244800508022308,0.19244800508022308,595,33.356998443603516,0,0,False,False,0.18906300524395192,0.18906300524395192
*** pb.decode***152,0.0003005041860955045,0.11960066606601079,3,1194,0.002512562814070352,3,0.00029806197501782957,0.11862866605709617,0.0,0.15895798802375793,0.15895798802375793,0.15895798802375793,449,33.6150016784668,0,0,False,False,0.1584359880143893,0.1584359880143893
*** pb.decode***211,3.821189379572269e-05,0.045625001192092896,1,1194,0.0008375209380234506,1,3.703433932384345e-05,0.04421900115266908,0.0,0.045625001192092896,0.045625001192092896,0.045625001192092896,143,33.665000915527344,0,0,False,False,0.04421900115266908,0.04421900115266908
TimeText.3,0.0005720427167762563,0.006209263671189546,110,1194,0.09212730318257957,111,0.00015926298703311927,0.0017287273319776765,0.0059889997355639935,0.008124999701976776,0.013385000173002481,0.010937000624835491,816,33.75,0,0,False,False,0.005052000284194946,0.0023429999127984047
LUA:BattleHeadItemTimeText._74,0.0004127797297431371,0.004480536339211871,110,1194,0.09212730318257957,111,0.0003902671666202795,0.004236172699496488,0.004269999917596579,0.0059380000457167625,0.009740000125020742,0.007447999902069569,816,33.75,0,0,False,False,0.009323000122094527,0.005677000037394464
TimeText.4,0.0008205963139557959,0.008907199989665639,110,1194,0.09212730318257957,111,0.00011040535724255407,0.0011983999686146325,0.0061980001628398895,0.00859300047159195,0.22187499701976776,0.22187499701976776,1136,33.16600036621094,0,0,False,False,0.005415990948677063,0.0017189993523061275
LUA:BattleHeadItemTimeText._75,0.0007101909567132417,0.007708800021051006,110,1194,0.09212730318257957,111,0.0005758383624892138,0.006250463680110193,0.005156000144779682,0.0072919996455311775,0.2164590060710907,0.2164590060710907,1136,33.16600036621094,0,0,False,False,0.21479200606700033,0.00572999962605536
LUA:OutsideArmyEntityBase.GetSpecialPerformBuffId,0.00013435259422402786,0.0014583363409408114,110,1194,0.09212730318257957,111,0.00013435259422402786,0.0014583363409408114,0.0009380000410601497,0.0016139999497681856,0.04921799898147583,0.04921799898147583,831,31.55500030517578,0,0,False,False,0.04921799898147583,0.0016139999497681856
LUA:BattleHeadItemTimeText._76,0.0012791331715482463,0.013884409152987328,110,1194,0.09212730318257957,111,0.0004136113916372434,0.00448956365104426,0.010937999933958054,0.014948000200092793,0.18119800090789795,0.18119800090789795,852,36.8849983215332,0,0,False,False,0.013646000530570745,0.0054689995013177395
LUA:BattleHeadItemTimeText._78,0.0001442981546288793,0.0015662908784261989,110,1194,0.09212730318257957,111,0.0001442981546288793,0.0015662908784261989,0.001509999972768128,0.0022909999825060368,0.003019999945536256,0.003019999945536256,841,34.1510009765625,0,0,False,False,0.003019999945536256,0.0022909999825060368
TimeText.8,0.00023742127214703503,0.0025770999903959985,110,1194,0.09212730318257957,111,9.879062091268698e-05,0.0010723272851795296,0.0024999999441206455,0.0034379998687654734,0.004531000042334199,0.004010000266134739,816,33.75,0,0,False,False,0.0023960000253282487,0.00145800004247576
LUA:BattleHeadItemTimeText._79,0.00013863065123434804,0.0015047727052164687,110,1194,0.09212730318257957,111,0.00013863065123434804,0.0015047727052164687,0.0014059999957680702,0.0021359999664127827,0.002552000107243657,0.002552000107243657,841,34.1510009765625,0,0,False,False,0.002552000107243657,0.0021359999664127827
TimeText.9,0.00026604187566790126,0.0028877636322497645,110,1194,0.09212730318257957,111,9.40016766762832e-05,0.0010203454722862014,0.00229199999012053,0.0032809998374432325,0.05406299978494644,0.05406299978494644,502,32.54800033569336,0,0,False,False,0.004062999039888382,0.001509999972768128
LUA:BattleHeadItemTimeText._80,0.00017204019899161804,0.001867418159963563,110,1194,0.09212730318257957,111,0.00017204019899161804,0.001867418159963563,0.0014059999957680702,0.0018229999113827944,0.05000000074505806,0.05000000074505806,502,32.54800033569336,0,0,False,False,0.05000000074505806,0.0018229999113827944
TimeText.10,0.0002950050267882308,0.003202145472592251,110,1194,0.09212730318257957,111,9.491541719791858e-05,0.0010302637103119527,0.002239000052213669,0.0035420000785961747,0.09354100376367569,0.09354100376367569,1056,34.22200012207031,0,0,False,False,0.009218007326126099,0.0014070001197978854
LUA:BattleHeadItemTimeText._81,0.00020008960959031223,0.0021718817622802984,110,1194,0.09212730318257957,111,0.00020008960959031223,0.0021718817622802984,0.0013020000187680125,0.001978999935090542,0.08432299643754959,0.08432299643754959,1056,34.22200012207031,0,0,False,False,0.08432299643754959,0.001978999935090542
TimeText.11,0.0004196314900096387,0.004554909082468261,110,1194,0.09212730318257957,111,9.364991691010307e-05,0.0010165272799151188,0.0041149999015033245,0.006666999775916338,0.009062000317499042,0.008802000433206558,816,33.75,0,0,False,False,0.002187000587582588,0.001666999887675047
LUA:BattleHeadItemTimeText._82,0.00032598157309953564,0.0035383818025531417,110,1194,0.09212730318257957,111,0.00023795309760475179,0.0025828727140006693,0.0032290001399815083,0.00520800007507205,0.0069790000561624765,0.006823000032454729,816,33.75,0,0,False,False,0.0058330000611022115,0.0040099999168887734
LUA:OutsideNormalArmyData.GetSacrificeWorshipEndTime,8.802847549478388e-05,0.0009555090885524722,110,1194,0.09212730318257957,111,8.802847549478388e-05,0.0009555090885524722,0.0009369999752379954,0.0013539999490603805,0.0017709999810904264,0.0017709999810904264,1181,32.981998443603516,0,0,False,False,0.0017709999810904264,0.0013539999490603805
TimeText.12,0.00023297906100166527,0.002528881807599894,110,1194,0.09212730318257957,111,0.00012558207672067498,0.001363136360040781,0.0020309998653829098,0.0028649999294430017,0.04864500090479851,0.04864500090479851,767,32.53499984741211,0,0,False,False,0.045728000812232494,0.0013020001351833344
LUA:BattleHeadItemTimeText._83,0.00010739698428099029,0.0011657454475591127,110,1194,0.09212730318257957,111,0.00010739698428099029,0.0011657454475591127,0.0010939999483525753,0.0016670000040903687,0.0029170000925660133,0.0029170000925660133,767,32.53499984741211,0,0,False,False,0.0029170000925660133,0.0016670000040903687
TimeText.14,0.00017199999811923385,0.0018669817977669564,110,1194,0.09212730318257957,111,8.741875928986531e-05,0.0009488908962918108,0.0017189999343827367,0.002604000037536025,0.00406399997882545,0.0029170000925660133,816,33.75,0,0,False,False,0.0020329999970272183,0.0014059999957680702
LUA:BattleHeadItemTimeText._85,8.458123882936854e-05,0.0009180909014751457,110,1194,0.09212730318257957,111,8.458123882936854e-05,0.0009180909014751457,0.0008849999867379665,0.001197999925352633,0.0020309999817982316,0.0016139999497681856,816,33.75,0,0,False,False,0.0020309999817982316,0.001197999925352633
LUA:BattleHeadItemTimeText.PlayOutAnimAndHide,0.0011595711847174432,0.01258661813229661,110,1194,0.09212730318257957,135,8.733416915289322e-05,0.0009479727088050409,0.005781000014394522,0.03880199929699302,0.08734399825334549,0.08734399825334549,852,36.8849983215332,0,0,False,False,0.002553000580519438,0.0015630056150257587
LargeAllocation.Alloc,3.952093709453666e-05,0.04718799889087677,1,1194,0.0008375209380234506,1,3.952093709453666e-05,0.04718799889087677,0.0,0.04718799889087677,0.04718799889087677,0.04718799889087677,145,34.922000885009766,0,0,False,False,0.04718799889087677,0.04718799889087677
LargeAllocation.Free,0.0004893392074846942,0.5842710137367249,1,1194,0.0008375209380234506,1,0.0004893392074846942,0.584271013736725,0.0,0.5842710137367249,0.5842710137367249,0.5842710137367249,145,34.922000885009766,0,0,False,False,0.5842710137367249,0.5842710137367249
SyncViewEntitySystem:SyncViewEntityJob (Burst),3.4154104519326555e-05,0.01359333359869197,3,1194,0.002512562814070352,6,3.4154104519326555e-05,0.01359333359869197,0.0,0.018489000329282135,0.018489000329282135,0.017656000331044197,146,29.743999481201172,0,0,False,False,0.018489000329282135,0.018489000329282135
ParentSystem:FindMissingChild (Burst),6.149915886272238e-06,0.003671499784104526,2,1194,0.0016750418760469012,2,6.149915886272238e-06,0.003671499784104526,0.0,0.0040619997307658195,0.0040619997307658195,0.0040619997307658195,711,32.20199966430664,0,0,False,False,0.0040619997307658195,0.0040619997307658195
*** pb.decode***331,0.0004046272917009478,0.24156249314546585,2,1194,0.0016750418760469012,2,0.00040087603550242266,0.23932299319494632,0.0,0.3904689848423004,0.3904689848423004,0.3904689848423004,148,34.457000732421875,0,0,False,False,0.38822998490650207,0.38822998490650207
*** pb.decode***198,6.517002256072346e-05,0.07781300693750381,1,1194,0.0008375209380234506,1,6.377387516580014e-05,0.07614600694796538,0.0,0.07781300693750381,0.07781300693750381,0.07781300693750381,148,34.457000732421875,0,0,False,False,0.07614600694796536,0.07614600694796536
*** pb.decode***93,3.5681741521186765e-05,0.042603999376297,1,1194,0.0008375209380234506,1,3.459045175340891e-05,0.04130099939357024,0.0,0.042603999376297,0.042603999376297,0.042603999376297,148,34.457000732421875,0,0,False,False,0.04130099939357024,0.04130099939357024
LUA:OutsideArmyEventNet.CfgNs.SceneEventType.SET_YzEntityHpChange,6.678391878229489e-05,0.03986999951303005,2,1194,0.0016750418760469012,2,8.070351590263584e-06,0.00481799989938736,0.0,0.04093800112605095,0.04093800112605095,0.04093800112605095,148,34.457000732421875,0,0,False,False,0.004896000027656555,0.004896000027656555
LUA:OutsideArmyEventNet.CfgNs.SceneEventType.SET_EntityHighPriorityEvent,0.00010311892800192213,0.011193090912208638,11,1194,0.009212730318257957,18,7.04924626294617e-05,0.007651636398143389,0.0,0.022239000536501408,0.022239000536501408,0.012343000620603561,984,52.75299835205078,0,0,False,False,0.014010000973939896,0.014010000973939896
LUA:MapSignificanceMgr.SetPriorityEntity,3.262646537246042e-05,0.0035414545140652494,11,1194,0.009212730318257957,18,3.262646537246042e-05,0.0035414545140652486,0.0,0.008228999562561512,0.008228999562561512,0.004270999692380428,984,52.75299835205078,0,0,False,False,0.008228999562561512,0.008228999562561512
LUA:MapSignificanceEntityTask.PopTask,5.151758768394514e-05,0.004731692284202347,13,1194,0.010887772194304857,31,5.151758768394514e-05,0.004731692284202347,0.0,0.009062000084668398,0.009062000084668398,0.0046350001357495785,693,35.185001373291016,0,0,False,False,0.009062000084668398,0.009062000084668398
LUA:OutsideNormalArmyEntity.OnRefresh_fightState,0.01124843209903918,0.33576569815631957,40,1194,0.03350083752093802,130,0.0011397495087550312,0.03402152283633768,0.0,0.6496359705924988,0.7851559817790985,0.5839059948921204,526,32.85200119018555,0,0,False,False,0.10089201520895585,0.056926994991954416
LUA:OutsideNormalArmyEntity.SetSkillBuffBluePrintState,0.00035463484184320397,0.012831333368508653,33,1194,0.02763819095477387,37,0.00022329899675577062,0.0080793637007997,0.0,0.022760000079870224,0.061094000935554504,0.061094000935554504,841,34.1510009765625,0,0,False,False,0.05536600077175535,0.012552000291179866
LUA:Mgr.__index,0.00010660636458909404,0.003857212100587221,33,1194,0.02763819095477387,114,0.00010660636458909404,0.003857212100587221,0.0,0.0070309999864548445,0.00854099978459999,0.0034890000242739916,526,32.85200119018555,0,0,True,False,0.00854099978459999,0.0070309999864548445
LUA:Mgr.Get,2.69103850523896e-05,0.0009736666591682782,33,1194,0.02763819095477387,38,2.69103850523896e-05,0.0009736666591682782,0.0,0.0016670000040903687,0.002187000121921301,0.002187000121921301,841,34.1510009765625,0,0,True,False,0.002187000121921301,0.0016670000040903687
*** ArmyCombat_PlayCombatAudio ***,0.0004180217744046245,0.015124787837549142,33,1194,0.02763819095477387,37,0.0004067244540534951,0.014716030246662824,0.0,0.04307300224900246,0.0517189996317029,0.04307300224900246,995,32.95600128173828,0,0,False,False,0.0517189996317029,0.04307300224900246
C#StaticStopArmyLoopAnim,0.00010246482433617065,0.008738785732670553,14,1194,0.011725293132328308,16,0.00010246482433617065,0.008738785732670553,0.0,0.017603999935090542,0.017603999935090542,0.009219000115990639,995,32.95600128173828,0,0,False,False,0.017603999935090542,0.017603999935090542
LUA:OutsideNormalArmyEntity.OnRefresh_combatDetail,3.519932995569834e-05,0.0010776410247975339,39,1194,0.032663316582914576,44,3.519932995569834e-05,0.0010776410247975339,0.0,0.0016670000040903687,0.0024480000138282776,0.0024480000138282776,947,31.593000411987305,0,0,False,False,0.0024480000138282776,0.0016670000040903687
*** pb.decode***73,0.0001387579563125294,0.055225666612386703,3,1194,0.002512562814070352,3,0.00013448073691483728,0.053523333292105235,0.0,0.08624999970197678,0.08624999970197678,0.08624999970197678,858,32.53900146484375,0,0,False,False,0.08437499971478246,0.08437499971478246
*** pb.decode***334,0.00027123450534028223,0.323853999376297,1,1194,0.0008375209380234506,1,0.0002701867666760252,0.3226029994111741,0.0,0.323853999376297,0.323853999376297,0.323853999376297,158,33.12300109863281,0,0,False,False,0.3226029994111741,0.3226029994111741
*** pb.decode***475,6.17671664336219e-05,0.07374999672174454,1,1194,0.0008375209380234506,1,6.072026526621134e-05,0.07249999672785634,0.0,0.07374999672174454,0.07374999672174454,0.07374999672174454,158,33.12300109863281,0,0,False,False,0.07249999672785634,0.07249999672785634
LUA:BattleCorePoolMgr.Put,0.0014728149040360346,0.14654508295158544,12,1194,0.010050251256281407,13,4.876548209082541e-05,0.004852165468037128,0.0,0.24598899483680725,0.24598899483680725,0.24598899483680725,650,33.08599853515625,0,0,False,False,0.006874980870634317,0.006874980870634317
LUA:BattleCorePoolMgr.onPutFunc,0.0013028701807885513,0.12963558298846087,12,1194,0.010050251256281407,13,3.367586925600841e-05,0.003350748990972837,0.0,0.22562499344348907,0.22562499344348907,0.22562499344348907,650,33.08599853515625,0,0,False,False,0.004529997706413269,0.004529997706413269
LUA:PopupBox_SimpleBattleHint_UGUI.OnPut,0.001269194311532543,0.12628483399748802,12,1194,0.010050251256281407,13,0.00022128644725775824,0.022018001502146944,0.0,0.2221360057592392,0.2221360057592392,0.2221360057592392,650,33.08599853515625,0,0,False,False,0.10151000402402133,0.10151000402402133
LUA:EvtMgr.UnregistByObj,1.792964780289006e-05,0.0016467691905115945,13,1194,0.010887772194304857,15,1.792964780289006e-05,0.0016467691905115945,0.0,0.0030209998367354274,0.0030209998367354274,0.0024480000138282776,1075,33.48500061035156,0,0,False,False,0.0030209998367354274,0.0030209998367354274
UnityEngine.UI.dll!UnityEngine.EventSystems::UIBehaviour.OnBeforeTransformParentChanged(),9.279731986171588e-05,0.0028410256388433017,39,1194,0.032663316582914576,520,9.279731986171588e-05,0.0028410256388433017,0.0,0.0043809999551740475,0.01343899976927787,0.009530999697744846,534,32.84700012207031,0,0,False,False,0.01343899976927787,0.0043809999551740475
UnityEngine.UI.dll!::UIBehaviourForNormalRenderer.OnTransformParentChanged(),0.000521609718629379,0.015969282154960986,39,1194,0.032663316582914576,520,0.000521609718629379,0.015969282154960986,0.0,0.15015800252149347,0.16958100128977094,0.06416600197553635,984,52.75299835205078,0,0,False,False,0.16958100128977094,0.15015800252149347
*** pb.decode***225,4.366499183066127e-05,0.052136000245809555,1,1194,0.0008375209380234506,1,4.244388629791757e-05,0.05067800023971358,0.0,0.052136000245809555,0.052136000245809555,0.052136000245809555,167,34.0989990234375,0,0,False,False,0.05067800023971358,0.05067800023971358
*** pb.decode***74,2.8746233788167613e-05,0.03432300314307213,1,1194,0.0008375209380234506,1,2.778643479732987e-05,0.03317700314801186,0.0,0.03432300314307213,0.03432300314307213,0.03432300314307213,174,33.275001525878906,0,0,False,False,0.03317700314801186,0.03317700314801186
*** pb.decode***218,3.9782244056912524e-05,0.04749999940395355,1,1194,0.0008375209380234506,1,3.82554433940831e-05,0.04567699941253522,0.0,0.04749999940395355,0.04749999940395355,0.04749999940395355,181,33.79499816894531,0,0,False,False,0.045676999412535224,0.045676999412535224
*** pb.decode***106,6.765577711252311e-05,0.0403904989361763,2,1194,0.0016750418760469012,2,6.468927798171838e-05,0.038619498955085874,0.0,0.042187999933958054,0.042187999933958054,0.042187999933958054,190,33.051998138427734,0,0,False,False,0.04031299997586757,0.04031299997586757
*** pb.decode***358,0.0003599154340162549,0.4297390282154083,1,1194,0.0008375209380234506,1,0.0003566876283922943,0.4258850283003994,0.0,0.4297390282154083,0.4297390282154083,0.4297390282154083,199,33.1870002746582,0,0,False,False,0.4258850283003994,0.4258850283003994
*** pb.decode***257,0.00017963065898398458,0.1072395034134388,2,1194,0.0016750418760469012,2,0.00017675209954488044,0.10552100342829362,0.0,0.16135400533676147,0.16135400533676147,0.16135400533676147,456,33.084999084472656,0,0,False,False,0.15937400533584878,0.15937400533584878
NetMgr.,3.7207705759672666e-05,0.01110650016926229,4,1194,0.0033500837520938024,4,1.2955611955430639e-05,0.0038672501686960454,0.0,0.014479000121355057,0.014479000121355057,0.014479000121355057,794,32.77399826049805,0,0,False,False,0.005156000144779682,0.005156000144779682
*** pb.decode***231,8.959798969116243e-05,0.05348999984562397,2,1194,0.0016750418760469012,2,8.750418735634133e-05,0.052239999851735774,0.0,0.05354199931025505,0.05354199931025505,0.05354199931025505,212,33.15800094604492,0,0,False,False,0.05239599929336691,0.05239599929336691
*** pb.decode***136,3.2323283116821466e-05,0.03859400004148483,1,1194,0.0008375209380234506,1,3.149413736951475e-05,0.03760400001920061,0.0,0.03859400004148483,0.03859400004148483,0.03859400004148483,221,33.395999908447266,0,0,False,False,0.03760400001920061,0.03760400001920061
SyncViewEntitySystem:CalculateShadowVertexJob (Burst),7.938023590696492e-06,0.003159333389097204,3,1194,0.002512562814070352,5,7.938023590696492e-06,0.003159333389097204,0.0,0.004270999983418733,0.004270999983418733,0.0036979999858886003,265,32.87099838256836,0,0,False,False,0.004270999983418733,0.004270999983418733
SyncViewEntitySystem:CalculateShadowVertexJob (Cleanup),4.3634841627311866e-07,0.0005210000090301037,1,1194,0.0008375209380234506,1,4.3634841627311866e-07,0.0005210000090301037,0.0,0.0005210000090301037,0.0005210000090301037,0.0005210000090301037,225,33.13800048828125,0,0,False,False,0.0005210000090301037,0.0005210000090301037
ParentSystem:GatherChildEntities (Burst),1.177721940779706e-05,0.004687333324303229,3,1194,0.002512562814070352,3,1.177721940779706e-05,0.004687333324303229,0.0,0.004896000027656555,0.004896000027656555,0.004896000027656555,711,32.20199966430664,0,0,False,False,0.004896000027656555,0.004896000027656555
*** pb.decode***68,0.0005037344904800556,0.15036474540829659,4,1194,0.0033500837520938024,4,0.0004993274553417727,0.14904924541951914,0.0,0.18885499238967896,0.18885499238967896,0.18885499238967896,548,40.38199996948242,0,0,False,False,0.18671899245237,0.18671899245237
*** pb.decode***306,0.00010072026819839349,0.06013000011444092,2,1194,0.0016750418760469012,2,9.836599692210697e-05,0.05872450016249786,0.0,0.06192699819803238,0.06192699819803238,0.06192699819803238,228,33.29600143432617,0,0,False,False,0.06031299826281611,0.06031299826281611
CullSceneDynamicObjects,3.764489189826164e-05,0.0224740004632622,2,1194,0.0016750418760469012,6,2.3115588000059437e-06,0.0013800006036035484,0.0,0.03515600040555,0.03515600040555,0.010625000111758709,1050,35.30699920654297,0,0,False,False,0.0019270006341685075,0.0019270006341685075
ProcessCameraIndexList1,3.249832476571926e-05,0.0194014998851344,2,1194,0.0016750418760469012,6,3.249832476571926e-05,0.0194014998851344,0.0,0.03015599981881678,0.03015599981881678,0.009999999776482582,1050,35.30699920654297,0,0,False,False,0.03015599981881678,0.03015599981881678
CullObjectsWithoutUmbra,2.1373533865449003e-06,0.0012759999717673054,2,1194,0.0016750418760469012,6,2.1373533865449003e-06,0.0012759999717673054,0.0,0.002395999945292715,0.002395999945292715,0.001509999972768128,1050,35.30699920654297,0,0,False,False,0.002395999945292715,0.002395999945292715
ProcessCameraIndexList2,6.976549459915371e-07,0.00041650000275694765,2,1194,0.0016750418760469012,6,6.976549459915371e-07,0.00041650000275694765,0.0,0.0006770000072719995,0.0006770000072719995,0.0002610000083222985,1050,35.30699920654297,0,0,False,False,0.0006770000072719995,0.0006770000072719995
*** pb.decode***56,0.00013042629775988996,0.0519096665084362,3,1194,0.002512562814070352,3,0.00012519095437114682,0.04982599983971644,0.0,0.057707998901605606,0.057707998901605606,0.057707998901605606,821,36.94499969482422,0,0,False,False,0.05489499887335114,0.05489499887335114
*** pb.decode***144,0.00040872780983671673,0.12200525123625994,4,1194,0.0033500837520938024,4,0.000402706871822469,0.12020800123900699,0.0,0.2001039981842041,0.2001039981842041,0.2001039981842041,1081,32.28499984741211,0,0,False,False,0.19869699815899367,0.19869699815899367
*** pb.decode***317,5.308626035549733e-05,0.0633849948644638,1,1194,0.0008375209380234506,1,5.1994970587719466e-05,0.06208199488173704,0.0,0.0633849948644638,0.0633849948644638,0.0633849948644638,235,42.39799880981445,0,0,False,False,0.062081994881737046,0.062081994881737046
LUA:OutsideNormalArmyEntity.OnDelayedCleanUp,0.004097614655742294,0.9785103797912598,5,1194,0.0041876046901172526,7,7.943363653646448e-05,0.018968752404907717,0.0,1.6991669535636902,1.6991669535636902,1.1866669654846191,235,42.39799880981445,0,0,False,True,0.034896890181698836,0.034896890181698836
Lua:ArmyDelayCleanUp,0.004016435625565112,0.9591248273849488,5,1194,0.0041876046901172526,7,0.00013330663619500583,0.03183362472336739,0.0,1.6633850634098053,1.6633850634098053,1.1696350574493408,235,42.39799880981445,0,0,False,False,0.04870103346183896,0.04870103346183896
C#StaticDeleteArmySoldiersWithFadeOut,0.0027981482358833453,0.6681977987289429,5,1194,0.0041876046901172526,7,0.002607486592787792,0.6226677983577247,0.0,1.2891140282154083,1.2891140282154083,0.917447030544281,235,42.39799880981445,0,0,False,False,1.2002090273454087,1.2002090273454087
LUA:MapDataCtrl.AddDelayedDeleteData,0.0005318266363000151,0.1270002007484436,5,1194,0.0041876046901172526,7,5.696984741156624e-05,0.01360439956188202,0.0,0.15333400666713715,0.15333400666713715,0.15333400666713715,938,30.99799919128418,0,0,False,False,0.02135399542748928,0.02135399542748928
LUA:MapEntityCtrl.AddDelayedDeleteEntity,9.509296370186598e-05,0.022708199732005597,5,1194,0.0041876046901172526,7,1.5877719359765675e-05,0.003791599383112043,0.0,0.02864599972963333,0.02864599972963333,0.022082999348640442,235,42.39799880981445,0,0,False,False,0.00541699948371388,0.00541699948371388
LUA:BigBattleFieldMgr.func,3.36758801760386e-05,0.010052250232547522,4,1194,0.0033500837520938024,4,3.36758801760386e-05,0.010052250232547522,0.0,0.01140700001269579,0.01140700001269579,0.01140700001269579,830,39.435001373291016,0,0,False,False,0.01140700001269579,0.01140700001269579
LUA:PlayerResCtrl.func,0.0007324372129624014,0.2186325080692768,4,1194,0.0033500837520938024,4,3.210387779715654e-05,0.009583007522451226,0.0,0.2615620195865631,0.2615620195865631,0.2615620195865631,1128,33.79899978637695,0,0,False,False,0.012031028105411679,0.012031028105411679
LUA:PlayerResCtrl.RefreshResByClient,0.0003648015110436796,0.10889325104653835,4,1194,0.0033500837520938024,4,3.4069518794241665e-05,0.010169751360081136,0.0,0.12307299673557281,0.12307299673557281,0.12307299673557281,1128,33.79899978637695,0,0,False,False,0.011875996831804514,0.011875996831804514
LUA:PlayerResCtrl.GetMaxResourceCount,7.895393674597269e-05,0.023567750118672848,4,1194,0.0033500837520938024,4,1.4568676694703461e-05,0.004348749993368983,0.0,0.03125,0.03125,0.03125,1128,33.79899978637695,0,0,False,False,0.004583001136779785,0.004583001136779785
LUA:PlayerBaseInfoMgr.GetBufferValueByID,0.00018918592895426393,0.025098666574599013,9,1194,0.007537688442211055,24,0.00012881490690524455,0.017089444316095777,0.0,0.0340629993006587,0.0340629993006587,0.026667000725865364,565,35.84000015258789,0,0,False,False,0.02364599984139204,0.02364599984139204
LUA:BuffDataCtrl.GetBuffCfgByCfgId,6.0371022049019384e-05,0.008009222258503238,9,1194,0.007537688442211055,24,4.244388635276148e-05,0.005630888922799689,0.0,0.011197999934665859,0.011197999934665859,0.0062500000931322575,764,33.34600067138672,0,0,False,False,0.007758999883662909,0.007758999883662909
LUA:PlayerResCtrl.GetResTotalOutputPerSec,0.00025177805550346524,0.07515574956778437,4,1194,0.0033500837520938024,28,2.5555277726857904e-05,0.007628250401467085,0.0,0.08197899907827377,0.08197899907827377,0.03041600063443184,830,39.435001373291016,0,0,False,False,0.008905001217499375,0.008905001217499375
LUA:PlayerResCtrl.GetResTotalOutputPerSec_City,0.0002694061954959703,0.03216709974221885,10,1194,0.008375209380234505,55,0.00014146314857845855,0.01689069994026795,0.0,0.040209999307990074,0.040209999307990074,0.016978999599814415,830,39.435001373291016,0,0,False,False,0.022134999511763453,0.022134999511763453
LUA:PlayerResCtrl.GetPeasantWorkCnt,0.00012794304691751175,0.015276399801950901,10,1194,0.008375209380234505,55,0.00012794304691751175,0.015276399801950901,0.0,0.01828099973499775,0.01828099973499775,0.00843799952417612,736,32.78900146484375,0,0,False,False,0.01828099973499775,0.01828099973499775
LUA:PlayerResCtrl.GetResTotalOutputPerSec_Outside,0.00010730904488788427,0.03203174989903346,4,1194,0.0033500837520938024,28,2.3646566820279437e-05,0.007058500195853412,0.0,0.034063999308273196,0.034063999308273196,0.010677000507712364,830,39.435001373291016,0,0,False,False,0.007605999591760337,0.007605999591760337
LUA:PlayerResCtrl.GetResBaseOutputPerSec_Outside,0.00011759882606994954,0.014041299832751975,10,1194,0.008375209380234505,75,0.00011759882606994954,0.014041299832751975,0.0,0.021353999502025545,0.021353999502025545,0.00546799972653389,764,33.34600067138672,0,0,False,False,0.021353999502025545,0.021353999502025545
LUA:PlayerResCtrl.GetResBoostOutputPerSec_Outside,0.0001551591283431155,0.01852599992416799,10,1194,0.008375209380234505,75,0.0001551591283431155,0.01852599992416799,0.0,0.023176000686362386,0.023176000686362386,0.0059899999760091305,1158,33.58100128173828,0,0,False,False,0.023176000686362386,0.023176000686362386
LUA:GuildData.UIEvt.RefreshResNumber,1.788107192547839e-06,0.00042699999758042393,5,1194,0.0041876046901172526,5,1.788107192547839e-06,0.00042699999758042393,0.0,0.0006769999745301902,0.0006769999745301902,0.0006769999745301902,1128,33.79899978637695,0,0,False,False,0.0006769999745301902,0.0006769999745301902
LUA:Hud_Top.UIEvt.PopupBox_CityBuildingBigToast_Close,0.000290514236718566,0.06937479972839355,5,1194,0.0041876046901172526,5,2.0544383194378672e-05,0.004905998706817627,0.0,0.08781199902296066,0.08781199902296066,0.08781199902296066,1128,33.79899978637695,0,0,False,False,0.006509995087981224,0.006509995087981224
LUA:TimeWheelMgr.UnScheduleById,6.451423808782544e-05,0.011004285753837653,7,1194,0.005862646566164154,8,3.419765552534711e-05,0.005833142956752064,0.0,0.01838500052690506,0.01838500052690506,0.01395800057798624,736,32.78900146484375,0,0,False,False,0.009269000758649781,0.009269000758649781
LUA:TimeWheelMgr.GetScheduleTargetHandler,1.360971513368077e-05,0.0018055555410683155,9,1194,0.007537688442211055,16,1.360971513368077e-05,0.0018055555410683155,0.0,0.0031259999668691307,0.0031259999668691307,0.0021879998967051506,736,32.78900146484375,0,0,False,False,0.0031259999668691307,0.0031259999668691307
LUA:TimeWheelScheduler.UnScheduleById,6.848408743486407e-06,0.0011681428628175386,7,1194,0.005862646566164154,8,6.848408743486407e-06,0.0011681428628175386,0.0,0.002343999978620559,0.002343999978620559,0.0017709999810904264,736,32.78900146484375,0,0,False,False,0.002343999978620559,0.002343999978620559
LUA:TimeWheelMgr.ScheduleTimeOnce,0.000302336685721399,0.07219800055027008,5,1194,0.0041876046901172526,6,2.805025144101868e-05,0.00669840004411526,0.0,0.13234399631619453,0.13234399631619453,0.08307299762964249,736,32.78900146484375,0,0,False,False,0.011562991770915687,0.011562991770915687
LUA:TimeWheelMgr.TryGetTimeWheelHandler,0.0004128266338078021,0.07041642868093081,7,1194,0.005862646566164154,8,0.00036009631544989035,0.06142214294959558,0.0,0.11177100241184235,0.11177100241184235,0.11177100241184235,628,60.51300048828125,0,0,False,False,0.10067500253353501,0.10067500253353501
LUA:TimeWheelUtil.GetSamplerName,3.00544387796641e-05,0.005126428557559848,7,1194,0.005862646566164154,8,3.00544387796641e-05,0.005126428557559848,0.0,0.008071999996900558,0.008071999996900558,0.008071999996900558,984,52.75299835205078,0,0,False,False,0.008071999996900558,0.008071999996900558
LUA:TimeWheelScheduler.Schedule,0.009871883826389585,1.683861326958452,7,1194,0.005862646566164154,8,9.201467232201466e-06,0.001569507410749793,0.0,9.31385326385498,9.31385326385498,9.31385326385498,628,60.51300048828125,1,0,False,True,0.003698000218719244,0.003698000218719244
LUA:PerformanceMgr.ReportAutoProfiler,0.002571582070347452,0.7676172479987144,4,1194,0.0033500837520938024,4,0.0004923509207811173,0.14696674985316352,0.0,0.9402080178260803,0.9402080178260803,0.9402080178260803,985,34.01300048828125,0,0,False,False,0.1742700285394676,0.1742700285394676
C#SyncProfilerDataBuffer,3.280234523117542e-05,0.009791500051505864,4,1194,0.0033500837520938024,4,3.280234523117542e-05,0.009791500051505864,0.0,0.011354000307619572,0.011354000307619572,0.011354000307619572,985,34.01300048828125,0,0,False,False,0.011354000307619572,0.011354000307619572
C#GetTimeSliceDuration,4.9296481428758386e-06,0.0014714999706484377,4,1194,0.0033500837520938024,4,4.9296481428758386e-06,0.0014714999706484377,0.0,0.0018749999580904841,0.0018749999580904841,0.0018749999580904841,985,34.01300048828125,0,0,False,False,0.0018749999580904841,0.0018749999580904841
C#GetCacheQueueCount,1.0336683345474989e-05,0.0030854999786242843,4,1194,0.0033500837520938024,4,1.0336683345474989e-05,0.0030854999786242843,0.0,0.0043219998478889465,0.0043219998478889465,0.0043219998478889465,985,34.01300048828125,0,0,False,False,0.0043219998478889465,0.0043219998478889465
C#GetApmInfo,0.0010754723527735502,0.3210284973029047,4,1194,0.0033500837520938024,20,0.0010509539271294473,0.31370974724814005,0.0,0.47343799099326134,0.47343799099326134,0.14546899497509003,985,34.01300048828125,0,0,False,False,0.4615629908730625,0.4615629908730625
LUA:NetMgr.GetMsgTimeRecord,0.00010106867566155629,0.03016899968497455,4,1194,0.0033500837520938024,4,3.991205935265831e-05,0.011913749716768507,0.0,0.04036399722099304,0.04036399722099304,0.04036399722099304,985,34.01300048828125,0,0,False,False,0.017186997320095543,0.017186997320095543
NetMgr.GetMsgTimeRecord,3.210469063252859e-05,0.009583250153809786,4,1194,0.0033500837520938024,4,2.080653372908657e-05,0.006210750318132341,0.0,0.013385000638663769,0.013385000638663769,0.013385000638663769,629,31.104999542236328,0,0,False,False,0.00911400094628334,0.00911400094628334
LUA:LordDataCtrl.GetSettingValue,2.2639028674968122e-05,0.006757750059477985,4,1194,0.0033500837520938024,4,2.2639028674968122e-05,0.006757750059477985,0.0,0.009166999720036983,0.009166999720036983,0.009166999720036983,985,34.01300048828125,0,0,False,False,0.009166999720036983,0.009166999720036983
LUA:OutsideUtils.GetReceiveMoveTime,6.7613064389444975e-06,0.0020182499720249325,4,1194,0.0033500837520938024,4,6.7613064389444975e-06,0.0020182499720249325,0.0,0.0027609998360276222,0.0027609998360276222,0.0027609998360276222,985,34.01300048828125,0,0,False,False,0.0027609998360276222,0.0027609998360276222
LUA:NetServer.Request_RegisteredCallback,0.0004377353443472429,0.13066400028765202,4,1194,0.0033500837520938024,4,4.008793002197291e-05,0.011966247111558914,0.0,0.2098959982395172,0.2098959982395172,0.2098959982395172,629,31.104999542236328,0,0,False,False,0.01432298868894577,0.01432298868894577
C#LuaRequest_RegisteredCallback,0.0001204799037033589,0.03596325125545263,4,1194,0.0033500837520938024,4,0.00011856030570340212,0.03539025125246553,0.0,0.07192700356245041,0.07192700356245041,0.07192700356245041,424,35.06999969482422,0,0,False,False,0.07114500355964992,0.07114500355964992
ClientProfilerReport_C2S_Msg,0.0004461976439010358,0.1331899967044592,4,1194,0.0033500837520938024,4,0.00017203934640051108,0.051353744900552556,0.0,0.1798439919948578,0.1798439919948578,0.1798439919948578,239,33.270999908447266,0,0,False,False,0.07463400007691234,0.07463400007691234
LUA:PerformanceMgr.ClientProfilerReportRsp,6.67336685083794e-06,0.001992000004975125,4,1194,0.0033500837520938024,4,6.67336685083794e-06,0.001992000004975125,0.0,0.002187000121921301,0.002187000121921301,0.002187000121921301,632,32.56399917602539,0,0,False,False,0.002187000121921301,0.002187000121921301
*** pb.decode***57,8.580234319820276e-05,0.05122399888932705,2,1194,0.0016750418760469012,2,8.117755257278459e-05,0.0484629988859524,0.0,0.05505199730396271,0.05505199730396271,0.05505199730396271,1112,33.37699890136719,0,0,False,False,0.05192599722795421,0.05192599722795421
*** pb.decode***134,0.0001002855917167424,0.039913665503263474,3,1194,0.002512562814070352,3,9.70552734316169e-05,0.03862799882578353,0.0,0.04145899787545204,0.04145899787545204,0.04145899787545204,242,33.66400146484375,0,0,False,False,0.04046899785316782,0.04046899785316782
*** pb.decode***76,0.0002650410386186149,0.1582295000553131,2,1194,0.0016750418760469012,2,0.0002618123954612453,0.15630200009036344,0.0,0.16557300090789795,0.16557300090789795,0.16557300090789795,814,32.65999984741211,0,0,False,False,0.16317600094771478,0.16317600094771478
*** pb.decode***210,4.043634762516373e-05,0.048280999064445496,1,1194,0.0008375209380234506,1,3.943216000958362e-05,0.04708199905144284,0.0,0.048280999064445496,0.048280999064445496,0.048280999064445496,257,34.645999908447266,0,0,False,False,0.047081999051442835,0.047081999051442835
LUA:CfgMgr.func,3.262814149959403e-05,0.019479000475257635,2,1194,0.0016750418760469012,2,5.015914626357144e-06,0.002994501031935215,0.0,0.03208300098776817,0.03208300098776817,0.03208300098776817,260,32.733001708984375,0,0,False,False,0.0035410020500421524,0.0035410020500421524
LUA:CfgMgr.LRUReleaseCfg,2.7612226873236885e-05,0.01648449944332242,2,1194,0.0016750418760469012,2,1.1297318791125088e-05,0.006744499318301678,0.0,0.02854199893772602,0.02854199893772602,0.02854199893772602,260,32.733001708984375,0,0,False,False,0.009061998687684536,0.009061998687684536
LUA:CfgMgr.CleanUpCfgById,1.6314908082111798e-05,0.019480000250041485,1,1194,0.0008375209380234506,6,1.138609736905101e-05,0.013595000258646905,0.0,0.019480000250041485,0.019480000250041485,0.006353999953716993,260,32.733001708984375,0,0,False,False,0.013595000258646905,0.013595000258646905
LUA:CfgMgr.CleanUpStreamCfgById,4.928810713060787e-06,0.005884999991394579,1,1194,0.0008375209380234506,6,4.928810713060787e-06,0.005884999991394579,0.0,0.005884999991394579,0.005884999991394579,0.002239000052213669,260,32.733001708984375,0,0,False,False,0.005884999991394579,0.005884999991394579
SyncViewEntitySystem:SyncShadowBufferJob (Burst),2.2244555844458903e-06,0.002655999967828393,1,1194,0.0008375209380234506,1,2.2244555844458903e-06,0.002655999967828393,0.0,0.002655999967828393,0.002655999967828393,0.002655999967828393,265,32.87099838256836,0,0,False,False,0.002655999967828393,0.002655999967828393
RenderBatchJob (Burst),8.680737202782715e-05,0.051824001100612804,2,1194,0.0016750418760469012,6,8.680737202782715e-05,0.051824001100612804,0.0,0.06354300299426541,0.06354300299426541,0.062032002955675125,374,32.9739990234375,0,0,False,False,0.06354300299426541,0.06354300299426541
RenderBatchJob (Cleanup),4.798994954188715e-07,0.0005729999975301325,1,1194,0.0008375209380234506,1,4.798994954188715e-07,0.0005729999975301325,0.0,0.0005729999975301325,0.0005729999975301325,0.0005729999975301325,265,32.87099838256836,0,0,False,False,0.0005729999975301325,0.0005729999975301325
*** pb.decode***355,0.00042395056591960456,0.2530984878540039,2,1194,0.0016750418760469012,2,0.0004207663113991648,0.2511974879053014,0.0,0.44291597604751587,0.44291597604751587,0.44291597604751587,266,37.020999908447266,0,0,False,False,0.440051976183895,0.440051976183895
*** pb.decode***159,7.223701681723347e-05,0.04312549903988838,2,1194,0.0016750418760469012,2,6.98819079648815e-05,0.04171949905503425,0.0,0.04822999984025955,0.04822999984025955,0.04822999984025955,266,37.020999908447266,0,0,False,False,0.04677199983416358,0.04677199983416358
LUA:TopPanData.GetDisplayData,0.0017657303368326408,0.4216564044356346,5,1194,0.0041876046901172526,30,0.00041637439946675206,0.09943020659266039,0.0,0.4911470003426075,0.4911470003426075,0.1175520047545433,764,33.34600067138672,0,0,False,False,0.1151100123533979,0.1151100123533979
LUA:PlayerBaseInfoMgr.GetCoinCountByType,6.625963126541657e-05,0.015822799946181475,5,1194,0.0041876046901172526,15,5.7884421804256837e-05,0.013822799926856533,0.0,0.01822900038678199,0.01822900038678199,0.010677000507712364,565,35.84000015258789,0,0,False,False,0.016145000437973067,0.016145000437973067
LUA:TopPanData.GetResIcon,0.00025544472590987406,0.06100020054727793,5,1194,0.0041876046901172526,30,8.135594846251759e-05,0.0194278004928492,0.0,0.06781200040131807,0.06781200040131807,0.03098900057375431,1158,33.58100128173828,0,0,False,False,0.02276300051016733,0.02276300051016733
LUA:UIUtil_Icon.GetCommonTypeByCoinType,2.4426298413325842e-05,0.0058330000611022115,5,1194,0.0041876046901172526,10,2.4426298413325842e-05,0.005833000061102211,0.0,0.006615000078454614,0.006615000078454614,0.004166000057011843,1158,33.58100128173828,0,0,False,False,0.006615000078454614,0.006615000078454614
LUA:SystemConfigDataCenter.GetCommonIconAtlasAndSpriteByID,0.000132650754124338,0.03167700008489192,5,1194,0.0041876046901172526,30,5.705527696492138e-05,0.013624800139223226,0.0,0.03713400033302605,0.03713400033302605,0.01901100017130375,764,33.34600067138672,0,0,False,False,0.016095999992103316,0.016095999992103316
LUA:PlayerResCtrl.GetResNumberByType,2.198324978396053e-05,0.0052496000484097746,5,1194,0.0041876046901172526,50,2.198324978396053e-05,0.0052496000484097746,0.0,0.006249999947613105,0.006249999947613105,0.0017189999343827367,565,35.84000015258789,0,0,False,False,0.006249999947613105,0.006249999947613105
LUA:UIUtil_Format.FormatResCnt,0.0006615946321300476,0.15798879815265537,5,1194,0.0041876046901172526,45,0.00019995895378130537,0.047750198162975724,0.0,0.20588500006124377,0.20588500006124377,0.06984300166368484,764,33.34600067138672,0,0,False,False,0.05812500409956556,0.05812500409956556
LUA:I18nMgr.GetLang,5.2516750470790516e-05,0.012541000012424775,5,1194,0.0041876046901172526,45,5.2516750470790516e-05,0.012541000012424775,0.0,0.05015600002661813,0.05015600002661813,0.04666600003838539,266,37.020999908447266,0,0,False,False,0.05015600002661813,0.05015600002661813
LUA:TextCenter.GetText,0.0004091189278779517,0.09769759997725487,5,1194,0.0041876046901172526,25,7.546482564042161e-05,0.018021000362932683,0.0,0.14968600310385227,0.14968600310385227,0.06687500327825546,764,33.34600067138672,0,0,False,False,0.024322993122041225,0.024322993122041225
LUA:PlayerBaseInfoMgr.GetResNumberByType,3.437102160773784e-05,0.008207799959927797,5,1194,0.0041876046901172526,40,2.0762981284937044e-05,0.004958199930842966,0.0,0.010156000033020973,0.010156000033020973,0.001978999935090542,565,35.84000015258789,0,0,False,False,0.005990000034216791,0.005990000034216791
LUA:UIUtil_Icon.GetCommonTypeByResourceType,1.7011724909692627e-05,0.0040623999084346,5,1194,0.0041876046901172526,20,1.7011724909692627e-05,0.0040623999084346,0.0,0.004791999817825854,0.004791999817825854,0.0017189999343827367,1158,33.58100128173828,0,0,False,False,0.004791999817825854,0.004791999817825854
LUA:PlayerResCtrl.GetResTotalOutputPerHour,0.0003824262962469104,0.07610283295313518,6,1194,0.005025125628140704,27,4.240452106987474e-05,0.008438499692905072,0.0,0.09515700023621321,0.09515700023621321,0.0403129979968071,736,32.78900146484375,0,0,False,False,0.010417000303277746,0.010417000303277746
LUA:PlayerResCtrl.GetResTotalOutputPerHour_City,0.00016789447022461562,0.03341099957469851,6,1194,0.005025125628140704,27,1.740200761736837e-05,0.003462999515856305,0.0,0.038853999227285385,0.038853999227285385,0.01880200020968914,736,32.78900146484375,0,0,False,False,0.004373998614028096,0.004373998614028096
LUA:PlayerResCtrl.GetResTotalOutputPerHour_Outside,0.00027707537988721825,0.055138000597556434,6,1194,0.005025125628140704,47,3.851172867210791e-05,0.007663834005749474,0.0,0.0630190004594624,0.0630190004594624,0.015417000278830528,764,33.34600067138672,0,0,False,False,0.008382000494748354,0.008382000494748354
LUA:PlayerResCtrl.GetResBaseOutputPerHour_Outside,0.00011223869312826039,0.022335499932523817,6,1194,0.005025125628140704,47,2.608877780045409e-05,0.005191666782290365,0.0,0.026771999895572662,0.026771999895572662,0.006093999836593866,764,33.34600067138672,0,0,False,False,0.005939000053331256,0.005939000053331256
LUA:PlayerResCtrl.GetResBoostOutputPerHour_Outside,0.00012632495808684996,0.025138666659283142,6,1194,0.005025125628140704,47,2.3379397069196056e-05,0.0046525000167700154,0.0,0.028177000349387527,0.028177000349387527,0.007760000415146351,1158,33.58100128173828,0,0,False,False,0.005106000229716301,0.005106000229716301
LUA:Hud_Top._199,1.683919601336627e-05,0.004021200007991865,5,1194,0.0041876046901172526,50,1.683919601336627e-05,0.004021200007991865,0.0,0.004427999941981398,0.004427999941981398,0.0018229999113827944,266,37.020999908447266,0,0,False,False,0.004427999941981398,0.004427999941981398
LUA:Hud_Top.RefreshUI,0.001856155805851347,0.4432500064373016,5,1194,0.0041876046901172526,5,5.535682167240124e-05,0.013219209015369415,0.0,0.5482289791107178,0.5482289791107178,0.5482289791107178,764,33.34600067138672,0,0,False,False,0.015729013830423355,0.015729013830423355
LUA:Pan_TopNCommonL.ShowResource,0.0015713969741634388,0.3752495974302292,5,1194,0.0041876046901172526,20,0.00021505025117702929,0.051353999981074594,0.0,0.4754679873585701,0.4754679873585701,0.19255200028419495,764,33.34600067138672,0,0,False,False,0.05895799012796488,0.05895799012796488
LUA:Pan_TopNCommonL.DisableLabAddNumberRoller,0.00029160468831308925,0.06963519956916571,5,1194,0.0041876046901172526,20,0.00013343467208645752,0.03186419969424605,0.0,0.10666699707508087,0.10666699707508087,0.056613996624946594,1158,33.58100128173828,0,0,False,False,0.0690109976567328,0.0690109976567328
C#GetComponent,0.00025662143950286624,0.043772285538060327,7,1194,0.005862646566164154,30,0.00025522696712601095,0.04353442839263672,0.0,0.06239599944092333,0.06239599944092333,0.024166999384760857,1009,53.58100128173828,0,0,False,False,0.061302999427425675,0.061302999427425675
LUA:Pan_TopNCommonL.DisableFoodLabNumberRoller,5.2345059040841805e-06,0.0012500000098953023,5,1194,0.0041876046901172526,20,5.2345059040841805e-06,0.0012500000098953023,0.0,0.0015099999873200431,0.0015099999873200431,0.0006769999745301902,1158,33.58100128173828,0,0,False,False,0.0015099999873200431,0.0015099999873200431
C#SetSpriteData,0.00021696901295983063,0.03238262518425472,8,1194,0.006700167504187605,36,0.00020710804137569764,0.03091087517532287,0.0,0.11343800206668675,0.11343800206668675,0.0910940021276474,764,33.34600067138672,0,0,False,False,0.11052300204755738,0.11052300204755738
C#SetProgress,2.7962311536036244e-05,0.0066773999948054556,5,1194,0.0041876046901172526,20,2.7962311536036244e-05,0.0066773999948054556,0.0,0.00776199996471405,0.00776199996471405,0.003541999962180853,565,35.84000015258789,0,0,False,False,0.00776199996471405,0.00776199996471405
LUA:Pan_TopNCommonL.CheckEffect,0.000667183408810066,0.15932339802384377,5,1194,0.0041876046901172526,20,3.803935497874391e-05,0.009083797968924046,0.0,0.225467998534441,0.225467998534441,0.09494800120592117,266,37.020999908447266,0,0,False,False,0.010989995673298836,0.010989995673298836
LUA:Pan_TopNCommonL.RefreshLabAddUI,0.0006291440538313221,0.1502396000549197,5,1194,0.0041876046901172526,20,0.00011816917919792497,0.02821879999246448,0.0,0.21666700392961502,0.21666700392961502,0.093019999563694,266,37.020999908447266,0,0,False,False,0.034791997633874416,0.034791997633874416
LUA:PlayerResCtrl.HasResReachLimit,0.0002362931325058242,0.056426800042390826,5,1194,0.0041876046901172526,20,2.482328248515232e-05,0.005927799857454374,0.0,0.06666600052267313,0.06666600052267313,0.023020001128315926,764,33.34600067138672,0,0,False,False,0.007501000654883683,0.007501000654883683
LUA:PlayerResCtrl.GetResOutputLimitPerHour_Outside,8.427386910777845e-05,0.020124599942937492,5,1194,0.0041876046901172526,20,3.9519263331784586e-05,0.00943720008363016,0.0,0.024739000014960766,0.024739000014960766,0.00942699983716011,266,37.020999908447266,0,0,False,False,0.011251000250922516,0.011251000250922516
C#text,5.592294801744185e-05,0.013354399986565114,5,1194,0.0041876046901172526,20,5.264991614392333e-05,0.012572799975168891,0.0,0.018073000479489565,0.018073000479489565,0.006041999906301498,266,37.020999908447266,0,0,False,False,0.01708200044959085,0.01708200044959085
LUA:Pan_TopN.ShowResource,0.00022940201001550684,0.054781199991703035,5,1194,0.0041876046901172526,10,8.955444080577275e-05,0.02138560046441853,0.0,0.062188003212213516,0.062188003212213516,0.037136003375053406,266,37.020999908447266,0,0,False,False,0.024223003740189597,0.024223003740189597
LUA:Pan_TopN.DisableFoodLabNumberRoller,4.798995051688984e-06,0.0011460000183433293,5,1194,0.0041876046901172526,10,4.798995051688984e-06,0.0011460000183433293,0.0,0.0013550000439863652,0.0013550000439863652,0.0009380000410601497,1158,33.58100128173828,0,0,False,False,0.0013550000439863652,0.0013550000439863652
C#GuideID,8.5050251469066e-06,0.002031000005081296,5,1194,0.0041876046901172526,10,8.5050251469066e-06,0.002031000005081296,0.0,0.00229199999012053,0.00229199999012053,0.0016670000040903687,565,35.84000015258789,0,0,False,False,0.00229199999012053,0.00229199999012053
ReadFile,0.001148015077200904,0.025862830229771306,53,1194,0.04438860971524288,149,0.001148015077200904,0.025862830229771306,0.0,0.04520900035277009,0.06572999991476536,0.049531999975442886,1142,33.400001525878906,0,0,False,False,0.06572999991476536,0.04520900035277009
Decompress,0.00024615158941175547,0.005545377316181811,53,1194,0.04438860971524288,149,0.00024615158941175547,0.005545377316181811,0.0,0.008175999741069973,0.018906000070273876,0.007344000041484833,1089,33.14500045776367,0,0,False,False,0.018906000070273876,0.008175999741069973
*** pb.decode***90,4.807035040915312e-05,0.057395998388528824,1,1194,0.0008375209380234506,1,4.676130512377116e-05,0.05583299831778277,0.0,0.057395998388528824,0.057395998388528824,0.057395998388528824,274,33.3849983215332,0,0,False,False,0.05583299831778277,0.05583299831778277
*** pb.decode***952,0.0007019472281936824,0.8381249904632568,1,1194,0.0008375209380234506,1,0.000699155770985995,0.834791990557278,0.0,0.8381249904632568,0.8381249904632568,0.8381249904632568,280,34.375,0,0,False,False,0.834791990557278,0.834791990557278
*** pb.decode***449,6.508207575759696e-05,0.07770799845457077,1,1194,0.0008375209380234506,1,6.39916234866656e-05,0.07640599844307872,0.0,0.07770799845457077,0.07770799845457077,0.07770799845457077,280,34.375,0,0,False,False,0.07640599844307872,0.07640599844307872
*** pb.decode***221,9.613986777600331e-05,0.05739550106227398,2,1194,0.0016750418760469012,2,9.39581257372941e-05,0.05609300106516457,0.0,0.05895800143480301,0.05895800143480301,0.05895800143480301,292,32.91400146484375,0,0,False,False,0.057811001446680166,0.057811001446680166
*** pb.decode***118,3.350083677213595e-05,0.03999999910593033,1,1194,0.0008375209380234506,1,3.2716079655665374e-05,0.03906299910886446,0.0,0.03999999910593033,0.03999999910593033,0.03999999910593033,295,33.33000183105469,0,0,False,False,0.03906299910886446,0.03906299910886446
*** pb.decode***181,8.165829158208677e-05,0.048750000074505806,2,1194,0.0016750418760469012,2,7.842964834549817e-05,0.04682250006226241,0.0,0.0541669987142086,0.0541669987142086,0.0541669987142086,301,33.0359992980957,0,0,False,False,0.052030998704140075,0.052030998704140075
*** pb.decode***305,5.613986271709653e-05,0.06703099608421326,1,1194,0.0008375209380234506,1,5.5268003417959383e-05,0.0659899960810435,0.0,0.06703099608421326,0.06703099608421326,0.06703099608421326,311,32.827999114990234,0,0,False,False,0.0659899960810435,0.0659899960810435
*** pb.decode***112,4.1832498444784025e-05,0.04994800314307213,1,1194,0.0008375209380234506,1,4.082998590820962e-05,0.048751003174402285,0.0,0.04994800314307213,0.04994800314307213,0.04994800314307213,317,33.422000885009766,0,0,False,False,0.048751003174402285,0.048751003174402285
*** pb.decode***274,8.497319778605322e-05,0.10145799815654755,1,1194,0.0008375209380234506,1,8.270519113464911e-05,0.09874999821477104,0.0,0.10145799815654755,0.10145799815654755,0.10145799815654755,325,33.67300033569336,0,0,False,False,0.09874999821477104,0.09874999821477104
LUA:WeatherDataCtrl.OnWeatherChange,4.287939861891058e-05,0.05119800195097923,1,1194,0.0008375209380234506,1,6.1951442503672985e-06,0.0073970022349385545,0.0,0.05119800195097923,0.05119800195097923,0.05119800195097923,341,32.952999114990234,0,0,False,False,0.0073970022349385545,0.0073970022349385545
LUA:WeatherDataCtrl.GetCityWeatherID,1.8757119013536317e-05,0.02239600010216236,1,1194,0.0008375209380234506,1,2.3559463248234025e-06,0.0028129999118391424,0.0,0.02239600010216236,0.02239600010216236,0.02239600010216236,341,32.952999114990234,0,0,False,False,0.0028129999118391424,0.0028129999118391424
LUA:WeatherDataCtrl.GetWeatherID,1.862479086771882e-05,0.02223800029605627,1,1194,0.0008375209380234506,2,8.288107351618359e-06,0.00989600017783232,0.0,0.02223800029605627,0.02223800029605627,0.019166000187397003,341,32.952999114990234,0,0,False,False,0.00989600017783232,0.00989600017783232
LUA:WeatherDataCtrl.SetCurrentAge,6.412060278463154e-06,0.007655999972485006,1,1194,0.0008375209380234506,2,4.754606396477776e-06,0.005677000037394464,0.0,0.007655999972485006,0.007655999972485006,0.006666000001132488,341,32.952999114990234,0,0,False,False,0.005677000037394464,0.005677000037394464
LUA:CivilMgr.GetCurCivilAge,1.6574538819853785e-06,0.001978999935090542,1,1194,0.0008375209380234506,2,1.6574538819853785e-06,0.001978999935090542,0.0,0.001978999935090542,0.001978999935090542,0.0017189999343827367,341,32.952999114990234,0,0,False,False,0.001978999935090542,0.001978999935090542
LUA:CivilMgr.GetCivilType,1.5259631659829336e-06,0.0018220000201836228,1,1194,0.0008375209380234506,2,1.5259631659829336e-06,0.0018220000201836228,0.0,0.0018220000201836228,0.0018220000201836228,0.0015620000194758177,341,32.952999114990234,0,0,False,False,0.0018220000201836228,0.0018220000201836228
LUA:StoryMgr.IsStroyCOCOpen,2.7479063052609186e-06,0.003281000128481537,1,1194,0.0008375209380234506,3,2.7479063052609186e-06,0.0032810001284815367,0.0,0.003281000128481537,0.003281000128481537,0.002552000107243657,341,32.952999114990234,0,0,False,False,0.003281000128481537,0.003281000128481537
LUA:WeatherDataCtrl.ApplyWeatherConfig,4.790619802910841e-07,0.0005720000044675544,1,1194,0.0008375209380234506,2,4.790619802910841e-07,0.0005720000044675544,0.0,0.0005720000044675544,0.0005720000044675544,0.0003640000068116933,341,32.952999114990234,0,0,False,False,0.0005720000044675544,0.0005720000044675544
*** pb.decode***63,2.604103810972904e-05,0.031092999503016472,1,1194,0.0008375209380234506,1,2.525628099935223e-05,0.03015599951322656,0.0,0.031092999503016472,0.031092999503016472,0.031092999503016472,342,32.83399963378906,0,0,False,False,0.03015599951322656,0.03015599951322656
*** pb.decode***862,0.00039359128455221154,0.4699479937553406,1,1194,0.0008375209380234506,1,0.00039197738177984076,0.46802099384512985,0.0,0.4699479937553406,0.4699479937553406,0.4699479937553406,350,33.30699920654297,0,0,False,False,0.46802099384512985,0.46802099384512985
*** pb.decode***162,6.647822657721726e-05,0.0396875012665987,2,1194,0.0016750418760469012,2,6.455946613504463e-05,0.03854200128262164,0.0,0.042187001556158066,0.042187001556158066,0.042187001556158066,350,33.30699920654297,0,0,False,False,0.04104200157598825,0.04104200157598825
[res]goLoader_async: assets/bundleresources/effects_yz/mobile/ui3d/p_fx_yz_march_target_white.prefab(6d0d2c98283115b1831e7d1231fc80fe),0.00027921608644514227,0.05556400120258331,6,1194,0.005025125628140704,6,0.0002358978289455966,0.04694366796017372,0.0,0.06750000268220901,0.06750000268220901,0.06750000268220901,1090,33.70100021362305,0,0,False,False,0.05724100291990908,0.05724100291990908
[res]assetLoader_async: assets/bundleresources/effects_yz/mobile/ui3d/p_fx_yz_march_target_white.prefab(6d0d2c98283115b1831e7d1231fc80fe),2.425460619118745e-05,0.004826666632046302,6,1194,0.005025125628140704,6,2.425460619118745e-05,0.004826666632046302,0.0,0.005417000036686659,0.005417000036686659,0.005417000036686659,350,33.30699920654297,0,0,False,False,0.005417000036686659,0.005417000036686659
[res]go: assets/bundleresources/effects_yz/mobile/ui3d/p_fx_yz_march_target_white.prefab(6d0d2c98283115b1831e7d1231fc80fe),0.002531014195638685,0.5036718249320984,6,1194,0.005025125628140704,6,4.1396050663548716e-05,0.008237814082046194,0.0,0.5874999761581421,0.5874999761581421,0.5874999761581421,703,32.47600173950195,0,0,False,False,0.023958007666806225,0.023958007666806225
*** pb.decode***252,4.6455608665244266e-05,0.05546799674630165,1,1194,0.0008375209380234506,1,4.549580968050029e-05,0.054321996758517344,0.0,0.05546799674630165,0.05546799674630165,0.05546799674630165,357,33.926998138427734,0,0,False,False,0.054321996758517344,0.054321996758517344
LUA:BattleCorePoolMgr.Take,0.000177013397628638,0.017612833064049482,12,1194,0.010050251256281407,12,5.936766871277686e-05,0.005907083036921297,0.0,0.023228999227285385,0.023228999227285385,0.023228999227285385,911,33.069000244140625,0,0,False,False,0.008228999562561512,0.008228999562561512
LUA:BattleCorePoolMgr.onTakeFunc,4.144053663621646e-06,0.0004123333395303537,12,1194,0.010050251256281407,12,4.144053663621646e-06,0.0004123333395303537,0.0,0.0005210000090301037,0.0005210000090301037,0.0005210000090301037,956,32.27000045776367,0,0,False,False,0.0005210000090301037,0.0005210000090301037
LUA:MapEntityGrid.GetWorldPos,0.00023236766947399033,0.023120583112662036,12,1194,0.010050251256281407,12,2.0851751624090188e-05,0.002074749286596974,0.0,0.07666599750518799,0.07666599750518799,0.07666599750518799,498,33.69499969482422,0,0,False,False,0.002499999478459358,0.002499999478459358
LUA:PopupBox_SimpleBattleHint_UGUI.Init,0.015006805784139201,1.4931771755218506,12,1194,0.010050251256281407,12,0.0002505162275876769,0.024926364644973848,0.0,2.7991669178009033,2.7991669178009033,2.7991669178009033,782,32.60599899291992,0,0,False,False,0.11494702706113458,0.11494702706113458
MUI.SetSprite.bp.FindJob,0.00042438777038824417,0.2533594989217818,2,1194,0.0016750418760469012,8,0.0003967738676803745,0.23687399900518358,0.0,0.3592719994485378,0.3592719994485378,0.10953100025653839,782,32.60599899291992,0,0,False,False,0.3406759991776198,0.3406759991776198
MaxRectsBinPackJob_Find (Burst),2.106867704877452e-05,0.012578000198118389,2,1194,0.0016750418760469012,8,2.106867704877452e-05,0.012578000198118389,0.0,0.014115000143647194,0.014115000143647194,0.004531000275164843,782,32.60599899291992,0,0,False,False,0.014115000143647194,0.014115000143647194
MUI.SetSprite.bp.PlaceRectJob,0.0007179983434465462,0.4286450110375881,2,1194,0.0016750418760469012,8,0.0001863476134278192,0.11124952521640807,0.0,0.6164570208638906,0.6164570208638906,0.5573440194129944,357,33.926998138427734,0,0,False,False,0.15015600062906742,0.15015600062906742
MaxRectsBinPackJob_PlaceRect (Burst),7.725292910358415e-05,0.046119998674839735,2,1194,0.0016750418760469012,5,7.725292910358415e-05,0.046119998674839735,0.0,0.08473999751731753,0.08473999751731753,0.08062499761581421,782,32.60599899291992,0,0,False,False,0.08473999751731753,0.08473999751731753
LUA:PopupBox_SimpleBattleHint_UGUI.Refresh,0.00663826887931057,0.6605077534914017,12,1194,0.010050251256281407,24,0.00020951087577514182,0.02084633213962661,0.0,0.8492700308561325,0.8492700308561325,0.6882290244102478,971,32.599998474121094,0,0,False,False,0.024792046839138493,0.024792046839138493
LUA:PopupBox_SimpleBattleHint_UGUI.UpdatePlayerInfo,0.0029048006607210216,0.28902766574174166,12,1194,0.010050251256281407,42,0.00026141874838489385,0.026011165464296937,0.0,0.4176029935479164,0.4176029935479164,0.18276000022888184,495,32.72700119018555,0,0,False,False,0.03495098650455475,0.03495098650455475
LUA:PopupBox_SimpleBattleHint_UGUI.func,0.0007413819079697631,0.07376749984299143,12,1194,0.010050251256281407,42,6.765661483483897e-05,0.006731833176066477,0.0,0.10114699974656105,0.10114699974656105,0.042344000190496445,971,32.599998474121094,0,0,False,False,0.009323997423052788,0.009323997423052788
*** pb.decode***43,0.00026595728531155356,0.05292549977699915,6,1194,0.005025125628140704,6,0.0002552705180893751,0.05079883309978565,0.0,0.057812999933958054,0.057812999933958054,0.057812999933958054,796,32.59700012207031,0,0,False,False,0.05567799993150402,0.05567799993150402
*** pb.decode***492,6.285762192815592e-05,0.07505200058221817,1,1194,0.0008375209380234506,1,6.185343430648203e-05,0.07385300056193955,0.0,0.07505200058221817,0.07505200058221817,0.07505200058221817,365,33.02799987792969,0,0,False,False,0.07385300056193955,0.07385300056193955
LUA:OutsideArmyEntityBase._698,0.003440552757712864,0.205400999635458,20,1194,0.01675041876046901,21,0.0002105142298182613,0.012567699520150199,0.0,0.3425520062446594,0.3506769984960556,0.3425520062446594,962,32.36199951171875,0,0,False,False,0.018695993814617395,0.015884994063526392
LUA:OutsideArmyDataBase.GetBattleCenterPosAndDir,0.0005052579587116413,0.030163900135084985,20,1194,0.01675041876046901,21,0.0002444899507207013,0.014596050058025866,0.0,0.03224000334739685,0.1388540007174015,0.117917001247406,962,32.36199951171875,0,0,False,False,0.11067600082606077,0.011768000200390816
C#normalized,4.379731968397795e-05,0.002614699985133484,20,1194,0.01675041876046901,21,4.379731968397795e-05,0.0026146999851334837,0.0,0.0035929998848587275,0.004532000049948692,0.0035929998848587275,962,32.36199951171875,0,0,False,False,0.004532000049948692,0.0035929998848587275
C#GetArmyModelViewType,6.407788986655286e-05,0.0038254500250332057,20,1194,0.01675041876046901,21,6.407788986655286e-05,0.0038254500250332057,0.0,0.005833000410348177,0.006353999953716993,0.006353999953716993,912,33.77199935913086,0,0,False,False,0.006353999953716993,0.005833000410348177
C#StaticStartArmyLoopAnimRandomTick,0.0006616859302124386,0.039502650033682585,20,1194,0.01675041876046901,21,0.0006544430490223503,0.039070250026634314,0.0,0.045573003590106964,0.053905999287962914,0.045573003590106964,962,32.36199951171875,0,0,False,False,0.05343799926049542,0.044844003627076745
*** pb.decode***52,0.00012999078511592732,0.0776044987142086,2,1194,0.0016750418760469012,2,0.00012597822218049563,0.0752089986417559,0.0,0.08854199945926666,0.08854199945926666,0.08854199945926666,873,33.20800018310547,0,0,False,False,0.08578199931798736,0.08578199931798736
*** pb.decode***197,9.62278114591212e-05,0.1148960068821907,1,1194,0.0008375209380234506,1,9.295729222848631e-05,0.11099100692081265,0.0,0.1148960068821907,0.1148960068821907,0.1148960068821907,374,32.9739990234375,0,0,False,False,0.11099100692081265,0.11099100692081265
*** pb.decode***509,0.0020105301135748474,1.200286477804184,2,1194,0.0016750418760469012,2,0.0020059949376591978,1.197578977782541,0.0,2.2760939598083496,2.2760939598083496,2.2760939598083496,381,33.76100158691406,0,0,False,False,2.272500959748868,2.272500959748868
*** pb.decode***261,9.238944580806559e-05,0.05515649914741516,2,1194,0.0016750418760469012,2,9.060133857895515e-05,0.05408899913163623,0.0,0.05729199945926666,0.05729199945926666,0.05729199945926666,1098,34.04499816894531,0,0,False,False,0.056145999442378525,0.056145999442378525
*** pb.decode***501,8.444974769898994e-05,0.100832998752594,1,1194,0.0008375209380234506,1,8.253014971731446e-05,0.09854099876247346,0.0,0.100832998752594,0.100832998752594,0.100832998752594,389,34.750999450683594,0,0,False,False,0.09854099876247346,0.09854099876247346
*** pb.decode***216,8.314154680250477e-05,0.0992710068821907,1,1194,0.0008375209380234506,1,8.09606422301732e-05,0.0966670068228268,0.0,0.0992710068821907,0.0992710068821907,0.0992710068821907,398,33.65800094604492,0,0,False,False,0.0966670068228268,0.0966670068228268
NetMgr.StatisticRspTime,0.00010019598077901544,0.009202615465395726,13,1194,0.010887772194304857,13,6.115577987846069e-05,0.00561692316729862,0.0,0.02135400101542473,0.02135400101542473,0.02135400101542473,399,32.85900115966797,0,0,False,False,0.015416000969707966,0.015416000969707966
PrepareSceneNodesSetUp,6.237855897895591e-06,0.0012413333236812225,6,1194,0.005025125628140704,32,6.237855897895591e-06,0.0012413333236812227,0.0,0.002082000042719301,0.002082000042719301,0.0014579999260604382,1117,32.38199996948242,0,0,False,False,0.002082000042719301,0.002082000042719301
*** pb.decode***137,6.905192793214341e-05,0.041224000975489616,2,1194,0.0016750418760469012,2,6.678224620173359e-05,0.039869000982434954,0.0,0.04500000178813934,0.04500000178813934,0.04500000178813934,408,32.74100112915039,0,0,False,False,0.04359300181386061,0.04359300181386061
*** pb.decode***203,7.088358827571774e-05,0.08463500440120697,1,1194,0.0008375209380234506,1,6.953182950553678e-05,0.08302100442961091,0.0,0.08463500440120697,0.08463500440120697,0.08463500440120697,416,32.694000244140625,0,0,False,False,0.08302100442961091,0.08302100442961091
GC.Collect,0.07230318411311112,21.582500457763672,4,1194,0.0033500837520938024,4,0.07230318411311112,21.582500457763672,0.0,58.749168395996094,58.749168395996094,58.749168395996094,729,90.23799896240234,4,1,False,False,58.749168395996094,58.749168395996094
*** pb.decode***228,4.9771354151530884e-05,0.05942699685692787,1,1194,0.0008375209380234506,1,4.872445296583903e-05,0.058176996841211796,0.0,0.05942699685692787,0.05942699685692787,0.05942699685692787,424,35.06999969482422,0,0,False,False,0.0581769968412118,0.0581769968412118
*** pb.decode***195,8.479815906216352e-05,0.05062450096011162,2,1194,0.0016750418760469012,2,8.218090614059026e-05,0.049062000965932384,0.0,0.051562000066041946,0.051562000066041946,0.051562000066041946,938,30.99799919128418,0,0,False,False,0.049843000058899634,0.049843000058899634
*** pb.decode***28,0.000331608041921253,0.04949250025674701,8,1194,0.006700167504187605,8,0.00031804187801296835,0.04746775029343553,0.0,0.062136001884937286,0.062136001884937286,0.062136001884937286,1098,34.04499816894531,0,0,False,False,0.059896001977904234,0.059896001977904234
*** pb.decode***308,3.873534388278597e-05,0.04625000059604645,1,1194,0.0008375209380234506,1,3.821189330212758e-05,0.04562500060274033,0.0,0.04625000059604645,0.04625000059604645,0.04625000059604645,449,33.6150016784668,0,0,False,False,0.04562500060274033,0.04562500060274033
*** pb.decode***35,0.0001228366864586196,0.03666675090789795,4,1194,0.0033500837520938024,4,0.00011851926608494923,0.035378000926357345,0.0,0.05770900100469589,0.05770900100469589,0.05770900100469589,460,33.784000396728516,0,0,False,False,0.0554700010761735,0.0554700010761735
LUA:MapEntityDataDetailGrid.GetEntityCount,3.1842547215340375e-06,0.0009505000343779102,4,1194,0.0033500837520938024,4,3.1842547215340375e-06,0.0009505000343779102,0.0,0.0010930000571534038,0.0010930000571534038,0.0010930000571534038,1076,33.819000244140625,0,0,False,False,0.0010930000571534038,0.0010930000571534038
*** pb.decode***1890,0.00033967588814459054,0.4055730104446411,1,1194,0.0008375209380234506,1,0.0003368408798090072,0.40218801049195463,0.0,0.4055730104446411,0.4055730104446411,0.4055730104446411,466,30.774999618530273,0,0,False,False,0.40218801049195463,0.40218801049195463
*** pb.decode***746,0.00012458124552140485,0.14875000715255737,1,1194,0.0008375209380234506,1,0.00012222697415980558,0.14593900714680785,0.0,0.14875000715255737,0.14875000715255737,0.14875000715255737,467,33.55099868774414,0,0,False,False,0.14593900714680785,0.14593900714680785
*** pb.decode***135,7.223534137260175e-05,0.043124498799443245,2,1194,0.0016750418760469012,2,6.979229284073671e-05,0.041665998825919814,0.0,0.04630199819803238,0.04630199819803238,0.04630199819803238,474,33.72700119018555,0,0,False,False,0.044843998228316195,0.044843998228316195
LUA:ObjPoolLinkedList.RemoveFirst,0.001131483220294043,0.45033032167702913,3,1194,0.002512562814070352,24,2.242629851625649e-05,0.008925666809470082,0.0,1.2530729663558304,1.2530729663558304,1.227239966392517,481,33.36600112915039,0,0,False,False,0.009013001836137846,0.009013001836137846
LUA:LinkedList.RemoveFirst,7.720854269087914e-05,0.030728999990969896,3,1194,0.002512562814070352,24,7.720854269087914e-05,0.0307289999909699,0.0,0.05979100044351071,0.05979100044351071,0.04739600047469139,970,33.58000183105469,0,0,False,False,0.05979100044351071,0.05979100044351071
LUA:ObjPoolLinkedList.discard,0.0011559606100917347,0.05308526801728966,26,1194,0.021775544388609715,160,0.00013278977388427927,0.006098115000685748,0.0,0.05547100357944146,1.2269779646012466,1.2242189645767212,481,33.36600112915039,0,0,False,False,0.05547100357944146,0.015730000159237534
LUA:PopupBox_KillBroadcastHint.onCleanFunc,0.0010231708362074554,1.2216659784317017,1,1194,0.0008375209380234506,1,1.408958689027296e-05,0.016822966746985912,0.0,1.2216659784317017,1.2216659784317017,1.2216659784317017,481,33.36600112915039,0,0,False,False,0.016822966746985912,0.016822966746985912
C#gameObject,2.6432999333294993e-05,0.010520333734651407,3,1194,0.002512562814070352,3,2.6432999333294993e-05,0.010520333734651407,0.0,0.014218000695109367,0.014218000695109367,0.014218000695109367,481,33.36600112915039,0,0,False,False,0.014218000695109367,0.014218000695109367
C#Destroy,0.0009274673421977952,1.1073960065841675,1,1194,0.0008375209380234506,1,0.00015158292099632054,0.1809900076696067,0.0,1.1073960065841675,1.1073960065841675,1.1073960065841675,481,33.36600112915039,0,0,False,False,0.1809900076696067,0.1809900076696067
UnityEngine.UI.dll!UnityEngine.UI::Image.OnDisable(),0.0005093567826827268,0.15204299963079393,4,1194,0.0033500837520938024,48,0.0005033375195951405,0.15024624959914945,0.0,0.19609000207856297,0.19609000207856297,0.05104199796915054,1009,53.58100128173828,0,0,False,False,0.19244600203091977,0.19244600203091977
UnityEngine.UI.dll!::UIBehaviourForNormalRenderer.OnDisable(),4.404522562430706e-06,0.002629499969771132,2,1194,0.0016750418760469012,16,4.404522562430706e-06,0.002629499969771132,0.0,0.0031249999155988917,0.0031249999155988917,0.001197999925352633,984,52.75299835205078,0,0,False,False,0.0031249999155988917,0.0031249999155988917
UnityEngine.UI.dll!UnityEngine.UI.Extensions::UIEffect.OnDisable(),0.0013898525714308376,0.414870992572105,4,1194,0.0033500837520938024,32,0.00022778725373187028,0.06799449523896328,0.0,0.8539069700054824,0.8539069700054824,0.38239598274230957,984,52.75299835205078,0,0,False,False,0.10104199287161464,0.10104199287161464
Canvas.MarkCanvasTreeDirty,1.1476549359337407e-05,0.0034257499837622163,4,1194,0.0033500837520938024,147,1.1476549359337407e-05,0.003425749983762216,0.0,0.005313999983627582,0.005313999983627582,0.0008340000058524311,628,60.51300048828125,0,0,False,False,0.005313999983627582,0.005313999983627582
UnityEngine.UI.dll!::UIBehaviourForNormalRenderer.OnDestroy(),4.4463986356959525e-06,0.0026544999855104834,2,1194,0.0016750418760469012,16,4.4463986356959525e-06,0.002654499985510484,0.0,0.0031239999443641864,0.0031239999443641864,0.0010939999483525753,984,52.75299835205078,0,0,False,False,0.0031239999443641864,0.0031239999443641864
UnityEngine.UI.dll!UnityEngine.EventSystems::UIBehaviour.OnDisable(),1.8299832597193175e-06,0.0005462500030262163,4,1194,0.0033500837520938024,16,1.8299832597193175e-06,0.0005462500030262163,0.0,0.000728000006347429,0.000728000006347429,0.0003640000068116933,628,60.51300048828125,0,0,False,False,0.000728000006347429,0.000728000006347429
UnityEngine.UI.dll!UnityEngine.UI::LayoutGroup.OnDisable(),9.862814075976511e-05,0.029440500016789883,4,1194,0.0033500837520938024,24,9.862814075976511e-05,0.029440500016789883,0.0,0.037344000302255154,0.037344000302255154,0.011978999711573124,481,33.36600112915039,0,0,False,False,0.037344000302255154,0.037344000302255154
UnityEngine.UI.dll!UnityEngine.UI::LayoutElement.OnDisable(),1.1560301502821015e-05,0.003450749998592073,4,1194,0.0033500837520938024,16,1.1560301502821015e-05,0.003450749998592073,0.0,0.005052000051364303,0.005052000051364303,0.002709000138565898,984,52.75299835205078,0,0,False,False,0.005052000051364303,0.005052000051364303
UnityEngine.UI.dll!UnityEngine.UI::Text.OnDisable(),9.70569521912578e-05,0.028971500229090452,4,1194,0.0033500837520938024,6,9.635845970576341e-05,0.028763000222170376,0.0,0.03192700073122978,0.03192700073122978,0.03192700073122978,984,52.75299835205078,0,0,False,False,0.03192700073122978,0.03192700073122978
UnityEngine.UI.dll!UnityEngine.UI::BaseMeshEffect.OnDisable(),4.971524313641353e-06,0.001484000007621944,4,1194,0.0033500837520938024,6,4.971524313641353e-06,0.001484000007621944,0.0,0.0017180000431835651,0.0017180000431835651,0.0017180000431835651,984,52.75299835205078,0,0,False,False,0.0017180000431835651,0.0017180000431835651
LUA:Pan_KillBroadcast.Clear,5.958626792458833e-05,0.07114600390195847,1,1194,0.0008375209380234506,1,7.764656947679206e-06,0.009271000395528972,0.0,0.07114600390195847,0.07114600390195847,0.07114600390195847,481,33.36600112915039,0,0,False,False,0.009271000395528972,0.009271000395528972
LUA:UIManager.ClearUIEventByObj,5.146566157539685e-06,0.006144999992102385,1,1194,0.0008375209380234506,1,3.1834169504680426e-06,0.003800999838858843,0.0,0.006144999992102385,0.006144999992102385,0.006144999992102385,481,33.36600112915039,0,0,False,False,0.003800999838858843,0.003800999838858843
LUA:UIManager.UnregisterUITemplateEvents,1.963149207071643e-06,0.0023440001532435417,1,1194,0.0008375209380234506,1,1.963149207071643e-06,0.0023440001532435417,0.0,0.0023440001532435417,0.0023440001532435417,0.0023440001532435417,481,33.36600112915039,0,0,False,False,0.0023440001532435417,0.0023440001532435417
LUA:ObjUtil.UnregistAll,4.32286461443957e-05,0.05161500349640846,1,1194,0.0008375209380234506,1,1.3827474331920047e-05,0.016510004352312535,0.0,0.05161500349640846,0.05161500349640846,0.05161500349640846,481,33.36600112915039,0,0,False,False,0.016510004352312535,0.016510004352312535
LUA:iAction.RemoveAction,6.105527328561299e-07,0.0007289999630302191,1,1194,0.0008375209380234506,1,6.105527328561299e-07,0.0007289999630302191,0.0,0.0007289999630302191,0.0007289999630302191,0.0007289999630302191,481,33.36600112915039,0,0,False,False,0.0007289999630302191,0.0007289999630302191
LUA:ErrMgr.UnregistErrCodeHandlerByObj,2.180904554050272e-06,0.002604000037536025,1,1194,0.0008375209380234506,1,2.180904554050272e-06,0.002604000037536025,0.0,0.002604000037536025,0.002604000037536025,0.002604000037536025,481,33.36600112915039,0,0,False,False,0.002604000037536025,0.002604000037536025
LUA:TimeMgr.StopTimerByObj,3.0569515446079285e-07,0.0003650000144261867,1,1194,0.0008375209380234506,1,3.0569515446079285e-07,0.0003650000144261867,0.0,0.0003650000144261867,0.0003650000144261867,0.0003650000144261867,481,33.36600112915039,0,0,False,False,0.0003650000144261867,0.0003650000144261867
LUA:TweenMgr.StopAllBinded,1.003350021233361e-06,0.001197999925352633,1,1194,0.0008375209380234506,1,1.003350021233361e-06,0.001197999925352633,0.0,0.001197999925352633,0.001197999925352633,0.001197999925352633,481,33.36600112915039,0,0,False,False,0.001197999925352633,0.001197999925352633
LUA:TaskMgr.CancelAllBinded,1.0025125914183095e-06,0.0011970000341534615,1,1194,0.0008375209380234506,1,1.0025125914183095e-06,0.0011970000341534617,0.0,0.0011970000341534615,0.0011970000341534615,0.0011970000341534615,481,33.36600112915039,0,0,False,False,0.0011970000341534615,0.0011970000341534615
LUA:CoMgr.StopAllBinded,8.291457046503498e-07,0.0009899999713525176,1,1194,0.0008375209380234506,1,8.291457046503498e-07,0.0009899999713525176,0.0,0.0009899999713525176,0.0009899999713525176,0.0009899999713525176,481,33.36600112915039,0,0,False,False,0.0009899999713525176,0.0009899999713525176
LUA:NetMgr.UnregistNtfHandlerFromAllServerByObj,1.6139865458211308e-05,0.0192709993571043,1,1194,0.0008375209380234506,1,2.7914576769074803e-06,0.0033330004662275314,0.0,0.0192709993571043,0.0192709993571043,0.0192709993571043,481,33.36600112915039,0,0,False,False,0.0033330004662275314,0.0033330004662275314
LUA:TimeWheelMgr.UnScheduleByTarget,1.3961474071108616e-06,0.0016670000040903687,1,1194,0.0008375209380234506,1,1.3961474071108616e-06,0.0016670000040903687,0.0,0.0016670000040903687,0.0016670000040903687,0.0016670000040903687,481,33.36600112915039,0,0,False,False,0.0016670000040903687,0.0016670000040903687
UnityEngine.UI.dll!UnityEngine.UI.Extensions::RootPanel.OnDestroy(),6.541038607520175e-07,0.0007810000097379088,1,1194,0.0008375209380234506,1,6.541038607520175e-07,0.0007810000097379088,0.0,0.0007810000097379088,0.0007810000097379088,0.0007810000097379088,481,33.36600112915039,0,0,False,False,0.0007810000097379088,0.0007810000097379088
UnityEngine.UI.dll!UnityEngine.EventSystems::UIBehaviour.OnDestroy(),2.5728643760498508e-06,0.0030720000650035217,1,1194,0.0008375209380234506,21,2.5728643760498508e-06,0.0030720000650035217,0.0,0.0030720000650035217,0.0030720000650035217,0.0002610000083222985,481,33.36600112915039,0,0,False,False,0.0030720000650035217,0.0030720000650035217
UnityEngine.UI.dll!UnityEngine.UI::Image.OnDestroy(),4.842546149116038e-06,0.005782000102044549,1,1194,0.0008375209380234506,20,4.842546149116038e-06,0.005782000102044549,0.0,0.005782000102044549,0.005782000102044549,0.0010939999483525753,481,33.36600112915039,0,0,False,False,0.005782000102044549,0.005782000102044549
UnityEngine.UI.dll!UnityEngine.UI.Extensions::UIEffect.OnDestroy(),2.285510840668956e-05,0.027288999437587336,1,1194,0.0008375209380234506,12,2.1720267517109585e-05,0.025933999415428843,0.0,0.027288999437587336,0.027288999437587336,0.0059369998052716255,481,33.36600112915039,0,0,False,False,0.025933999415428843,0.025933999415428843
UnityEngine.UI.dll!UnityEngine.UI::Text.OnDestroy(),1.7881071681727717e-06,0.0021349999587982893,1,1194,0.0008375209380234506,2,1.7001674703784113e-06,0.002029999959631823,0.0,0.0021349999587982893,0.0021349999587982893,0.0014059999957680702,481,33.36600112915039,0,0,False,False,0.002029999959631823,0.002029999959631823
UnityEngine.UI.dll!UnityEngine.UI::Shadow.OnDestroy(),4.275544208998619e-06,0.005104999785544351,1,1194,0.0008375209380234506,2,4.275544208998619e-06,0.005104999785544351,0.0,0.005104999785544351,0.005104999785544351,0.004739999771118164,481,33.36600112915039,0,0,False,False,0.005104999785544351,0.005104999785544351
Canvas.SetCanvasBatchOrder,0.004315587993043551,0.7361160090991429,7,1194,0.005862646566164154,7,0.0034671575045022002,0.5913980086250896,0.0,0.806302011013031,0.806302011013031,0.806302011013031,985,34.01300048828125,0,0,False,False,0.6666070109968132,0.6666070109968132
Canvas.UpdateBatchOrder.QueryComponents,0.0006871490807572698,0.11720800034631143,7,1194,0.005862646566164154,6158,0.000669826635379927,0.11425328609194756,0.0,0.17380600059914286,0.17380600059914286,0.048542000353336334,1009,53.58100128173828,0,0,False,False,0.17037100063680555,0.17037100063680555
Canvas.UpdateBatchOrder.QueryComponentsDirty,1.7322445377342636e-05,0.002954714254363872,7,1194,0.005862646566164154,274,1.7322445377342636e-05,0.002954714254363872,0.0,0.004328999955760082,0.004328999955760082,0.0001049999991664663,1010,32.345001220703125,0,0,False,False,0.004328999955760082,0.004328999955760082
Canvas.SetCanvasBatchOrderPopInstruction,7.986599535139597e-06,0.0015893333074927796,6,1194,0.005025125628140704,51,7.986599535139597e-06,0.0015893333074927798,0.0,0.002655999895068817,0.002655999895068817,0.0013539999490603805,984,52.75299835205078,0,0,False,False,0.002655999895068817,0.002655999895068817
Canvas.SetCanvasBatchOrderPushInstruction,0.0001532948082489417,0.0261477144356052,7,1194,0.005862646566164154,826,0.0001532948082489417,0.0261477144356052,0.0,0.03302300005816505,0.03302300005816505,0.002655999967828393,985,34.01300048828125,0,0,False,False,0.03302300005816505,0.03302300005816505
Canvas.AddRenderersToCanvas,0.0006518718510416883,0.11119071287768227,7,1194,0.005862646566164154,7,0.0006518718510416883,0.11119071287768226,0.0,0.12666699290275574,0.12666699290275574,0.12666699290275574,985,34.01300048828125,0,0,False,False,0.12666699290275574,0.12666699290275574
Material.ValidateTextures,1.2170853930988804e-05,0.002075999941942947,7,1194,0.005862646566164154,7,1.2170853930988804e-05,0.002075999941942947,0.0,0.0027609998360276222,0.0027609998360276222,0.0027609998360276222,985,34.01300048828125,0,0,False,False,0.0027609998360276222,0.0027609998360276222
CanvasRenderer.DoSyncCanvasBatchOrder,7.860887849628746e-05,0.013408428703509603,7,1194,0.005862646566164154,501,7.860887849628746e-05,0.013408428703509603,0.0,0.022458000432379777,0.022458000432379777,0.0006249999860301614,984,52.75299835205078,0,0,False,False,0.022458000432379777,0.022458000432379777
UIStatMgr.,1.1734505319715145e-05,0.014010999351739883,1,1194,0.0008375209380234506,1,2.704354836114088e-06,0.0032289996743202214,0.0,0.014010999351739883,0.014010999351739883,0.014010999351739883,496,33.49300003051758,0,0,False,False,0.003228999674320221,0.003228999674320221
LUA:UIStatMgr.func,9.030150483601058e-06,0.010781999677419662,1,1194,0.0008375209380234506,1,6.107202529442345e-06,0.00729199982015416,0.0,0.010781999677419662,0.010781999677419662,0.010781999677419662,496,33.49300003051758,0,0,False,False,0.00729199982015416,0.00729199982015416
LUA:UIStatMgr.PushUIInfoToGPM,2.138190855969436e-06,0.002552999882027507,1,1194,0.0008375209380234506,1,1.309882581134138e-06,0.0015639998018741608,0.0,0.002552999882027507,0.002552999882027507,0.002552999882027507,496,33.49300003051758,0,0,False,False,0.0015639998018741608,0.0015639998018741608
C#s_ProfileFlag,7.847570981892759e-07,0.0009369999752379954,1,1194,0.0008375209380234506,1,7.847570981892759e-07,0.0009369999752379954,0.0,0.0009369999752379954,0.0009369999752379954,0.0009369999752379954,496,33.49300003051758,0,0,False,False,0.0009369999752379954,0.0009369999752379954
LUA:PopupBox_SimpleBattleHint_UGUI.HandleNpcInfo,0.0002948333301785803,0.11734366541107495,3,1194,0.002512562814070352,6,5.605359981675013e-05,0.02230933272706655,0.0,0.14333299919962883,0.14333299919962883,0.09130199998617172,956,32.27000045776367,0,0,False,False,0.0273970028210897,0.0273970028210897
LUA:WorldUtil.GetCfgEntityNameByType,5.356700161949324e-05,0.02131966664455831,3,1194,0.002512562814070352,6,2.5215242977466253e-05,0.010035666705031568,0.0,0.02630200097337365,0.02630200097337365,0.02250000089406967,782,32.60599899291992,0,0,False,False,0.011614001414272934,0.011614001414272934
*** pb.decode***175,9.958542434114907e-05,0.05945249833166599,2,1194,0.0016750418760469012,2,9.705527357177355e-05,0.05794199832234881,0.0,0.059790998697280884,0.059790998697280884,0.059790998697280884,842,32.36399841308594,0,0,False,False,0.058072998726856895,0.058072998726856895
PrepareSceneNodesCombineJob,7.415410299696515e-06,0.0022134999744594097,4,1194,0.0033500837520938024,4,3.926298121642477e-06,0.0011719999893102795,0.0,0.002655999967828393,0.002655999967828393,0.002655999967828393,1117,32.38199996948242,0,0,False,False,0.001509999972768128,0.001509999972768128
*** pb.decode***290,9.300000029592658e-05,0.11104200035333633,1,1194,0.0008375209380234506,1,9.143048608126672e-05,0.10916800038103246,0.0,0.11104200035333633,0.11104200035333633,0.11104200035333633,508,41.40299987792969,0,0,False,False,0.10916800038103247,0.10916800038103247
AssetRefCnt.Unload,4.929648337876377e-06,0.005886000115424395,1,1194,0.0008375209380234506,1,6.984925159632261e-07,0.000834000064060092,0.0,0.005886000115424395,0.005886000115424395,0.005886000115424395,511,30.253999710083008,0,0,False,False,0.000834000064060092,0.000834000064060092
AssetRefCnt.MainAssetDecreaseRefCnt,3.184254672783903e-06,0.00380200007930398,1,1194,0.0008375209380234506,1,3.184254672783903e-06,0.00380200007930398,0.0,0.00380200007930398,0.00380200007930398,0.00380200007930398,511,30.253999710083008,0,0,False,False,0.00380200007930398,0.00380200007930398
AssetRefCnt.ReleaseAssetsNotRefed,1.0469011491292485e-06,0.0012499999720603228,1,1194,0.0008375209380234506,1,1.0469011491292485e-06,0.0012499999720603228,0.0,0.0012499999720603228,0.0012499999720603228,0.0012499999720603228,511,30.253999710083008,0,0,False,False,0.0012499999720603228,0.0012499999720603228
AbListMgr.GetAssetUrlByHash,1.7274706634198327e-05,0.006875333240410934,3,1194,0.002512562814070352,5,1.7274706634198327e-05,0.006875333240410934,0.0,0.008124999701976776,0.008124999701976776,0.008124999701976776,541,36.064998626708984,0,0,False,False,0.008124999701976776,0.008124999701976776
*** pb.decode***83,8.279145375468224e-05,0.049426497891545296,2,1194,0.0016750418760469012,2,8.082830459026697e-05,0.04825449784038938,0.0,0.059946998953819275,0.059946998953819275,0.059946998953819275,513,32.78300094604492,0,0,False,False,0.05874999887601007,0.05874999887601007
*** pb.decode***180,8.148408902050862e-05,0.048646001145243645,2,1194,0.0016750418760469012,2,7.934757313385709e-05,0.04737050116091268,0.0,0.05307300016283989,0.05307300016283989,0.05307300016283989,513,32.78300094604492,0,0,False,False,0.05166700020345161,0.05166700020345161
LUA:OutsideArmyEventNet.CfgNs.SceneEventType.SET_YzMultiKillEvent,0.010345215498901892,2.0586978842814765,6,1194,0.005025125628140704,6,4.915992177124299e-05,0.009782824432477355,0.0,9.501041412353516,9.501041412353516,9.501041412353516,628,60.51300048828125,1,0,False,True,0.015311816008761525,0.015311816008761525
LUA:OutsideUtilPresetTeam.IsSelfArmy,7.188693546944328e-05,0.014305500158419212,6,1194,0.005025125628140704,6,2.3643215931015998e-05,0.004704999970272183,0.0,0.017448000609874725,0.017448000609874725,0.017448000609874725,984,52.75299835205078,0,0,False,False,0.005053000524640083,0.005053000524640083
LUA:OutsideUtilPresetTeam.YzGetPresetTeamDatas,4.824371953842728e-05,0.009600500188147029,6,1194,0.005025125628140704,6,4.824371953842728e-05,0.009600500188147029,0.0,0.012395000085234642,0.012395000085234642,0.012395000085234642,984,52.75299835205078,0,0,False,False,0.012395000085234642,0.012395000085234642
*** pb.decode***157,4.71541037162145e-05,0.05630199983716011,1,1194,0.0008375209380234506,1,4.567001660521551e-05,0.05452999982662732,0.0,0.05630199983716011,0.05630199983716011,0.05630199983716011,517,33.40299987792969,0,0,False,False,0.05452999982662732,0.05452999982662732
*** pb.decode***375,0.0003198283151965245,0.38187500834465027,1,1194,0.0008375209380234506,1,0.0003183459031401562,0.38010500834934646,0.0,0.38187500834465027,0.38187500834465027,0.38187500834465027,526,32.85200119018555,0,0,False,False,0.38010500834934646,0.38010500834934646
*** pb.decode***631,0.00010146146992742516,0.12114499509334564,1,1194,0.0008375209380234506,1,0.00010002177140460595,0.1194259950570995,0.0,0.12114499509334564,0.12114499509334564,0.12114499509334564,526,32.85200119018555,0,0,False,False,0.1194259950570995,0.1194259950570995
*** pb.decode***330,7.80376931730427e-05,0.09317700564861298,1,1194,0.0008375209380234506,1,7.655528111667435e-05,0.09140700565330917,0.0,0.09317700564861298,0.09317700564861298,0.09317700564861298,533,33.736000061035156,0,0,False,False,0.09140700565330917,0.09140700565330917
*** pb.decode***466,0.00029653435576101845,0.354062020778656,1,1194,0.0008375209380234506,1,0.0002954882921026419,0.35281302077055443,0.0,0.354062020778656,0.354062020778656,0.354062020778656,537,36.356998443603516,0,0,False,False,0.35281302077055443,0.35281302077055443
*** pb.decode***166,0.00010434086660743758,0.062291497364640236,2,1194,0.0016750418760469012,2,0.00010229061533348093,0.06106749735408812,0.0,0.07682299613952637,0.07682299613952637,0.07682299613952637,984,52.75299835205078,0,0,False,False,0.07541699612920638,0.07541699612920638
*** pb.decode***160,0.0007998752134728871,0.2387627512216568,4,1194,0.0033500837520938024,4,0.0007899757161075632,0.2358077512581076,0.0,0.33296799659729004,0.33296799659729004,0.33296799659729004,910,33.48699951171875,0,0,False,False,0.32906299664318794,0.32906299664318794
*** pb.decode***188,4.479899640558553e-05,0.05349000170826912,1,1194,0.0008375209380234506,1,4.3532664720784136e-05,0.05197800167661626,0.0,0.05349000170826912,0.05349000170826912,0.05349000170826912,541,36.064998626708984,0,0,False,False,0.05197800167661626,0.05197800167661626
*** pb.decode***260,0.0002497294839702459,0.29817700386047363,1,1194,0.0008375209380234506,1,0.0002480293164693987,0.296147003864462,0.0,0.29817700386047363,0.29817700386047363,0.29817700386047363,548,40.38199996948242,0,0,False,False,0.296147003864462,0.296147003864462
*** ArmyMove_DeletePreviewLine ***,0.00011694807421971405,0.06981800030916929,2,1194,0.0016750418760469012,2,9.601005063384617e-05,0.05731800022840616,0.0,0.11698000133037567,0.11698000133037567,0.11698000133037567,1021,29.847999572753906,0,0,False,False,0.09198000116884941,0.09198000116884941
*** pb.decode***430,6.368592805798529e-05,0.07604099810123444,1,1194,0.0008375209380234506,1,6.233333179095785e-05,0.07442599815840367,0.0,0.07604099810123444,0.07604099810123444,0.07604099810123444,557,33.38199996948242,0,0,False,False,0.07442599815840367,0.07442599815840367
LocalToParentSystem:UpdateHierarchy (Cleanup),8.726968325462373e-07,0.0010420000180602074,1,1194,0.0008375209380234506,1,8.726968325462373e-07,0.0010420000180602074,0.0,0.0010420000180602074,0.0010420000180602074,0.0010420000180602074,557,33.38199996948242,0,0,False,False,0.0010420000180602074,0.0010420000180602074
*** pb.decode***837,0.0003897529251411732,0.4653649926185608,1,1194,0.0008375209380234506,1,0.00038844304236503854,0.46380099258385604,0.0,0.4653649926185608,0.4653649926185608,0.4653649926185608,564,34.810001373291016,0,0,False,False,0.463800992583856,0.463800992583856
*** pb.decode***158,4.545309997383674e-05,0.05427100136876106,1,1194,0.0008375209380234506,1,4.431909660547831e-05,0.0529170013469411,0.0,0.05427100136876106,0.05427100136876106,0.05427100136876106,564,34.810001373291016,0,0,False,False,0.052917001346941106,0.052917001346941106
*** pb.decode***42,0.00012488693304646954,0.04970499935249487,3,1194,0.002512562814070352,4,0.00012022026636606742,0.047847666013694834,0.0,0.07713600061833858,0.07713600061833858,0.04968800023198128,567,33.382999420166016,0,0,False,False,0.07406400061154272,0.07406400061154272
*** pb.decode***186,7.847487502161981e-05,0.04684950038790703,2,1194,0.0016750418760469012,2,7.620603077586895e-05,0.04549500037319376,0.0,0.05270899832248688,0.05270899832248688,0.05270899832248688,571,33.72700119018555,0,0,False,False,0.051145998302672524,0.051145998302672524
*** pb.decode***278,6.24212700018731e-05,0.07453099638223648,1,1194,0.0008375209380234506,1,6.137436883446255e-05,0.07328099638834829,0.0,0.07453099638223648,0.07453099638223648,0.07453099638223648,587,33.137001037597656,0,0,False,False,0.07328099638834829,0.07328099638834829
[res]ab_unload: bundle/ui/prefabs/pan_killbroadcast01_000_ugui.prefab.k,0.0007203994584043621,0.8601569533348083,1,1194,0.0008375209380234506,1,0.0007191783528533372,0.8586989533068846,0.0,0.8601569533348083,0.8601569533348083,0.8601569533348083,602,33.180999755859375,0,0,False,False,0.8586989533068845,0.8586989533068845
Loading.MakeObjectUnpersistent,8.718593052309163e-07,0.001041000010445714,1,1194,0.0008375209380234506,1,8.718593052309163e-07,0.001041000010445714,0.0,0.001041000010445714,0.001041000010445714,0.001041000010445714,602,33.180999755859375,0,0,False,False,0.001041000010445714,0.001041000010445714
File.Close,1.4002512799871545e-05,0.008359500141523313,2,1194,0.0016750418760469012,4,1.4002512799871545e-05,0.008359500141523313,0.0,0.016302000265568495,0.016302000265568495,0.008750000037252903,628,60.51300048828125,0,0,False,False,0.016302000265568495,0.016302000265568495
*** pb.decode***111,3.4111391259996935e-05,0.04072900116443634,1,1194,0.0008375209380234506,1,3.306449009258639e-05,0.039479001170548145,0.0,0.04072900116443634,0.04072900116443634,0.04072900116443634,610,33.30699920654297,0,0,False,False,0.039479001170548145,0.039479001170548145
*** pb.decode***20222,0.01726811155801642,5.154531300067902,4,1194,0.0033500837520938024,4,0.01725550603069332,5.150768550161956,0.0,7.300886154174805,7.300886154174805,7.300886154174805,1008,39.22700119018555,4,0,False,False,7.2946361544090905,7.2946361544090905
C#ConvertCellToWorldPos,0.003809287270801719,0.03920938794256252,116,1194,0.09715242881072027,694,0.003809287270801719,0.03920938794256252,0.039323999313637614,0.08390700328163803,0.12588600465096533,0.09380200505256653,1016,32.90599822998047,0,0,False,False,0.12588600465096533,0.08390700328163803
*** pb.decode***1398,0.0005323927805851053,0.6356769800186157,1,1194,0.0008375209380234506,1,0.000530648224477797,0.6335939800264896,0.0,0.6356769800186157,0.6356769800186157,0.6356769800186157,628,60.51300048828125,0,0,False,False,0.6335939800264896,0.6335939800264896
*** pb.decode***702,8.292295275820759e-05,0.09901000559329987,1,1194,0.0008375209380234506,1,8.157035644243002e-05,0.09739500559226144,0.0,0.09901000559329987,0.09901000559329987,0.09901000559329987,628,60.51300048828125,0,0,False,False,0.09739500559226144,0.09739500559226144
*** pb.decode***145,4.1745394043986325e-05,0.04984400048851967,1,1194,0.0008375209380234506,1,4.0960636909234446e-05,0.04890700046962593,0.0,0.04984400048851967,0.04984400048851967,0.04984400048851967,628,60.51300048828125,0,0,False,False,0.04890700046962593,0.04890700046962593
LUA:PopupBox_KillBroadcastHint.ShowKillBroadcast,0.010212914035398157,4.064739786088467,3,1194,0.002512562814070352,3,2.403550134297816e-05,0.009566129534505306,0.0,9.475208282470703,9.475208282470703,9.475208282470703,628,60.51300048828125,1,0,False,True,0.01369820348918438,0.01369820348918438
LUA:KillBroadcastUtil.IsGodLikeEvent,0.0001068283083039013,0.04251766670495272,3,1194,0.002512562814070352,6,5.4571189655543274e-05,0.021719333482906222,0.0,0.051302000880241394,0.051302000880241394,0.0276040006428957,984,52.75299835205078,0,0,False,False,0.02885500085540116,0.02885500085540116
LUA:BattleCore.GetBattleMiscCfg,5.538526016101865e-06,0.002204333354408542,3,1194,0.002512562814070352,6,5.538526016101865e-06,0.002204333354408542,0.0,0.0023950000759214163,0.0023950000759214163,0.0014059999957680702,984,52.75299835205078,0,0,False,False,0.0023950000759214163,0.0023950000759214163
LUA:NewbieMassiveArmyCtrl.IsInNewbieDefenceCity,4.6718592632256165e-05,0.01859399986763795,3,1194,0.002512562814070352,6,4.6718592632256165e-05,0.018593999867637954,0.0,0.020364999771118164,0.020364999771118164,0.011094000190496445,628,60.51300048828125,0,0,False,False,0.020364999771118164,0.020364999771118164
LUA:PopupBox_KillBroadcastHint.StartTickHandler,0.010130252068143938,4.031840323121287,3,1194,0.002512562814070352,3,9.339198872206773e-05,0.03717001151138296,0.0,9.44515609741211,9.44515609741211,9.44515609741211,628,60.51300048828125,1,0,False,True,0.1033329963684082,0.1033329963684082
LUA:TimeWheelMgr.ScheduleTime,0.01003686007942187,5.992005467414856,2,1194,0.0016750418760469012,2,2.120154768609172e-05,0.012657323968596756,0.0,9.438281059265137,9.438281059265137,9.438281059265137,628,60.51300048828125,1,0,False,True,0.014219854958355427,0.014219854958355427
LUA:PopupBox_KillBroadcastHint.func,0.015276120220571506,0.5699902357300743,32,1194,0.02680067001675042,33,0.0003199626436091217,0.011938606139665353,0.0,5.3450517654418945,9.313854701817036,9.285208702087402,628,60.51300048828125,2,0,False,False,0.024169498588889837,0.019531008205376565
LUA:PopupBox_KillBroadcastHint.SetAllKillBroadcastUIOffset,0.00044728894365040375,0.01668946870995569,32,1194,0.02680067001675042,33,0.00017134171013191493,0.0063931875592970755,0.0,0.020364999771118164,0.020886000245809555,0.020886000245809555,1011,33.084999084472656,0,0,False,False,0.009270001202821732,0.008593999780714512
LUA:PopupBox_KillBroadcastHint._fillDisplaySlots,0.014219794097663429,0.5305760672690667,32,1194,0.02680067001675042,33,5.63111247192956e-05,0.002101108841088717,0.0,5.3056769371032715,9.259269203001168,9.25843620300293,628,60.51300048828125,2,0,False,True,0.007029437518212944,0.006927131908014417
LUA:TblUtil.Count,2.966499228305004e-06,0.0011806666928653915,3,1194,0.002512562814070352,3,2.966499228305004e-06,0.0011806666928653915,0.0,0.0015620000194758177,0.0015620000194758177,0.0015620000194758177,984,52.75299835205078,0,0,False,False,0.0015620000194758177,0.0015620000194758177
LUA:PopupBox_KillBroadcastHint._tryShowNextForArmy,0.014164529873995763,2.818741444925157,6,1194,0.005025125628140704,6,1.2215478634352561e-05,0.0024308802482361593,0.0,9.251301765441895,9.251301765441895,9.251301765441895,628,60.51300048828125,2,0,False,True,0.003802776336669922,0.003802776336669922
LUA:PopupBox_KillBroadcastHint._showNewKillBroadcast,0.01415231439536141,5.632621129353841,3,1194,0.002512562814070352,3,2.6607743996371775e-05,0.010589882110555967,0.0,9.247968673706055,9.247968673706055,9.247968673706055,628,60.51300048828125,2,0,False,False,0.012135140597820282,0.012135140597820282
LUA:PopupBox_KillBroadcastHint.RegisterKillBroadcastByEntityId,0.01140424355215563,4.538888933757941,3,1194,0.002512562814070352,3,1.230091480553849e-05,0.004895764092604319,0.0,8.710936546325684,8.710936546325684,8.710936546325684,628,60.51300048828125,2,0,False,True,0.005625002086162567,0.005625002086162567
LUA:PopupBox_KillBroadcastHint.RegisterKillBroadcast,0.011391942637350091,4.533993169665337,3,1194,0.002512562814070352,3,2.5650651710516645e-05,0.010208959380785624,0.0,8.70630168914795,8.70630168914795,8.70630168914795,628,60.51300048828125,2,0,False,True,0.015261003747582436,0.015261003747582436
LUA:ObjPoolLinkedList.getInflateCnt,0.00010020351618484686,0.0022156110800871692,54,1194,0.04522613065326633,130,0.00010020351618484686,0.0022156110800871692,0.0,0.0035940000670962036,0.008232000021962449,0.002864000154659152,1033,33.5890007019043,0,0,False,False,0.008232000021962449,0.0035940000670962036
LUA:ObjPoolLinkedList.alloc,0.015497189934772613,0.34266008855775,54,1194,0.04522613065326633,130,0.00039650438454039583,0.008767152502615418,0.0,0.3919260026887059,8.65073013305664,8.65073013305664,628,60.51300048828125,2,0,False,False,0.07005099323578179,0.035104994429275393
LUA:PopupBox_KillBroadcastHint.createFunc,0.011212617708011288,6.693932771682739,2,1194,0.0016750418760469012,2,1.360873428096923e-05,0.00812441436573863,0.0,8.636771202087402,8.636771202087402,8.636771202087402,628,60.51300048828125,2,0,False,True,0.008645303547382355,0.008645303547382355
LUA:KillBroadcastUtil.NewKillBroadcastHint,0.011187580162955688,6.678985357284546,2,1194,0.0016750418760469012,2,2.316572695913595e-05,0.013829938994604163,0.0,8.622865676879883,8.622865676879883,8.622865676879883,628,60.51300048828125,2,0,False,False,0.014532829547533765,0.014532829547533765
LUA:KillBroadcastUtil.GetPrefabPath,8.283082017100961e-07,0.0004944999964209273,2,1194,0.0016750418760469012,2,8.283082017100961e-07,0.0004944999964209273,0.0,0.0005729999975301325,0.0005729999975301325,0.0005729999975301325,1009,53.58100128173828,0,0,False,False,0.0005729999975301325,0.0005729999975301325
LUA:UIUtil_UIWidget.InitUICtrl,0.009716377585776887,5.800677418708801,2,1194,0.0016750418760469012,2,5.457090573475838e-05,0.032578830723650753,0.0,7.781458854675293,7.781458854675293,7.781458854675293,628,60.51300048828125,2,0,False,False,0.033750759437680244,0.033750759437680244
LUA:UIUtil_UIWidget.GetUICtrlGameObject,0.008862062115565417,5.290651082992554,2,1194,0.0016750418760469012,2,4.5847213418352445e-05,0.02737078641075641,0.0,7.26895809173584,7.26895809173584,7.26895809173584,628,60.51300048828125,2,0,False,True,0.029741532169282436,0.029741532169282436
LUA:ResMgr.RetainGameObjectSync,0.008710260966315341,5.200025796890259,2,1194,0.0016750418760469012,2,2.9312144852613086e-05,0.01749935047701001,0.0,7.1709885597229,7.1709885597229,7.1709885597229,628,60.51300048828125,2,0,False,True,0.018331640399992466,0.018331640399992466
C#Retain,0.008616695052614963,5.144166946411133,2,1194,0.0016750418760469012,2,0.00024257429109788203,0.14481685178543557,0.0,7.114687919616699,7.114687919616699,7.114687919616699,628,60.51300048828125,2,0,False,False,0.14739472137443954,0.14739472137443954
[res]goLoader_sync: assets/bundleresources/ui/prefabs/pan_killbroadcast01_000_ugui.prefab(2ba045c195d3fe0f3f4a4c87a7db0642),0.008324305016790802,4.969610095024109,2,1194,0.0016750418760469012,2,0.00023612006075541904,0.14096367627098516,0.0,6.937084197998047,6.937084197998047,6.937084197998047,628,60.51300048828125,2,0,False,False,0.14437534144235542,0.14437534144235542
[res]assetLoader_sync: assets/bundleresources/ui/prefabs/pan_killbroadcast01_000_ugui.prefab(2ba045c195d3fe0f3f4a4c87a7db0642),0.003379920261196006,2.0178123959340155,2,1194,0.0016750418760469012,2,0.00015057857494889617,0.08989540924449102,0.0,4.030780792236328,4.030780792236328,4.030780792236328,628,60.51300048828125,1,0,False,False,0.17494681885727914,0.17494681885727914
AbListMgr.GetAbUrlHashByAsset,6.586264887546974e-06,0.007864000275731087,1,1194,0.0008375209380234506,1,6.586264887546974e-06,0.007864000275731087,0.0,0.007864000275731087,0.007864000275731087,0.007864000275731087,628,60.51300048828125,0,0,False,False,0.007864000275731087,0.007864000275731087
[res]abLoader_sync: bundle/ui/prefabs/pan_killbroadcast01_000_ugui.prefab.k(65def4c2d09ac8b14f6179d3a4e8ac50),0.0008894740237263179,1.0620319843292236,1,1194,0.0008375209380234506,1,6.141705742622398e-05,0.07333196656691143,0.0,1.0620319843292236,1.0620319843292236,1.0620319843292236,628,60.51300048828125,0,0,False,False,0.07333196656691143,0.07333196656691143
[res]abLoader_sync: bundle/font/wecfont.ttf.k(6e2b4f1d8bbab1e3ac34a5caa802bf35),3.838358631036189e-06,0.0045830002054572105,1,1194,0.0008375209380234506,1,3.838358631036189e-06,0.0045830002054572105,0.0,0.0045830002054572105,0.0045830002054572105,0.0045830002054572105,628,60.51300048828125,0,0,False,False,0.0045830002054572105,0.0045830002054572105
[res]abFLoader_sync: bundle/ui/prefabs/pan_killbroadcast01_000_ugui.prefab.k(65def4c2d09ac8b14f6179d3a4e8ac50),0.0008136164303401008,0.9714580178260803,1,1194,0.0008375209380234506,1,0.0001395016863637068,0.16656501351826591,0.0,0.9714580178260803,0.9714580178260803,0.9714580178260803,628,60.51300048828125,0,0,False,False,0.16656501351826591,0.16656501351826591
[res]ab_sync: bundle/ui/prefabs/pan_killbroadcast01_000_ugui.prefab.k,0.0006502571217778141,0.77640700340271,1,1194,0.0008375209380234506,1,1.4874402854249968e-05,0.01776003700797446,0.0,0.77640700340271,0.77640700340271,0.77640700340271,628,60.51300048828125,0,0,False,False,0.01776003700797446,0.01776003700797446
AssetBundles.LoadFromFile,0.0006352512281344365,0.7584899663925171,1,1194,0.0008375209380234506,1,5.827635989588384e-05,0.06958197371568531,0.0,0.7584899663925171,0.7584899663925171,0.7584899663925171,628,60.51300048828125,0,0,False,False,0.06958197371568531,0.06958197371568531
Loading.ArchiveFileSystemOpen,3.3457285351739255e-05,0.03994799870997667,1,1194,0.0008375209380234506,3,5.976548902004009e-06,0.007135999388992786,0.0,0.03994799870997667,0.03994799870997667,0.03703099861741066,628,60.51300048828125,0,0,False,False,0.007135999388992786,0.007135999388992786
File.Open,0.00016392713765203454,0.19572900235652924,1,1194,0.0008375209380234506,2,0.00016392713765203454,0.19572900235652924,0.0,0.19572900235652924,0.19572900235652924,0.16291700303554535,628,60.51300048828125,0,0,False,False,0.19572900235652924,0.19572900235652924
File.Seek,3.227805605679251e-06,0.003853999893181026,1,1194,0.0008375209380234506,4,3.227805605679251e-06,0.003853999893181026,0.0,0.003853999893181026,0.003853999893181026,0.0013020000187680125,628,60.51300048828125,0,0,False,False,0.003853999893181026,0.003853999893181026
File.Read,1.727470678044873e-05,0.020625999895855784,1,1194,0.0008375209380234506,7,1.727470678044873e-05,0.020625999895855784,0.0,0.020625999895855784,0.020625999895855784,0.010052000172436237,628,60.51300048828125,0,0,False,False,0.020625999895855784,0.020625999895855784
Loading.ArchiveFileSystemMount,8.201005071451517e-06,0.00979200005531311,1,1194,0.0008375209380234506,1,8.201005071451517e-06,0.009792000055313112,0.0,0.00979200005531311,0.00979200005531311,0.00979200005531311,628,60.51300048828125,0,0,False,False,0.00979200005531311,0.00979200005531311
Loading.LoadFileHeaders,0.000174526792874488,0.20838499069213867,1,1194,0.0008375209380234506,1,5.452594875047604e-05,0.0651039828080684,0.0,0.20838499069213867,0.20838499069213867,0.20838499069213867,628,60.51300048828125,0,0,False,False,0.0651039828080684,0.0651039828080684
Loading.ArchiveFileSystemSize,8.283082748352982e-07,0.000989000080153346,1,1194,0.0008375209380234506,1,8.283082748352982e-07,0.000989000080153346,0.0,0.000989000080153346,0.000989000080153346,0.000989000080153346,628,60.51300048828125,0,0,False,False,0.000989000080153346,0.000989000080153346
AsyncReadManager.SyncRequest,0.00013518007355157156,0.16140500782057643,1,1194,0.0008375209380234506,9,1.2865164934611104e-05,0.015361006931925658,0.0,0.16140500782057643,0.16140500782057643,0.14229200780391693,628,60.51300048828125,0,0,False,False,0.015361006931925658,0.015361006931925658
Loading.ArchiveFileSystemClose,1.0905360023347174e-05,0.013020999867876526,1,1194,0.0008375209380234506,2,4.580401708174987e-06,0.005468999639560934,0.0,0.013020999867876526,0.013020999867876526,0.012916999869048595,628,60.51300048828125,0,0,False,False,0.005468999639560934,0.005468999639560934
Loading.ArchiveFileSystemRead,8.039531189561439e-05,0.09599200240336359,1,1194,0.0008375209380234506,9,7.197655128218371e-05,0.08594000223092735,0.0,0.09599200240336359,0.09599200240336359,0.08218800276517868,628,60.51300048828125,0,0,False,False,0.08594000223092735,0.08594000223092735
Loading.ReadObject,0.00023594556042497083,0.28171899914741516,1,1194,0.0008375209380234506,1,1.658285656784797e-06,0.0019799930742010474,0.0,0.28171899914741516,0.28171899914741516,0.28171899914741516,628,60.51300048828125,0,0,False,False,0.0019799930742010474,0.0019799930742010474
Loading.ReadObjectThreaded,0.002058511729963698,2.4578630055766553,1,1194,0.0008375209380234506,233,0.0015163450624118432,1.8105160045197408,0.0,2.4578630055766553,2.4578630055766553,0.2702600061893463,628,60.51300048828125,0,0,False,False,1.8105160045197408,1.8105160045197408
Loading.IDRemapping,0.0002952638216135057,0.3525450030065258,1,1194,0.0008375209380234506,1123,0.0002952638216135057,0.35254500300652575,0.0,0.3525450030065258,0.3525450030065258,0.05000000074505806,628,60.51300048828125,0,0,False,False,0.3525450030065258,0.3525450030065258
AwakeFromLoad Threaded,3.350334961002013e-05,0.04000299943436403,1,1194,0.0008375209380234506,233,1.6183416647044862e-05,0.019322999476571564,0.0,0.04000299943436403,0.04000299943436403,0.00661499984562397,628,60.51300048828125,0,0,False,False,0.019322999476571567,0.019322999476571567
Loading.LoadRemainingPreallocatedObjects,0.0016920116373524616,2.020261894998839,1,1194,0.0008375209380234506,7,4.571766800335273e-05,0.05458689559600316,0.0,2.020261894998839,2.020261894998839,2.016249895095825,628,60.51300048828125,0,0,False,True,0.05458689559600316,0.05458689559600316
IntegrateAllThreadedObjects,0.000198866835821863,0.23744700197130442,1,1194,0.0008375209380234506,4,0.00013884589734790558,0.16578200143339927,0.0,0.23744700197130442,0.23744700197130442,0.21229100227355957,628,60.51300048828125,0,0,False,False,0.16578200143339927,0.16578200143339927
Loading.AwakeFromLoad,6.0020938473957405e-05,0.07166500053790514,1,1194,0.0008375209380234506,233,6.0020938473957405e-05,0.07166500053790514,0.0,0.07166500053790514,0.07166500053790514,0.01880200020968914,628,60.51300048828125,0,0,False,False,0.07166500053790514,0.07166500053790514
[res]asset_sync: assets/bundleresources/ui/prefabs/pan_killbroadcast01_000_ugui.prefab(2ba045c195d3fe0f3f4a4c87a7db0642),0.002299911213080887,2.746093988418579,1,1194,0.0008375209380234506,1,0.00018250754731112523,0.21791401148948353,0.0,2.746093988418579,2.746093988418579,2.746093988418579,628,60.51300048828125,0,0,False,False,0.21791401148948353,0.21791401148948353
AssetRefCnt.RegistDepByPreloadRelations,3.380653521723084e-05,0.04036500304937363,1,1194,0.0008375209380234506,1,2.9357624048339063e-05,0.03505300311371684,0.0,0.04036500304937363,0.04036500304937363,0.04036500304937363,628,60.51300048828125,0,0,False,False,0.03505300311371684,0.03505300311371684
AssetRefCnt.RegistAssetDep,4.448911168891781e-06,0.005311999935656786,1,1194,0.0008375209380234506,1,4.448911168891781e-06,0.005311999935656786,0.0,0.005311999935656786,0.005311999935656786,0.005311999935656786,628,60.51300048828125,0,0,False,False,0.005311999935656786,0.005311999935656786
AssetRefCnt.MainAssetIncreaseRefCnt,2.0502512678628793e-06,0.0024480000138282776,1,1194,0.0008375209380234506,1,2.0502512678628793e-06,0.002448000013828278,0.0,0.0024480000138282776,0.0024480000138282776,0.0024480000138282776,628,60.51300048828125,0,0,False,False,0.0024480000138282776,0.0024480000138282776
LoadObjectsThreaded,0.0018880870786044666,2.254375971853733,1,1194,0.0008375209380234506,3,1.256287838347955e-05,0.015000076789874582,0.0,2.254375971853733,2.254375971853733,2.057708978652954,628,60.51300048828125,0,0,False,False,0.015000076789874583,0.015000076789874583
Script RebuildFromAwake,1.7319932962975262e-05,0.02067999995779246,1,1194,0.0008375209380234506,9,1.1082914622863825e-05,0.013233000059699407,0.0,0.02067999995779246,0.02067999995779246,0.005782000254839659,628,60.51300048828125,0,0,False,False,0.013233000059699407,0.013233000059699407
MonoScript.Release,6.976549429446536e-07,0.0008330000018759165,1,1194,0.0008375209380234506,9,6.976549429446536e-07,0.0008330000018759165,0.0,0.0008330000018759165,0.0008330000018759165,0.00015600000915583223,628,60.51300048828125,0,0,False,False,0.0008330000018759165,0.0008330000018759165
MonoScript.Renew,5.539363397166782e-06,0.006613999896217138,1,1194,0.0008375209380234506,9,5.539363397166782e-06,0.006613999896217138,0.0,0.006613999896217138,0.006613999896217138,0.0014059999957680702,628,60.51300048828125,0,0,False,False,0.006613999896217138,0.006613999896217138
Loading.FindInThreadedActivationQueue,4.1186766871239465e-05,0.04917699964425992,1,1194,0.0008375209380234506,577,4.1186766871239465e-05,0.04917699964425992,0.0,0.04917699964425992,0.04917699964425992,0.00020799999765586108,628,60.51300048828125,0,0,False,False,0.04917699964425992,0.04917699964425992
UnityEngine.UI.dll!UnityEngine.UI::FontData.UnityEngine.ISerializationCallbackReceiver.OnAfterDeserialize(),2.268006700154244e-06,0.0013539999999920838,2,1194,0.0016750418760469012,6,2.268006700154244e-06,0.0013539999999920838,0.0,0.0018229999841423705,0.0018229999841423705,0.0008329999982379377,628,60.51300048828125,0,0,False,False,0.0018229999841423705,0.0018229999841423705
UnityEngine.UI.dll!UnityEngine.UI::Image.OnAfterDeserialize(),1.3349246356747047e-05,0.007969500074977987,2,1194,0.0016750418760469012,60,1.3349246356747047e-05,0.007969500074977987,0.0,0.011982000127318315,0.011982000127318315,0.0009369999752379954,628,60.51300048828125,0,0,False,False,0.011982000127318315,0.011982000127318315
InstanceIDLookup.Regist,1.7797320120198842e-05,0.021250000223517418,1,1194,0.0008375209380234506,1,1.7405360316480564e-05,0.020782000217877794,0.0,0.021250000223517418,0.021250000223517418,0.021250000223517418,628,60.51300048828125,0,0,False,False,0.020782000217877794,0.020782000217877794
[res]go: assets/bundleresources/ui/prefabs/pan_killbroadcast01_000_ugui.prefab(2ba045c195d3fe0f3f4a4c87a7db0642),0.0046876750799080035,2.798542022705078,2,1194,0.0016750418760469012,2,8.506790876787911e-06,0.005078554153442383,0.0,2.8481249809265137,2.8481249809265137,2.8481249809265137,1009,53.58100128173828,0,0,False,False,0.005521059036254883,0.005521059036254883
UnityEngine.UI.dll!UnityEngine.UI::FontData.UnityEngine.ISerializationCallbackReceiver.OnBeforeSerialize(),6.984924733068582e-07,0.00041700000656419434,2,1194,0.0016750418760469012,4,6.984924733068582e-07,0.00041700000656419434,0.0,0.000470000013592653,0.000470000013592653,0.0002610000083222985,1009,53.58100128173828,0,0,False,False,0.000470000013592653,0.000470000013592653
UnityEngine.UI.dll!UnityEngine.UI::Image.OnBeforeSerialize(),5.714405417784353e-06,0.0034115000344172586,2,1194,0.0016750418760469012,40,5.714405417784353e-06,0.0034115000344172586,0.0,0.0035920000373153016,0.0035920000373153016,0.0007810000097379088,628,60.51300048828125,0,0,False,False,0.0035920000373153016,0.0035920000373153016
UnityEngine.UI.dll!UnityEngine.UI.Extensions::RootPanel.Awake(),1.766666663901091e-05,0.010546999983489513,2,1194,0.0016750418760469012,2,1.661976545331906e-05,0.00992199997563148,0.0,0.0107810003682971,0.0107810003682971,0.0107810003682971,1009,53.58100128173828,0,0,False,False,0.010156000367715023,0.010156000367715023
UnityEngine.UI.dll!UnityEngine.EventSystems::UIBehaviour.OnEnable(),4.014237935218408e-06,0.0015976666982169263,3,1194,0.002512562814070352,20,4.014237935218408e-06,0.0015976666982169263,0.0,0.0017720000323606655,0.0017720000323606655,0.001145999995060265,628,60.51300048828125,0,0,False,False,0.0017720000323606655,0.0017720000323606655
UnityEngine.UI.dll!UnityEngine.EventSystems::UIBehaviour.Awake(),4.121943095450717e-05,0.02460800027984078,2,1194,0.0016750418760469012,86,4.121943095450717e-05,0.024608000279840777,0.0,0.04359700049099047,0.04359700049099047,0.03760400041937828,1009,53.58100128173828,0,0,False,False,0.04359700049099047,0.04359700049099047
UnityEngine.UI.dll!UnityEngine.UI::Image.OnEnable(),0.0006697520963111315,0.2665613343318303,3,1194,0.002512562814070352,53,0.0006594070376711751,0.26244400099312765,0.0,0.36895699985325336,0.36895699985325336,0.06984400004148483,628,60.51300048828125,0,0,False,False,0.362649999842688,0.362649999842688
UnityEngine.UI.dll!UnityEngine.UI.Extensions::UIEffect.Awake(),5.662395214034834e-05,0.03380449942778796,2,1194,0.0016750418760469012,24,5.361473939677551e-05,0.03200799941987498,0.0,0.034740999806672335,0.034740999806672335,0.0072919996455311775,1009,53.58100128173828,0,0,False,False,0.03286599981947802,0.03286599981947802
UnityEngine.UI.dll!UnityEngine.UI.Extensions::UIEffect.OnEnable(),0.0001589112233181782,0.06324666688063492,3,1194,0.002512562814070352,36,0.000144824958585058,0.05764033351685308,0.0,0.08385300065856427,0.08385300065856427,0.011094000190496445,628,60.51300048828125,0,0,False,False,0.07698000064192456,0.07698000064192456
UnityEngine.UI.dll!UnityEngine.UI::LayoutGroup.OnEnable(),0.00014774623160036763,0.05880300017694632,3,1194,0.002512562814070352,28,0.00014456448953999854,0.057536666836919416,0.0,0.0814080003183335,0.0814080003183335,0.021093999966979027,1009,53.58100128173828,0,0,False,False,0.07948400030727498,0.07948400030727498
UnityEngine.UI.dll!UnityEngine.UI::LayoutElement.OnEnable(),9.666331649806282e-05,0.038471999966229,3,1194,0.002512562814070352,19,9.479061964995047e-05,0.037726666620680284,0.0,0.051198000088334084,0.051198000088334084,0.010364999994635582,628,60.51300048828125,0,0,False,False,0.049794000064139254,0.049794000064139254
UnityEngine.UI.dll!UnityEngine.UI::Text.Awake(),2.2688441787194306e-06,0.0013544999746955,2,1194,0.0016750418760469012,4,2.2688441787194306e-06,0.0013544999746955,0.0,0.0014579999260604382,0.0014579999260604382,0.0010420000180602074,1009,53.58100128173828,0,0,False,False,0.0014579999260604382,0.0014579999260604382
UnityEngine.UI.dll!UnityEngine.UI::Text.OnEnable(),0.0001797185948670809,0.0715280007570982,3,1194,0.002512562814070352,7,0.00017335008560682584,0.06899333407151668,0.0,0.10073000006377697,0.10073000006377697,0.05099000036716461,628,60.51300048828125,0,0,False,False,0.0976080000618822,0.0976080000618822
UnityEngine.UI.dll!UnityEngine.UI::BaseMeshEffect.OnEnable(),1.382914582779085e-05,0.005504000039460759,3,1194,0.002512562814070352,7,1.382914582779085e-05,0.005504000039460759,0.0,0.009218999999575317,0.009218999999575317,0.004738999996334314,1009,53.58100128173828,0,0,False,False,0.009218999999575317,0.009218999999575317
C#Result,4.593299786050116e-05,0.027421999722719193,2,1194,0.0016750418760469012,4,4.593299786050116e-05,0.027421999722719193,0.0,0.028228999581187963,0.028228999581187963,0.023176999762654305,628,60.51300048828125,0,0,False,False,0.028228999581187963,0.028228999581187963
C#anchoredPosition,1.077470681637875e-05,0.006432499969378114,2,1194,0.0016750418760469012,2,1.077470681637875e-05,0.006432499969378114,0.0,0.006874999962747097,0.006874999962747097,0.006874999962747097,628,60.51300048828125,0,0,False,False,0.006874999962747097,0.006874999962747097
C#one,4.623115485474792e-06,0.0027599999448284507,2,1194,0.0016750418760469012,2,4.623115485474792e-06,0.0027599999448284507,0.0,0.0031769999768584967,0.0031769999768584967,0.0031769999768584967,628,60.51300048828125,0,0,False,False,0.0031769999768584967,0.0031769999768584967
C#localScale,6.891959627631621e-06,0.004114499897696078,2,1194,0.0016750418760469012,2,6.891959627631621e-06,0.004114499897696078,0.0,0.004478999879211187,0.004478999879211187,0.004478999879211187,628,60.51300048828125,0,0,False,False,0.004478999879211187,0.004478999879211187
LUA:Mgr._223,0.0007103224545467638,0.42406250536441803,2,1194,0.0016750418760469012,2,1.631409687986925e-05,0.009739515837281942,0.0,0.4252600073814392,0.4252600073814392,0.4252600073814392,1009,53.58100128173828,0,0,True,False,0.010782008524984121,0.010782008524984121
C#NewCtrlData,0.0006858509040158398,0.40945298969745636,2,1194,0.0016750418760469012,2,0.0006398760303867617,0.38200599014089676,0.0,0.4116149842739105,0.4116149842739105,0.4116149842739105,1009,53.58100128173828,0,0,False,False,0.4022389842066332,0.4022389842066332
LUA:HotReloadMgr.sampledRequire,9.234422362305011e-05,0.05512950150296092,2,1194,0.0016750418760469012,4,5.160218000248577e-05,0.030806501461484004,0.0,0.0592190008610487,0.0592190008610487,0.04010400176048279,628,60.51300048828125,0,0,False,False,0.03197900154918898,0.03197900154918898
require Module.KillBroadcast.UI.Pan_KillBroadcast,2.7437185809340707e-05,0.016379999928176403,2,1194,0.0016750418760469012,2,2.5169179072623865e-05,0.015025999906356448,0.0,0.017968999221920967,0.017968999221920967,0.017968999221920967,628,60.51300048828125,0,0,False,False,0.01656199920398649,0.01656199920398649
LUA:Class.Ctor,1.4874372044164794e-05,0.0011100000137957977,16,1194,0.01340033500837521,68,1.4874372044164794e-05,0.0011100000137957977,0.0,0.0037530000263359398,0.0037530000263359398,0.0006769999745301902,647,33.46900177001953,0,0,False,False,0.0037530000263359398,0.0037530000263359398
LUA:Pan_KillBroadcast.InitCtrl,0.0013747981545114438,0.8207544982433319,2,1194,0.0016750418760469012,2,5.3784760086480496e-05,0.03210950177162886,0.0,0.8605200052261353,0.8605200052261353,0.8605200052261353,1009,53.58100128173828,0,0,False,False,0.03312601242214441,0.03312601242214441
LUA:UIUtil_Animation.CreateUIAnimCtrl,7.725209372127476e-05,0.04611949995160103,2,1194,0.0016750418760469012,2,4.623953207790652e-06,0.002760500065051019,0.0,0.04932300001382828,0.04932300001382828,0.04932300001382828,628,60.51300048828125,0,0,False,False,0.0032290006056427956,0.0032290006056427956
require UI.Anim.UIAnimCtrl,1.177805713011292e-05,0.007031500106677413,2,1194,0.0016750418760469012,2,1.0251256436814665e-05,0.006120000092778355,0.0,0.008177000097930431,0.008177000097930431,0.008177000097930431,628,60.51300048828125,0,0,False,False,0.007135000072594266,0.007135000072594266
LUA:UIAnimCtrl.Init,3.969430505380758e-05,0.023697500117123127,2,1194,0.0016750418760469012,2,1.914991600941274e-05,0.011432499857619407,0.0,0.02406200021505356,0.02406200021505356,0.02406200021505356,628,60.51300048828125,0,0,False,False,0.011823000153526664,0.011823000153526664
C#position,3.8211056073406833e-05,0.009124800190329551,5,1194,0.0041876046901172526,5,3.8211056073406833e-05,0.009124800190329551,0.0,0.011145000346004963,0.011145000346004963,0.011145000346004963,1014,33.3489990234375,0,0,False,False,0.011145000346004963,0.011145000346004963
LUA:PopupBox_KillBroadcastHint.onTakeFunc,1.2211055144623946e-06,0.000485999994756033,3,1194,0.002512562814070352,3,1.2211055144623946e-06,0.000485999994756033,0.0,0.0006769999745301902,0.0006769999745301902,0.0006769999745301902,984,52.75299835205078,0,0,False,False,0.0006769999745301902,0.0006769999745301902
C#RegisterBattleBubbleUI,8.671775528883415e-05,0.03451366660495599,3,1194,0.002512562814070352,3,8.671775528883415e-05,0.03451366660495599,0.0,0.05281199887394905,0.05281199887394905,0.05281199887394905,984,52.75299835205078,0,0,False,False,0.05281199887394905,0.05281199887394905
LUA:Pan_KillBroadcast.InitData,0.0026575585755471208,1.057708313067754,3,1194,0.002512562814070352,3,0.0001765292401989482,0.07025863759918138,0.0,2.2105729579925537,2.2105729579925537,2.2105729579925537,984,52.75299835205078,0,0,False,False,0.09702890570042655,0.09702890570042655
C#Play,6.473367219444495e-05,0.02576400153338909,3,1194,0.002512562814070352,3,6.473367219444495e-05,0.02576400153338909,0.0,0.03484400361776352,0.03484400361776352,0.03484400361776352,984,52.75299835205078,0,0,False,False,0.03484400361776352,0.03484400361776352
LUA:NetMgr.RecordNtf,2.137353523654654e-06,0.002552000107243657,1,1194,0.0008375209380234506,1,2.137353523654654e-06,0.002552000107243657,0.0,0.002552000107243657,0.002552000107243657,0.002552000107243657,628,60.51300048828125,0,0,False,False,0.002552000107243657,0.002552000107243657
C#SetUIOffset,0.00027594723351848885,0.010628419252292763,31,1194,0.025963149078726967,33,0.00027594723351848885,0.010628419252292763,0.0,0.01343700010329485,0.013489999459125102,0.01343700010329485,1011,33.084999084472656,0,0,False,False,0.013489999459125102,0.01343700010329485
UnityEngine.UI.dll!UnityEngine.EventSystems::UIBehaviour.Start(),7.329145845439569e-06,0.001750200027890969,5,1194,0.0041876046901172526,60,7.329145845439569e-06,0.001750200027890969,0.0,0.0023980000260053203,0.0023980000260053203,0.0005210000090301037,1009,53.58100128173828,0,0,False,False,0.0023980000260053203,0.0023980000260053203
UnityEngine.UI.dll!UnityEngine.UI.Extensions::UIEffect.Start(),2.0075376672823125e-06,0.0011984999873675406,2,1194,0.0016750418760469012,8,2.0075376672823125e-06,0.0011984999873675406,0.0,0.001354000014543999,0.001354000014543999,0.0010420000180602074,1009,53.58100128173828,0,0,False,False,0.001354000014543999,0.001354000014543999
[res]goLoader_async: assets/bundleresources/effects/ui/p_fx_ui_killbroadcast01_pan1_pic_head_01.prefab(47db93ff0ddf7d7aaa5500d815cfe503),0.0001537629794735006,0.06119766583045324,3,1194,0.002512562814070352,3,0.00013120937858469522,0.0522213326767087,0.0,0.0699479952454567,0.0699479952454567,0.0699479952454567,1009,53.58100128173828,0,0,False,False,0.06005299555545207,0.06005299555545207
[res]assetLoader_async: assets/bundleresources/effects/ui/p_fx_ui_killbroadcast01_pan1_pic_head_01.prefab(47db93ff0ddf7d7aaa5500d815cfe503),9.858458758436356e-06,0.00392366658585767,3,1194,0.002512562814070352,3,9.858458758436356e-06,0.00392366658585767,0.0,0.00421899976208806,0.00421899976208806,0.00421899976208806,1009,53.58100128173828,0,0,False,False,0.00421899976208806,0.00421899976208806
[res]goLoader_async: assets/bundleresources/effects/ui/p_fx_ui_killbroadcast01_pan1_killtext_01.prefab(26007da13628ec8be6ff61c01749ad18),0.00011341373312912595,0.04513866578539213,3,1194,0.002512562814070352,3,9.657872487421162e-05,0.03843833249993623,0.0,0.054166000336408615,0.054166000336408615,0.054166000336408615,628,60.51300048828125,0,0,False,False,0.04692700035957387,0.04692700035957387
[res]assetLoader_async: assets/bundleresources/effects/ui/p_fx_ui_killbroadcast01_pan1_killtext_01.prefab(26007da13628ec8be6ff61c01749ad18),4.84087102745396e-06,0.001926666668926676,3,1194,0.002512562814070352,3,4.84087102745396e-06,0.001926666668926676,0.0,0.002239000052213669,0.002239000052213669,0.002239000052213669,628,60.51300048828125,0,0,False,False,0.002239000052213669,0.002239000052213669
[res]goLoader_async: assets/bundleresources/effects/ui/p_fx_ui_killbroadcast01_pan1_end_01.prefab(f224518e776e26e54a27c8afaf6b4459),9.356700258338871e-05,0.037239667028188705,3,1194,0.002512562814070352,3,7.847571311565544e-05,0.031233333820030865,0.0,0.045051999390125275,0.045051999390125275,0.045051999390125275,628,60.51300048828125,0,0,False,False,0.03770899947267026,0.03770899947267026
[res]assetLoader_async: assets/bundleresources/effects/ui/p_fx_ui_killbroadcast01_pan1_end_01.prefab(f224518e776e26e54a27c8afaf6b4459),5.147403489854468e-06,0.002048666588962078,3,1194,0.002512562814070352,3,5.147403489854468e-06,0.002048666588962078,0.0,0.002395999850705266,0.002395999850705266,0.002395999850705266,1009,53.58100128173828,0,0,False,False,0.002395999850705266,0.002395999850705266
NativeUI.SmashAtlasInfo,0.0004882487457501429,0.5829690024256706,1,1194,0.0008375209380234506,4,0.0004882487457501429,0.5829690024256706,0.0,0.5829690024256706,0.5829690024256706,0.22192800045013428,628,60.51300048828125,0,0,False,False,0.5829690024256706,0.5829690024256706
NativeUI.SmashAll,0.0006440184196110946,0.25631933100521564,3,1194,0.002512562814070352,8,0.0003516708486643269,0.13996499776840213,0.0,0.3154679983854294,0.3154679983854294,0.23406200110912323,1009,53.58100128173828,0,0,False,False,0.18546799942851067,0.18546799942851067
NativeUI.SmashIO,0.0002923475709467677,0.11635433323681355,3,1194,0.002512562814070352,8,0.0002923475709467677,0.11635433323681355,0.0,0.12999999895691872,0.12999999895691872,0.12479200214147568,1009,53.58100128173828,0,0,False,False,0.12999999895691872,0.12999999895691872
NativeUI.SmashCollect,0.0005561649827427001,0.22135366313159466,3,1194,0.002512562814070352,8,0.0005561649827427001,0.22135366313159463,0.0,0.29067600332200527,0.29067600332200527,0.18192699551582336,628,60.51300048828125,0,0,False,False,0.29067600332200527,0.29067600332200527
UnityEngine.UI.dll!UnityEngine.UI::LayoutGroup.OnRectTransformDimensionsChange(),2.115661614937973e-05,0.012630499841179699,2,1194,0.0016750418760469012,14,2.115661614937973e-05,0.012630499841179699,0.0,0.012812000000849366,0.012812000000849366,0.005468999966979027,628,60.51300048828125,0,0,False,False,0.012812000000849366,0.012812000000849366
UnityEngine.UI.dll!UnityEngine.EventSystems::UIBehaviour.OnRectTransformDimensionsChange(),6.11390296734052e-07,0.00036500000715022907,2,1194,0.0016750418760469012,6,6.11390296734052e-07,0.00036500000715022907,0.0,0.000416000017139595,0.000416000017139595,0.00015600000915583223,1009,53.58100128173828,0,0,False,False,0.000416000017139595,0.000416000017139595
UnityEngine.UI.dll!UnityEngine.UI::Graphic.OnRectTransformDimensionsChange(),8.157453821680291e-06,0.004869999931543134,2,1194,0.0016750418760469012,6,8.157453821680291e-06,0.004869999931543134,0.0,0.005468999937875196,0.005468999937875196,0.004426999948918819,628,60.51300048828125,0,0,False,False,0.005468999937875196,0.005468999937875196
UI.Image.OnPopulateMesh_SmashMode,0.005581684334131841,2.2215103649844727,3,1194,0.002512562814070352,15,0.0006683627576098744,0.26600837752873,0.0,5.546145083382726,5.546145083382726,1.8626559972763062,628,60.51300048828125,1,0,False,False,0.3232841024946538,0.3232841024946538
NativeUI.SmashSync,0.007526433003100705,2.995520335234081,3,1194,0.002512562814070352,8,3.967332572581081e-06,0.0015789983638872702,0.0,4.746665984392166,4.746665984392166,2.6211459636688232,628,60.51300048828125,1,0,False,True,0.0023940205574035645,0.0023940205574035645
NativeUI.SmashFree,0.00012794053657807198,0.05092033355807265,3,1194,0.002512562814070352,8,1.8975712082830804e-05,0.0075523334089666605,0.0,0.06911599775776267,0.06911599775776267,0.049115002155303955,628,60.51300048828125,0,0,False,False,0.00989699806086719,0.00989699806086719
NativeUI.SmashUpload,0.00010896482449524117,0.04336800014910599,3,1194,0.002512562814070352,8,0.00010896482449524117,0.04336800014910599,0.0,0.05921899969689548,0.05921899969689548,0.04104200005531311,628,60.51300048828125,0,0,False,False,0.05921899969689548,0.05921899969689548
UI.Image.UpdateMaterial_SmashMode,5.4262981456010236e-05,0.021596666619492073,3,1194,0.002512562814070352,15,5.4262981456010236e-05,0.021596666619492073,0.0,0.028749000281095505,0.028749000281095505,0.010208000428974628,1009,53.58100128173828,0,0,False,False,0.028749000281095505,0.028749000281095505
NativeUI.SmashDecode,0.0038395108939015886,1.5281253357728322,3,1194,0.002512562814070352,6,0.0038359338420135528,1.526701669121394,0.0,2.4494790136814117,2.4494790136814117,1.2783340215682983,628,60.51300048828125,0,0,False,False,2.44807301365654,2.44807301365654
NativeUI.SmashAvifDecoderCreate,3.5770518880359315e-06,0.0014236666514383007,3,1194,0.002512562814070352,6,3.5770518880359315e-06,0.0014236666514383007,0.0,0.0014589999336749315,0.0014589999336749315,0.0014589999336749315,1009,53.58100128173828,0,0,False,False,0.0014589999336749315,0.0014589999336749315
[res]go: assets/bundleresources/effects/ui/p_fx_ui_killbroadcast01_pan1_pic_head_01.prefab(47db93ff0ddf7d7aaa5500d815cfe503),0.0006417504432213367,0.255416676402092,3,1194,0.002512562814070352,3,0.00012401511414900657,0.049358015431304615,0.0,0.27000001072883606,0.27000001072883606,0.27000001072883606,628,60.51300048828125,0,0,False,False,0.07421901342604542,0.07421901342604542
UnityEngine.UI.dll!::UIBehaviourForNormalRenderer.Awake(),0.00022468928027729592,0.08942633355036378,3,1194,0.002512562814070352,24,0.00021518090507564026,0.08564200022010482,0.0,0.09723800141364336,0.09723800141364336,0.02426999993622303,984,52.75299835205078,0,0,False,False,0.09307400144825806,0.09307400144825806
UnityEngine.UI.dll!::UIBehaviourForNormalRenderer.OnEnable(),0.000619676716819131,0.24663133329401413,3,1194,0.002512562814070352,24,0.000615055276278599,0.24479199995888243,0.0,0.25395800080150366,0.25395800080150366,0.048542000353336334,984,52.75299835205078,0,0,False,False,0.2521360008031479,0.2521360008031479
ParticleSystem.GeometryJob,1.6925460424966848e-05,0.020208999747410417,1,1194,0.0008375209380234506,5,1.3740368273617758e-05,0.016405999718699604,0.0,0.020208999747410417,0.020208999747410417,0.006874999962747097,628,60.51300048828125,0,0,False,False,0.016405999718699604,0.016405999718699604
ParticleSystem.ColorOverLifetimeModule,3.185092151349089e-06,0.0038030000287108123,1,1194,0.0008375209380234506,3,3.185092151349089e-06,0.0038030000287108123,0.0,0.0038030000287108123,0.0038030000287108123,0.0017709999810904264,628,60.51300048828125,0,0,False,False,0.0038030000287108123,0.0038030000287108123
[res]go: assets/bundleresources/effects/ui/p_fx_ui_killbroadcast01_pan1_end_01.prefab(f224518e776e26e54a27c8afaf6b4459),0.0012733366721039841,0.5067879954973856,3,1194,0.002512562814070352,3,1.0643202718464312e-05,0.004235994681948796,0.0,0.6341149806976318,0.6341149806976318,0.6341149806976318,984,52.75299835205078,0,0,False,False,0.005208979222516064,0.005208979222516064
[res]go: assets/bundleresources/effects/ui/p_fx_ui_killbroadcast01_pan1_killtext_01.prefab(26007da13628ec8be6ff61c01749ad18),0.004110526000235348,1.6359893480936687,3,1194,0.002512562814070352,3,8.898739272974653e-06,0.0035416982306439118,0.0,1.8339580297470093,1.8339580297470093,1.8339580297470093,984,52.75299835205078,0,0,False,False,0.003802011582592968,0.003802011582592968
GameObject.AddComponent,0.0060293667487974845,2.3996879660213986,3,1194,0.002512562814070352,48,0.005490070264116655,2.1850479651184287,0.0,2.4725529784336686,2.4725529784336686,0.3796359896659851,628,60.51300048828125,0,0,False,False,2.2205689740621892,2.2205689740621892
Scripting.GetParentTypeDisallowingMultipleInclusion,8.97763843743296e-05,0.035731000980983176,3,1194,0.002512562814070352,24,8.97763843743296e-05,0.035731000980983176,0.0,0.07198200293350965,0.07198200293350965,0.054844003170728683,628,60.51300048828125,0,0,False,False,0.07198200293350965,0.07198200293350965
Scripting.GetRequiredComponents,3.747403637468628e-05,0.014914666477125138,3,1194,0.002512562814070352,24,3.747403637468628e-05,0.014914666477125138,0.0,0.016719999606721103,0.016719999606721103,0.004478999879211187,984,52.75299835205078,0,0,False,False,0.016719999606721103,0.016719999606721103
*** pb.decode***390,0.00035633918028980045,0.42546898126602173,1,1194,0.0008375209380234506,1,0.0003545937866551768,0.4233849812662811,0.0,0.42546898126602173,0.42546898126602173,0.42546898126602173,633,33.31700134277344,0,0,False,False,0.4233849812662811,0.4233849812662811
*** pb.decode***2510,0.00022560719968485872,0.2693749964237213,1,1194,0.0008375209380234506,1,0.0002234706838164885,0.26682399647688726,0.0,0.2693749964237213,0.2693749964237213,0.2693749964237213,633,33.31700134277344,0,0,False,False,0.26682399647688726,0.26682399647688726
*** pb.decode***190,0.00017361138858387818,0.10364599898457527,2,1194,0.0016750418760469012,2,0.0001706465643187973,0.101875998898322,0.0,0.14770899713039398,0.14770899713039398,0.14770899713039398,1168,36.470001220703125,0,0,False,False,0.14567799701035256,0.14567799701035256
LUA:MapDataFactory.createFunc,0.0012852043573318714,0.10960957161816103,14,1194,0.011725293132328308,64,0.0001684262930498251,0.014364356707249368,0.0,0.3256779946386814,0.3256779946386814,0.109375,1033,33.5890007019043,0,0,False,False,0.04937699530273676,0.04937699530273676
LUA:OutsideArmyDataBase.Ctor,0.0011167780642820464,0.09524521491091166,14,1194,0.011725293132328308,64,0.0001627420529540257,0.01387957223050762,0.0,0.27630099933594465,0.27630099933594465,0.10390599817037582,1033,33.5890007019043,0,0,False,False,0.04385100230865646,0.04385100230865646
LUA:Mgr._236,0.0022528911199751413,0.05172984610096766,52,1194,0.04355108877721943,128,0.0020336407042412484,0.04669551924738559,0.0,0.1494280006736517,0.22875399701297283,0.09739600121974945,1033,33.5890007019043,0,0,True,False,0.20864999694458675,0.08796600177447544
*** pb.decode***164,3.799413903374568e-05,0.04536500200629234,1,1194,0.0008375209380234506,1,3.677303350100199e-05,0.04390700200019638,0.0,0.04536500200629234,0.04536500200629234,0.04536500200629234,650,33.08599853515625,0,0,False,False,0.04390700200019637,0.04390700200019637
*** pb.decode***151,0.00013648994404267227,0.16296899318695068,1,1194,0.0008375209380234506,1,0.00013539949179611595,0.16166699320456246,0.0,0.16296899318695068,0.16296899318695068,0.16296899318695068,656,33.685001373291016,0,0,False,False,0.16166699320456246,0.16166699320456246
*** pb.decode***310,5.212646458216848e-05,0.06223899871110916,1,1194,0.0008375209380234506,1,5.134086993228881e-05,0.061300998699152835,0.0,0.06223899871110916,0.06223899871110916,0.06223899871110916,656,33.685001373291016,0,0,False,False,0.06130099869915284,0.06130099869915284
LUA:PopupBox_KillBroadcastHint.ReleaseKillBroadcastByEntityId,0.0001443417047086473,0.05744799847404162,3,1194,0.002512562814070352,3,9.989949376938531e-06,0.003975999852021535,0.0,0.060259997844696045,0.060259997844696045,0.060259997844696045,657,33.88999938964844,0,0,False,False,0.0042190030217170715,0.0042190030217170715
LUA:PopupBox_KillBroadcastHint.ReleaseKillBroadcast,0.00013435175533170875,0.05347199862202009,3,1194,0.002512562814070352,3,2.3948906186088246e-05,0.009531664662063122,0.0,0.05604099854826927,0.05604099854826927,0.05604099854826927,657,33.88999938964844,0,0,False,False,0.009739995002746582,0.009739995002746582
C#ReleaseBattleUI,3.9039363763240514e-05,0.015537666777769724,3,1194,0.002512562814070352,3,3.9039363763240514e-05,0.015537666777769724,0.0,0.01859300024807453,0.01859300024807453,0.01859300024807453,657,33.88999938964844,0,0,False,False,0.01859300024807453,0.01859300024807453
LUA:Pan_KillBroadcast.SetPosition,4.776465820407548e-05,0.019010333965222042,3,1194,0.002512562814070352,3,2.0982412905299683e-05,0.008351000336309275,0.0,0.01916700042784214,0.01916700042784214,0.01916700042784214,1041,33.44900131225586,0,0,False,False,0.008750000037252903,0.008750000037252903
LUA:PopupBox_KillBroadcastHint.onPutFunc,1.1783919870070302e-06,0.000469000010828798,3,1194,0.002512562814070352,3,1.1783919870070302e-06,0.000469000010828798,0.0,0.0005210000090301037,0.0005210000090301037,0.0005210000090301037,657,33.88999938964844,0,0,False,False,0.0005210000090301037,0.0005210000090301037
LUA:PopupBox_KillBroadcastHint._isAllQueueEmpty,1.4840870927176884e-06,0.0008859999943524599,2,1194,0.0016750418760469012,2,1.4840870927176884e-06,0.0008859999943524599,0.0,0.0008859999943524599,0.0008859999943524599,0.0008859999943524599,657,33.88999938964844,0,0,False,False,0.0008859999943524599,0.0008859999943524599
LUA:PopupBox_KillBroadcastHint.StopTickHandler,1.9804857689980885e-05,0.011823500040918589,2,1194,0.0016750418760469012,2,4.189280041148714e-06,0.0025010001845657825,0.0,0.011979999952018261,0.011979999952018261,0.011979999952018261,1041,33.44900131225586,0,0,False,False,0.0027090003713965416,0.0027090003713965416
LUA:TimeWheelMgr.ReturnTimeWheelHandler,5.365996559148957e-06,0.002135666630541285,3,1194,0.002512562814070352,3,5.365996559148957e-06,0.002135666630541285,0.0,0.002240000059828162,0.002240000059828162,0.002240000059828162,764,33.34600067138672,0,0,False,False,0.002240000059828162,0.002240000059828162
LUA:ObjPool.Alloc,6.578140736087982e-05,0.026181000129630167,3,1194,0.002512562814070352,19,1.8669179522930027e-05,0.0074303334501261515,0.0,0.04895900096744299,0.04895900096744299,0.01244799979031086,663,32.83399963378906,0,0,False,False,0.014113001408986747,0.014113001408986747
LUA:MapSignificanceTaskFactory.callbackOnCreate,4.711222783794979e-05,0.018750666679504018,3,1194,0.002512562814070352,19,2.865745399148832e-05,0.011405666688612351,0.0,0.03484599955845624,0.03484599955845624,0.009479000233113766,663,32.83399963378906,0,0,False,False,0.019843999471049756,0.019843999471049756
LUA:MapSignificanceTask_ZoomEntityAdd.Ctor,1.845477384646147e-05,0.007344999990891665,3,1194,0.002512562814070352,19,1.845477384646147e-05,0.007344999990891664,0.0,0.015002000087406486,0.015002000087406486,0.0027609998360276222,663,32.83399963378906,0,0,False,False,0.015002000087406486,0.015002000087406486
PrepareSceneNodesJob,1.5703517480689401e-06,0.0006249999957314382,3,1194,0.002512562814070352,3,1.5703517480689401e-06,0.0006249999957314382,0.0,0.0009369999752379954,0.0009369999752379954,0.0009369999752379954,1117,32.38199996948242,0,0,False,False,0.0009369999752379954,0.0009369999752379954
LUA:NetMgr.ResetMsgStats,7.808207685574015e-06,0.009322999976575375,1,1194,0.0008375209380234506,1,5.932998285984536e-06,0.007083999953465536,0.0,0.009322999976575375,0.009322999976575375,0.009322999976575375,680,32.1349983215332,0,0,False,False,0.007083999953465536,0.007083999953465536
*** pb.decode***351,6.0153267092041834e-05,0.07182300090789795,1,1194,0.0008375209380234506,1,5.8931324080732955e-05,0.07036400095239514,0.0,0.07182300090789795,0.07182300090789795,0.07182300090789795,681,33.183998107910156,0,0,False,False,0.07036400095239514,0.07036400095239514
LUA:MapEntityFactory.createFunc,0.0022915812424529136,0.0701576411150969,39,1194,0.032663316582914576,64,0.0002913031636595327,0.008918358395114923,0.0,0.10692699998617172,0.12744800373911858,0.10692699998617172,683,33.4630012512207,0,0,False,False,0.016302000731229782,0.0129690021276474
LUA:OutsideArmyEntityBase.Ctor,0.002000278078793381,0.061239282719981976,39,1194,0.032663316582914576,64,0.0006876390503791209,0.021052334003914625,0.0,0.10125000029802322,0.11479100584983826,0.10125000029802322,683,33.4630012512207,0,0,False,False,0.06578100472688675,0.029583999887108803
*** pb.decode***312,0.00011376297753460243,0.1358329951763153,1,1194,0.0008375209380234506,1,0.00011175627735807285,0.13343699516553897,0.0,0.1358329951763153,0.1358329951763153,0.1358329951763153,691,33.262001037597656,0,0,False,False,0.13343699516553897,0.13343699516553897
*** pb.decode***340,0.00040475797014220474,0.4832810163497925,1,1194,0.0008375209380234506,1,0.0004021842683789962,0.4802080164445215,0.0,0.4832810163497925,0.4832810163497925,0.4832810163497925,693,35.185001373291016,0,0,False,False,0.4802080164445215,0.4802080164445215
*** pb.decode***147,0.0001083969870204702,0.0647130012512207,2,1194,0.0016750418760469012,2,0.00010512646791780441,0.06276050134692923,0.0,0.07963500171899796,0.07963500171899796,0.07963500171899796,925,33.542999267578125,0,0,False,False,0.07703100185608491,0.07703100185608491
SyncLogicEntitySystem:SyncLogicEntityJob (Burst),1.3086265192867897e-05,0.01562500064028427,1,1194,0.0008375209380234506,2,1.3086265192867897e-05,0.01562500064028427,0.0,0.01562500064028427,0.01562500064028427,0.014791000634431839,694,35.33300018310547,0,0,False,False,0.01562500064028427,0.01562500064028427
*** pb.decode***431,0.0003172990115643346,0.37885501980781555,1,1194,0.0008375209380234506,1,0.0003159472527941537,0.3772410198362195,0.0,0.37885501980781555,0.37885501980781555,0.37885501980781555,699,35.604000091552734,0,0,False,False,0.3772410198362195,0.3772410198362195
*** pb.decode***173,4.549665217423559e-05,0.05432300269603729,1,1194,0.0008375209380234506,1,4.453685317121031e-05,0.05317700268642511,0.0,0.05432300269603729,0.05432300269603729,0.05432300269603729,699,35.604000091552734,0,0,False,False,0.05317700268642511,0.05317700268642511
*** pb.decode***283,2.887688414934692e-05,0.03447899967432022,1,1194,0.0008375209380234506,1,2.8439698211852247e-05,0.03395699966495158,0.0,0.03447899967432022,0.03447899967432022,0.03447899967432022,705,32.3390007019043,0,0,False,False,0.03395699966495158,0.03395699966495158
*** pb.decode***399,0.0003032085534116531,0.3620310127735138,1,1194,0.0008375209380234506,1,0.00030024289183253874,0.35849001284805126,0.0,0.3620310127735138,0.3620310127735138,0.3620310127735138,710,33.507999420166016,0,0,False,False,0.35849001284805126,0.35849001284805126
*** pb.decode***21,6.080820994261321e-05,0.03630250133574009,2,1194,0.0016750418760469012,2,5.832244781626137e-05,0.03481850134630804,0.0,0.04526100307703018,0.04526100307703018,0.04526100307703018,834,34.5260009765625,0,0,False,False,0.04369900309393415,0.04369900309393415
*** pb.decode***121,3.603014976435171e-05,0.04301999881863594,1,1194,0.0008375209380234506,1,3.493969752388917e-05,0.041717998843523674,0.0,0.04301999881863594,0.04301999881863594,0.04301999881863594,710,33.507999420166016,0,0,False,False,0.041717998843523674,0.041717998843523674
BattleChain_SoldierNormalCombatSystem:SoldierCombat_FsmJob (Burst),2.7043550554896943e-06,0.003228999936254695,1,1194,0.0008375209380234506,5,2.7043550554896943e-06,0.003228999936254695,0.0,0.003228999936254695,0.003228999936254695,0.0018229999113827944,710,33.507999420166016,0,0,False,False,0.003228999936254695,0.003228999936254695
*** pb.decode***196,4.418844503773317e-05,0.052761003375053406,1,1194,0.0008375209380234506,1,4.344723897603328e-05,0.051876003337383736,0.0,0.052761003375053406,0.052761003375053406,0.052761003375053406,731,33.59299850463867,0,0,False,False,0.051876003337383736,0.051876003337383736
LUA:LoginHeartBeatCtrl._sendHertBeat,0.00016968510108976507,0.2026040107011795,1,1194,0.0008375209380234506,1,8.461484061538475e-06,0.010103011969476938,0.0,0.2026040107011795,0.2026040107011795,0.2026040107011795,731,33.59299850463867,0,0,False,False,0.010103011969476938,0.010103011969476938
C#Restart,3.272194455890999e-06,0.003907000180333853,1,1194,0.0008375209380234506,1,3.272194455890999e-06,0.003907000180333853,0.0,0.003907000180333853,0.003907000180333853,0.003907000180333853,731,33.59299850463867,0,0,False,False,0.003907000180333853,0.003907000180333853
LUA:NetServer.Request,0.0002383877721363975,0.2846349999308586,1,1194,0.0008375209380234506,2,3.139864360068112e-06,0.0037489980459213257,0.0,0.2846349999308586,0.2846349999308586,0.1885939985513687,731,33.59299850463867,0,0,False,True,0.0037489980459213257,0.0037489980459213257
LUA:LoginHeartBeatCtrl._reportNetQuality,0.00011585677788285554,0.13833299279212952,1,1194,0.0008375209380234506,1,1.7318251193013553e-05,0.020677991924458183,0.0,0.13833299279212952,0.13833299279212952,0.13833299279212952,731,33.59299850463867,0,0,False,False,0.020677991924458183,0.020677991924458183
LUA:OutsideMapMgr.GetClickPoses,1.0469011491292485e-06,0.0012499999720603228,1,1194,0.0008375209380234506,1,1.0469011491292485e-06,0.0012499999720603228,0.0,0.0012499999720603228,0.0012499999720603228,0.0012499999720603228,731,33.59299850463867,0,0,False,False,0.0012499999720603228,0.0012499999720603228
LUA:OutsideMapMgr.ResetClickPoses,6.541038607520175e-07,0.0007810000097379088,1,1194,0.0008375209380234506,1,6.541038607520175e-07,0.0007810000097379088,0.0,0.0007810000097379088,0.0007810000097379088,0.0007810000097379088,731,33.59299850463867,0,0,False,False,0.0007810000097379088,0.0007810000097379088
LUA:LoginHeartBeatCtrl.StartPing,1.742043531456123e-07,0.00020799999765586108,1,1194,0.0008375209380234506,1,1.742043531456123e-07,0.00020799999765586108,0.0,0.00020799999765586108,0.00020799999765586108,0.00020799999765586108,731,33.59299850463867,0,0,False,False,0.00020799999765586108,0.00020799999765586108
LUA:NetServer.GetNetErrTimes,6.549413880673386e-07,0.0007820000173524022,1,1194,0.0008375209380234506,1,6.549413880673386e-07,0.0007820000173524022,0.0,0.0007820000173524022,0.0007820000173524022,0.0007820000173524022,731,33.59299850463867,0,0,False,False,0.0007820000173524022,0.0007820000173524022
LUA:NetServer.ResetNetErrTimes,5.670016537103771e-07,0.0006769999745301902,1,1194,0.0008375209380234506,1,5.670016537103771e-07,0.0006769999745301902,0.0,0.0006769999745301902,0.0006769999745301902,0.0006769999745301902,731,33.59299850463867,0,0,False,False,0.0006769999745301902,0.0006769999745301902
HeartBeat_C2S_Msg,0.00028855192601381235,0.34453099966049194,1,1194,0.0008375209380234506,1,0.00010490787894352124,0.12526000745856436,0.0,0.34453099966049194,0.34453099966049194,0.34453099966049194,735,33.529998779296875,0,0,False,False,0.12526000745856436,0.12526000745856436
LUA:LoginHeartBeatCtrl._93,8.846315207393524e-05,0.10562500357627869,1,1194,0.0008375209380234506,1,1.9849250342703144e-05,0.023700004909187552,0.0,0.10562500357627869,0.10562500357627869,0.10562500357627869,735,33.529998779296875,0,0,False,False,0.023700004909187555,0.023700004909187555
C#Stop,2.791457286906402e-06,0.003333000000566244,1,1194,0.0008375209380234506,1,2.791457286906402e-06,0.003333000000566244,0.0,0.003333000000566244,0.003333000000566244,0.003333000000566244,735,33.529998779296875,0,0,False,False,0.003333000000566244,0.003333000000566244
C#Elapsed,5.103015127144067e-06,0.006093000061810017,1,1194,0.0008375209380234506,1,4.972361853144208e-06,0.005937000052654184,0.0,0.006093000061810017,0.006093000061810017,0.006093000061810017,735,33.529998779296875,0,0,False,False,0.005937000052654184,0.005937000052654184
C#TotalMilliseconds,7.938861166761947e-06,0.009479000233113766,1,1194,0.0008375209380234506,1,7.938861166761947e-06,0.009479000233113764,0.0,0.009479000233113766,0.009479000233113766,0.009479000233113766,735,33.529998779296875,0,0,False,False,0.009479000233113766,0.009479000233113766
LUA:AnalyticsMgr.PostNetworkLatency,3.685929517650125e-05,0.04400999844074249,1,1194,0.0008375209380234506,1,4.536012059679782e-06,0.00541599839925766,0.0,0.04400999844074249,0.04400999844074249,0.04400999844074249,735,33.529998779296875,0,0,False,False,0.00541599839925766,0.00541599839925766
C#PostNetworkLatency,3.2323283116821466e-05,0.03859400004148483,1,1194,0.0008375209380234506,1,3.192964827066008e-05,0.03812400003516814,0.0,0.03859400004148483,0.03859400004148483,0.03859400004148483,735,33.529998779296875,0,0,False,False,0.03812400003516814,0.03812400003516814
ReportNetConnQuality_C2S_Msg,5.740535693552027e-05,0.0685419961810112,1,1194,0.0008375209380234506,1,2.4908709564438116e-05,0.029740999219939113,0.0,0.0685419961810112,0.0685419961810112,0.0685419961810112,735,33.529998779296875,0,0,False,False,0.029740999219939113,0.029740999219939113
LUA:NetServer._9,3.0569515446079285e-07,0.0003650000144261867,1,1194,0.0008375209380234506,1,3.0569515446079285e-07,0.0003650000144261867,0.0,0.0003650000144261867,0.0003650000144261867,0.0003650000144261867,735,33.529998779296875,0,0,False,False,0.0003650000144261867,0.0003650000144261867
*** pb.decode***811,0.00037274036675042645,0.44505199790000916,1,1194,0.0008375209380234506,1,0.00037125711714846145,0.443280997875263,0.0,0.44505199790000916,0.44505199790000916,0.44505199790000916,736,32.78900146484375,0,0,False,False,0.443280997875263,0.443280997875263
LUA:AttrMgr.DecodeAndMergeRootAttr,0.0002870251185929955,0.1713539958000183,2,1194,0.0016750418760469012,2,5.644471128890447e-05,0.03369749263947597,0.0,0.20984399318695068,0.20984399318695068,0.20984399318695068,747,33.334999084472656,0,0,False,False,0.04239698839955963,0.04239698839955963
LUA:AttrMgr._HotfixExtractLordVisitorDeleted,0.0002296641593802115,0.13710950314998627,2,1194,0.0016750418760469012,2,0.0002296641593802115,0.13710950314998627,0.0,0.16687500476837158,0.16687500476837158,0.16687500476837158,747,33.334999084472656,0,0,False,False,0.16687500476837158,0.16687500476837158
LUA:NetMsgPostProcesser.RootAttrNtf,1.1341709103840879e-05,0.006771000334993005,2,1194,0.0016750418760469012,2,9.596315438748404e-06,0.005729000316932797,0.0,0.007709000259637833,0.007709000259637833,0.007709000259637833,747,33.334999084472656,0,0,False,False,0.006667000241577625,0.006667000241577625
LUA:StoryMgr.IsGetSvrStoryId,1.7453936650924747e-06,0.0010420000180602074,2,1194,0.0016750418760469012,2,1.7453936650924747e-06,0.0010420000180602074,0.0,0.0010420000180602074,0.0010420000180602074,0.0010420000180602074,736,32.78900146484375,0,0,False,False,0.0010420000180602074,0.0010420000180602074
RootAttrNtf,0.0004517378588168066,0.26968750171363354,2,1194,0.0016750418760469012,8,3.886684600631995e-05,0.02320350706577301,0.0,0.3324490115046501,0.3324490115046501,0.15354201197624207,747,33.334999084472656,0,0,False,False,0.02760501578450203,0.02760501578450203
LUA:NetServer.GetRootAttrNtfSampler,1.4571189276649424e-05,0.008698999998159707,2,1194,0.0016750418760469012,8,1.4571189276649424e-05,0.008698999998159707,0.0,0.00885499978903681,0.00885499978903681,0.0027609998360276222,736,32.78900146484375,0,0,False,False,0.00885499978903681,0.00885499978903681
LUA:UserAttrMgr.func,0.0001125854301193052,0.0672135017812252,2,1194,0.0016750418760469012,2,4.911390597668985e-05,0.02932100186808384,0.0,0.08552100509405136,0.08552100509405136,0.08552100509405136,747,33.334999084472656,0,0,False,False,0.03703000552923186,0.03703000552923186
UserAttrMgr.SetMetatable,1.5747905794649668e-05,0.009401499759405851,2,1194,0.0016750418760469012,2,9.378558799891204e-06,0.005598999603535049,0.0,0.010989999398589134,0.010989999398589134,0.010989999398589134,747,33.334999084472656,0,0,False,False,0.006458999268943444,0.006458999268943444
LUA:NetMgr.GetUnpackedMsgBodyBytes,5.670016780854444e-07,0.00033850000181701034,2,1194,0.0016750418760469012,2,5.670016780854444e-07,0.00033850000181701034,0.0,0.00041599999531172216,0.00041599999531172216,0.00041599999531172216,747,33.334999084472656,0,0,False,False,0.00041599999531172216,0.00041599999531172216
UserAttrMgr.MergeMsg : 14,4.49329953160218e-06,0.005364999640733004,1,1194,0.0008375209380234506,1,4.274706559807961e-06,0.005103999632410705,0.0,0.005364999640733004,0.005364999640733004,0.005364999640733004,736,32.78900146484375,0,0,False,False,0.005103999632410705,0.005103999632410705
UserAttrMgr.PostEvent,8.723618216201089e-06,0.00520800007507205,2,1194,0.0016750418760469012,2,2.2236180571305692e-06,0.0013274999801069498,0.0,0.007187000010162592,0.007187000010162592,0.007187000010162592,747,33.334999084472656,0,0,False,False,0.001561999786645174,0.001561999786645174
SeasonMgr,6.761306341444228e-06,0.004036499885842204,2,1194,0.0016750418760469012,2,5.8886095088979905e-06,0.0035154998768121004,0.0,0.004426999948918819,0.004426999948918819,0.004426999948918819,747,33.334999084472656,0,0,False,False,0.003957999928388745,0.003957999928388745
LUA:SeasonMgr.func,8.726968325462373e-07,0.0005210000090301037,2,1194,0.0016750418760469012,2,8.726968325462373e-07,0.0005210000090301037,0.0,0.0005729999975301325,0.0005729999975301325,0.0005729999975301325,736,32.78900146484375,0,0,False,False,0.0005729999975301325,0.0005729999975301325
LUA:HUD_Common.func,1.0120602858126463e-05,0.006041999906301498,2,1194,0.0016750418760469012,2,8.593802164828208e-06,0.00513049989240244,0.0,0.00661499984562397,0.00661499984562397,0.00661499984562397,747,33.334999084472656,0,0,False,False,0.005573999835178256,0.005573999835178256
LUA:Hud_Common_Army.OnUserAttrNtf,1.5268006932982547e-06,0.0009115000138990581,2,1194,0.0016750418760469012,2,1.5268006932982547e-06,0.0009115000138990581,0.0,0.001041000010445714,0.001041000010445714,0.001041000010445714,747,33.334999084472656,0,0,False,False,0.001041000010445714,0.001041000010445714
ChatDataCtrl,8.113483837501488e-05,0.04843749850988388,2,1194,0.0016750418760469012,2,7.283915976184098e-06,0.004348497837781906,0.0,0.0498959980905056,0.0498959980905056,0.0498959980905056,747,33.334999084472656,0,0,False,False,0.0044789984822273254,0.0044789984822273254
LUA:ChatDataCtrl.func,7.385092239883078e-05,0.044089000672101974,2,1194,0.0016750418760469012,2,1.3740369346120724e-05,0.008203000499634072,0.0,0.04567800089716911,0.04567800089716911,0.04567800089716911,747,33.334999084472656,0,0,False,False,0.008540999871911481,0.008540999871911481
LUA:AttrQuery.__index,1.4264656472997974e-05,0.00851599991437979,2,1194,0.0016750418760469012,20,1.4264656472997974e-05,0.00851599991437979,0.0,0.009010999783640727,0.009010999783640727,0.0036459998227655888,747,33.334999084472656,0,0,False,False,0.009010999783640727,0.009010999783640727
LUA:AttrQuery._8,4.584589657971208e-05,0.027370000258088112,2,1194,0.0016750418760469012,4,1.3348409731309218e-05,0.007969000609591603,0.0,0.028801999986171722,0.028801999986171722,0.020937999710440636,747,33.334999084472656,0,0,False,False,0.008074000477790833,0.008074000477790833
LUA:AttrMgr.RealRegister,3.2497486848402864e-05,0.01940099964849651,2,1194,0.0016750418760469012,4,2.5779731512979183e-05,0.015390499713248573,0.0,0.02093799924477935,0.02093799924477935,0.014583999291062355,747,33.334999084472656,0,0,False,False,0.01635499921394512,0.01635499921394512
LUA:DirtyTable.AddCallBack,2.661641454909128e-06,0.0015889999485807493,2,1194,0.0016750418760469012,4,2.661641454909128e-06,0.0015889999485807493,0.0,0.0016669999458827078,0.0016669999458827078,0.001197999925352633,747,33.334999084472656,0,0,False,False,0.0016669999458827078,0.0016669999458827078
LUA:AttrMgr._10,7.32830804390474e-06,0.00437499990221113,2,1194,0.0016750418760469012,3,5.5829143788122654e-06,0.0033329998841509223,0.0,0.004791999934241176,0.004791999934241176,0.003957999870181084,736,32.78900146484375,0,0,False,False,0.003489999915473163,0.003489999915473163
LUA:DirtyTable.Execute,0.0004913894400325053,0.29335949569940567,2,1194,0.0016750418760469012,3,2.7438013361159703e-05,0.016380493976612343,0.0,0.42000000178813934,0.42000000178813934,0.2867709994316101,736,32.78900146484375,0,0,False,False,0.01854100822674809,0.01854100822674809
DirtyAttr.rootAttrsceneUserAttrresourceAttr,0.00010216080738072419,0.12198000401258469,1,1194,0.0008375209380234506,1,1.234589750551692e-05,0.014741001621587202,0.0,0.12198000401258469,0.12198000401258469,0.12198000401258469,736,32.78900146484375,0,0,False,False,0.014741001621587202,0.014741001621587202
Hud_Top,8.95100522480618e-05,0.10687500238418579,1,1194,0.0008375209380234506,1,8.157457435284031e-06,0.009740004177729134,0.0,0.10687500238418579,0.10687500238418579,0.10687500238418579,736,32.78900146484375,0,0,False,False,0.009740004177729134,0.009740004177729134
LUA:AttrMgr._15,2.923785578974303e-06,0.0017454999906476587,2,1194,0.0016750418760469012,3,2.0083751945976335e-06,0.0011989999911747873,0.0,0.001980000000912696,0.001980000000912696,0.0015109999803826213,736,32.78900146484375,0,0,False,False,0.0013549999857787043,0.0013549999857787043
DirtyAttr.rootAttrsceneUserAttrresourceAttrresources,0.00023123449716136682,0.276093989610672,1,1194,0.0008375209380234506,1,1.103684374370528e-05,0.013177991429984104,0.0,0.276093989610672,0.276093989610672,0.276093989610672,736,32.78900146484375,0,0,False,False,0.013177991429984104,0.013177991429984104
PlayerBaseInfoMgr,0.00021993634688794312,0.2626039981842041,1,1194,0.0008375209380234506,1,7.808216929818322e-06,0.009323011014203077,0.0,0.2626039981842041,0.2626039981842041,0.2626039981842041,736,32.78900146484375,0,0,False,False,0.009323011014203075,0.009323011014203075
LUA:PlayerResCtrl.RefreshResByServer,0.00021204102778155201,0.2531769871711731,1,1194,0.0008375209380234506,1,4.907285237304205e-05,0.058592985733412206,0.0,0.2531769871711731,0.2531769871711731,0.2531769871711731,736,32.78900146484375,0,0,False,False,0.058592985733412206,0.058592985733412206
LUA:PlayerResCtrl.ServerResCount,1.1690954386819797e-05,0.013958999537862837,1,1194,0.0008375209380234506,7,1.1690954386819797e-05,0.013958999537862837,0.0,0.013958999537862837,0.013958999537862837,0.004739999771118164,736,32.78900146484375,0,0,False,False,0.013958999537862837,0.013958999537862837
*** pb.decode***424,0.0008288408743476548,0.4948180019855499,2,1194,0.0016750418760469012,2,0.0008241725327405912,0.4920310020461329,0.0,0.5087500214576721,0.5087500214576721,0.5087500214576721,745,33.23699951171875,0,0,False,False,0.5067700215004152,0.5067700215004152
*** pb.decode***148,3.241038751761917e-05,0.03869800269603729,1,1194,0.0008375209380234506,1,3.11448933784144e-05,0.0371870026938268,0.0,0.03869800269603729,0.03869800269603729,0.03869800269603729,745,33.23699951171875,0,0,False,False,0.0371870026938268,0.0371870026938268
UserAttrMgr.MergeMsg : 51,9.596315048747326e-06,0.011458000168204308,1,1194,0.0008375209380234506,1,9.50921287217452e-06,0.011354000169376377,0.0,0.011458000168204308,0.011458000168204308,0.011458000168204308,747,33.334999084472656,0,0,False,False,0.011354000169376377,0.011354000169376377
DirtyAttr.rootAttruserAttrnewActivityCenteractivityactivityUnits,0.00012593384414062627,0.15036500990390778,1,1194,0.0008375209380234506,1,1.753602849583413e-05,0.02093801802402595,0.0,0.15036500990390778,0.15036500990390778,0.15036500990390778,747,33.334999084472656,0,0,False,False,0.02093801802402595,0.02093801802402595
ActivityDataCenter,0.00010804856941727937,0.12900999188423157,1,1194,0.0008375209380234506,1,1.618341006577667e-05,0.019322991618537344,0.0,0.12900999188423157,0.12900999188423157,0.12900999188423157,747,33.334999084472656,0,0,False,False,0.019322991618537344,0.019322991618537344
*** pb.decode***421,0.00018325125427302004,0.10940099880099297,2,1194,0.0016750418760469012,2,0.00018076381707985003,0.10791599879667046,0.0,0.12260399758815765,0.12260399758815765,0.12260399758815765,1120,32.9739990234375,0,0,False,False,0.12046799757808913,0.12046799757808913
*** pb.decode***356,0.00028737435987846336,0.34312498569488525,1,1194,0.0008375209380234506,1,0.00028562896627430857,0.3410409857315244,0.0,0.34312498569488525,0.34312498569488525,0.34312498569488525,759,34.47800064086914,0,0,False,False,0.3410409857315244,0.3410409857315244
*** pb.decode***138,2.7350082968547316e-05,0.032655999064445496,1,1194,0.0008375209380234506,1,2.669514159266751e-05,0.03187399906164501,0.0,0.032655999064445496,0.032655999064445496,0.032655999064445496,759,34.47800064086914,0,0,False,False,0.03187399906164501,0.03187399906164501
*** pb.decode***243,7.895393362596407e-05,0.047135498374700546,2,1194,0.0016750418760469012,2,7.716582639685363e-05,0.046067998358921614,0.0,0.051353998482227325,0.051353998482227325,0.051353998482227325,767,32.53499984741211,0,0,False,False,0.05015599847683916,0.05015599847683916
*** pb.decode***904,0.0005029488847882703,0.6005209684371948,1,1194,0.0008375209380234506,1,0.0005003743453332148,0.5974469683278584,0.0,0.6005209684371948,0.6005209684371948,0.6005209684371948,775,33.28200149536133,0,0,False,False,0.5974469683278585,0.5974469683278585
*** pb.decode***220,4.7634004722887546e-05,0.05687500163912773,1,1194,0.0008375209380234506,1,4.61515926665192e-05,0.055105001643823925,0.0,0.05687500163912773,0.05687500163912773,0.05687500163912773,775,33.28200149536133,0,0,False,False,0.055105001643823925,0.055105001643823925
*** pb.decode***350,0.00027455025082656886,0.3278129994869232,1,1194,0.0008375209380234506,1,0.0002729363479384165,0.3258859994384693,0.0,0.3278129994869232,0.3278129994869232,0.3278129994869232,789,36.9630012512207,0,0,False,False,0.3258859994384693,0.3258859994384693
*** pb.decode***871,0.00046255610496354863,0.552291989326477,1,1194,0.0008375209380234506,1,0.0004605058537749047,0.5498439894072362,0.0,0.552291989326477,0.552291989326477,0.552291989326477,796,32.59700012207031,0,0,False,False,0.5498439894072362,0.5498439894072362
*** pb.decode***122,5.025125515820393e-05,0.05999999865889549,1,1194,0.0008375209380234506,1,4.811557678668019e-05,0.057449998683296144,0.0,0.05999999865889549,0.05999999865889549,0.05999999865889549,796,32.59700012207031,0,0,False,False,0.057449998683296144,0.057449998683296144
*** pb.decode***156,7.62922979479459e-05,0.09109300374984741,1,1194,0.0008375209380234506,1,7.341457604225086e-05,0.08765700379444752,0.0,0.09109300374984741,0.09109300374984741,0.09109300374984741,804,42.32600021362305,0,0,False,False,0.08765700379444752,0.08765700379444752
*** pb.decode***412,7.110133991768612e-05,0.08489499986171722,1,1194,0.0008375209380234506,1,6.988023438494242e-05,0.08343699985562125,0.0,0.08489499986171722,0.08489499986171722,0.08489499986171722,814,32.65999984741211,0,0,False,False,0.08343699985562125,0.08343699985562125
*** pb.decode***544,9.688190878735515e-05,0.11567699909210205,1,1194,0.0008375209380234506,1,9.557370107803866e-05,0.11411499908717815,0.0,0.11567699909210205,0.11567699909210205,0.11567699909210205,821,36.94499969482422,0,0,False,False,0.11411499908717815,0.11411499908717815
*** pb.decode***960,0.00047389701183517177,0.5658330321311951,1,1194,0.0008375209380234506,1,0.0004721080671274961,0.5636970321502304,0.0,0.5658330321311951,0.5658330321311951,0.5658330321311951,828,38.23699951171875,0,0,False,False,0.5636970321502304,0.5636970321502304
*** pb.decode***425,5.932495472219521e-05,0.07083399593830109,1,1194,0.0008375209380234506,1,5.836599324039149e-05,0.06968899592902744,0.0,0.07083399593830109,0.07083399593830109,0.07083399593830109,828,38.23699951171875,0,0,False,False,0.06968899592902744,0.06968899592902744
*** pb.decode***365,0.00045095306744727257,0.5384379625320435,1,1194,0.0008375209380234506,1,0.00044763815956752026,0.5344799625236192,0.0,0.5384379625320435,0.5384379625320435,0.5384379625320435,834,34.5260009765625,0,0,False,False,0.5344799625236192,0.5344799625236192
*** pb.decode***398,5.5355111907674636e-05,0.06609400361776352,1,1194,0.0008375209380234506,1,5.387102485151955e-05,0.06432200367271435,0.0,0.06609400361776352,0.06609400361776352,0.06609400361776352,834,34.5260009765625,0,0,False,False,0.06432200367271435,0.06432200367271435
*** pb.decode***4225,0.00030272949480730885,0.36145901679992676,1,1194,0.0008375209380234506,1,0.0002999807510722329,0.35817701678024605,0.0,0.36145901679992676,0.36145901679992676,0.36145901679992676,834,34.5260009765625,0,0,False,False,0.35817701678024605,0.35817701678024605
*** pb.decode***1920,0.00010979396464237616,0.13109399378299713,1,1194,0.0008375209380234506,1,0.00010804857102603382,0.12900999380508438,0.0,0.13109399378299713,0.13109399378299713,0.13109399378299713,842,32.36399841308594,0,0,False,False,0.12900999380508438,0.12900999380508438
LUA:CoMgr.stopCoAndChildren,3.1755442327041324e-05,0.0063193330230812235,6,1194,0.005025125628140704,9,1.997654786461362e-05,0.00397533302505811,0.0,0.007499999832361937,0.007499999832361937,0.006093999836593866,865,34.03900146484375,0,0,False,False,0.004948999674525112,0.004948999674525112
LUA:CoMgr.stopChildren,6.283919598596792e-06,0.0012505000001207616,6,1194,0.005025125628140704,9,6.283919598596792e-06,0.0012505000001207616,0.0,0.0014589999336749315,0.0014589999336749315,0.0013550000730901957,848,32.90800094604492,0,0,False,False,0.0014589999336749315,0.0014589999336749315
*** pb.decode***459,0.0005405066999758109,0.3226824998855591,2,1194,0.0016750418760469012,2,0.0005387185927710755,0.32161499988433206,0.0,0.33406299352645874,0.33406299352645874,0.33406299352645874,1147,34.46099853515625,0,0,False,False,0.33255199352424825,0.33255199352424825
*** pb.decode***316,3.097068761760865e-05,0.03697900101542473,1,1194,0.0008375209380234506,1,3.044723701866896e-05,0.03635400100029074,0.0,0.03697900101542473,0.03697900101542473,0.03697900101542473,851,32.9379997253418,0,0,False,False,0.03635400100029074,0.03635400100029074
*** pb.decode***451,0.0002832311631447107,0.33817800879478455,1,1194,0.0008375209380234506,1,0.00028214071089815437,0.3368760088123963,0.0,0.33817800879478455,0.33817800879478455,0.33817800879478455,894,33.69200134277344,0,0,False,False,0.3368760088123963,0.3368760088123963
*** pb.decode***87,2.8659129387369906e-05,0.03421900048851967,1,1194,0.0008375209380234506,1,2.7567002052667246e-05,0.03291500045088469,0.0,0.03421900048851967,0.03421900048851967,0.03421900048851967,894,33.69200134277344,0,0,False,False,0.03291500045088469,0.03291500045088469
*** pb.decode***107,3.515829143412349e-05,0.041978999972343445,1,1194,0.0008375209380234506,1,3.393634838015824e-05,0.04051999996590894,0.0,0.041978999972343445,0.041978999972343445,0.041978999972343445,896,31.31800079345703,0,0,False,False,0.04051999996590894,0.04051999996590894
*** pb.decode***571,0.00012575879917671933,0.15015600621700287,1,1194,0.0008375209380234506,1,0.00012423283604120523,0.14833400623319903,0.0,0.15015600621700287,0.15015600621700287,0.15015600621700287,910,33.48699951171875,0,0,False,False,0.14833400623319903,0.14833400623319903
*** pb.decode***542,0.0003001984938904269,0.3584370017051697,1,1194,0.0008375209380234506,1,0.00029888944867207637,0.3568740017144592,0.0,0.3584370017051697,0.3584370017051697,0.3584370017051697,919,33.18600082397461,0,0,False,False,0.35687400171445915,0.35687400171445915
*** pb.decode***255,3.965159369573322e-05,0.04734400287270546,1,1194,0.0008375209380234506,1,3.838609951387208e-05,0.04583300281956326,0.0,0.04734400287270546,0.04734400287270546,0.04734400287270546,919,33.18600082397461,0,0,False,False,0.04583300281956326,0.04583300281956326
*** pb.decode***100,5.3391958800592216e-05,0.0637499988079071,1,1194,0.0008375209380234506,1,5.1691791275369904e-05,0.06171999878279166,0.0,0.0637499988079071,0.0637499988079071,0.0637499988079071,928,32.70600128173828,0,0,False,False,0.06171999878279166,0.06171999878279166
*** pb.decode***120,7.91716915079497e-05,0.09453099966049194,1,1194,0.0008375209380234506,1,7.664154075685549e-05,0.09150999966368545,0.0,0.09453099966049194,0.09453099966049194,0.09453099966049194,947,31.593000411987305,0,0,False,False,0.09150999966368545,0.09150999966368545
*** pb.decode***382,0.00011206197379222467,0.13380199670791626,1,1194,0.0008375209380234506,1,0.00011018592687141363,0.13156199668446789,0.0,0.13380199670791626,0.13380199670791626,0.13380199670791626,956,32.27000045776367,0,0,False,False,0.13156199668446789,0.13156199668446789
*** pb.decode***490,7.603098474555279e-05,0.09078099578619003,1,1194,0.0008375209380234506,1,7.51147368155795e-05,0.08968699575780192,0.0,0.09078099578619003,0.09078099578619003,0.09078099578619003,962,32.36199951171875,0,0,False,False,0.08968699575780192,0.08968699575780192
*** pb.decode***419,9.827805648696682e-05,0.11734399944543839,1,1194,0.0008375209380234506,1,9.553098783089656e-05,0.1140639994700905,0.0,0.11734399944543839,0.11734399944543839,0.11734399944543839,970,33.58000183105469,0,0,False,False,0.1140639994700905,0.1140639994700905
*** pb.decode***247,8.279229303700241e-05,0.09885399788618088,1,1194,0.0008375209380234506,1,8.126549237417298e-05,0.09703099789476255,0.0,0.09885399788618088,0.09885399788618088,0.09885399788618088,980,34.334999084472656,0,0,False,False,0.09703099789476255,0.09703099789476255
*** pb.decode***165,0.00010202931149720746,0.12182299792766571,1,1194,0.0008375209380234506,1,9.94999983587413e-05,0.11880299804033712,0.0,0.12182299792766571,0.12182299792766571,0.12182299792766571,984,52.75299835205078,0,0,False,False,0.11880299804033712,0.11880299804033712
*** pb.decode***415,0.0003779748676210592,0.4513019919395447,1,1194,0.0008375209380234506,1,0.0003757922880489409,0.4486959919304354,0.0,0.4513019919395447,0.4513019919395447,0.4513019919395447,987,32.994998931884766,0,0,False,False,0.4486959919304354,0.4486959919304354
*** pb.decode***199,4.9248743346787776e-05,0.058802999556064606,1,1194,0.0008375209380234506,1,4.807202642050516e-05,0.057397999546083156,0.0,0.058802999556064606,0.058802999556064606,0.058802999556064606,987,32.994998931884766,0,0,False,False,0.057397999546083156,0.057397999546083156
*** pb.decode***72,4.81139057295606e-05,0.05744800344109535,1,1194,0.0008375209380234506,1,4.597655236434388e-05,0.05489600352302659,0.0,0.05744800344109535,0.05744800344109535,0.05744800344109535,994,34.694000244140625,0,0,False,False,0.05489600352302659,0.05489600352302659
*** pb.decode***444,9.121105599043956e-05,0.10890600085258484,1,1194,0.0008375209380234506,1,8.998911292428678e-05,0.10744700083159842,0.0,0.10890600085258484,0.10890600085258484,0.10890600085258484,994,34.694000244140625,0,0,False,False,0.10744700083159842,0.10744700083159842
*** pb.decode***110,7.354438779142434e-05,0.08781199902296066,1,1194,0.0008375209380234506,1,7.175628061106403e-05,0.08567699904961046,0.0,0.08781199902296066,0.08781199902296066,0.08781199902296066,1009,53.58100128173828,0,0,False,False,0.08567699904961046,0.08567699904961046
*** pb.decode***2806,0.000835383607314859,0.9974480271339417,1,1194,0.0008375209380234506,1,0.0008333333560957462,0.995000027178321,0.0,0.9974480271339417,0.9974480271339417,0.9974480271339417,1009,53.58100128173828,0,0,False,False,0.995000027178321,0.995000027178321
*** pb.decode***649,7.960804343423253e-05,0.09505200386047363,1,1194,0.0008375209380234506,1,7.842965144722549e-05,0.09364500382798722,0.0,0.09505200386047363,0.09505200386047363,0.09505200386047363,1009,53.58100128173828,0,0,False,False,0.09364500382798724,0.09364500382798724
*** pb.decode***304,8.523534715075788e-05,0.10177100449800491,1,1194,0.0008375209380234506,1,8.318593347114799e-05,0.0993240045645507,0.0,0.10177100449800491,0.10177100449800491,0.10177100449800491,1017,33.79999923706055,0,0,False,False,0.0993240045645507,0.0993240045645507
*** pb.decode***776,0.00037121355932960955,0.44322898983955383,1,1194,0.0008375209380234506,1,0.00037021104679303517,0.442031989870884,0.0,0.44322898983955383,0.44322898983955383,0.44322898983955383,1027,33.82099914550781,0,0,False,False,0.442031989870884,0.442031989870884
LUA:MapDataCtrl.RefreshGridIndex,6.976549398977702e-07,0.0008329999982379377,1,1194,0.0008375209380234506,1,6.976549398977702e-07,0.0008329999982379377,0.0,0.0008329999982379377,0.0008329999982379377,0.0008329999982379377,1037,32.91600036621094,0,0,False,False,0.0008329999982379377,0.0008329999982379377
LUA:MapEntityCtrl.RefreshParam_EntitysByGridIndex,5.234505745646242e-07,0.0006249999860301614,1,1194,0.0008375209380234506,1,5.234505745646242e-07,0.0006249999860301614,0.0,0.0006249999860301614,0.0006249999860301614,0.0006249999860301614,1037,32.91600036621094,0,0,False,False,0.0006249999860301614,0.0006249999860301614
*** pb.decode***132,3.694639645729033e-05,0.044113997370004654,1,1194,0.0008375209380234506,1,3.581239308283814e-05,0.04275999734090874,0.0,0.044113997370004654,0.044113997370004654,0.044113997370004654,1049,32.6609992980957,0,0,False,False,0.04275999734090874,0.04275999734090874
CullSceneDynamicObjectsCombineJob,1.1340033074207542e-06,0.0013539999490603805,1,1194,0.0008375209380234506,2,1.046901130847948e-06,0.0012499999502324497,0.0,0.0013539999490603805,0.0013539999490603805,0.0006769999745301902,1050,35.30699920654297,0,0,False,False,0.00124999995023245,0.00124999995023245
SceneNodesInitJob,5.242881262550127e-07,0.0003130000113742426,2,1194,0.0016750418760469012,2,5.242881262550127e-07,0.0003130000113742426,0.0,0.0003650000144261867,0.0003650000144261867,0.0003650000144261867,1050,35.30699920654297,0,0,False,False,0.0003650000144261867,0.0003650000144261867
MoveChain_SoldierMoveSystem:SoldierMoveJob (Burst),2.4252931526557884e-05,0.028958000242710114,1,1194,0.0008375209380234506,1,2.4252931526557884e-05,0.028958000242710114,0.0,0.028958000242710114,0.028958000242710114,0.028958000242710114,1051,31.010000228881836,0,0,False,False,0.028958000242710114,0.028958000242710114
UnsafeHashMapDataDisposeJob (Burst),2.137353523654654e-06,0.002552000107243657,1,1194,0.0008375209380234506,1,2.137353523654654e-06,0.002552000107243657,0.0,0.002552000107243657,0.002552000107243657,0.002552000107243657,1051,31.010000228881836,0,0,False,False,0.002552000107243657,0.002552000107243657
MoveChain_SyncArmyResultSystem:ArmyMove_SyncArmyMoveResultJob (Cleanup),8.718593052309163e-07,0.001041000010445714,1,1194,0.0008375209380234506,1,8.718593052309163e-07,0.001041000010445714,0.0,0.001041000010445714,0.001041000010445714,0.001041000010445714,1051,31.010000228881836,0,0,False,False,0.001041000010445714,0.001041000010445714
MoveChain_SyncArmyResultSystem:ArmyMove_SyncArmyMoveResultJob (Burst),7.852595658283337e-06,0.009375999215990305,1,1194,0.0008375209380234506,2,7.852595658283337e-06,0.009375999215990305,0.0,0.009375999215990305,0.009375999215990305,0.008854999206960201,1051,31.010000228881836,0,0,False,False,0.009375999215990305,0.009375999215990305
MoveChain_SyncSoldierResultSystem:ArmyMove_SyncSoldierMoveResultJob (Burst),7.855946742547317e-07,0.0009380000410601497,1,1194,0.0008375209380234506,1,7.855946742547317e-07,0.0009380000410601497,0.0,0.0009380000410601497,0.0009380000410601497,0.0009380000410601497,1051,31.010000228881836,0,0,False,False,0.0009380000410601497,0.0009380000410601497
*** pb.decode***370,6.1025958464572974e-05,0.07286499440670013,1,1194,0.0008375209380234506,1,5.945476918918871e-05,0.07098899441189133,0.0,0.07286499440670013,0.07286499440670013,0.07286499440670013,1058,33.69900131225586,0,0,False,False,0.07098899441189133,0.07098899441189133
*** pb.decode***507,0.0002450619760270494,0.292603999376297,1,1194,0.0008375209380234506,1,0.00024065577819061245,0.2873429991595913,0.0,0.292603999376297,0.292603999376297,0.292603999376297,1066,32.64799880981445,0,0,False,False,0.2873429991595913,0.2873429991595913
OutsideNormalArmyEntity.OnRefresh_Dir,1.3348407781303827e-05,0.01593799889087677,1,1194,0.0008375209380234506,1,2.4430478737382236e-06,0.002916999161243439,0.0,0.01593799889087677,0.01593799889087677,0.01593799889087677,1068,34.45000076293945,0,0,False,False,0.0029169991612434387,0.0029169991612434387
OutsideNormalArmyEntity.OnRefresh_moveComponent,0.00025470185419622577,0.3041140139102936,1,1194,0.0008375209380234506,1,1.089631812256984e-06,0.0013010203838348389,0.0,0.3041140139102936,0.3041140139102936,0.3041140139102936,1068,34.45000076293945,0,0,False,True,0.0013010203838348389,0.0013010203838348389
OutsideNormalArmyEntity.OnRefresh_actionType,6.804857371839846e-06,0.008124999701976776,1,1194,0.0008375209380234506,1,7.412060190435231e-07,0.0008849999867379666,0.0,0.008124999701976776,0.008124999701976776,0.008124999701976776,1068,34.45000076293945,0,0,False,False,0.0008849999867379665,0.0008849999867379665
OutsideNormalArmyEntity.OnRefresh_debugCurrentPos,2.791457286906402e-06,0.003333000000566244,1,1194,0.0008375209380234506,1,6.97654988647905e-07,0.0008330000564455986,0.0,0.003333000000566244,0.003333000000566244,0.003333000000566244,1068,34.45000076293945,0,0,False,False,0.0008330000564455986,0.0008330000564455986
LUA:OutsideArmyEntityBase.OnRefresh_debugCurrentPos,1.2646565936081473e-06,0.001509999972768128,1,1194,0.0008375209380234506,1,1.2646565936081473e-06,0.001509999972768128,0.0,0.001509999972768128,0.001509999972768128,0.001509999972768128,1068,34.45000076293945,0,0,False,False,0.001509999972768128,0.001509999972768128
OutsideNormalArmyEntity.OnRefresh_enemeyEntityId,9.596315048747326e-06,0.011458000168204308,1,1194,0.0008375209380234506,1,6.97654988647905e-07,0.0008330000564455986,0.0,0.011458000168204308,0.011458000168204308,0.011458000168204308,1068,34.45000076293945,0,0,False,False,0.0008330000564455986,0.0008330000564455986
LUA:OutsideArmyEntityBase.OnRefresh_enemeyEntityId,8.156616708741117e-06,0.009739000350236893,1,1194,0.0008375209380234506,1,1.308207916504574e-06,0.0015620002523064616,0.0,0.009739000350236893,0.009739000350236893,0.009739000350236893,1068,34.45000076293945,0,0,False,False,0.0015620002523064613,0.0015620002523064613
OutsideNormalArmyEntity.OnRefresh_skillInfo,2.3123951725524475e-06,0.0027609998360276222,1,1194,0.0008375209380234506,1,6.54941290567069e-07,0.0007819999009370804,0.0,0.0027609998360276222,0.0027609998360276222,0.0027609998360276222,1068,34.45000076293945,0,0,False,False,0.0007819999009370804,0.0007819999009370804
OutsideNormalArmyEntity.OnRefresh_formChangeEndMs,1.2562813789550982e-05,0.014999999664723873,1,1194,0.0008375209380234506,1,9.422110342163236e-06,0.011249999748542905,0.0,0.014999999664723873,0.014999999664723873,0.014999999664723873,1068,34.45000076293945,0,0,False,False,0.011249999748542905,0.011249999748542905
OutsideNormalArmyEntity.OnRefresh_terrainType,9.335008086371462e-06,0.011145999655127525,1,1194,0.0008375209380234506,1,6.541035682512088e-07,0.0007809996604919434,0.0,0.011145999655127525,0.011145999655127525,0.011145999655127525,1068,34.45000076293945,0,0,False,False,0.0007809996604919434,0.0007809996604919434
LUA:OutsideArmyEntityBase.OnRefresh_terrainType,7.851759105970713e-06,0.00937500037252903,1,1194,0.0008375209380234506,1,8.718598902325335e-07,0.001041000708937645,0.0,0.00937500037252903,0.00937500037252903,0.00937500037252903,1068,34.45000076293945,0,0,False,False,0.001041000708937645,0.001041000708937645
OutsideNormalArmyEntity.OnRefresh_skillBuffs,5.3348409720201985e-05,0.06369800120592117,1,1194,0.0008375209380234506,1,6.541035682512088e-07,0.0007809996604919434,0.0,0.06369800120592117,0.06369800120592117,0.06369800120592117,1068,34.45000076293945,0,0,False,True,0.0007809996604919434,0.0007809996604919434
LUA:OutsideNormalArmyEntity.OnRefresh_skillBuffs,5.1690955058214454e-05,0.06171900033950806,1,1194,0.0008375209380234506,1,1.1348424922406574e-06,0.0013550019357353449,0.0,0.06171900033950806,0.06171900033950806,0.06171900033950806,1068,34.45000076293945,0,0,False,False,0.0013550019357353449,0.0013550019357353449
LUA:OutsideArmyEntityBase.OnRefresh_skillBuffs,4.9945559833117666e-05,0.05963499844074249,1,1194,0.0008375209380234506,1,2.3559435521594876e-06,0.002812996601278428,0.0,0.05963499844074249,0.05963499844074249,0.05963499844074249,1068,34.45000076293945,0,0,False,False,0.002812996601278428,0.002812996601278428
Army.sampler_RefreshSkillBuffs,4.57144069362126e-05,0.054583001881837845,1,1194,0.0008375209380234506,1,4.362648975422335e-06,0.005209002876654267,0.0,0.054583001881837845,0.054583001881837845,0.054583001881837845,1068,34.45000076293945,0,0,False,False,0.005209002876654267,0.005209002876654267
LUA:OutsideNormalArmyEntity.RefreshSkillBuffs,3.9170853406739996e-05,0.04676999896764755,1,1194,0.0008375209380234506,1,2.7043532761097753e-06,0.0032289978116750717,0.0,0.04676999896764755,0.04676999896764755,0.04676999896764755,1068,34.45000076293945,0,0,False,False,0.0032289978116750717,0.0032289978116750717
LUA:OutsideArmyEntityBase.RefreshSkillBuffs,2.0850084759482187e-05,0.02489500120282173,1,1194,0.0008375209380234506,1,7.80820860573281e-06,0.009323001075244974,0.0,0.02489500120282173,0.02489500120282173,0.02489500120282173,1068,34.45000076293945,0,0,False,False,0.009323001075244974,0.009323001075244974
LUA:OutsideArmyEntityBase.RefreshBuffInstancesAndBluePrints,6.976549398977702e-07,0.0008329999982379377,1,1194,0.0008375209380234506,1,6.976549398977702e-07,0.0008329999982379377,0.0,0.0008329999982379377,0.0008329999982379377,0.0008329999982379377,1068,34.45000076293945,0,0,False,False,0.0008329999982379377,0.0008329999982379377
LUA:OutsideArmyEntityBase.IsMapMonster,4.798994954188715e-07,0.0005729999975301325,1,1194,0.0008375209380234506,1,4.798994954188715e-07,0.0005729999975301325,0.0,0.0005729999975301325,0.0005729999975301325,0.0005729999975301325,1068,34.45000076293945,0,0,False,False,0.0005729999975301325,0.0005729999975301325
Army.sampler_RefreshSkillBuffs1,9.59798990837743e-07,0.001145999995060265,1,1194,0.0008375209380234506,1,9.59798990837743e-07,0.001145999995060265,0.0,0.001145999995060265,0.001145999995060265,0.001145999995060265,1068,34.45000076293945,0,0,False,False,0.001145999995060265,0.001145999995060265
LUA:OutsideArmyEntityBase.RefreshBuffSpecialPerform,1.8752094239645467e-06,0.002239000052213669,1,1194,0.0008375209380234506,1,1.8752094239645467e-06,0.002239000052213669,0.0,0.002239000052213669,0.002239000052213669,0.002239000052213669,1068,34.45000076293945,0,0,False,False,0.002239000052213669,0.002239000052213669
OutsideNormalArmyEntity.RegisterFog,5.845896200818233e-06,0.00698000006377697,1,1194,0.0008375209380234506,1,5.242881993802148e-07,0.0006260001100599766,0.0,0.00698000006377697,0.00698000006377697,0.00698000006377697,1068,34.45000076293945,0,0,False,False,0.0006260001100599766,0.0006260001100599766
OutsideNormalArmyEntity.OnRefresh_armyState,0.0001678098885457919,0.20036500692367554,1,1194,0.0008375209380234506,1,8.291485321581664e-07,0.0009900033473968506,0.0,0.20036500692367554,0.20036500692367554,0.20036500692367554,1068,34.45000076293945,0,0,False,True,0.0009900033473968506,0.0009900033473968506
LUA:MapEntityOp.OnFreshPreviewLineEmpty,1.1297320351129401e-05,0.013489000499248505,1,1194,0.0008375209380234506,1,1.264657276110034e-06,0.0015100007876753805,0.0,0.013489000499248505,0.013489000499248505,0.013489000499248505,1068,34.45000076293945,0,0,False,False,0.0015100007876753807,0.0015100007876753807
LUA:MapEntityOp._onFreshPreviewLineEmpty,1.0032663075019367e-05,0.011978999711573124,1,1194,0.0008375209380234506,1,1.7010045223799184e-06,0.0020309993997216225,0.0,0.011978999711573124,0.011978999711573124,0.011978999711573124,1068,34.45000076293945,0,0,False,False,0.0020309993997216225,0.0020309993997216225
LUA:GridPreviewMgr.CheckShowCityTableBlockEffect,8.331658552639449e-06,0.009948000311851501,1,1194,0.0008375209380234506,1,1.4824120380870462e-06,0.0017699999734759333,0.0,0.009948000311851501,0.009948000311851501,0.009948000311851501,1068,34.45000076293945,0,0,False,False,0.001769999973475933,0.001769999973475933
LUA:GridPreviewMgr._unloadCityTableBlockEffect,6.849246514552402e-06,0.008178000338375568,1,1194,0.0008375209380234506,1,6.849246514552402e-06,0.008178000338375568,0.0,0.008178000338375568,0.008178000338375568,0.008178000338375568,1068,34.45000076293945,0,0,False,False,0.008178000338375568,0.008178000338375568
OutsideNormalArmyEntity.OnRefresh_waitingCommander,9.291457445976922e-06,0.011094000190496445,1,1194,0.0008375209380234506,1,7.420433513583051e-07,0.0008859997615218163,0.0,0.011094000190496445,0.011094000190496445,0.011094000190496445,1068,34.45000076293945,0,0,False,False,0.0008859997615218163,0.0008859997615218163
LUA:OutsideArmyEntityBase.OnRefresh_waitingCommander,7.808207685574015e-06,0.009322999976575375,1,1194,0.0008375209380234506,1,8.718598902325335e-07,0.001041000708937645,0.0,0.009322999976575375,0.009322999976575375,0.009322999976575375,1068,34.45000076293945,0,0,False,False,0.001041000708937645,0.001041000708937645
OutsideNormalArmyEntity.OnRefresh_fightState,5.587772583242637e-05,0.06671800464391708,1,1194,0.0008375209380234506,1,7.839271271448439e-07,0.0009360089898109436,0.0,0.06671800464391708,0.06671800464391708,0.06671800464391708,1068,34.45000076293945,0,0,False,True,0.0009360089898109436,0.0009360089898109436
OutsideNormalArmyEntity.OnRefresh_combatDetail,2.093802298258497e-06,0.0024999999441206455,1,1194,0.0008375209380234506,1,6.976548911476355e-07,0.0008329999400302768,0.0,0.0024999999441206455,0.0024999999441206455,0.0024999999441206455,1068,34.45000076293945,0,0,False,False,0.0008329999400302768,0.0008329999400302768
OutsideNormalArmyEntity.OnRefresh_combatRelations,9.465661567559395e-06,0.011301999911665916,1,1194,0.0008375209380234506,1,6.97654988647905e-07,0.0008330000564455986,0.0,0.011301999911665916,0.011301999911665916,0.011301999911665916,1068,34.45000076293945,0,0,False,False,0.0008330000564455986,0.0008330000564455986
LUA:OutsideArmyEntityBase.OnRefresh_combatRelations,7.808207685574015e-06,0.009322999976575375,1,1194,0.0008375209380234506,1,5.234508670654329e-07,0.0006250003352761269,0.0,0.009322999976575375,0.009322999976575375,0.009322999976575375,1068,34.45000076293945,0,0,False,False,0.0006250003352761269,0.0006250003352761269
OutsideNormalArmyEntity.OnRefresh_operateResourceAttr,5.016415387741485e-05,0.05989599972963333,1,1194,0.0008375209380234506,1,8.726976125483936e-07,0.001042000949382782,0.0,0.05989599972963333,0.05989599972963333,0.05989599972963333,1068,34.45000076293945,0,0,False,True,0.001042000949382782,0.001042000949382782
OutsideNormalArmyEntity.OnRefresh_armyInGrassState,8.898660060099421e-06,0.010625000111758709,1,1194,0.0008375209380234506,1,7.420433513583051e-07,0.0008859997615218163,0.0,0.010625000111758709,0.010625000111758709,0.010625000111758709,1068,34.45000076293945,0,0,False,False,0.0008859997615218163,0.0008859997615218163
LUA:OutsideNormalArmyEntity.OnRefresh_armyInGrassState,7.677554204386084e-06,0.009166999720036983,1,1194,0.0008375209380234506,1,8.726968325462373e-07,0.0010420000180602074,0.0,0.009166999720036983,0.009166999720036983,0.009166999720036983,1068,34.45000076293945,0,0,False,False,0.0010420000180602074,0.0010420000180602074
OutsideNormalArmyEntity.OnRefresh_FlyStateComponent,2.3551088706332837e-06,0.0028119999915361404,1,1194,0.0008375209380234506,1,6.54103958252287e-07,0.0007810001261532308,0.0,0.0028119999915361404,0.0028119999915361404,0.0028119999915361404,1068,34.45000076293945,0,0,False,False,0.0007810001261532307,0.0007810001261532307
OutsideNormalArmyEntity.OnRefresh_ActionType,2.3994974283442224e-06,0.0028649999294430017,1,1194,0.0008375209380234506,1,6.113902601714509e-07,0.0007299999706447124,0.0,0.0028649999294430017,0.0028649999294430017,0.0028649999294430017,1068,34.45000076293945,0,0,False,False,0.0007299999706447124,0.0007299999706447124
OutsideNormalArmyEntity.OnRefresh_Behavior,1.0163316556207299e-05,0.012134999968111515,1,1194,0.0008375209380234506,1,6.097152055408088e-07,0.0007279999554157257,0.0,0.012134999968111515,0.012134999968111515,0.012134999968111515,1068,34.45000076293945,0,0,False,False,0.0007279999554157257,0.0007279999554157257
OutsideNormalArmyEntity.OnRefresh_uid_allianceId,4.388274659263828e-05,0.05239599943161011,1,1194,0.0008375209380234506,1,8.726976125483936e-07,0.001042000949382782,0.0,0.05239599943161011,0.05239599943161011,0.05239599943161011,1068,34.45000076293945,0,0,False,True,0.001042000949382782,0.001042000949382782
LUA:OutsideNormalArmyEntity.OnRefresh_uid_allianceId,4.1876047525174256e-05,0.05000000074505806,1,1194,0.0008375209380234506,1,5.453100374945045e-06,0.006511001847684383,0.0,0.05000000074505806,0.05000000074505806,0.05000000074505806,1068,34.45000076293945,0,0,False,False,0.006511001847684383,0.006511001847684383
LUA:OutsideNormalArmyEntity.RefreshRelation,6.935510853027779e-06,0.008280999958515167,1,1194,0.0008375209380234506,1,9.162478629418553e-07,0.0010939999483525753,0.0,0.008280999958515167,0.008280999958515167,0.008280999958515167,1068,34.45000076293945,0,0,False,False,0.0010939999483525753,0.0010939999483525753
C#UpdateOwnerRelationShip,6.674203890651914e-06,0.007968999445438385,1,1194,0.0008375209380234506,1,6.674203890651914e-06,0.007968999445438385,0.0,0.007968999445438385,0.007968999445438385,0.007968999445438385,1068,34.45000076293945,0,0,False,False,0.007968999445438385,0.007968999445438385
LUA:MeshLineUtil.GetMeshLineColor,6.150753803588637e-06,0.007344000041484833,1,1194,0.0008375209380234506,1,1.3525963767152435e-06,0.0016150000737980008,0.0,0.007344000041484833,0.007344000041484833,0.007344000041484833,1068,34.45000076293945,0,0,False,False,0.0016150000737980008,0.0016150000737980008
OutsideNormalArmyEntity.OnRefreshArmyClientHidden,2.6695979400296108e-05,0.03187499940395355,1,1194,0.0008375209380234506,1,7.420425713561488e-07,0.0008859988301992416,0.0,0.03187499940395355,0.03187499940395355,0.03187499940395355,1068,34.45000076293945,0,0,False,True,0.0008859988301992416,0.0008859988301992416
OutsideNormalArmyEntity.OnRefresh_ShootingArrow,2.4430486537403796e-06,0.0029170000925660133,1,1194,0.0008375209380234506,1,6.549414855676081e-07,0.000782000133767724,0.0,0.0029170000925660133,0.0029170000925660133,0.0029170000925660133,1068,34.45000076293945,0,0,False,False,0.000782000133767724,0.000782000133767724
LUA:OutsideNormalArmyEntity.OnRefresh_ShootingArrow,8.726968325462373e-07,0.0010420000180602074,1,1194,0.0008375209380234506,1,8.726968325462373e-07,0.0010420000180602074,0.0,0.0010420000180602074,0.0010420000180602074,0.0010420000180602074,1068,34.45000076293945,0,0,False,False,0.0010420000180602074,0.0010420000180602074
OutsideNormalArmyEntity.OnRefresh_iconHeroId,1.5223618765272687e-05,0.018177000805735588,1,1194,0.0008375209380234506,1,7.412064090446012e-07,0.0008850004523992538,0.0,0.018177000805735588,0.018177000805735588,0.018177000805735588,1068,34.45000076293945,0,0,False,False,0.0008850004523992538,0.0008850004523992538
LUA:OutsideNormalArmyEntity.OnRefresh_iconHeroId,1.3741205947183484e-05,0.01640699990093708,1,1194,0.0008375209380234506,1,9.606362256522554e-07,0.001146999653428793,0.0,0.01640699990093708,0.01640699990093708,0.01640699990093708,1068,34.45000076293945,0,0,False,False,0.001146999653428793,0.001146999653428793
OutsideNormalArmyEntity.OnRefresh_armyStateExpireTimeMs,8.680904518120253e-06,0.010364999994635582,1,1194,0.0008375209380234506,1,6.113898701703728e-07,0.0007299995049834251,0.0,0.010364999994635582,0.010364999994635582,0.010364999994635582,1068,34.45000076293945,0,0,False,False,0.0007299995049834251,0.0007299995049834251
LUA:OutsideNormalArmyEntity.OnRefresh_armyStateExpireTimeMs,7.284756818508583e-06,0.008697999641299248,1,1194,0.0008375209380234506,1,6.97654988647905e-07,0.0008330000564455986,0.0,0.008697999641299248,0.008697999641299248,0.008697999641299248,1068,34.45000076293945,0,0,False,False,0.0008330000564455986,0.0008330000564455986
OutsideNormalArmyEntity.OnRefresh_occupyGridArray,3.489112275554307e-06,0.004166000057011843,1,1194,0.0008375209380234506,1,6.097154005413479e-07,0.0007280001882463694,0.0,0.004166000057011843,0.004166000057011843,0.004166000057011843,1068,34.45000076293945,0,0,False,False,0.0007280001882463694,0.0007280001882463694
LUA:OutsideNormalArmyEntity.OnRefresh_occupyGridArray,2.180904554050272e-06,0.002604000037536025,1,1194,0.0008375209380234506,1,4.798996416692758e-07,0.0005730001721531153,0.0,0.002604000037536025,0.002604000037536025,0.002604000037536025,1068,34.45000076293945,0,0,False,False,0.0005730001721531153,0.0005730001721531153
OutsideNormalArmyEntity.RefreshGuardGrid,3.402847547077853e-06,0.004062999971210957,1,1194,0.0008375209380234506,1,6.549414855676081e-07,0.000782000133767724,0.0,0.004062999971210957,0.004062999971210957,0.004062999971210957,1068,34.45000076293945,0,0,False,False,0.000782000133767724,0.000782000133767724
OutsideNormalArmyEntity.OnRefresh_fightingAreaEntityType,6.281406894775491e-06,0.007499999832361937,1,1194,0.0008375209380234506,1,6.105525378555909e-07,0.0007289997301995755,0.0,0.007499999832361937,0.007499999832361937,0.007499999832361937,1068,34.45000076293945,0,0,False,False,0.0007289997301995754,0.0007289997301995754
LUA:OutsideNormalArmyEntity.OnRefresh_fightingAreaEntityType,5.0603014290632315e-06,0.006041999906301498,1,1194,0.0008375209380234506,1,2.618090461076111e-06,0.0031260000105248764,0.0,0.006041999906301498,0.006041999906301498,0.006041999906301498,1068,34.45000076293945,0,0,False,False,0.0031260000105248764,0.0031260000105248764
C#SetArmyBattleOnWall,1.6574538819853785e-06,0.001978999935090542,1,1194,0.0008375209380234506,1,1.6574538819853785e-06,0.001978999935090542,0.0,0.001978999935090542,0.001978999935090542,0.001978999935090542,1068,34.45000076293945,0,0,False,False,0.001978999935090542,0.001978999935090542
OutsideNormalArmyEntity.OnRefresh_commander,2.3115578402376656e-06,0.0027600000612437725,1,1194,0.0008375209380234506,1,6.097152055408088e-07,0.0007279999554157257,0.0,0.0027600000612437725,0.0027600000612437725,0.0027600000612437725,1068,34.45000076293945,0,0,False,False,0.0007279999554157257,0.0007279999554157257
LUA:OutsideNormalArmyEntity.OnRefresh_commander,9.589614635224219e-07,0.0011449999874457717,1,1194,0.0008375209380234506,1,4.790619681035504e-07,0.0005719999899156392,0.0,0.0011449999874457717,0.0011449999874457717,0.0011449999874457717,1068,34.45000076293945,0,0,False,False,0.0005719999899156392,0.0005719999899156392
OutsideNormalArmyEntity.OnRefresh_numProp,2.3986600960294404e-06,0.002864000154659152,1,1194,0.0008375209380234506,1,6.532664309369659e-07,0.0007800001185387373,0.0,0.002864000154659152,0.002864000154659152,0.002864000154659152,1068,34.45000076293945,0,0,False,False,0.0007800001185387373,0.0007800001185387373
LUA:OutsideNormalArmyEntity.OnRefresh_numProp,1.2219429930275808e-06,0.0014589999336749315,1,1194,0.0008375209380234506,1,1.2219429930275808e-06,0.0014589999336749315,0.0,0.0014589999336749315,0.0014589999336749315,0.0014589999336749315,1068,34.45000076293945,0,0,False,False,0.0014589999336749315,0.0014589999336749315
OutsideNormalArmyEntity.OnRefresh_groupWarlordBreak,1.134087099152394e-05,0.013540999963879585,1,1194,0.0008375209380234506,1,6.53266625937505e-07,0.000780000351369381,0.0,0.013540999963879585,0.013540999963879585,0.013540999963879585,1068,34.45000076293945,0,0,False,False,0.000780000351369381,0.000780000351369381
LUA:OutsideNormalArmyEntity.OnRefresh_groupWarlordBreak,1.0164153498521004e-05,0.012135999277234077,1,1194,0.0008375209380234506,1,5.97738642931933e-06,0.00713699939660728,0.0,0.012135999277234077,0.012135999277234077,0.012135999277234077,1068,34.45000076293945,0,0,False,False,0.00713699939660728,0.00713699939660728
LUA:Float_FieldEntityBubble.ReleaseByEntityIdAndType,1.4824120380870462e-06,0.001769999973475933,1,1194,0.0008375209380234506,1,1.4824120380870462e-06,0.0017699999734759333,0.0,0.001769999973475933,0.001769999973475933,0.001769999973475933,1068,34.45000076293945,0,0,False,False,0.001769999973475933,0.001769999973475933
*** pb.decode***314,6.804857371839846e-05,0.08124999701976776,1,1194,0.0008375209380234506,1,6.617252681586872e-05,0.07900999701814726,0.0,0.08124999701976776,0.08124999701976776,0.08124999701976776,1081,32.28499984741211,0,0,False,False,0.07900999701814726,0.07900999701814726
*** pb.decode***579,0.0004009195857710974,0.4786979854106903,1,1194,0.0008375209380234506,1,0.0004003969727116606,0.4780739854177227,0.0,0.4786979854106903,0.4786979854106903,0.4786979854106903,1089,33.14500045776367,0,0,False,False,0.4780739854177227,0.4780739854177227
*** pb.decode***319,2.5692629866564095e-05,0.03067700006067753,1,1194,0.0008375209380234506,1,2.5300670062845817e-05,0.030209000055037905,0.0,0.03067700006067753,0.03067700006067753,0.03067700006067753,1089,33.14500045776367,0,0,False,False,0.030209000055037905,0.030209000055037905
*** pb.decode***462,0.00042944722239495923,0.5127599835395813,1,1194,0.0008375209380234506,1,0.0004276155641293594,0.5105729835704551,0.0,0.5127599835395813,0.5127599835395813,0.5127599835395813,1103,38.21099853515625,0,0,False,False,0.5105729835704551,0.5105729835704551
*** pb.decode***182,5.190870982019147e-05,0.06197899952530861,1,1194,0.0008375209380234506,1,5.051172483701515e-05,0.060310999455396086,0.0,0.06197899952530861,0.06197899952530861,0.06197899952530861,1103,38.21099853515625,0,0,False,False,0.060310999455396086,0.060310999455396086
*** pb.decode***99,6.141876131046557e-05,0.07333400100469589,1,1194,0.0008375209380234506,1,5.958710304486575e-05,0.0711470010355697,0.0,0.07333400100469589,0.07333400100469589,0.07333400100469589,1105,33.64899826049805,0,0,False,False,0.0711470010355697,0.0711470010355697
*** pb.decode***280,4.113400339381379e-05,0.04911400005221367,1,1194,0.0008375209380234506,1,3.956365165183862e-05,0.04723900007229531,0.0,0.04911400005221367,0.04911400005221367,0.04911400005221367,1112,33.37699890136719,0,0,False,False,0.04723900007229531,0.04723900007229531
*** pb.decode***468,0.00042543469162242896,0.5079690217971802,1,1194,0.0008375209380234506,1,0.00042286098980437654,0.5048960218264256,0.0,0.5079690217971802,0.5079690217971802,0.5079690217971802,1127,32.54800033569336,0,0,False,False,0.5048960218264256,0.5048960218264256
*** pb.decode***126,2.835427022459519e-05,0.033854998648166656,1,1194,0.0008375209380234506,1,2.7308206608875028e-05,0.032605998690996785,0.0,0.033854998648166656,0.033854998648166656,0.033854998648166656,1127,32.54800033569336,0,0,False,False,0.032605998690996785,0.032605998690996785
*** pb.decode***361,8.610720236097748e-05,0.10281199961900711,1,1194,0.0008375209380234506,1,8.39690114379766e-05,0.10025899965694407,0.0,0.10281199961900711,0.10281199961900711,0.10281199961900711,1134,34.51900100708008,0,0,False,False,0.10025899965694407,0.10025899965694407
*** pb.decode***277,4.095979771222701e-05,0.04890599846839905,1,1194,0.0008375209380234506,1,3.995561009055312e-05,0.04770699844812043,0.0,0.04890599846839905,0.04890599846839905,0.04890599846839905,1147,34.46099853515625,0,0,False,False,0.04770699844812043,0.04770699844812043
*** pb.decode***170,3.271607972269681e-05,0.039062999188899994,1,1194,0.0008375209380234506,1,3.175628071357777e-05,0.037916999172011856,0.0,0.039062999188899994,0.039062999188899994,0.039062999188899994,1154,32.946998596191406,0,0,False,False,0.037916999172011856,0.037916999172011856
*** pb.decode***223,4.043634762516373e-05,0.048280999064445496,1,1194,0.0008375209380234506,1,3.973785513966934e-05,0.04744699903676519,0.0,0.048280999064445496,0.048280999064445496,0.048280999064445496,1161,32.96500015258789,0,0,False,False,0.04744699903676519,0.04744699903676519
*** pb.decode***1566,0.0006129606385127185,0.7318750023841858,1,1194,0.0008375209380234506,1,0.0006104313253376897,0.7288550024532015,0.0,0.7318750023841858,0.7318750023841858,0.7318750023841858,1168,36.470001220703125,0,0,False,False,0.7288550024532015,0.7288550024532015
*** pb.decode***854,0.0004928727046129491,0.5884900093078613,1,1194,0.0008375209380234506,1,0.0004910410463290681,0.5863030093169073,0.0,0.5884900093078613,0.5884900093078613,0.5884900093078613,1176,33.54899978637695,0,0,False,False,0.5863030093169073,0.5863030093169073
*** pb.decode***113,2.6870185081882893e-05,0.03208300098776817,1,1194,0.0008375209380234506,1,2.569179315581353e-05,0.030676001028041355,0.0,0.03208300098776817,0.03208300098776817,0.03208300098776817,1176,33.54899978637695,0,0,False,False,0.030676001028041355,0.030676001028041355
*** pb.decode***281,5.238860770685589e-05,0.06255199760198593,1,1194,0.0008375209380234506,1,5.147319732857299e-05,0.06145899761031615,0.0,0.06255199760198593,0.06255199760198593,0.06255199760198593,1184,32.808998107910156,0,0,False,False,0.061458997610316146,0.061458997610316146
