frame,unityFrame,triangles,frameMs,phase,height,previousHeight,nextHeight,previousUnityFrame,nextUnityFrame,observationGapMs,seconds
2,162023,1233920,47.09000015258789,zoom_0_240,,60.0,76.811996459961,162022,162030,509.765625,0.0879670000076294
3,162024,900096,54.50199890136719,zoom_0_240,,60.0,76.811996459961,162022,162030,509.765625,0.1350580005645752
4,162025,858112,88.53399658203125,zoom_0_240,,60.0,76.811996459961,162022,162030,509.765625,0.1895600004196167
5,162026,622592,71.1760025024414,zoom_0_240,,60.0,76.811996459961,162022,162030,509.765625,0.27809400033950804
6,162027,630784,50.797000885009766,zoom_0_240,,60.0,76.811996459961,162022,162030,509.765625,0.3492710003852844
7,162028,613376,49.74399948120117,zoom_0_240,,60.0,76.811996459961,162022,162030,509.765625,0.4000680003166199
8,162029,573440,58.525001525878906,zoom_0_240,,60.0,76.811996459961,162022,162030,509.765625,0.44981100034713745
9,162030,557056,43.29800033569336,zoom_0_240,76.811996459961,76.811996459961,76.811996459961,162030,162030,0.0,0.5083360004425049
10,162031,566272,43.40999984741211,zoom_0_240,,76.811996459961,95.100006103516,162030,162040,525.390625,0.5516340003013611
11,162032,547840,50.292999267578125,zoom_0_240,,76.811996459961,95.100006103516,162030,162040,525.390625,0.5950450005531311
12,162033,543744,47.86600112915039,zoom_0_240,,76.811996459961,95.100006103516,162030,162040,525.390625,0.6453380002975464
13,162034,520192,54.060001373291016,zoom_0_240,,76.811996459961,95.100006103516,162030,162040,525.390625,0.6932040004730224
14,162035,547840,51.37200164794922,zoom_0_240,,76.811996459961,95.100006103516,162030,162040,525.390625,0.747264000415802
15,162036,550912,47.742000579833984,zoom_0_240,,76.811996459961,95.100006103516,162030,162040,525.390625,0.7986360001564026
16,162037,525312,50.715999603271484,zoom_0_240,,76.811996459961,95.100006103516,162030,162040,525.390625,0.8463780002593995
17,162038,534528,60.5,zoom_0_240,,76.811996459961,95.100006103516,162030,162040,525.390625,0.897095000743866
18,162039,534528,55.78300094604492,zoom_0_240,,76.811996459961,95.100006103516,162030,162040,525.390625,0.9575950002670288
19,162040,595968,82.54299926757812,zoom_0_240,95.100006103516,95.100006103516,95.100006103516,162040,162040,0.0,1.0133780007362365
20,162041,596992,54.770999908447266,zoom_0_240,,95.100006103516,115.36800384521,162040,162049,560.546875,1.0959210000038146
21,162042,613376,83.97100067138672,zoom_0_240,,95.100006103516,115.36800384521,162040,162049,560.546875,1.1506930003166198
22,162043,1184768,52.4900016784668,zoom_0_240,,95.100006103516,115.36800384521,162040,162049,560.546875,1.2346640005111695
23,162044,1137664,62.13999938964844,zoom_0_240,,95.100006103516,115.36800384521,162040,162049,560.546875,1.2871540002822877
24,162045,648192,69.48799896240234,zoom_0_240,,95.100006103516,115.36800384521,162040,162049,560.546875,1.349295000076294
25,162046,1162240,58.632999420166016,zoom_0_240,,95.100006103516,115.36800384521,162040,162049,560.546875,1.41878200006485
26,162047,1153024,49.15700149536133,zoom_0_240,,95.100006103516,115.36800384521,162040,162049,560.546875,1.477416000366211
27,162048,1147904,54.202999114990234,zoom_0_240,,95.100006103516,115.36800384521,162040,162049,560.546875,1.5265730004310607
28,162049,1050624,67.09700012207031,zoom_0_240,115.36800384521,115.36800384521,115.36800384521,162049,162049,0.0,1.5807750005722045
29,162050,1059840,67.44599914550781,zoom_0_240,,115.36800384521,135.0240020752,162049,162059,547.8515630002221,1.6478720002174378
30,162051,1061888,58.57899856567383,zoom_0_240,,115.36800384521,135.0240020752,162049,162059,547.8515630002221,1.71531800031662
31,162052,616448,51.68000030517578,zoom_0_240,,115.36800384521,135.0240020752,162049,162059,547.8515630002221,1.7738980007171632
32,162053,636928,51.86399841308594,zoom_0_240,,115.36800384521,135.0240020752,162049,162059,547.8515630002221,1.8255790004730224
33,162054,615424,60.459999084472656,zoom_0_240,,115.36800384521,135.0240020752,162049,162059,547.8515630002221,1.877442000389099
34,162055,806912,46.345001220703125,zoom_0_240,,115.36800384521,135.0240020752,162049,162059,547.8515630002221,1.9379030003547668
35,162056,614400,44.395999908447266,zoom_0_240,,115.36800384521,135.0240020752,162049,162059,547.8515630002221,1.9842480006217957
36,162057,615424,47.20800018310547,zoom_0_240,,115.36800384521,135.0240020752,162049,162059,547.8515630002221,2.028644000530243
37,162058,581632,44.779998779296875,zoom_0_240,,115.36800384521,135.0240020752,162049,162059,547.8515630002221,2.075852000236511
38,162059,613376,104.01899719238281,zoom_0_240,135.0240020752,135.0240020752,135.0240020752,162059,162059,0.0,2.1206320004463195
39,162060,599040,95.33499908447266,zoom_0_240,,135.0240020752,154.60800170898,162059,162067,514.6484369997779,2.224651000022888
40,162061,572416,65.3550033569336,zoom_0_240,,135.0240020752,154.60800170898,162059,162067,514.6484369997779,2.3199860005378725
41,162062,591872,47.72100067138672,zoom_0_240,,135.0240020752,154.60800170898,162059,162067,514.6484369997779,2.385341000556946
42,162063,592896,46.409000396728516,zoom_0_240,,135.0240020752,154.60800170898,162059,162067,514.6484369997779,2.433063000202179
43,162064,595968,70.99600219726562,zoom_0_240,,135.0240020752,154.60800170898,162059,162067,514.6484369997779,2.4794720001220703
44,162065,596992,69.11499786376953,zoom_0_240,,135.0240020752,154.60800170898,162059,162067,514.6484369997779,2.5504680004119873
45,162066,380928,37.21099853515625,zoom_0_240,,135.0240020752,154.60800170898,162059,162067,514.6484369997779,2.6195830001831055
46,162067,390144,36.77299880981445,zoom_0_240,154.60800170898,154.60800170898,154.60800170898,162067,162067,0.0,2.656794000148773
47,162068,390144,45.51100158691406,zoom_0_240,,154.60800170898,171.38400268555,162067,162076,513.671875,2.69356800031662
48,162069,401408,47.00299835205078,zoom_0_240,,154.60800170898,171.38400268555,162067,162076,513.671875,2.7390780005455015
49,162070,262144,63.319000244140625,zoom_0_240,,154.60800170898,171.38400268555,162067,162076,513.671875,2.786082000255585
50,162071,673792,52.8489990234375,zoom_0_240,,154.60800170898,171.38400268555,162067,162076,513.671875,2.849401000022888
51,162072,431104,44.12099838256836,zoom_0_240,,154.60800170898,171.38400268555,162067,162076,513.671875,2.9022500004768372
52,162073,306176,54.76599884033203,zoom_0_240,,154.60800170898,171.38400268555,162067,162076,513.671875,2.946371000289917
53,162074,681984,62.24100112915039,zoom_0_240,,154.60800170898,171.38400268555,162067,162076,513.671875,3.0011370000839235
54,162075,673792,104.21399688720703,zoom_0_240,,154.60800170898,171.38400268555,162067,162076,513.671875,3.0633780002593993
55,162076,727040,70.99800109863281,zoom_0_240,171.38400268555,171.38400268555,171.38400268555,162076,162076,0.0,3.1675920004844667
56,162077,709632,52.89799880981445,zoom_0_240,,171.38400268555,190.71600341797,162076,162086,503.90625,3.2385890002250672
57,162078,641024,48.60100173950195,zoom_0_240,,171.38400268555,190.71600341797,162076,162086,503.90625,3.291488000392914
58,162079,250880,53.81700134277344,zoom_0_240,,171.38400268555,190.71600341797,162076,162086,503.90625,3.3400880002975466
59,162080,614400,45.43600082397461,zoom_0_240,,171.38400268555,190.71600341797,162076,162086,503.90625,3.3939050006866456
60,162081,632832,47.22200012207031,zoom_0_240,,171.38400268555,190.71600341797,162076,162086,503.90625,3.439341000556946
61,162082,617472,42.48500061035156,zoom_0_240,,171.38400268555,190.71600341797,162076,162086,503.90625,3.4865620002746582
62,162083,235520,40.98899841308594,zoom_0_240,,171.38400268555,190.71600341797,162076,162086,503.90625,3.5290470004081724
63,162084,388096,44.18299865722656,zoom_0_240,,171.38400268555,190.71600341797,162076,162086,503.90625,3.5700370006561277
64,162085,337920,58.89799880981445,zoom_0_240,,171.38400268555,190.71600341797,162076,162086,503.90625,3.614220000743866
65,162086,429056,42.016998291015625,zoom_0_240,190.71600341797,190.71600341797,190.71600341797,162086,162086,0.0,3.6731180005073547
66,162087,330752,39.979000091552734,zoom_0_240,,190.71600341797,209.2200012207,162086,162098,504.8828119997779,3.7151360001564027
67,162088,385024,38.637001037597656,zoom_0_240,,190.71600341797,209.2200012207,162086,162098,504.8828119997779,3.7551150002479554
68,162089,325632,43.94599914550781,zoom_0_240,,190.71600341797,209.2200012207,162086,162098,504.8828119997779,3.793750999927521
69,162090,389120,54.79999923706055,zoom_0_240,,190.71600341797,209.2200012207,162086,162098,504.8828119997779,3.8376980004310606
70,162091,335872,45.20500183105469,zoom_0_240,,190.71600341797,209.2200012207,162086,162098,504.8828119997779,3.8924980001449585
71,162092,387072,42.9739990234375,zoom_0_240,,190.71600341797,209.2200012207,162086,162098,504.8828119997779,3.937703000545502
72,162093,274432,38.42900085449219,zoom_0_240,,190.71600341797,209.2200012207,162086,162098,504.8828119997779,3.9806770005226135
73,162094,412672,36.367000579833984,zoom_0_240,,190.71600341797,209.2200012207,162086,162098,504.8828119997779,4.019107000350952
74,162095,300032,41.145999908447266,zoom_0_240,,190.71600341797,209.2200012207,162086,162098,504.8828119997779,4.055474000453949
75,162096,406528,37.05400085449219,zoom_0_240,,190.71600341797,209.2200012207,162086,162098,504.8828119997779,4.096620000362396
76,162097,290816,41.70199966430664,zoom_0_240,,190.71600341797,209.2200012207,162086,162098,504.8828119997779,4.133674000740052
77,162098,421888,42.97600173950195,zoom_0_240,209.2200012207,209.2200012207,209.2200012207,162098,162098,0.0,4.175376000404358
78,162099,254976,44.93000030517578,zoom_0_240,,209.2200012207,227.47200012207,162098,162110,509.7656260004442,4.218352000236512
79,162100,376832,34.762001037597656,zoom_0_240,,209.2200012207,227.47200012207,162098,162110,509.7656260004442,4.263283000469208
80,162101,267264,41.215999603271484,zoom_0_240,,209.2200012207,227.47200012207,162098,162110,509.7656260004442,4.298045000076294
81,162102,378880,38.75,zoom_0_240,,209.2200012207,227.47200012207,162098,162110,509.7656260004442,4.3392610001564025
82,162103,258048,41.57099914550781,zoom_0_240,,209.2200012207,227.47200012207,162098,162110,509.7656260004442,4.3780100002288815
83,162104,399360,38.94900131225586,zoom_0_240,,209.2200012207,227.47200012207,162098,162110,509.7656260004442,4.419582000255585
84,162105,275456,54.82400131225586,zoom_0_240,,209.2200012207,227.47200012207,162098,162110,509.7656260004442,4.458530000209809
85,162106,387072,47.01499938964844,zoom_0_240,,209.2200012207,227.47200012207,162098,162110,509.7656260004442,4.513355000019073
86,162107,282624,42.28200149536133,zoom_0_240,,209.2200012207,227.47200012207,162098,162110,509.7656260004442,4.560370000362396
87,162108,413696,37.027000427246094,zoom_0_240,,209.2200012207,227.47200012207,162098,162110,509.7656260004442,4.602653000354767
88,162109,275456,49.472999572753906,zoom_0_240,,209.2200012207,227.47200012207,162098,162110,509.7656260004442,4.639680000305176
89,162110,398336,42.470001220703125,zoom_0_240,227.47200012207,227.47200012207,227.47200012207,162110,162110,0.0,4.689154000282287
90,162111,261120,41.676998138427734,zoom_0_240,,227.47200012207,239.67599487305,162110,162118,336.9140619997779,4.731624000549316
91,162112,406528,38.832000732421875,zoom_0_240,,227.47200012207,239.67599487305,162110,162118,336.9140619997779,4.773302000045776
92,162113,258048,39.808998107910156,zoom_0_240,,227.47200012207,239.67599487305,162110,162118,336.9140619997779,4.812134000301361
93,162114,421888,39.42300033569336,zoom_0_240,,227.47200012207,239.67599487305,162110,162118,336.9140619997779,4.85194300031662
94,162115,269312,40.05500030517578,zoom_0_240,,227.47200012207,239.67599487305,162110,162118,336.9140619997779,4.8913670001029965
95,162116,403456,49.875999450683594,zoom_0_240,,227.47200012207,239.67599487305,162110,162118,336.9140619997779,4.931422000408173
96,162117,254976,42.915000915527344,zoom_0_240,,227.47200012207,239.67599487305,162110,162118,336.9140619997779,4.981297000408173
97,162118,400384,39.17900085449219,zoom_1_35,239.67599487305,239.67599487305,239.67599487305,162118,162118,0.0,5.0242130002975465
98,162119,252928,43.395999908447266,zoom_1_35,,239.67599487305,219.65867614746,162118,162131,524.4140619997779,5.063392000675202
99,162120,441344,35.61000061035156,zoom_1_35,,239.67599487305,219.65867614746,162118,162131,524.4140619997779,5.106788000106811
100,162121,231424,40.1870002746582,zoom_1_35,,239.67599487305,219.65867614746,162118,162131,524.4140619997779,5.142399000167846
101,162122,388096,35.564998626708984,zoom_1_35,,239.67599487305,219.65867614746,162118,162131,524.4140619997779,5.182587000370026
102,162123,230400,39.207000732421875,zoom_1_35,,239.67599487305,219.65867614746,162118,162131,524.4140619997779,5.218152000427246
103,162124,389120,50.5629997253418,zoom_1_35,,239.67599487305,219.65867614746,162118,162131,524.4140619997779,5.257360000133515
104,162125,229376,43.16999816894531,zoom_1_35,,239.67599487305,219.65867614746,162118,162131,524.4140619997779,5.307923000335693
105,162126,386048,36.025001525878906,zoom_1_35,,239.67599487305,219.65867614746,162118,162131,524.4140619997779,5.351094000339508
106,162127,231424,38.73099899291992,zoom_1_35,,239.67599487305,219.65867614746,162118,162131,524.4140619997779,5.387120000362396
107,162128,384000,36.80400085449219,zoom_1_35,,239.67599487305,219.65867614746,162118,162131,524.4140619997779,5.425851000308991
108,162129,222208,36.97600173950195,zoom_1_35,,239.67599487305,219.65867614746,162118,162131,524.4140619997779,5.462655000686645
109,162130,374784,43.7400016784668,zoom_1_35,,239.67599487305,219.65867614746,162118,162131,524.4140619997779,5.499631000518799
110,162131,221184,57.90800094604492,zoom_1_35,219.65867614746,219.65867614746,219.65867614746,162131,162131,0.0,5.543372000217437
111,162132,370688,41.86399841308594,zoom_1_35,,219.65867614746,197.55368041992,162131,162144,537.1093760004442,5.601280000209808
112,162133,366592,37.922000885009766,zoom_1_35,,219.65867614746,197.55368041992,162131,162144,537.1093760004442,5.643144000530243
113,162134,217088,41.93899917602539,zoom_1_35,,219.65867614746,197.55368041992,162131,162144,537.1093760004442,5.681066000461579
114,162135,364544,44.361000061035156,zoom_1_35,,219.65867614746,197.55368041992,162131,162144,537.1093760004442,5.723006000518799
115,162136,215040,41.91899871826172,zoom_1_35,,219.65867614746,197.55368041992,162131,162144,537.1093760004442,5.7673660001754765
116,162137,368640,38.446998596191406,zoom_1_35,,219.65867614746,197.55368041992,162131,162144,537.1093760004442,5.809285000324249
117,162138,219136,39.09299850463867,zoom_1_35,,219.65867614746,197.55368041992,162131,162144,537.1093760004442,5.847733000278473
118,162139,358400,42.30699920654297,zoom_1_35,,219.65867614746,197.55368041992,162131,162144,537.1093760004442,5.886826000213623
119,162140,211968,43.49399948120117,zoom_1_35,,219.65867614746,197.55368041992,162131,162144,537.1093760004442,5.929133000373841
120,162141,355328,38.74800109863281,zoom_1_35,,219.65867614746,197.55368041992,162131,162144,537.1093760004442,5.972627000331879
121,162142,209920,36.909000396728516,zoom_1_35,,219.65867614746,197.55368041992,162131,162144,537.1093760004442,6.011375000476837
122,162143,351232,34.90599822998047,zoom_1_35,,219.65867614746,197.55368041992,162131,162144,537.1093760004442,6.048285000324249
123,162144,207872,75.98600006103516,zoom_1_35,197.55368041992,197.55368041992,197.55368041992,162144,162144,0.0,6.083190000534057
124,162145,349184,42.632999420166016,zoom_1_35,,197.55368041992,175.85801696777,162144,162156,534.1796869997779,6.159177000522614
125,162146,348160,34.56800079345703,zoom_1_35,,197.55368041992,175.85801696777,162144,162156,534.1796869997779,6.201809000492096
126,162147,206848,37.737998962402344,zoom_1_35,,197.55368041992,175.85801696777,162144,162156,534.1796869997779,6.236377000331879
127,162148,347136,35.316001892089844,zoom_1_35,,197.55368041992,175.85801696777,162144,162156,534.1796869997779,6.274115000724793
128,162149,249856,52.915000915527344,zoom_1_35,,197.55368041992,175.85801696777,162144,162156,534.1796869997779,6.3094310002326965
129,162150,387072,37.70199966430664,zoom_1_35,,197.55368041992,175.85801696777,162144,162156,534.1796869997779,6.36234600019455
130,162151,276480,37.95500183105469,zoom_1_35,,197.55368041992,175.85801696777,162144,162156,534.1796869997779,6.400048000335693
131,162152,408576,36.98500061035156,zoom_1_35,,197.55368041992,175.85801696777,162144,162156,534.1796869997779,6.43800400018692
132,162153,296960,35.92599868774414,zoom_1_35,,197.55368041992,175.85801696777,162144,162156,534.1796869997779,6.474989000320434
133,162154,372736,59.729000091552734,zoom_1_35,,197.55368041992,175.85801696777,162144,162156,534.1796869997779,6.510914999961853
134,162155,288768,43.810001373291016,zoom_1_35,,197.55368041992,175.85801696777,162144,162156,534.1796869997779,6.5706450004577635
135,162156,366592,50.87099838256836,zoom_1_35,175.85801696777,175.85801696777,175.85801696777,162156,162156,0.0,6.614455000400543
136,162157,269312,39.55099868774414,zoom_1_35,,175.85801696777,154.24423217773,162156,162169,530.2734369997779,6.665326000213623
137,162158,363520,34.31100082397461,zoom_1_35,,175.85801696777,154.24423217773,162156,162169,530.2734369997779,6.7048780002593995
138,162159,287744,34.255001068115234,zoom_1_35,,175.85801696777,154.24423217773,162156,162169,530.2734369997779,6.739189000606537
139,162160,375808,36.4900016784668,zoom_1_35,,175.85801696777,154.24423217773,162156,162169,530.2734369997779,6.77344400024414
140,162161,243712,38.51300048828125,zoom_1_35,,175.85801696777,154.24423217773,162156,162169,530.2734369997779,6.809935000419617
141,162162,347136,54.327999114990234,zoom_1_35,,175.85801696777,154.24423217773,162156,162169,530.2734369997779,6.848448000431061
142,162163,202752,42.30799865722656,zoom_1_35,,175.85801696777,154.24423217773,162156,162169,530.2734369997779,6.902776000499725
143,162164,338944,39.034000396728516,zoom_1_35,,175.85801696777,154.24423217773,162156,162169,530.2734369997779,6.945084000110627
144,162165,245760,38.20399856567383,zoom_1_35,,175.85801696777,154.24423217773,162156,162169,530.2734369997779,6.984118000507355
145,162166,515072,34.667999267578125,zoom_1_35,,175.85801696777,154.24423217773,162156,162169,530.2734369997779,7.022322000026703
146,162167,244736,43.402000427246094,zoom_1_35,,175.85801696777,154.24423217773,162156,162169,530.2734369997779,7.056989000320435
147,162168,358400,50.41899871826172,zoom_1_35,,175.85801696777,154.24423217773,162156,162169,530.2734369997779,7.100391000270844
148,162169,525312,46.237998962402344,zoom_1_35,154.24423217773,154.24423217773,154.24423217773,162169,162169,0.0,7.150810000419617
149,162170,520192,40.09299850463867,zoom_1_35,,154.24423217773,132.75325012207,162169,162180,543.9453130002221,7.197048000335693
150,162171,534528,74.60900115966797,zoom_1_35,,154.24423217773,132.75325012207,162169,162180,543.9453130002221,7.237141000270843
151,162172,567296,47.75400161743164,zoom_1_35,,154.24423217773,132.75325012207,162169,162180,543.9453130002221,7.311750000476837
152,162173,571392,41.10300064086914,zoom_1_35,,154.24423217773,132.75325012207,162169,162180,543.9453130002221,7.359504000663757
153,162174,637952,59.215999603271484,zoom_1_35,,154.24423217773,132.75325012207,162169,162180,543.9453130002221,7.400607000350952
154,162175,619520,46.57699966430664,zoom_1_35,,154.24423217773,132.75325012207,162169,162180,543.9453130002221,7.459823000431061
155,162176,779264,42.32400131225586,zoom_1_35,,154.24423217773,132.75325012207,162169,162180,543.9453130002221,7.506400000572205
156,162177,782336,40.1870002746582,zoom_1_35,,154.24423217773,132.75325012207,162169,162180,543.9453130002221,7.548724000453949
157,162178,560128,39.93899917602539,zoom_1_35,,154.24423217773,132.75325012207,162169,162180,543.9453130002221,7.58891100025177
158,162179,604160,42.52399826049805,zoom_1_35,,154.24423217773,132.75325012207,162169,162180,543.9453130002221,7.62885000038147
159,162180,565248,106.5250015258789,zoom_1_35,132.75325012207,132.75325012207,132.75325012207,162180,162180,0.0,7.6713750004768375
160,162181,527360,69.47799682617188,zoom_1_35,,132.75325012207,111.18040466309,162180,162190,523.4375,7.777900000095367
161,162182,649216,43.435001373291016,zoom_1_35,,132.75325012207,111.18040466309,162180,162190,523.4375,7.8473780002594
162,162183,549888,38.483001708984375,zoom_1_35,,132.75325012207,111.18040466309,162180,162190,523.4375,7.890814000606537
163,162184,566272,49.073001861572266,zoom_1_35,,132.75325012207,111.18040466309,162180,162190,523.4375,7.929297000408172
164,162185,538624,53.5369987487793,zoom_1_35,,132.75325012207,111.18040466309,162180,162190,523.4375,7.978371000766754
165,162186,533504,44.823001861572266,zoom_1_35,,132.75325012207,111.18040466309,162180,162190,523.4375,8.031907000541686
166,162187,569344,37.64099884033203,zoom_1_35,,132.75325012207,111.18040466309,162180,162190,523.4375,8.07673100042343
167,162188,542720,37.624000549316406,zoom_1_35,,132.75325012207,111.18040466309,162180,162190,523.4375,8.114372000217438
168,162189,538624,45.87699890136719,zoom_1_35,,132.75325012207,111.18040466309,162180,162190,523.4375,8.151995000362396
169,162190,516096,76.4520034790039,zoom_1_35,111.18040466309,111.18040466309,111.18040466309,162190,162190,0.0,8.19787300014496
170,162191,503808,47.77399826049805,zoom_1_35,,111.18040466309,88.543243408203,162190,162200,528.3203130002221,8.274325000286103
171,162192,510976,38.233001708984375,zoom_1_35,,111.18040466309,88.543243408203,162190,162200,528.3203130002221,8.32209900045395
172,162193,515072,33.72600173950195,zoom_1_35,,111.18040466309,88.543243408203,162190,162200,528.3203130002221,8.360332000255585
173,162194,498688,42.59199905395508,zoom_1_35,,111.18040466309,88.543243408203,162190,162200,528.3203130002221,8.394059000492096
174,162195,486400,73.65399932861328,zoom_1_35,,111.18040466309,88.543243408203,162190,162200,528.3203130002221,8.436651000499726
175,162196,871424,117.30000305175781,zoom_1_35,,111.18040466309,88.543243408203,162190,162200,528.3203130002221,8.510305000305175
176,162197,825344,45.112998962402344,zoom_1_35,,111.18040466309,88.543243408203,162190,162200,528.3203130002221,8.627605000019074
177,162198,503808,35.209999084472656,zoom_1_35,,111.18040466309,88.543243408203,162190,162200,528.3203130002221,8.672718000411987
178,162199,494592,38.70600128173828,zoom_1_35,,111.18040466309,88.543243408203,162190,162200,528.3203130002221,8.707927999973297
179,162200,765952,36.05799865722656,zoom_1_35,88.543243408203,88.543243408203,88.543243408203,162200,162200,0.0,8.746634000301361
180,162201,772096,36.75600051879883,zoom_1_35,,88.543243408203,67.256935119629,162200,162214,528.3203119997779,8.78269300031662
181,162202,499712,42.263999938964844,zoom_1_35,,88.543243408203,67.256935119629,162200,162214,528.3203119997779,8.819449000358581
182,162203,828416,40.98699951171875,zoom_1_35,,88.543243408203,67.256935119629,162200,162214,528.3203119997779,8.861713000297547
183,162204,863232,41.185001373291016,zoom_1_35,,88.543243408203,67.256935119629,162200,162214,528.3203119997779,8.902700000286103
184,162205,861184,39.46200180053711,zoom_1_35,,88.543243408203,67.256935119629,162200,162214,528.3203119997779,8.943885000228882
185,162206,523264,35.32899856567383,zoom_1_35,,88.543243408203,67.256935119629,162200,162214,528.3203119997779,8.98334700012207
186,162207,514048,37.005001068115234,zoom_1_35,,88.543243408203,67.256935119629,162200,162214,528.3203119997779,9.018676000595093
187,162208,828416,26.367000579833984,zoom_1_35,,88.543243408203,67.256935119629,162200,162214,528.3203119997779,9.055682000637054
188,162209,516096,32.14099884033203,zoom_1_35,,88.543243408203,67.256935119629,162200,162214,528.3203119997779,9.082049000263215
189,162210,506880,35.49300003051758,zoom_1_35,,88.543243408203,67.256935119629,162200,162214,528.3203119997779,9.114190000534057
190,162211,507904,40.22100067138672,zoom_1_35,,88.543243408203,67.256935119629,162200,162214,528.3203119997779,9.149684000492096
191,162212,505856,36.840999603271484,zoom_1_35,,88.543243408203,67.256935119629,162200,162214,528.3203119997779,9.189905000686645
192,162213,471040,35.70000076293945,zoom_1_35,,88.543243408203,67.256935119629,162200,162214,528.3203119997779,9.226746000766754
193,162214,463872,58.784000396728516,zoom_1_35,67.256935119629,67.256935119629,67.256935119629,162214,162214,0.0,9.262447000026702
194,162215,433152,43.72100067138672,zoom_1_35,,67.256935119629,45.07006072998,162214,162226,535.15625,9.321231000423431
195,162216,498688,34.483001708984375,zoom_1_35,,67.256935119629,45.07006072998,162214,162226,535.15625,9.364952000617981
196,162217,488448,30.945999145507812,zoom_1_35,,67.256935119629,45.07006072998,162214,162226,535.15625,9.399435000419617
197,162218,492544,63.106998443603516,zoom_1_35,,67.256935119629,45.07006072998,162214,162226,535.15625,9.430381000041962
198,162219,1172480,40.33700180053711,zoom_1_35,,67.256935119629,45.07006072998,162214,162226,535.15625,9.493486999988557
199,162220,704512,49.29100036621094,zoom_1_35,,67.256935119629,45.07006072998,162214,162226,535.15625,9.533824000358582
200,162221,565248,43.79399871826172,zoom_1_35,,67.256935119629,45.07006072998,162214,162226,535.15625,9.583116000175476
201,162222,564224,50.959999084472656,zoom_1_35,,67.256935119629,45.07006072998,162214,162226,535.15625,9.62691000032425
202,162223,535552,50.42900085449219,zoom_1_35,,67.256935119629,45.07006072998,162214,162226,535.15625,9.677870000362397
203,162224,512000,40.832000732421875,zoom_1_35,,67.256935119629,45.07006072998,162214,162226,535.15625,9.728299000263213
204,162225,495616,42.37699890136719,zoom_1_35,,67.256935119629,45.07006072998,162214,162226,535.15625,9.769131000518799
205,162226,500736,29.152000427246094,zoom_1_35,45.07006072998,45.07006072998,45.07006072998,162226,162226,0.0,9.81150800037384
206,162227,502784,31.93400001525879,zoom_1_35,,45.07006072998,35.40934753418,162226,162233,244.140625,9.840660000324249
207,162228,479232,35.02299880981445,zoom_1_35,,45.07006072998,35.40934753418,162226,162233,244.140625,9.872594000339507
208,162229,467968,39.433998107910156,zoom_1_35,,45.07006072998,35.40934753418,162226,162233,244.140625,9.907617000579833
209,162230,430080,32.38999938964844,zoom_1_35,,45.07006072998,35.40934753418,162226,162233,244.140625,9.947052000522614
210,162231,430080,30.48699951171875,zoom_1_35,,45.07006072998,35.40934753418,162226,162233,244.140625,9.9794420003891
211,162232,425984,30.97800064086914,zoom_1_35,,45.07006072998,35.40934753418,162226,162233,244.140625,10.009929000377655
212,162233,487424,48.54600143432617,zoom_2_600,35.40934753418,35.40934753418,35.40934753418,162233,162233,0.0,10.040907000541687
213,162234,486400,50.88399887084961,zoom_2_600,,35.40934753418,86.674194335938,162233,162242,542.96875,10.089454000473022
214,162235,887808,40.9379997253418,zoom_2_600,,35.40934753418,86.674194335938,162233,162242,542.96875,10.140338000774383
215,162236,532480,51.79100036621094,zoom_2_600,,35.40934753418,86.674194335938,162233,162242,542.96875,10.181276000499725
216,162237,605184,45.12200164794922,zoom_2_600,,35.40934753418,86.674194335938,162233,162242,542.96875,10.233067000389099
217,162238,650240,81.59500122070312,zoom_2_600,,35.40934753418,86.674194335938,162233,162242,542.96875,10.278189000606536
218,162239,1223680,60.00600051879883,zoom_2_600,,35.40934753418,86.674194335938,162233,162242,542.96875,10.35978500032425
219,162240,785408,59.17300033569336,zoom_2_600,,35.40934753418,86.674194335938,162233,162242,542.96875,10.41979100036621
220,162241,567296,112.93399810791016,zoom_2_600,,35.40934753418,86.674194335938,162233,162242,542.96875,10.478964000225067
221,162242,566272,103.64399719238281,zoom_2_600,86.674194335938,86.674194335938,86.674194335938,162242,162242,0.0,10.591897000312805
222,162243,590848,95.87200164794922,zoom_2_600,,86.674194335938,150.36001586914,162242,162248,567.3828130002221,10.69554100036621
223,162244,1124352,80.36499786376953,zoom_2_600,,86.674194335938,150.36001586914,162242,162248,567.3828130002221,10.79141200017929
224,162245,1138688,102.41300201416016,zoom_2_600,,86.674194335938,150.36001586914,162242,162248,567.3828130002221,10.871777000427246
225,162246,843776,82.66300201416016,zoom_2_600,,86.674194335938,150.36001586914,162242,162248,567.3828130002221,10.97419000005722
226,162247,849920,101.51000213623047,zoom_2_600,,86.674194335938,150.36001586914,162242,162248,567.3828130002221,11.056853000164033
227,162248,748544,69.76300048828125,zoom_2_600,150.36001586914,150.36001586914,150.36001586914,162248,162248,0.0,11.158363000392914
228,162249,756736,67.18800354003906,zoom_2_600,,150.36001586914,214.27166748047,162248,162255,557.6171869997779,11.228126000404357
229,162250,495616,63.60499954223633,zoom_2_600,,150.36001586914,214.27166748047,162248,162255,557.6171869997779,11.295315000534057
230,162251,548864,87.16899871826172,zoom_2_600,,150.36001586914,214.27166748047,162248,162255,557.6171869997779,11.35891900062561
231,162252,894976,102.2239990234375,zoom_2_600,,150.36001586914,214.27166748047,162248,162255,557.6171869997779,11.446088000297546
232,162253,941056,64.15699768066406,zoom_2_600,,150.36001586914,214.27166748047,162248,162255,557.6171869997779,11.548312000274658
233,162254,501760,103.87000274658203,zoom_2_600,,150.36001586914,214.27166748047,162248,162255,557.6171869997779,11.612469000339509
234,162255,959488,92.95600128173828,zoom_2_600,214.27166748047,214.27166748047,214.27166748047,162255,162255,0.0,11.716340000629424
235,162256,871424,66.01300048828125,zoom_2_600,,214.27166748047,273.89245605469,162255,162261,509.765625,11.809295000076293
236,162257,808960,118.47000122070312,zoom_2_600,,214.27166748047,273.89245605469,162255,162261,509.765625,11.875308000087738
237,162258,431104,79.83200073242188,zoom_2_600,,214.27166748047,273.89245605469,162255,162261,509.765625,11.993778000354768
238,162259,832512,67.927001953125,zoom_2_600,,214.27166748047,273.89245605469,162255,162261,509.765625,12.073611000061035
239,162260,901120,82.73600006103516,zoom_2_600,,214.27166748047,273.89245605469,162255,162261,509.765625,12.14153800058365
240,162261,815104,77.51499938964844,zoom_2_600,273.89245605469,273.89245605469,273.89245605469,162261,162261,0.0,12.224275000572204
241,162262,547840,51.84000015258789,zoom_2_600,,273.89245605469,337.91702270508,162261,162270,541.9921880002221,12.301789999961853
242,162263,491520,81.90299987792969,zoom_2_600,,273.89245605469,337.91702270508,162261,162270,541.9921880002221,12.353630000591279
243,162264,474112,85.10700225830078,zoom_2_600,,273.89245605469,337.91702270508,162261,162270,541.9921880002221,12.435533000469208
244,162265,429056,50.55500030517578,zoom_2_600,,273.89245605469,337.91702270508,162261,162270,541.9921880002221,12.520641000270844
245,162266,431104,38.87099838256836,zoom_2_600,,273.89245605469,337.91702270508,162261,162270,541.9921880002221,12.5711950006485
246,162267,437248,47.040000915527344,zoom_2_600,,273.89245605469,337.91702270508,162261,162270,541.9921880002221,12.610066000461579
247,162268,580608,65.06500244140625,zoom_2_600,,273.89245605469,337.91702270508,162261,162270,541.9921880002221,12.65710600042343
248,162269,565248,51.8489990234375,zoom_2_600,,273.89245605469,337.91702270508,162261,162270,541.9921880002221,12.722172000408172
249,162270,519168,44.10499954223633,zoom_2_600,337.91702270508,337.91702270508,337.91702270508,162270,162270,0.0,12.774021000385284
250,162271,523264,43.00199890136719,zoom_2_600,,337.91702270508,395.16650390625,162270,162278,501.9531239995558,12.818127000331879
251,162272,481280,90.65299987792969,zoom_2_600,,337.91702270508,395.16650390625,162270,162278,501.9531239995558,12.861129000663757
252,162273,480256,60.082000732421875,zoom_2_600,,337.91702270508,395.16650390625,162270,162278,501.9531239995558,12.951782000541687
253,162274,703488,93.36299896240234,zoom_2_600,,337.91702270508,395.16650390625,162270,162278,501.9531239995558,13.011864000320434
254,162275,591872,79.34400177001953,zoom_2_600,,337.91702270508,395.16650390625,162270,162278,501.9531239995558,13.10522700023651
255,162276,544768,43.77199935913086,zoom_2_600,,337.91702270508,395.16650390625,162270,162278,501.9531239995558,13.18457100057602
256,162277,588800,46.49399948120117,zoom_2_600,,337.91702270508,395.16650390625,162270,162278,501.9531239995558,13.228343000411988
257,162278,611328,44.65700149536133,zoom_2_600,395.16650390625,395.16650390625,395.16650390625,162278,162278,0.0,13.274837000370026
258,162279,542720,57.78099822998047,zoom_2_600,,395.16650390625,454.22271728516,162278,162289,520.5078130002221,13.319494000434876
259,162280,691200,43.465999603271484,zoom_2_600,,395.16650390625,454.22271728516,162278,162289,520.5078130002221,13.377276000499725
260,162281,747520,40.56399917602539,zoom_2_600,,395.16650390625,454.22271728516,162278,162289,520.5078130002221,13.420742000102997
261,162282,663552,40.85900115966797,zoom_2_600,,395.16650390625,454.22271728516,162278,162289,520.5078130002221,13.461305000782012
262,162283,691200,39.46099853515625,zoom_2_600,,395.16650390625,454.22271728516,162278,162289,520.5078130002221,13.50216400051117
263,162284,672768,40.560001373291016,zoom_2_600,,395.16650390625,454.22271728516,162278,162289,520.5078130002221,13.541625000476838
264,162285,594944,68.9280014038086,zoom_2_600,,395.16650390625,454.22271728516,162278,162289,520.5078130002221,13.582185000419617
265,162286,596992,62.124000549316406,zoom_2_600,,395.16650390625,454.22271728516,162278,162289,520.5078130002221,13.651114000320435
266,162287,602112,41.334999084472656,zoom_2_600,,395.16650390625,454.22271728516,162278,162289,520.5078130002221,13.713237000465393
267,162288,595968,39.840999603271484,zoom_2_600,,395.16650390625,454.22271728516,162278,162289,520.5078130002221,13.75457300043106
268,162289,695296,46.560001373291016,zoom_2_600,454.22271728516,454.22271728516,454.22271728516,162289,162289,0.0,13.79441400051117
269,162290,661504,40.97200012207031,zoom_2_600,,454.22271728516,510.56884765625,162289,162298,519.53125,13.840974000453949
270,162291,655360,59.43199920654297,zoom_2_600,,454.22271728516,510.56884765625,162289,162298,519.53125,13.881947000026702
271,162292,663552,47.20100021362305,zoom_2_600,,454.22271728516,510.56884765625,162289,162298,519.53125,13.94137900018692
272,162293,686080,72.71099853515625,zoom_2_600,,454.22271728516,510.56884765625,162289,162298,519.53125,13.988580000400543
273,162294,1284096,46.435001373291016,zoom_2_600,,454.22271728516,510.56884765625,162289,162298,519.53125,14.06129100036621
274,162295,785408,41.38100051879883,zoom_2_600,,454.22271728516,510.56884765625,162289,162298,519.53125,14.10772600030899
275,162296,832512,88.87899780273438,zoom_2_600,,454.22271728516,510.56884765625,162289,162298,519.53125,14.149108000278472
276,162297,394240,75.66600036621094,zoom_2_600,,454.22271728516,510.56884765625,162289,162298,519.53125,14.237986999988555
277,162298,421888,43.40399932861328,zoom_2_600,510.56884765625,510.56884765625,510.56884765625,162298,162298,0.0,14.313652000427247
278,162299,407552,40.21500015258789,zoom_2_600,,510.56884765625,571.09295654297,162298,162310,512.6953130002221,14.357056000232696
279,162300,491520,48.42599868774414,zoom_2_600,,510.56884765625,571.09295654297,162298,162310,512.6953130002221,14.397272000312805
280,162301,943104,43.17300033569336,zoom_2_600,,510.56884765625,571.09295654297,162298,162310,512.6953130002221,14.445699000358582
281,162302,578560,41.79499816894531,zoom_2_600,,510.56884765625,571.09295654297,162298,162310,512.6953130002221,14.488871000289917
282,162303,479232,37.11000061035156,zoom_2_600,,510.56884765625,571.09295654297,162298,162310,512.6953130002221,14.53066600036621
283,162304,448512,52.090999603271484,zoom_2_600,,510.56884765625,571.09295654297,162298,162310,512.6953130002221,14.567776000499725
284,162305,843776,45.37699890136719,zoom_2_600,,510.56884765625,571.09295654297,162298,162310,512.6953130002221,14.619868000030518
285,162306,905216,43.965999603271484,zoom_2_600,,510.56884765625,571.09295654297,162298,162310,512.6953130002221,14.665245000362397
286,162307,655360,40.2400016784668,zoom_2_600,,510.56884765625,571.09295654297,162298,162310,512.6953130002221,14.709211000442505
287,162308,490496,39.45199966430664,zoom_2_600,,510.56884765625,571.09295654297,162298,162310,512.6953130002221,14.749451000213623
288,162309,462848,40.30699920654297,zoom_2_600,,510.56884765625,571.09295654297,162298,162310,512.6953130002221,14.788904000282288
289,162310,406528,37.40700149536133,zoom_2_600,571.09295654297,571.09295654297,571.09295654297,162310,162310,0.0,14.829212000370026
290,162311,407552,33.948001861572266,zoom_2_600,,571.09295654297,596.95123291016,162310,162316,229.4921869997779,14.866619000434875
291,162312,411648,39.75899887084961,zoom_2_600,,571.09295654297,596.95123291016,162310,162316,229.4921869997779,14.90056599998474
292,162313,413696,36.5880012512207,zoom_2_600,,571.09295654297,596.95123291016,162310,162316,229.4921869997779,14.940326000213624
293,162314,415744,42.68899917602539,zoom_2_600,,571.09295654297,596.95123291016,162310,162316,229.4921869997779,14.976914000511169
294,162315,415744,39.75,zoom_2_600,,571.09295654297,596.95123291016,162310,162316,229.4921869997779,15.019603000164032
295,162316,416768,36.72700119018555,zoom_3_35,596.95123291016,596.95123291016,596.95123291016,162316,162316,0.0,15.059353000164032
296,162317,538624,37.132999420166016,zoom_3_35,,596.95123291016,542.44195556641,162316,162329,516.6015630002221,15.096080000400542
297,162318,538624,35.92900085449219,zoom_3_35,,596.95123291016,542.44195556641,162316,162329,516.6015630002221,15.133213000774383
298,162319,415744,40.90999984741211,zoom_3_35,,596.95123291016,542.44195556641,162316,162329,516.6015630002221,15.169142000675201
299,162320,834560,49.90599822998047,zoom_3_35,,596.95123291016,542.44195556641,162316,162329,516.6015630002221,15.210052000522614
300,162321,762880,42.63999938964844,zoom_3_35,,596.95123291016,542.44195556641,162316,162329,516.6015630002221,15.259958000659942
301,162322,803840,38.83599853515625,zoom_3_35,,596.95123291016,542.44195556641,162316,162329,516.6015630002221,15.30259800004959
302,162323,583680,36.55400085449219,zoom_3_35,,596.95123291016,542.44195556641,162316,162329,516.6015630002221,15.341434000492097
303,162324,570368,36.145999908447266,zoom_3_35,,596.95123291016,542.44195556641,162316,162329,516.6015630002221,15.377989000320435
304,162325,404480,38.95800018310547,zoom_3_35,,596.95123291016,542.44195556641,162316,162329,516.6015630002221,15.414135000228882
305,162326,404480,38.707000732421875,zoom_3_35,,596.95123291016,542.44195556641,162316,162329,516.6015630002221,15.453094000339508
306,162327,403456,44.172000885009766,zoom_3_35,,596.95123291016,542.44195556641,162316,162329,516.6015630002221,15.491801000595093
307,162328,400384,38.862998962402344,zoom_3_35,,596.95123291016,542.44195556641,162316,162329,516.6015630002221,15.535973000526429
308,162329,394240,40.624000549316406,zoom_3_35,542.44195556641,542.44195556641,542.44195556641,162329,162329,0.0,15.574836000442504
309,162330,701440,38.84000015258789,zoom_3_35,,542.44195556641,486.58401489258,162329,162341,505.8593739995558,15.615460000038148
310,162331,645120,42.32699966430664,zoom_3_35,,542.44195556641,486.58401489258,162329,162341,505.8593739995558,15.654301000595092
311,162332,900096,43.428001403808594,zoom_3_35,,542.44195556641,486.58401489258,162329,162341,505.8593739995558,15.696627000331878
312,162333,1005568,39.17100143432617,zoom_3_35,,542.44195556641,486.58401489258,162329,162341,505.8593739995558,15.740055000305176
313,162334,532480,47.88999938964844,zoom_3_35,,542.44195556641,486.58401489258,162329,162341,505.8593739995558,15.77922600030899
314,162335,608256,37.8849983215332,zoom_3_35,,542.44195556641,486.58401489258,162329,162341,505.8593739995558,15.827116000175476
315,162336,398336,41.80699920654297,zoom_3_35,,542.44195556641,486.58401489258,162329,162341,505.8593739995558,15.865002000331879
316,162337,401408,38.07400131225586,zoom_3_35,,542.44195556641,486.58401489258,162329,162341,505.8593739995558,15.906809000492096
317,162338,436224,42.64400100708008,zoom_3_35,,542.44195556641,486.58401489258,162329,162341,505.8593739995558,15.94488300037384
318,162339,774144,43.082000732421875,zoom_3_35,,542.44195556641,486.58401489258,162329,162341,505.8593739995558,15.987528000354766
319,162340,699392,50.71900177001953,zoom_3_35,,542.44195556641,486.58401489258,162329,162341,505.8593739995558,16.030610000610352
320,162341,720896,48.145999908447266,zoom_3_35,486.58401489258,486.58401489258,486.58401489258,162341,162341,0.0,16.081329000473023
321,162342,674816,76.8280029296875,zoom_3_35,,486.58401489258,429.15258789062,162341,162350,502.9296880002221,16.12947400045395
322,162343,1262592,45.016998291015625,zoom_3_35,,486.58401489258,429.15258789062,162341,162350,502.9296880002221,16.206302999973296
323,162344,842752,43.917999267578125,zoom_3_35,,486.58401489258,429.15258789062,162341,162350,502.9296880002221,16.25131900024414
324,162345,744448,91.69200134277344,zoom_3_35,,486.58401489258,429.15258789062,162341,162350,502.9296880002221,16.29523700046539
325,162346,675840,80.79199981689453,zoom_3_35,,486.58401489258,429.15258789062,162341,162350,502.9296880002221,16.386930000305174
326,162347,603136,45.31999969482422,zoom_3_35,,486.58401489258,429.15258789062,162341,162350,502.9296880002221,16.46772000026703
327,162348,629760,29.92099952697754,zoom_3_35,,486.58401489258,429.15258789062,162341,162350,502.9296880002221,16.51304000043869
328,162349,696320,38.41899871826172,zoom_3_35,,486.58401489258,429.15258789062,162341,162350,502.9296880002221,16.54296099996567
329,162350,588800,49.426998138427734,zoom_3_35,429.15258789062,429.15258789062,429.15258789062,162350,162350,0.0,16.581380000591277
330,162351,626688,44.57099914550781,zoom_3_35,,429.15258789062,371.60876464844,162350,162361,534.1796880002221,16.63080800008774
331,162352,575488,44.9379997253418,zoom_3_35,,429.15258789062,371.60876464844,162350,162361,534.1796880002221,16.67537900018692
332,162353,560128,40.819000244140625,zoom_3_35,,429.15258789062,371.60876464844,162350,162361,534.1796880002221,16.72031600046158
333,162354,547840,43.42399978637695,zoom_3_35,,429.15258789062,371.60876464844,162350,162361,534.1796880002221,16.761135000228883
334,162355,541696,43.51499938964844,zoom_3_35,,429.15258789062,371.60876464844,162350,162361,534.1796880002221,16.804559000492095
335,162356,532480,68.13700103759766,zoom_3_35,,429.15258789062,371.60876464844,162350,162361,534.1796880002221,16.84807300043106
336,162357,579584,57.104000091552734,zoom_3_35,,429.15258789062,371.60876464844,162350,162361,534.1796880002221,16.916211000442505
337,162358,564224,40.119998931884766,zoom_3_35,,429.15258789062,371.60876464844,162350,162361,534.1796880002221,16.97331500005722
338,162359,496640,41.426998138427734,zoom_3_35,,429.15258789062,371.60876464844,162350,162361,534.1796880002221,17.013436000347138
339,162360,494592,43.194000244140625,zoom_3_35,,429.15258789062,371.60876464844,162350,162361,534.1796880002221,17.054862000465395
340,162361,491520,106.66100311279297,zoom_3_35,371.60876464844,371.60876464844,371.60876464844,162361,162361,0.0,17.098057000160217
341,162362,487424,69.09500122070312,zoom_3_35,,371.60876464844,312.94107055664,162361,162369,514.6484369997779,17.20471700000763
342,162363,474112,71.197998046875,zoom_3_35,,371.60876464844,312.94107055664,162361,162369,514.6484369997779,17.27381300020218
343,162364,465920,51.845001220703125,zoom_3_35,,371.60876464844,312.94107055664,162361,162369,514.6484369997779,17.345011000156404
344,162365,496640,38.9109992980957,zoom_3_35,,371.60876464844,312.94107055664,162361,162369,514.6484369997779,17.39685600042343
345,162366,514048,39.55099868774414,zoom_3_35,,371.60876464844,312.94107055664,162361,162369,514.6484369997779,17.435767000198364
346,162367,570368,84.52799987792969,zoom_3_35,,371.60876464844,312.94107055664,162361,162369,514.6484369997779,17.47531900024414
347,162368,568320,69.62200164794922,zoom_3_35,,371.60876464844,312.94107055664,162361,162369,514.6484369997779,17.559846000671385
348,162369,561152,45.775001525878906,zoom_3_35,312.94107055664,312.94107055664,312.94107055664,162369,162369,0.0,17.629468000411986
349,162370,525312,61.75600051879883,zoom_3_35,,312.94107055664,253.03707885742,162369,162381,514.6484369997779,17.675244000434876
350,162371,619520,46.249000549316406,zoom_3_35,,312.94107055664,253.03707885742,162369,162381,514.6484369997779,17.737000000476836
351,162372,504832,43.96200180053711,zoom_3_35,,312.94107055664,253.03707885742,162369,162381,514.6484369997779,17.78324900007248
352,162373,442368,45.19300079345703,zoom_3_35,,312.94107055664,253.03707885742,162369,162381,514.6484369997779,17.827211000442507
353,162374,352256,40.56800079345703,zoom_3_35,,312.94107055664,253.03707885742,162369,162381,514.6484369997779,17.872404000282287
354,162375,342016,36.84199905395508,zoom_3_35,,312.94107055664,253.03707885742,162369,162381,514.6484369997779,17.912973000526428
355,162376,334848,46.04100036621094,zoom_3_35,,312.94107055664,253.03707885742,162369,162381,514.6484369997779,17.9498140001297
356,162377,329728,38.94900131225586,zoom_3_35,,312.94107055664,253.03707885742,162369,162381,514.6484369997779,17.99585500049591
357,162378,360448,37.40800094604492,zoom_3_35,,312.94107055664,253.03707885742,162369,162381,514.6484369997779,18.034804000377655
358,162379,382976,39.465999603271484,zoom_3_35,,312.94107055664,253.03707885742,162369,162381,514.6484369997779,18.072212000370026
359,162380,357376,36.73500061035156,zoom_3_35,,312.94107055664,253.03707885742,162369,162381,514.6484369997779,18.111678000450134
360,162381,373760,38.77399826049805,zoom_3_35,253.03707885742,253.03707885742,253.03707885742,162381,162381,0.0,18.14841300058365
361,162382,368640,39.77199935913086,zoom_3_35,,253.03707885742,197.74108886719,162381,162390,506.8359380002221,18.187186000347136
362,162383,346112,75.78500366210938,zoom_3_35,,253.03707885742,197.74108886719,162381,162390,506.8359380002221,18.226958000183107
363,162384,326656,68.22000122070312,zoom_3_35,,253.03707885742,197.74108886719,162381,162390,506.8359380002221,18.302743000030517
364,162385,702464,74.12799835205078,zoom_3_35,,253.03707885742,197.74108886719,162381,162390,506.8359380002221,18.370963000297547
365,162386,326656,57.97700119018555,zoom_3_35,,253.03707885742,197.74108886719,162381,162390,506.8359380002221,18.44509200048447
366,162387,337920,48.45100021362305,zoom_3_35,,253.03707885742,197.74108886719,162381,162390,506.8359380002221,18.503069000720977
367,162388,331776,47.303001403808594,zoom_3_35,,253.03707885742,197.74108886719,162381,162390,506.8359380002221,18.551521000385286
368,162389,340992,48.92399978637695,zoom_3_35,,253.03707885742,197.74108886719,162381,162390,506.8359380002221,18.598824000358583
369,162390,314368,64.85600280761719,zoom_3_35,197.74108886719,197.74108886719,197.74108886719,162390,162390,0.0,18.647748000144958
370,162391,285696,57.678001403808594,zoom_3_35,,197.74108886719,144.46810913086,162390,162399,507.8125,18.71260400056839
371,162392,272384,40.47999954223633,zoom_3_35,,197.74108886719,144.46810913086,162390,162399,507.8125,18.770282000541687
372,162393,271360,47.79199981689453,zoom_3_35,,197.74108886719,144.46810913086,162390,162399,507.8125,18.81076200056076
373,162394,281600,54.72700119018555,zoom_3_35,,197.74108886719,144.46810913086,162390,162399,507.8125,18.858555000305177
374,162395,247808,54.47600173950195,zoom_3_35,,197.74108886719,144.46810913086,162390,162399,507.8125,18.91328200006485
375,162396,251904,57.80699920654297,zoom_3_35,,197.74108886719,144.46810913086,162390,162399,507.8125,18.96775800037384
376,162397,432128,42.73099899291992,zoom_3_35,,197.74108886719,144.46810913086,162390,162399,507.8125,19.02556500053406
377,162398,259072,92.24199676513672,zoom_3_35,,197.74108886719,144.46810913086,162390,162399,507.8125,19.06829600048065
378,162399,271360,50.625999450683594,zoom_3_35,144.46810913086,144.46810913086,144.46810913086,162399,162399,0.0,19.16053800010681
379,162400,416768,69.28800201416016,zoom_3_35,,144.46810913086,78.83219909668,162399,162407,531.25,19.211164000034334
380,162401,408576,63.13999938964844,zoom_3_35,,144.46810913086,78.83219909668,162399,162407,531.25,19.280452000141143
381,162402,728064,93.76799774169922,zoom_3_35,,144.46810913086,78.83219909668,162399,162407,531.25,19.343592000484467
382,162403,804864,71.9209976196289,zoom_3_35,,144.46810913086,78.83219909668,162399,162407,531.25,19.43736000061035
383,162404,433152,89.8030014038086,zoom_3_35,,144.46810913086,78.83219909668,162399,162407,531.25,19.509281000137328
384,162405,745472,51.79399871826172,zoom_3_35,,144.46810913086,78.83219909668,162399,162407,531.25,19.599084000110626
385,162406,686080,42.224998474121094,zoom_3_35,,144.46810913086,78.83219909668,162399,162407,531.25,19.6508780002594
386,162407,421888,37.96799850463867,zoom_3_35,78.83219909668,78.83219909668,78.83219909668,162407,162407,0.0,19.693103000164033
387,162408,649216,39.15999984741211,zoom_3_35,,78.83219909668,35.449569702148,162407,162414,393.5546880002221,19.73107100009918
388,162409,635904,67.9020004272461,zoom_3_35,,78.83219909668,35.449569702148,162407,162414,393.5546880002221,19.770231000423433
389,162410,1105920,81.5260009765625,zoom_3_35,,78.83219909668,35.449569702148,162407,162414,393.5546880002221,19.83813300037384
390,162411,1100800,65.5530014038086,zoom_3_35,,78.83219909668,35.449569702148,162407,162414,393.5546880002221,19.91966000032425
391,162412,527360,57.194000244140625,zoom_3_35,,78.83219909668,35.449569702148,162407,162414,393.5546880002221,19.985213000297545
392,162413,493568,43.04100036621094,zoom_3_35,,78.83219909668,35.449569702148,162407,162414,393.5546880002221,20.04240700006485
393,162414,978944,42.492000579833984,zoom_4_240,35.449569702148,35.449569702148,35.449569702148,162414,162414,0.0,20.08544800043106
394,162415,1344512,40.481998443603516,zoom_4_240,,35.449569702148,55.454605102539,162414,162427,531.25,20.12794000005722
395,162416,741376,40.185001373291016,zoom_4_240,,35.449569702148,55.454605102539,162414,162427,531.25,20.168423000335693
396,162417,503808,40.1150016784668,zoom_4_240,,35.449569702148,55.454605102539,162414,162427,531.25,20.208608000278474
397,162418,536576,38.527000427246094,zoom_4_240,,35.449569702148,55.454605102539,162414,162427,531.25,20.24872300052643
398,162419,500736,38.04399871826172,zoom_4_240,,35.449569702148,55.454605102539,162414,162427,531.25,20.28725000047684
399,162420,461824,38.138999938964844,zoom_4_240,,35.449569702148,55.454605102539,162414,162427,531.25,20.32529500055313
400,162421,471040,33.55500030517578,zoom_4_240,,35.449569702148,55.454605102539,162414,162427,531.25,20.36343400001526
401,162422,480256,31.149999618530273,zoom_4_240,,35.449569702148,55.454605102539,162414,162427,531.25,20.396989000320435
402,162423,482304,38.09199905395508,zoom_4_240,,35.449569702148,55.454605102539,162414,162427,531.25,20.4281390004158
403,162424,477184,38.202999114990234,zoom_4_240,,35.449569702148,55.454605102539,162414,162427,531.25,20.466230000495912
404,162425,492544,43.1619987487793,zoom_4_240,,35.449569702148,55.454605102539,162414,162427,531.25,20.504434000492097
405,162426,478208,65.20800018310547,zoom_4_240,,35.449569702148,55.454605102539,162414,162427,531.25,20.54759600019455
406,162427,614400,48.180999755859375,zoom_4_240,55.454605102539,55.454605102539,55.454605102539,162427,162427,0.0,20.612804000377654
407,162428,586752,39.45100021362305,zoom_4_240,,55.454605102539,76.8505859375,162427,162438,515.625,20.66098600053787
408,162429,546816,72.51000213623047,zoom_4_240,,55.454605102539,76.8505859375,162427,162438,515.625,20.700437000274658
409,162430,1129472,36.97700119018555,zoom_4_240,,55.454605102539,76.8505859375,162427,162438,515.625,20.77294700050354
410,162431,711680,37.196998596191406,zoom_4_240,,55.454605102539,76.8505859375,162427,162438,515.625,20.809924000263216
411,162432,696320,67.53199768066406,zoom_4_240,,55.454605102539,76.8505859375,162427,162438,515.625,20.847120000362395
412,162433,458752,57.025001525878906,zoom_4_240,,55.454605102539,76.8505859375,162427,162438,515.625,20.914652000427246
413,162434,496640,40.60599899291992,zoom_4_240,,55.454605102539,76.8505859375,162427,162438,515.625,20.971677000522615
414,162435,460800,39.28900146484375,zoom_4_240,,55.454605102539,76.8505859375,162427,162438,515.625,21.01228399991989
415,162436,447488,38.02799987792969,zoom_4_240,,55.454605102539,76.8505859375,162427,162438,515.625,21.05157300043106
416,162437,445440,44.915000915527344,zoom_4_240,,55.454605102539,76.8505859375,162427,162438,515.625,21.089599000453948
417,162438,420864,37.42599868774414,zoom_4_240,76.8505859375,76.8505859375,76.8505859375,162438,162438,0.0,21.134514000415802
418,162439,416768,32.71900177001953,zoom_4_240,,76.8505859375,96.814697265625,162438,162449,511.71875,21.17194100046158
419,162440,434176,33.566001892089844,zoom_4_240,,76.8505859375,96.814697265625,162438,162449,511.71875,21.20466000032425
420,162441,425984,35.869998931884766,zoom_4_240,,76.8505859375,96.814697265625,162438,162449,511.71875,21.23822500038147
421,162442,413696,40.25400161743164,zoom_4_240,,76.8505859375,96.814697265625,162438,162449,511.71875,21.274095000267028
422,162443,314368,39.965999603271484,zoom_4_240,,76.8505859375,96.814697265625,162438,162449,511.71875,21.314349000453948
423,162444,437248,40.66299819946289,zoom_4_240,,76.8505859375,96.814697265625,162438,162449,511.71875,21.354315000534058
424,162445,448512,40.91999816894531,zoom_4_240,,76.8505859375,96.814697265625,162438,162449,511.71875,21.39497800064087
425,162446,427008,42.98099899291992,zoom_4_240,,76.8505859375,96.814697265625,162438,162449,511.71875,21.435899000167847
426,162447,434176,90.36699676513672,zoom_4_240,,76.8505859375,96.814697265625,162438,162449,511.71875,21.47887900018692
427,162448,443392,69.72000122070312,zoom_4_240,,76.8505859375,96.814697265625,162438,162449,511.71875,21.569246000289915
428,162449,492544,49.81999969482422,zoom_4_240,96.814697265625,96.814697265625,96.814697265625,162449,162449,0.0,21.638966000556945
429,162450,492544,75.28399658203125,zoom_4_240,,96.814697265625,119.72434997559,162449,162460,536.1328119997779,21.688787000656127
430,162451,1047552,44.007999420166016,zoom_4_240,,96.814697265625,119.72434997559,162449,162460,536.1328119997779,21.76407100057602
431,162452,1039360,40.55400085449219,zoom_4_240,,96.814697265625,119.72434997559,162449,162460,536.1328119997779,21.808079000473022
432,162453,531456,55.132999420166016,zoom_4_240,,96.814697265625,119.72434997559,162449,162460,536.1328119997779,21.84863300037384
433,162454,1051648,48.766998291015625,zoom_4_240,,96.814697265625,119.72434997559,162449,162460,536.1328119997779,21.903767000198364
434,162455,1051648,43.38600158691406,zoom_4_240,,96.814697265625,119.72434997559,162449,162460,536.1328119997779,21.952534000396728
435,162456,1010688,43.86399841308594,zoom_4_240,,96.814697265625,119.72434997559,162449,162460,536.1328119997779,21.995921000480653
436,162457,1002496,45.801998138427734,zoom_4_240,,96.814697265625,119.72434997559,162449,162460,536.1328119997779,22.03978500032425
437,162458,935936,47.720001220703125,zoom_4_240,,96.814697265625,119.72434997559,162449,162460,536.1328119997779,22.085587000370026
438,162459,951296,48.98099899291992,zoom_4_240,,96.814697265625,119.72434997559,162449,162460,536.1328119997779,22.13330700016022
439,162460,489472,41.242000579833984,zoom_4_240,119.72434997559,119.72434997559,119.72434997559,162460,162460,0.0,22.18228800058365
440,162461,502784,41.5620002746582,zoom_4_240,,119.72434997559,141.52941894531,162460,162470,539.0625,22.223531000614166
441,162462,531456,40.21200180053711,zoom_4_240,,119.72434997559,141.52941894531,162460,162470,539.0625,22.265093000411987
442,162463,536576,37.95500183105469,zoom_4_240,,119.72434997559,141.52941894531,162460,162470,539.0625,22.305305000782013
443,162464,519168,51.3120002746582,zoom_4_240,,119.72434997559,141.52941894531,162460,162470,539.0625,22.34326100063324
444,162465,712704,99.76699829101562,zoom_4_240,,119.72434997559,141.52941894531,162460,162470,539.0625,22.39457300043106
445,162466,527360,85.21600341796875,zoom_4_240,,119.72434997559,141.52941894531,162460,162470,539.0625,22.494340000629425
446,162467,528384,50.84600067138672,zoom_4_240,,119.72434997559,141.52941894531,162460,162470,539.0625,22.579557000160218
447,162468,521216,41.630001068115234,zoom_4_240,,119.72434997559,141.52941894531,162460,162470,539.0625,22.630403000354768
448,162469,532480,42.56700134277344,zoom_4_240,,119.72434997559,141.52941894531,162460,162470,539.0625,22.67203300046921
449,162470,522240,43.48400115966797,zoom_4_240,141.52941894531,141.52941894531,141.52941894531,162470,162470,0.0,22.71460000038147
450,162471,541696,43.141998291015625,zoom_4_240,,141.52941894531,162.43447875977,162470,162480,500.0,22.758085000514985
451,162472,506880,62.41299819946289,zoom_4_240,,141.52941894531,162.43447875977,162470,162480,500.0,22.801227000236512
452,162473,497664,46.367000579833984,zoom_4_240,,141.52941894531,162.43447875977,162470,162480,500.0,22.8636390004158
453,162474,498688,72.6729965209961,zoom_4_240,,141.52941894531,162.43447875977,162470,162480,500.0,22.9100060005188
454,162475,332800,52.249000549316406,zoom_4_240,,141.52941894531,162.43447875977,162470,162480,500.0,22.982679000377654
455,162476,332800,55.99599838256836,zoom_4_240,,141.52941894531,162.43447875977,162470,162480,500.0,23.034929000377655
456,162477,334848,48.45500183105469,zoom_4_240,,141.52941894531,162.43447875977,162470,162480,500.0,23.090925000190733
457,162478,333824,43.14699935913086,zoom_4_240,,141.52941894531,162.43447875977,162470,162480,500.0,23.1393810005188
458,162479,636928,38.28900146484375,zoom_4_240,,141.52941894531,162.43447875977,162470,162480,500.0,23.18252800035477
459,162480,396288,36.926998138427734,zoom_4_240,162.43447875977,162.43447875977,162.43447875977,162480,162480,0.0,23.2208170003891
460,162481,274432,41.0369987487793,zoom_4_240,,162.43447875977,183.54406738281,162480,162490,520.5078119997779,23.257744000434876
461,162482,662528,53.513999938964844,zoom_4_240,,162.43447875977,183.54406738281,162480,162490,520.5078119997779,23.29878200054169
462,162483,647168,78.99500274658203,zoom_4_240,,162.43447875977,183.54406738281,162480,162490,520.5078119997779,23.352296000480653
463,162484,587776,59.23400115966797,zoom_4_240,,162.43447875977,183.54406738281,162480,162490,520.5078119997779,23.43129000043869
464,162485,619520,41.32600021362305,zoom_4_240,,162.43447875977,183.54406738281,162480,162490,520.5078119997779,23.490524000167845
465,162486,604160,49.39500045776367,zoom_4_240,,162.43447875977,183.54406738281,162480,162490,520.5078119997779,23.53185000038147
466,162487,565248,65.48500061035156,zoom_4_240,,162.43447875977,183.54406738281,162480,162490,520.5078119997779,23.581246000289916
467,162488,565248,51.70199966430664,zoom_4_240,,162.43447875977,183.54406738281,162480,162490,520.5078119997779,23.64673200035095
468,162489,595968,43.7859992980957,zoom_4_240,,162.43447875977,183.54406738281,162480,162490,520.5078119997779,23.698434000492096
469,162490,595968,44.29600143432617,zoom_4_240,183.54406738281,183.54406738281,183.54406738281,162490,162490,0.0,23.742220000743867
470,162491,351232,42.80699920654297,zoom_4_240,,183.54406738281,205.06278991699,162490,162502,519.53125,23.786516000270844
471,162492,243712,52.13399887084961,zoom_4_240,,183.54406738281,205.06278991699,162490,162502,519.53125,23.82932300043106
472,162493,376832,40.2400016784668,zoom_4_240,,183.54406738281,205.06278991699,162490,162502,519.53125,23.881457000255583
473,162494,276480,42.19200134277344,zoom_4_240,,183.54406738281,205.06278991699,162490,162502,519.53125,23.921697000026704
474,162495,375808,42.25899887084961,zoom_4_240,,183.54406738281,205.06278991699,162490,162502,519.53125,23.9638890004158
475,162496,232448,43.007999420166016,zoom_4_240,,183.54406738281,205.06278991699,162490,162502,519.53125,24.006149000167845
476,162497,367616,43.5620002746582,zoom_4_240,,183.54406738281,205.06278991699,162490,162502,519.53125,24.049156000614165
477,162498,218112,38.79600143432617,zoom_4_240,,183.54406738281,205.06278991699,162490,162502,519.53125,24.09271800041199
478,162499,365568,49.90599822998047,zoom_4_240,,183.54406738281,205.06278991699,162490,162502,519.53125,24.1315140004158
479,162500,231424,43.500999450683594,zoom_4_240,,183.54406738281,205.06278991699,162490,162502,519.53125,24.181420000553132
480,162501,377856,35.981998443603516,zoom_4_240,,183.54406738281,205.06278991699,162490,162502,519.53125,24.224921000480652
481,162502,214016,37.79800033569336,zoom_4_240,205.06278991699,205.06278991699,205.06278991699,162502,162502,0.0,24.260903000354766
482,162503,356352,37.74700164794922,zoom_4_240,,205.06278991699,226.25421142578,162502,162515,517.5781260004442,24.298702000141144
483,162504,216064,39.82400131225586,zoom_4_240,,205.06278991699,226.25421142578,162502,162515,517.5781260004442,24.33644900035858
484,162505,382976,41.79899978637695,zoom_4_240,,205.06278991699,226.25421142578,162502,162515,517.5781260004442,24.376273000240325
485,162506,234496,39.21900177001953,zoom_4_240,,205.06278991699,226.25421142578,162502,162515,517.5781260004442,24.41807200050354
486,162507,371712,38.513999938964844,zoom_4_240,,205.06278991699,226.25421142578,162502,162515,517.5781260004442,24.45729100036621
487,162508,282624,42.667999267578125,zoom_4_240,,205.06278991699,226.25421142578,162502,162515,517.5781260004442,24.495805000305175
488,162509,425984,36.94300079345703,zoom_4_240,,205.06278991699,226.25421142578,162502,162515,517.5781260004442,24.53847200012207
489,162510,233472,36.75199890136719,zoom_4_240,,205.06278991699,226.25421142578,162502,162515,517.5781260004442,24.57541500043869
490,162511,388096,41.11800003051758,zoom_4_240,,205.06278991699,226.25421142578,162502,162515,517.5781260004442,24.612168000221253
491,162512,219136,46.92499923706055,zoom_4_240,,205.06278991699,226.25421142578,162502,162515,517.5781260004442,24.65328600025177
492,162513,375808,39.4739990234375,zoom_4_240,,205.06278991699,226.25421142578,162502,162515,517.5781260004442,24.700211000442504
493,162514,406528,39.472999572753906,zoom_4_240,,205.06278991699,226.25421142578,162502,162515,517.5781260004442,24.739685000419616
494,162515,335872,37.27899932861328,zoom_4_240,226.25421142578,226.25421142578,226.25421142578,162515,162515,0.0,24.77915800046921
495,162516,445440,39.986000061035156,zoom_4_240,,226.25421142578,239.95909118652,162515,162523,337.8906239995558,24.816437000274657
496,162517,316416,45.5880012512207,zoom_4_240,,226.25421142578,239.95909118652,162515,162523,337.8906239995558,24.856424000263214
497,162518,454656,40.986000061035156,zoom_4_240,,226.25421142578,239.95909118652,162515,162523,337.8906239995558,24.90201200056076
498,162519,331776,52.7599983215332,zoom_4_240,,226.25421142578,239.95909118652,162515,162523,337.8906239995558,24.942998000144957
499,162520,458752,42.27399826049805,zoom_4_240,,226.25421142578,239.95909118652,162515,162523,337.8906239995558,24.995759000301362
500,162521,347136,38.45600128173828,zoom_4_240,,226.25421142578,239.95909118652,162515,162523,337.8906239995558,25.03803300046921
501,162522,434176,38.805999755859375,zoom_4_240,,226.25421142578,239.95909118652,162515,162523,337.8906239995558,25.076489000320436
502,162523,351232,40.26900100708008,zoom_5_35,239.95909118652,239.95909118652,239.95909118652,162523,162523,0.0,25.115295000553132
503,162524,348160,54.33700180053711,zoom_5_35,,239.95909118652,220.03707885742,162523,162536,513.6718760004442,25.155565000534057
504,162525,340992,45.90299987792969,zoom_5_35,,239.95909118652,220.03707885742,162523,162536,513.6718760004442,25.209901000499727
505,162526,427008,37.44900131225586,zoom_5_35,,239.95909118652,220.03707885742,162523,162536,513.6718760004442,25.255804000377655
506,162527,329728,41.678001403808594,zoom_5_35,,239.95909118652,220.03707885742,162523,162536,513.6718760004442,25.293253000736236
507,162528,424960,36.94599914550781,zoom_5_35,,239.95909118652,220.03707885742,162523,162536,513.6718760004442,25.334932000637053
508,162529,264192,39.21200180053711,zoom_5_35,,239.95909118652,220.03707885742,162523,162536,513.6718760004442,25.3718780002594
509,162530,397312,40.51900100708008,zoom_5_35,,239.95909118652,220.03707885742,162523,162536,513.6718760004442,25.411090000152587
510,162531,279552,42.867000579833984,zoom_5_35,,239.95909118652,220.03707885742,162523,162536,513.6718760004442,25.45161000061035
511,162532,397312,35.36800003051758,zoom_5_35,,239.95909118652,220.03707885742,162523,162536,513.6718760004442,25.49447700023651
512,162533,270336,33.34000015258789,zoom_5_35,,239.95909118652,220.03707885742,162523,162536,513.6718760004442,25.52984600019455
513,162534,388096,32.87699890136719,zoom_5_35,,239.95909118652,220.03707885742,162523,162536,513.6718760004442,25.563186000347137
514,162535,277504,34.053001403808594,zoom_5_35,,239.95909118652,220.03707885742,162523,162536,513.6718760004442,25.596064000606535
515,162536,388096,39.29499816894531,zoom_5_35,220.03707885742,220.03707885742,220.03707885742,162536,162536,0.0,25.630117000102995
516,162537,328704,39.70500183105469,zoom_5_35,,220.03707885742,198.59834289551,162536,162549,521.4843739995558,25.66941100072861
517,162538,389120,53.23099899291992,zoom_5_35,,220.03707885742,198.59834289551,162536,162549,521.4843739995558,25.709116000175477
518,162539,254976,42.347999572753906,zoom_5_35,,220.03707885742,198.59834289551,162536,162549,521.4843739995558,25.762347000598908
519,162540,375808,38.051998138427734,zoom_5_35,,220.03707885742,198.59834289551,162536,162549,521.4843739995558,25.804695000171662
520,162541,258048,39.058998107910156,zoom_5_35,,220.03707885742,198.59834289551,162536,162549,521.4843739995558,25.842747000217436
521,162542,377856,36.018001556396484,zoom_5_35,,220.03707885742,198.59834289551,162536,162549,521.4843739995558,25.881807000637053
522,162543,264192,37.867000579833984,zoom_5_35,,220.03707885742,198.59834289551,162536,162549,521.4843739995558,25.91782500076294
523,162544,373760,36.465999603271484,zoom_5_35,,220.03707885742,198.59834289551,162536,162549,521.4843739995558,25.955690999984743
524,162545,238592,46.04399871826172,zoom_5_35,,220.03707885742,198.59834289551,162536,162549,521.4843739995558,25.992158000469207
525,162546,373760,40.58599853515625,zoom_5_35,,220.03707885742,198.59834289551,162536,162549,521.4843739995558,26.038202000617982
526,162547,227328,38.178001403808594,zoom_5_35,,220.03707885742,198.59834289551,162536,162549,521.4843739995558,26.07878800058365
527,162548,373760,34.89400100708008,zoom_5_35,,220.03707885742,198.59834289551,162536,162549,521.4843739995558,26.11696700048447
528,162549,208896,37.05799865722656,zoom_5_35,198.59834289551,198.59834289551,198.59834289551,162549,162549,0.0,26.151861000537874
529,162550,350208,34.698001861572266,zoom_5_35,,198.59834289551,177.03665161133,162549,162563,523.4375,26.18891900062561
530,162551,207872,46.33300018310547,zoom_5_35,,198.59834289551,177.03665161133,162549,162563,523.4375,26.223617000102998
531,162552,349184,37.361000061035156,zoom_5_35,,198.59834289551,177.03665161133,162549,162563,523.4375,26.2699500002861
532,162553,206848,33.625,zoom_5_35,,198.59834289551,177.03665161133,162549,162563,523.4375,26.307310000419616
533,162554,347136,37.999000549316406,zoom_5_35,,198.59834289551,177.03665161133,162549,162563,523.4375,26.340935000419616
534,162555,205824,39.66999816894531,zoom_5_35,,198.59834289551,177.03665161133,162549,162563,523.4375,26.378934000492094
535,162556,347136,32.50299835205078,zoom_5_35,,198.59834289551,177.03665161133,162549,162563,523.4375,26.418605000495912
536,162557,205824,34.54800033569336,zoom_5_35,,198.59834289551,177.03665161133,162549,162563,523.4375,26.451108000278474
537,162558,342016,34.441001892089844,zoom_5_35,,198.59834289551,177.03665161133,162549,162563,523.4375,26.485656000614167
538,162559,204800,50.94499969482422,zoom_5_35,,198.59834289551,177.03665161133,162549,162563,523.4375,26.52009700012207
539,162560,335872,37.244998931884766,zoom_5_35,,198.59834289551,177.03665161133,162549,162563,523.4375,26.571042000293733
540,162561,203776,34.8120002746582,zoom_5_35,,198.59834289551,177.03665161133,162549,162563,523.4375,26.60828800058365
541,162562,335872,32.84299850463867,zoom_5_35,,198.59834289551,177.03665161133,162549,162563,523.4375,26.64310000038147
542,162563,203776,34.62799835205078,zoom_5_35,177.03665161133,177.03665161133,177.03665161133,162563,162563,0.0,26.67594300031662
543,162564,334848,39.154998779296875,zoom_5_35,,177.03665161133,156.13082885742,162563,162577,512.6953130002221,26.71057100057602
544,162565,234496,35.12300109863281,zoom_5_35,,177.03665161133,156.13082885742,162563,162577,512.6953130002221,26.74972700023651
545,162566,347136,34.194000244140625,zoom_5_35,,177.03665161133,156.13082885742,162563,162577,512.6953130002221,26.784849999904633
546,162567,260096,46.571998596191406,zoom_5_35,,177.03665161133,156.13082885742,162563,162577,512.6953130002221,26.81904400014877
547,162568,355328,39.090999603271484,zoom_5_35,,177.03665161133,156.13082885742,162563,162577,512.6953130002221,26.865616000652313
548,162569,225280,35.763999938964844,zoom_5_35,,177.03665161133,156.13082885742,162563,162577,512.6953130002221,26.904707000255584
549,162570,338944,34.948001861572266,zoom_5_35,,177.03665161133,156.13082885742,162563,162577,512.6953130002221,26.94047100019455
550,162571,199680,36.04800033569336,zoom_5_35,,177.03665161133,156.13082885742,162563,162577,512.6953130002221,26.97541900062561
551,162572,338944,33.47600173950195,zoom_5_35,,177.03665161133,156.13082885742,162563,162577,512.6953130002221,27.01146700000763
552,162573,228352,29.395999908447266,zoom_5_35,,177.03665161133,156.13082885742,162563,162577,512.6953130002221,27.04494400024414
553,162574,338944,41.340999603271484,zoom_5_35,,177.03665161133,156.13082885742,162563,162577,512.6953130002221,27.074340000629427
554,162575,518144,38.51499938964844,zoom_5_35,,177.03665161133,156.13082885742,162563,162577,512.6953130002221,27.115681000232698
555,162576,346112,33.86199951171875,zoom_5_35,,177.03665161133,156.13082885742,162563,162577,512.6953130002221,27.154197000026702
556,162577,282624,38.380001068115234,zoom_5_35,156.13082885742,156.13082885742,156.13082885742,162577,162577,0.0,27.188059000492096
557,162578,510976,41.10900115966797,zoom_5_35,,156.13082885742,134.36416625977,162577,162589,556.640625,27.226439000129698
558,162579,522240,39.617000579833984,zoom_5_35,,156.13082885742,134.36416625977,162577,162589,556.640625,27.267548000335694
559,162580,552960,93.85800170898438,zoom_5_35,,156.13082885742,134.36416625977,162577,162589,556.640625,27.307166000366212
560,162581,729088,46.604000091552734,zoom_5_35,,156.13082885742,134.36416625977,162577,162589,556.640625,27.401024000644682
561,162582,720896,41.39500045776367,zoom_5_35,,156.13082885742,134.36416625977,162577,162589,556.640625,27.4476280002594
562,162583,733184,49.236000061035156,zoom_5_35,,156.13082885742,134.36416625977,162577,162589,556.640625,27.489023000240326
563,162584,732160,43.310001373291016,zoom_5_35,,156.13082885742,134.36416625977,162577,162589,556.640625,27.53826000070572
564,162585,782336,33.23400115966797,zoom_5_35,,156.13082885742,134.36416625977,162577,162589,556.640625,27.581570000648497
565,162586,782336,33.55699920654297,zoom_5_35,,156.13082885742,134.36416625977,162577,162589,556.640625,27.614804000377656
566,162587,583680,34.768001556396484,zoom_5_35,,156.13082885742,134.36416625977,162577,162589,556.640625,27.648361999988555
567,162588,572416,37.23400115966797,zoom_5_35,,156.13082885742,134.36416625977,162577,162589,556.640625,27.683130000591277
568,162589,633856,100.5999984741211,zoom_5_35,134.36416625977,134.36416625977,134.36416625977,162589,162589,0.0,27.720364000320433
569,162590,556032,64.70999908447266,zoom_5_35,,134.36416625977,111.49073028564,162589,162601,534.1796880002221,27.820964000225068
570,162591,547840,40.63100051879883,zoom_5_35,,134.36416625977,111.49073028564,162589,162601,534.1796880002221,27.885674000263215
571,162592,701440,34.41899871826172,zoom_5_35,,134.36416625977,111.49073028564,162589,162601,534.1796880002221,27.926306000232696
572,162593,551936,34.03300094604492,zoom_5_35,,134.36416625977,111.49073028564,162589,162601,534.1796880002221,27.96072400045395
573,162594,535552,40.494998931884766,zoom_5_35,,134.36416625977,111.49073028564,162589,162601,534.1796880002221,27.99475700044632
574,162595,548864,45.82699966430664,zoom_5_35,,134.36416625977,111.49073028564,162589,162601,534.1796880002221,28.03525200033188
575,162596,530432,39.06800079345703,zoom_5_35,,134.36416625977,111.49073028564,162589,162601,534.1796880002221,28.081078000545503
576,162597,581632,36.064998626708984,zoom_5_35,,134.36416625977,111.49073028564,162589,162601,534.1796880002221,28.120146000385283
577,162598,540672,42.290000915527344,zoom_5_35,,134.36416625977,111.49073028564,162589,162601,534.1796880002221,28.15621099996567
578,162599,516096,44.229000091552734,zoom_5_35,,134.36416625977,111.49073028564,162589,162601,534.1796880002221,28.19850100040436
579,162600,515072,36.2130012512207,zoom_5_35,,134.36416625977,111.49073028564,162589,162601,534.1796880002221,28.242730000019073
580,162601,503808,35.042999267578125,zoom_5_35,111.49073028564,111.49073028564,111.49073028564,162601,162601,0.0,28.27894300031662
581,162602,510976,33.709999084472656,zoom_5_35,,111.49073028564,90.830856323242,162601,162611,511.71875,28.313986000537874
582,162603,516096,68.88500213623047,zoom_5_35,,111.49073028564,90.830856323242,162601,162611,511.71875,28.34769600057602
583,162604,488448,52.57099914550781,zoom_5_35,,111.49073028564,90.830856323242,162601,162611,511.71875,28.416581000328065
584,162605,478208,57.92900085449219,zoom_5_35,,111.49073028564,90.830856323242,162601,162611,511.71875,28.469152000427247
585,162606,478208,83.74600219726562,zoom_5_35,,111.49073028564,90.830856323242,162601,162611,511.71875,28.527081000328064
586,162607,832512,52.749000549316406,zoom_5_35,,111.49073028564,90.830856323242,162601,162611,511.71875,28.61082700061798
587,162608,804864,43.27799987792969,zoom_5_35,,111.49073028564,90.830856323242,162601,162611,511.71875,28.663576000690462
588,162609,504832,32.439998626708984,zoom_5_35,,111.49073028564,90.830856323242,162601,162611,511.71875,28.70685300016403
589,162610,778240,48.49399948120117,zoom_5_35,,111.49073028564,90.830856323242,162601,162611,511.71875,28.739294000148774
590,162611,786432,46.53099822998047,zoom_5_35,90.830856323242,90.830856323242,90.830856323242,162611,162611,0.0,28.78778800010681
591,162612,764928,39.16600036621094,zoom_5_35,,90.830856323242,70.170974731445,162611,162623,505.8593739995558,28.8343200006485
592,162613,839680,40.11000061035156,zoom_5_35,,90.830856323242,70.170974731445,162611,162623,505.8593739995558,28.873486000537874
593,162614,549888,45.42599868774414,zoom_5_35,,90.830856323242,70.170974731445,162611,162623,505.8593739995558,28.91359500026703
594,162615,859136,37.090999603271484,zoom_5_35,,90.830856323242,70.170974731445,162611,162623,505.8593739995558,28.959021000385285
595,162616,527360,36.611000061035156,zoom_5_35,,90.830856323242,70.170974731445,162611,162623,505.8593739995558,28.996113000392914
596,162617,854016,37.63800048828125,zoom_5_35,,90.830856323242,70.170974731445,162611,162623,505.8593739995558,29.03272400045395
597,162618,540672,37.73899841308594,zoom_5_35,,90.830856323242,70.170974731445,162611,162623,505.8593739995558,29.070362000465394
598,162619,513024,38.50600051879883,zoom_5_35,,90.830856323242,70.170974731445,162611,162623,505.8593739995558,29.10810000038147
599,162620,527360,37.0880012512207,zoom_5_35,,90.830856323242,70.170974731445,162611,162623,505.8593739995558,29.14660700035095
600,162621,523264,66.11799621582031,zoom_5_35,,90.830856323242,70.170974731445,162611,162623,505.8593739995558,29.18369500017166
601,162622,488448,46.82899856567383,zoom_5_35,,90.830856323242,70.170974731445,162611,162623,505.8593739995558,29.249813000202177
602,162623,473088,37.244998931884766,zoom_5_35,70.170974731445,70.170974731445,70.170974731445,162623,162623,0.0,29.296642000675202
603,162624,493568,37.74800109863281,zoom_5_35,,70.170974731445,49.019207000732,162623,162635,514.6484380002221,29.33388600063324
604,162625,452608,35.882999420166016,zoom_5_35,,70.170974731445,49.019207000732,162623,162635,514.6484380002221,29.37163500022888
605,162626,432128,38.15299987792969,zoom_5_35,,70.170974731445,49.019207000732,162623,162635,514.6484380002221,29.40751800060272
606,162627,500736,34.4739990234375,zoom_5_35,,70.170974731445,49.019207000732,162623,162635,514.6484380002221,29.44567100048065
607,162628,490496,47.09000015258789,zoom_5_35,,70.170974731445,49.019207000732,162623,162635,514.6484380002221,29.480145000457764
608,162629,493568,81.2509994506836,zoom_5_35,,70.170974731445,49.019207000732,162623,162635,514.6484380002221,29.52723500061035
609,162630,1168384,39.62300109863281,zoom_5_35,,70.170974731445,49.019207000732,162623,162635,514.6484380002221,29.608486000061035
610,162631,699392,40.70800018310547,zoom_5_35,,70.170974731445,49.019207000732,162623,162635,514.6484380002221,29.648109000205995
611,162632,579584,42.393001556396484,zoom_5_35,,70.170974731445,49.019207000732,162623,162635,514.6484380002221,29.6888170003891
612,162633,566272,34.500999450683594,zoom_5_35,,70.170974731445,49.019207000732,162623,162635,514.6484380002221,29.731211000442507
613,162634,524288,45.11800003051758,zoom_5_35,,70.170974731445,49.019207000732,162623,162635,514.6484380002221,29.765711000442504
614,162635,519168,37.25699996948242,zoom_5_35,49.019207000732,49.019207000732,49.019207000732,162635,162635,0.0,29.81082900047302
615,162636,317440,47.98699951171875,zoom_5_35,,49.019207000732,35.040985107422,162635,162644,347.65625,29.848085000514985
616,162637,523264,38.41999816894531,zoom_5_35,,49.019207000732,35.040985107422,162635,162644,347.65625,29.89607200050354
617,162638,515072,37.72999954223633,zoom_5_35,,49.019207000732,35.040985107422,162635,162644,347.65625,29.934492000579834
618,162639,498688,33.608001708984375,zoom_5_35,,49.019207000732,35.040985107422,162635,162644,347.65625,29.972222000598908
619,162640,476160,34.678001403808594,zoom_5_35,,49.019207000732,35.040985107422,162635,162644,347.65625,30.005830000400543
620,162641,454656,34.38999938964844,zoom_5_35,,49.019207000732,35.040985107422,162635,162644,347.65625,30.04050800037384
621,162642,454656,33.823001861572266,zoom_5_35,,49.019207000732,35.040985107422,162635,162644,347.65625,30.074898000717162
622,162643,449536,34.643001556396484,zoom_5_35,,49.019207000732,35.040985107422,162635,162644,347.65625,30.108722000598906
623,162644,504832,57.37900161743164,zoom_6_600,35.040985107422,35.040985107422,35.040985107422,162644,162644,0.0,30.143364000320435
624,162645,763904,47.31399917602539,zoom_6_600,,35.040985107422,92.327880859375,162644,162654,576.171875,30.200744000434874
625,162646,653312,58.29399871826172,zoom_6_600,,35.040985107422,92.327880859375,162644,162654,576.171875,30.248058000087738
626,162647,572416,45.12699890136719,zoom_6_600,,35.040985107422,92.327880859375,162644,162654,576.171875,30.30635100030899
627,162648,600064,42.28099822998047,zoom_6_600,,35.040985107422,92.327880859375,162644,162654,576.171875,30.351478000164033
628,162649,716800,88.56700134277344,zoom_6_600,,35.040985107422,92.327880859375,162644,162654,576.171875,30.393759000301362
629,162650,1252352,60.53799819946289,zoom_6_600,,35.040985107422,92.327880859375,162644,162654,576.171875,30.48232600021362
630,162651,833536,55.4109992980957,zoom_6_600,,35.040985107422,92.327880859375,162644,162654,576.171875,30.542864000320435
631,162652,574464,57.04499816894531,zoom_6_600,,35.040985107422,92.327880859375,162644,162654,576.171875,30.598275000572205
632,162653,573440,57.702999114990234,zoom_6_600,,35.040985107422,92.327880859375,162644,162654,576.171875,30.655320000648498
633,162654,565248,136.28799438476562,zoom_6_600,92.327880859375,92.327880859375,92.327880859375,162654,162654,0.0,30.713022000312804
634,162655,1094656,101.68599700927734,zoom_6_600,,92.327880859375,149.50170898438,162654,162660,505.859375,30.84930999994278
635,162656,1133568,82.39700317382812,zoom_6_600,,92.327880859375,149.50170898438,162654,162660,505.859375,30.950997000217438
636,162657,715776,61.93899917602539,zoom_6_600,,92.327880859375,149.50170898438,162654,162660,505.859375,31.033394000053406
637,162658,840704,62.819000244140625,zoom_6_600,,92.327880859375,149.50170898438,162654,162660,505.859375,31.095333000183107
638,162659,874496,64.37699890136719,zoom_6_600,,92.327880859375,149.50170898438,162654,162660,505.859375,31.158152000427247
639,162660,897024,130.4510040283203,zoom_6_600,149.50170898438,149.50170898438,149.50170898438,162660,162660,0.0,31.222529000282286
640,162661,681984,92.1259994506836,zoom_6_600,,149.50170898438,212.09915161133,162660,162667,578.125,31.352980000019073
641,162662,692224,65.0510025024414,zoom_6_600,,149.50170898438,212.09915161133,162660,162667,578.125,31.44510700035095
642,162663,537600,64.79499816894531,zoom_6_600,,149.50170898438,212.09915161133,162660,162667,578.125,31.510158000469207
643,162664,493568,66.82599639892578,zoom_6_600,,149.50170898438,212.09915161133,162660,162667,578.125,31.574953000068664
644,162665,867328,51.28200149536133,zoom_6_600,,149.50170898438,212.09915161133,162660,162667,578.125,31.64178000020981
645,162666,868352,117.45500183105469,zoom_6_600,,149.50170898438,212.09915161133,162660,162667,578.125,31.693062000274658
646,162667,876544,91.85299682617188,zoom_6_600,212.09915161133,212.09915161133,212.09915161133,162667,162667,0.0,31.810517000198363
647,162668,900096,62.94300079345703,zoom_6_600,,212.09915161133,274.35766601562,162667,162674,513.671875,31.902370000362396
648,162669,860160,76.52100372314453,zoom_6_600,,212.09915161133,274.35766601562,162667,162674,513.671875,31.965314000606536
649,162670,811008,74.41400146484375,zoom_6_600,,212.09915161133,274.35766601562,162667,162674,513.671875,32.041835000514986
650,162671,816128,66.13700103759766,zoom_6_600,,212.09915161133,274.35766601562,162667,162674,513.671875,32.11624900054932
651,162672,828416,68.16699981689453,zoom_6_600,,212.09915161133,274.35766601562,162667,162674,513.671875,32.182386000156406
652,162673,490496,73.20999908447266,zoom_6_600,,212.09915161133,274.35766601562,162667,162674,513.671875,32.25055300045013
653,162674,815104,55.292999267578125,zoom_6_600,274.35766601562,274.35766601562,274.35766601562,162674,162674,0.0,32.323763000488285
654,162675,558080,48.084999084472656,zoom_6_600,,274.35766601562,334.01727294922,162674,162684,514.6484369997779,32.379057000637054
655,162676,454656,72.96900177001953,zoom_6_600,,274.35766601562,334.01727294922,162674,162684,514.6484369997779,32.42714300012589
656,162677,441344,56.4739990234375,zoom_6_600,,274.35766601562,334.01727294922,162674,162684,514.6484369997779,32.50011100053787
657,162678,415744,42.21900177001953,zoom_6_600,,274.35766601562,334.01727294922,162674,162684,514.6484369997779,32.55658600044251
658,162679,414720,40.279998779296875,zoom_6_600,,274.35766601562,334.01727294922,162674,162684,514.6484369997779,32.59880500030518
659,162680,412672,42.29899978637695,zoom_6_600,,274.35766601562,334.01727294922,162674,162684,514.6484369997779,32.63908500051498
660,162681,425984,42.959999084472656,zoom_6_600,,274.35766601562,334.01727294922,162674,162684,514.6484369997779,32.68138500022888
661,162682,572416,71.28500366210938,zoom_6_600,,274.35766601562,334.01727294922,162674,162684,514.6484369997779,32.72434500026703
662,162683,557056,49.99700164794922,zoom_6_600,,274.35766601562,334.01727294922,162674,162684,514.6484369997779,32.79563000011444
663,162684,480256,41.3380012512207,zoom_6_600,334.01727294922,334.01727294922,334.01727294922,162684,162684,0.0,32.84562600040436
664,162685,498688,38.9010009765625,zoom_6_600,,334.01727294922,393.22500610352,162684,162693,518.5546880002221,32.8869640007019
665,162686,456704,44.12200164794922,zoom_6_600,,334.01727294922,393.22500610352,162684,162693,518.5546880002221,32.92586500024795
666,162687,460800,79.2239990234375,zoom_6_600,,334.01727294922,393.22500610352,162684,162693,518.5546880002221,32.969987000465395
667,162688,470016,51.00699996948242,zoom_6_600,,334.01727294922,393.22500610352,162684,162693,518.5546880002221,33.049211000442504
668,162689,704512,45.88199996948242,zoom_6_600,,334.01727294922,393.22500610352,162684,162693,518.5546880002221,33.10021900033951
669,162690,592896,90.51599884033203,zoom_6_600,,334.01727294922,393.22500610352,162684,162693,518.5546880002221,33.14610100030899
670,162691,602112,79.5999984741211,zoom_6_600,,334.01727294922,393.22500610352,162684,162693,518.5546880002221,33.236617000579834
671,162692,576512,44.358001708984375,zoom_6_600,,334.01727294922,393.22500610352,162684,162693,518.5546880002221,33.316217000484464
672,162693,561152,48.6619987487793,zoom_6_600,393.22500610352,393.22500610352,393.22500610352,162693,162693,0.0,33.360575000286104
673,162694,541696,52.40800094604492,zoom_6_600,,393.22500610352,453.56262207031,162693,162702,533.203125,33.40923800039291
674,162695,690176,60.41899871826172,zoom_6_600,,393.22500610352,453.56262207031,162693,162702,533.203125,33.46164600038529
675,162696,747520,49.69499969482422,zoom_6_600,,393.22500610352,453.56262207031,162693,162702,533.203125,33.522065000534056
676,162697,666624,42.2760009765625,zoom_6_600,,393.22500610352,453.56262207031,162693,162702,533.203125,33.571760000228885
677,162698,695296,46.05500030517578,zoom_6_600,,393.22500610352,453.56262207031,162693,162702,533.203125,33.61403600072861
678,162699,674816,111.21700286865234,zoom_6_600,,393.22500610352,453.56262207031,162693,162702,533.203125,33.660091000556946
679,162700,620544,82.15699768066406,zoom_6_600,,393.22500610352,453.56262207031,162693,162702,533.203125,33.771308000564574
680,162701,606208,43.551998138427734,zoom_6_600,,393.22500610352,453.56262207031,162693,162702,533.203125,33.85346500015259
681,162702,608256,43.750999450683594,zoom_6_600,453.56262207031,453.56262207031,453.56262207031,162702,162702,0.0,33.89701800012588
682,162703,604160,77.96399688720703,zoom_6_600,,453.56262207031,507.34671020508,162702,162710,517.578125,33.94076900005341
683,162704,706560,68.61799621582031,zoom_6_600,,453.56262207031,507.34671020508,162702,162710,517.578125,34.01873300075531
684,162705,707584,84.5780029296875,zoom_6_600,,453.56262207031,507.34671020508,162702,162710,517.578125,34.08735000038147
685,162706,1265664,44.34600067138672,zoom_6_600,,453.56262207031,507.34671020508,162702,162710,517.578125,34.17192900037765
686,162707,827392,51.63999938964844,zoom_6_600,,453.56262207031,507.34671020508,162702,162710,517.578125,34.216275000095365
687,162708,835584,45.31999969482422,zoom_6_600,,453.56262207031,507.34671020508,162702,162710,517.578125,34.26791500043869
688,162709,395264,94.10900115966797,zoom_6_600,,453.56262207031,507.34671020508,162702,162710,517.578125,34.313235000610355
689,162710,1037312,87.05500030517578,zoom_6_600,507.34671020508,507.34671020508,507.34671020508,162710,162710,0.0,34.407344000339506
690,162711,522240,50.85499954223633,zoom_6_600,,507.34671020508,569.94415283203,162710,162721,509.765625,34.494399000167846
691,162712,943104,45.20100021362305,zoom_6_600,,507.34671020508,569.94415283203,162710,162721,509.765625,34.54525400018692
692,162713,577536,50.12699890136719,zoom_6_600,,507.34671020508,569.94415283203,162710,162721,509.765625,34.59045600032806
693,162714,478208,42.36399841308594,zoom_6_600,,507.34671020508,569.94415283203,162710,162721,509.765625,34.640583000183106
694,162715,612352,41.051998138427734,zoom_6_600,,507.34671020508,569.94415283203,162710,162721,509.765625,34.6829470000267
695,162716,911360,40.38600158691406,zoom_6_600,,507.34671020508,569.94415283203,162710,162721,509.765625,34.72399900054932
696,162717,902144,37.65599822998047,zoom_6_600,,507.34671020508,569.94415283203,162710,162721,509.765625,34.76438500070572
697,162718,564224,35.14400100708008,zoom_6_600,,507.34671020508,569.94415283203,162710,162721,509.765625,34.80204200029373
698,162719,558080,44.08599853515625,zoom_6_600,,507.34671020508,569.94415283203,162710,162721,509.765625,34.83718700027466
699,162720,408576,42.32600021362305,zoom_6_600,,507.34671020508,569.94415283203,162710,162721,509.765625,34.88127300024033
700,162721,406528,40.13600158691406,zoom_6_600,569.94415283203,569.94415283203,569.94415283203,162721,162721,0.0,34.92360000038147
701,162722,407552,33.53799819946289,zoom_6_600,,569.94415283203,600.0,162721,162728,263.671875,34.96373600006103
702,162723,411648,34.50699996948242,zoom_6_600,,569.94415283203,600.0,162721,162728,263.671875,34.99727400016785
703,162724,413696,37.847999572753906,zoom_6_600,,569.94415283203,600.0,162721,162728,263.671875,35.03178100013733
704,162725,414720,37.801998138427734,zoom_6_600,,569.94415283203,600.0,162721,162728,263.671875,35.069630000591275
705,162726,415744,42.79100036621094,zoom_6_600,,569.94415283203,600.0,162721,162728,263.671875,35.107432000637054
706,162727,416768,40.07400131225586,zoom_6_600,,569.94415283203,600.0,162721,162728,263.671875,35.15022300004959
707,162728,416768,35.104000091552734,zoom_7_60,600.0,600.0,600.0,162728,162728,0.0,35.19029700040817
708,162729,416768,35.560001373291016,zoom_7_60,,600.0,546.21600341797,162728,162742,525.390625,35.22540100049972
709,162730,538624,32.922000885009766,zoom_7_60,,600.0,546.21600341797,162728,162742,525.390625,35.26096100044251
710,162731,538624,35.70500183105469,zoom_7_60,,600.0,546.21600341797,162728,162742,525.390625,35.29388300037384
711,162732,415744,39.49399948120117,zoom_7_60,,600.0,546.21600341797,162728,162742,525.390625,35.32958800029755
712,162733,807936,45.24700164794922,zoom_7_60,,600.0,546.21600341797,162728,162742,525.390625,35.36908300065994
713,162734,807936,43.74300003051758,zoom_7_60,,600.0,546.21600341797,162728,162742,525.390625,35.414329000473025
714,162735,835584,42.88800048828125,zoom_7_60,,600.0,546.21600341797,162728,162742,525.390625,35.45807200050354
715,162736,700416,35.48500061035156,zoom_7_60,,600.0,546.21600341797,162728,162742,525.390625,35.5009610004425
716,162737,631808,34.48899841308594,zoom_7_60,,600.0,546.21600341797,162728,162742,525.390625,35.53644500017166
717,162738,558080,36.78900146484375,zoom_7_60,,600.0,546.21600341797,162728,162742,525.390625,35.57093500041962
718,162739,404480,32.91699981689453,zoom_7_60,,600.0,546.21600341797,162728,162742,525.390625,35.60772400045395
719,162740,403456,39.46200180053711,zoom_7_60,,600.0,546.21600341797,162728,162742,525.390625,35.6406420006752
720,162741,401408,34.64699935913086,zoom_7_60,,600.0,546.21600341797,162728,162742,525.390625,35.68010400009155
721,162742,397312,32.56700134277344,zoom_7_60,546.21600341797,546.21600341797,546.21600341797,162742,162742,0.0,35.714751000404355
722,162743,394240,34.49100112915039,zoom_7_60,,546.21600341797,489.73199462891,162742,162756,534.1796869997779,35.74731900072098
723,162744,702464,37.91999816894531,zoom_7_60,,546.21600341797,489.73199462891,162742,162756,534.1796869997779,35.78181000041962
724,162745,645120,36.36000061035156,zoom_7_60,,546.21600341797,489.73199462891,162742,162756,534.1796869997779,35.81973000049591
725,162746,904192,36.43899917602539,zoom_7_60,,546.21600341797,489.73199462891,162742,162756,534.1796869997779,35.85609000062942
726,162747,622592,38.26100158691406,zoom_7_60,,546.21600341797,489.73199462891,162742,162756,534.1796869997779,35.89252900028229
727,162748,775168,43.85900115966797,zoom_7_60,,546.21600341797,489.73199462891,162742,162756,534.1796869997779,35.93079100036621
728,162749,609280,37.59299850463867,zoom_7_60,,546.21600341797,489.73199462891,162742,162756,534.1796869997779,35.974650000572204
729,162750,439296,36.433998107910156,zoom_7_60,,546.21600341797,489.73199462891,162742,162756,534.1796869997779,36.012244000434876
730,162751,398336,36.39699935913086,zoom_7_60,,546.21600341797,489.73199462891,162742,162756,534.1796869997779,36.0486779999733
731,162752,402432,34.71200180053711,zoom_7_60,,546.21600341797,489.73199462891,162742,162756,534.1796869997779,36.08507400035858
732,162753,486400,38.97100067138672,zoom_7_60,,546.21600341797,489.73199462891,162742,162756,534.1796869997779,36.11978600072861
733,162754,724992,40.75,zoom_7_60,,546.21600341797,489.73199462891,162742,162756,534.1796869997779,36.15875700044632
734,162755,729088,48.777000427246094,zoom_7_60,,546.21600341797,489.73199462891,162742,162756,534.1796869997779,36.19950700044632
735,162756,691200,46.231998443603516,zoom_7_60,489.73199462891,489.73199462891,489.73199462891,162756,162756,0.0,36.24828400039673
736,162757,681984,75.43299865722656,zoom_7_60,,489.73199462891,431.08801269531,162756,162766,541.9921880002221,36.294516000270846
737,162758,1303552,40.231998443603516,zoom_7_60,,489.73199462891,431.08801269531,162756,162766,541.9921880002221,36.3699500002861
738,162759,744448,41.685001373291016,zoom_7_60,,489.73199462891,431.08801269531,162756,162766,541.9921880002221,36.41018200016022
739,162760,868352,40.4370002746582,zoom_7_60,,489.73199462891,431.08801269531,162756,162766,541.9921880002221,36.45186700057983
740,162761,699392,37.55500030517578,zoom_7_60,,489.73199462891,431.08801269531,162756,162766,541.9921880002221,36.49230400037766
741,162762,619520,90.75599670410156,zoom_7_60,,489.73199462891,431.08801269531,162756,162766,541.9921880002221,36.52985900068283
742,162763,621568,76.572998046875,zoom_7_60,,489.73199462891,431.08801269531,162756,162766,541.9921880002221,36.62061500072479
743,162764,695296,43.91600036621094,zoom_7_60,,489.73199462891,431.08801269531,162756,162766,541.9921880002221,36.69718800020218
744,162765,632832,49.53900146484375,zoom_7_60,,489.73199462891,431.08801269531,162756,162766,541.9921880002221,36.74110400056839
745,162766,634880,44.191001892089844,zoom_7_60,431.08801269531,431.08801269531,431.08801269531,162766,162766,0.0,36.79064300012588
746,162767,584704,37.145999908447266,zoom_7_60,,431.08801269531,377.1960144043,162766,162778,527.34375,36.834834000110625
747,162768,571392,37.845001220703125,zoom_7_60,,431.08801269531,377.1960144043,162766,162778,527.34375,36.87198100042343
748,162769,555008,37.77299880981445,zoom_7_60,,431.08801269531,377.1960144043,162766,162778,527.34375,36.90982600021362
749,162770,549888,38.75,zoom_7_60,,431.08801269531,377.1960144043,162766,162778,527.34375,36.947597000598904
750,162771,547840,48.2599983215332,zoom_7_60,,431.08801269531,377.1960144043,162766,162778,527.34375,36.98634800052643
751,162772,541696,45.60499954223633,zoom_7_60,,431.08801269531,377.1960144043,162766,162778,527.34375,37.034608000278475
752,162773,532480,35.814998626708984,zoom_7_60,,431.08801269531,377.1960144043,162766,162778,527.34375,37.08021300029755
753,162774,580608,36.93899917602539,zoom_7_60,,431.08801269531,377.1960144043,162766,162778,527.34375,37.11602800035477
754,162775,574464,35.32600021362305,zoom_7_60,,431.08801269531,377.1960144043,162766,162778,527.34375,37.152967000484466
755,162776,510976,35.590999603271484,zoom_7_60,,431.08801269531,377.1960144043,162766,162778,527.34375,37.18829300022125
756,162777,499712,92.76899719238281,zoom_7_60,,431.08801269531,377.1960144043,162766,162778,527.34375,37.22388400030136
757,162778,492544,77.52100372314453,zoom_7_60,377.1960144043,377.1960144043,377.1960144043,162778,162778,0.0,37.31665300035477
758,162779,488448,49.35300064086914,zoom_7_60,,377.1960144043,319.09197998047,162778,162787,522.4609380002221,37.394175000190735
759,162780,483328,36.75299835205078,zoom_7_60,,377.1960144043,319.09197998047,162778,162787,522.4609380002221,37.44352800035477
760,162781,474112,37.12799835205078,zoom_7_60,,377.1960144043,319.09197998047,162778,162787,522.4609380002221,37.48028100013733
761,162782,472064,72.66500091552734,zoom_7_60,,377.1960144043,319.09197998047,162778,162787,522.4609380002221,37.51740800046921
762,162783,466944,46.90599822998047,zoom_7_60,,377.1960144043,319.09197998047,162778,162787,522.4609380002221,37.590074000358584
763,162784,499712,41.994998931884766,zoom_7_60,,377.1960144043,319.09197998047,162778,162787,522.4609380002221,37.63698000001907
764,162785,516096,85.43399810791016,zoom_7_60,,377.1960144043,319.09197998047,162778,162787,522.4609380002221,37.67897600030899
765,162786,569344,74.21199798583984,zoom_7_60,,377.1960144043,319.09197998047,162778,162787,522.4609380002221,37.76441000032425
766,162787,648192,40.018001556396484,zoom_7_60,319.09197998047,319.09197998047,319.09197998047,162787,162787,0.0,37.83862200021744
767,162788,532480,34.31700134277344,zoom_7_60,,319.09197998047,261.09600830078,162787,162799,525.3906239995558,37.8786390004158
768,162789,453632,51.834999084472656,zoom_7_60,,319.09197998047,261.09600830078,162787,162799,525.3906239995558,37.912956000328066
769,162790,452608,41.4379997253418,zoom_7_60,,319.09197998047,261.09600830078,162787,162799,525.3906239995558,37.96479100036621
770,162791,575488,35.573001861572266,zoom_7_60,,319.09197998047,261.09600830078,162787,162799,525.3906239995558,38.00622900056839
771,162792,523264,40.30500030517578,zoom_7_60,,319.09197998047,261.09600830078,162787,162799,525.3906239995558,38.041802000522615
772,162793,380928,36.75400161743164,zoom_7_60,,319.09197998047,261.09600830078,162787,162799,525.3906239995558,38.082108000278474
773,162794,346112,42.99399948120117,zoom_7_60,,319.09197998047,261.09600830078,162787,162799,525.3906239995558,38.11886300039291
774,162795,343040,72.12000274658203,zoom_7_60,,319.09197998047,261.09600830078,162787,162799,525.3906239995558,38.161856000423434
775,162796,340992,42.44300079345703,zoom_7_60,,319.09197998047,261.09600830078,162787,162799,525.3906239995558,38.23397600030899
776,162797,329728,42.57099914550781,zoom_7_60,,319.09197998047,261.09600830078,162787,162799,525.3906239995558,38.27641900062561
777,162798,360448,46.229000091552734,zoom_7_60,,319.09197998047,261.09600830078,162787,162799,525.3906239995558,38.31899000024796
778,162799,382976,51.926998138427734,zoom_7_60,261.09600830078,261.09600830078,261.09600830078,162799,162799,0.0,38.36522000026703
779,162800,356352,48.029998779296875,zoom_7_60,,261.09600830078,208.39199829102,162799,162806,500.0,38.41714600038529
780,162801,368640,63.58300018310547,zoom_7_60,,261.09600830078,208.39199829102,162799,162806,500.0,38.46517700004578
781,162802,366592,192.4550018310547,zoom_7_60,,261.09600830078,208.39199829102,162799,162806,500.0,38.52876000022888
782,162803,340992,44.57400131225586,zoom_7_60,,261.09600830078,208.39199829102,162799,162806,500.0,38.72121500062943
783,162804,659456,43.07500076293945,zoom_7_60,,261.09600830078,208.39199829102,162799,162806,500.0,38.76578900051117
784,162805,322560,44.13399887084961,zoom_7_60,,261.09600830078,208.39199829102,162799,162806,500.0,38.80886400032043
785,162806,328704,60.194000244140625,zoom_7_60,208.39199829102,208.39199829102,208.39199829102,162806,162806,0.0,38.85299800014496
786,162807,331776,75.09600067138672,zoom_7_60,,208.39199829102,152.98797607422,162806,162815,541.9921880002221,38.9131920003891
787,162808,325632,47.5369987487793,zoom_7_60,,208.39199829102,152.98797607422,162806,162815,541.9921880002221,38.98828800058365
788,162809,313344,67.48200225830078,zoom_7_60,,208.39199829102,152.98797607422,162806,162815,541.9921880002221,39.0358250002861
789,162810,270336,56.81399917602539,zoom_7_60,,208.39199829102,152.98797607422,162806,162815,541.9921880002221,39.10330700063705
790,162811,266240,45.060001373291016,zoom_7_60,,208.39199829102,152.98797607422,162806,162815,541.9921880002221,39.160122000217434
791,162812,277504,48.297000885009766,zoom_7_60,,208.39199829102,152.98797607422,162806,162815,541.9921880002221,39.205182000160214
792,162813,257024,49.88600158691406,zoom_7_60,,208.39199829102,152.98797607422,162806,162815,541.9921880002221,39.25347900056839
793,162814,436224,94.72899627685547,zoom_7_60,,208.39199829102,152.98797607422,162806,162815,541.9921880002221,39.30336500024796
794,162815,260096,99.2770004272461,zoom_7_60,152.98797607422,152.98797607422,152.98797607422,162815,162815,0.0,39.398094000339505
795,162816,432128,47.21799850463867,zoom_7_60,,152.98797607422,93.15599822998,162815,162823,583.984375,39.49737100028992
796,162817,553984,50.54100036621094,zoom_7_60,,152.98797607422,93.15599822998,162815,162823,583.984375,39.54459000015259
797,162818,561152,65.76300048828125,zoom_7_60,,152.98797607422,93.15599822998,162815,162823,583.984375,39.59513200044632
798,162819,736256,85.65299987792969,zoom_7_60,,152.98797607422,93.15599822998,162815,162823,583.984375,39.6608940000534
799,162820,805888,59.27399826049805,zoom_7_60,,152.98797607422,93.15599822998,162815,162823,583.984375,39.74654800033569
800,162821,844800,44.46500015258789,zoom_7_60,,152.98797607422,93.15599822998,162815,162823,583.984375,39.80582200050354
801,162822,804864,133.48699951171875,zoom_7_60,,152.98797607422,93.15599822998,162815,162823,583.984375,39.85028700017929
802,162823,703488,83.6259994506836,zoom_7_60,93.15599822998,93.15599822998,93.15599822998,162823,162823,0.0,39.98377400064469
803,162824,636928,52.02199935913086,zoom_7_60,,93.15599822998,93.15599822998,162823,162823,0.0,40.06740000009537
804,162825,396288,68.89399719238281,zoom_7_60,,93.15599822998,93.15599822998,162823,162823,0.0,40.11942200040817
