handle,label,type,source_streams,descriptor_version,texture_type,pixel_format,width,height,depth,mip_count,sample_count,array_length,descriptor_key,storage_mode_raw,storage_mode,recorded_size_bytes,size_meaning,purgeable_state_raw,cpu_access_raw,last_bound_raw,last_bound,size_mib,shader_bound_draws,is_attachment,bound_by_draw,in_used_resource_stream
0x1436ae300,SmashTexture_0,Texture,"[""device-resources-0x10ee34000""]",81,2,70,2048,2048,1,1,1,1,9825AF765CDD5278,0,Shared,16908288,recorded_allocated_size,2,2,0,Now,16.125,49,False,True,True
0x1178d0780,DrawableProxy,Texture,"[""unused-device-resources-0x10ee34000""]",81,2,80,2778,1284,1,1,1,1,6DB5F6E829222DA,0,Shared,15400960,recorded_allocated_size,4,0,18446744073709551615,Never,14.6875,0,False,False,False
0x1178d0500,DrawableProxy,Texture,"[""unused-device-resources-0x10ee34000""]",81,2,80,2778,1284,1,1,1,1,EAF8E36323571220,0,Shared,15400960,recorded_allocated_size,4,0,18446744073709551615,Never,14.6875,0,False,False,False
0x13b004780,CAMetalLayer Display Drawable,Texture,"[""capture""]",,,,,,,,,,,,,14467072,recorded_allocated_size,2,0,,,13.796875,0,True,False,False
0x16b4de800,Game_SHARED_GAME_SHADOW_MAP_NAME,Texture,"[""device-resources-0x10ee34000""]",81,2,250,2048,2048,1,1,1,1,B3CB403B2B979592,0,Shared,8519680,recorded_allocated_size,2,0,0,Now,8.125,155,False,True,True
0x17b329b80,Game_SHARED_GAME_SHADOW_MAP_NAME_2,Texture,"[""device-resources-0x10ee34000""]",81,2,250,2048,2048,1,1,1,1,D3A96D34A8549D93,0,Shared,8519680,recorded_allocated_size,2,0,0,Now,8.125,167,True,True,True
0x1345f4000,,Texture,"[""unused-device-resources-0x10ee34000""]",81,2,71,1920,1080,1,1,1,1,7548A9F8FF3265C7,0,Shared,8486912,recorded_allocated_size,2,2,168809925375,Earlier,8.09375,0,False,False,False
0x174645680,Game_SCENE_COLOR_MAP_NAME,Texture,"[""device-resources-0x10ee34000""]",81,2,92,1946,900,1,1,1,1,6B76921355FBBC8C,0,Shared,7684096,recorded_allocated_size,2,0,0,Now,7.328125,2,True,True,True
0x16ace3980,N_BN_ADULTS_AT_C,Texture,"[""device-resources-0x10ee34000""]",81,2,115,2048,294,1,1,1,1,67AF206CD393EEB9,0,Shared,5275648,recorded_allocated_size,2,2,0,Now,5.03125,0,False,False,True
0x174645180,Game_BG_COLOR_MAP,Texture,"[""unused-device-resources-0x10ee34000""]",81,2,260,1389,642,1,1,1,1,990256568BB692FE,0,Shared,5177344,recorded_allocated_size,2,0,137907630708,Earlier,4.9375,0,False,False,False
0x16b70a580,N_Hero_AT_C,Texture,"[""device-resources-0x10ee34000""]",81,2,115,2048,288,1,1,1,1,11107B3FF2B3663F,0,Shared,4751360,recorded_allocated_size,2,2,0,Now,4.53125,0,False,False,True
0x1436aea80,Font_Texture_0,Texture,"[""device-resources-0x10ee34000""]",81,2,1,2048,2048,1,1,1,1,95936CB51BE43C9E,0,Shared,4325376,recorded_allocated_size,2,2,0,Now,4.125,48,False,True,True
0x138dab980,,Texture,"[""device-resources-0x10ee34000""]",81,2,1,2048,2048,1,1,1,1,731DF898513D02B4,0,Shared,4325376,recorded_allocated_size,2,2,0,Now,4.125,0,False,False,True
0x1690e8c80,SplatMap0After_BlendRT,Texture,"[""device-resources-0x10ee34000""]",81,2,70,1024,1024,1,1,1,1,4E196E28E417B9A,0,Shared,4227072,recorded_allocated_size,2,0,0,Now,4.03125,1,False,True,True
0x1690eb480,SplatMap1After_BlendRT,Texture,"[""device-resources-0x10ee34000""]",81,2,70,1024,1024,1,1,1,1,73A71E519AB2C7D2,0,Shared,4227072,recorded_allocated_size,2,0,0,Now,4.03125,1,False,True,True
0x13b2a8300,ScratchBuffer0_1,Buffer,"[""device-resources-0x10ee34000""]",,,,,,,,,,,,,4194304,requested_buffer_length,2,3,0,Now,4.0,0,False,True,True
0x13b2a8480,ScratchBuffer0_1,Buffer,"[""device-resources-0x10ee34000""]",,,,,,,,,,,,,4194304,requested_buffer_length,2,3,0,Now,4.0,0,False,True,True
0x13b2a9080,ScratchBuffer0_2,Buffer,"[""device-resources-0x10ee34000""]",,,,,,,,,,,,,4194304,requested_buffer_length,2,3,0,Now,4.0,0,False,False,True
0x13b2a9200,ScratchBuffer0_2,Buffer,"[""device-resources-0x10ee34000""]",,,,,,,,,,,,,4194304,requested_buffer_length,2,3,0,Now,4.0,0,False,False,True
0x138da8000,,Texture,"[""device-resources-0x10ee34000""]",81,2,204,2048,2048,1,1,1,1,41778AFB58CA8DFD,0,Shared,4194304,recorded_allocated_size,2,2,0,Now,4.0,2,False,True,True
0x13b2a8180,ScratchBuffer0_0,Buffer,"[""unused-device-resources-0x10ee34000""]",,,,,,,,,,,,,4194304,requested_buffer_length,2,3,0,Now,4.0,0,False,False,False
0x10c1fee80,ScratchBuffer0_0,Buffer,"[""unused-device-resources-0x10ee34000""]",,,,,,,,,,,,,4194304,requested_buffer_length,2,3,0,Now,4.0,0,False,False,False
0x17407fd80,ScratchBuffer0_3,Buffer,"[""unused-device-resources-0x10ee34000""]",,,,,,,,,,,,,4194304,requested_buffer_length,2,3,0,Now,4.0,0,False,False,False
0x17407d680,ScratchBuffer0_3,Buffer,"[""unused-device-resources-0x10ee34000""]",,,,,,,,,,,,,4194304,requested_buffer_length,2,3,0,Now,4.0,0,False,False,False
0x1690e8780,UGui_BlurRT_0,Texture,"[""unused-device-resources-0x10ee34000""]",81,2,70,1389,642,1,1,1,1,C835DD2734BEB59D,0,Shared,4030464,recorded_allocated_size,2,0,92329240041,Earlier,3.84375,0,False,False,False
0x174644f00,Game_BG_COLOR_MAP,Texture,"[""unused-device-resources-0x10ee34000""]",81,2,92,1389,642,1,1,1,1,8877F2D527487B1A,0,Shared,4030464,recorded_allocated_size,2,0,94160765375,Earlier,3.84375,0,False,False,False
0x16acca080,N_BS_05_AT_C,Texture,"[""device-resources-0x10ee34000""]",81,2,115,2048,210,1,1,1,1,9B4AA542797121B5,0,Shared,3686400,recorded_allocated_size,2,2,0,Now,3.515625,0,False,False,True
0x16acca800,N_BS_06_AT_C,Texture,"[""device-resources-0x10ee34000""]",81,2,115,1361,303,1,1,1,1,C322889499D87835,0,Shared,3637248,recorded_allocated_size,2,2,0,Now,3.46875,17,False,True,True
0x16ae8ca00,Game_RT_POST_OUTLINE_PREPARE,Texture,"[""unused-device-resources-0x10ee34000""]",81,2,10,1946,900,1,1,1,1,E043E2ACB8FDD56A,0,Shared,2162688,recorded_allocated_size,2,0,79439702708,Earlier,2.0625,0,False,False,False
0x16acc9e00,N_BS_02_AT_C,Texture,"[""device-resources-0x10ee34000""]",81,2,115,2032,105,1,1,1,1,6EDE3E1E88A941BD,0,Shared,2113536,recorded_allocated_size,2,2,0,Now,2.015625,0,False,False,True
0x138da8780,infinite_icon,Texture,"[""unused-device-resources-0x10ee34000""]",81,2,166,2048,2048,1,1,1,1,A3F7C4724F951B58,0,Shared,2097152,recorded_allocated_size,2,2,18446744073709551615,Never,2.0,0,False,False,False
0x138da9680,BitmapFont_0,Texture,"[""unused-device-resources-0x10ee34000""]",81,2,208,2048,2048,1,1,1,1,19BBF4358DADE43,0,Shared,1982464,recorded_allocated_size,2,2,18446744073709551615,Never,1.890625,0,False,False,False
0x138da9b80,BitmapFont2_0,Texture,"[""unused-device-resources-0x10ee34000""]",81,2,208,2048,2048,1,1,1,1,E2DE2FDA1CC48CC2,0,Shared,1982464,recorded_allocated_size,2,2,18446744073709551615,Never,1.890625,0,False,False,False
0x16accaf80,N_BS_04_AT_C,Texture,"[""device-resources-0x10ee34000""]",81,2,115,1823,105,1,1,1,1,EC7EF131410AD821,0,Shared,1916928,recorded_allocated_size,2,2,0,Now,1.828125,0,False,False,True
0x1722cde00,N_BS_03_AT_C,Texture,"[""unused-device-resources-0x10ee34000""]",81,2,115,1715,105,1,1,1,1,5757902C7F85F44D,0,Shared,1785856,recorded_allocated_size,2,2,77483612041,Earlier,1.703125,0,False,False,False
0x16ae8d180,N_0_AT_C,Texture,"[""device-resources-0x10ee34000""]",81,2,115,216,816,1,1,1,1,64571B553D7C3C7E,0,Shared,1720320,recorded_allocated_size,2,2,0,Now,1.640625,21,False,True,True
0x1722cea80,N_Horse_AT_C,Texture,"[""device-resources-0x10ee34000""]",81,2,115,1197,159,1,1,1,1,90F33F7FE0D35BF,0,Shared,1572864,recorded_allocated_size,2,2,0,Now,1.5,0,False,False,True
0x15bc7f480,T_AP1_TRN_CN_A4_TRP,Texture,"[""device-resources-0x10ee34000""]",81,2,204,1024,1024,1,11,1,1,B64704B3AD80EEE,0,Shared,1409024,recorded_allocated_size,2,2,0,Now,1.34375,1,False,True,True
0x15bc7f700,T_Normalmap_Chn_Flip_y_N,Texture,"[""device-resources-0x10ee34000""]",81,2,174,1024,1024,1,9,1,1,50B15A4CC46B0400,0,Shared,1409024,recorded_allocated_size,2,2,0,Now,1.34375,1,False,True,True
0x16ae8d400,N_1_AT_C,Texture,"[""device-resources-0x10ee34000""]",81,2,115,216,504,1,1,1,1,B85CCDD333F82265,0,Shared,1064960,recorded_allocated_size,2,2,0,Now,1.015625,2,False,True,True
0x174060f00,Game_RT_4,Texture,"[""device-resources-0x10ee34000""]",81,2,115,486,225,1,1,1,1,9A4F08F576835F43,0,Shared,1064960,recorded_allocated_size,2,0,0,Now,1.015625,2,True,True,True
0x174061b80,Game_RT_SUM_MERGE,Texture,"[""device-resources-0x10ee34000""]",81,2,115,486,225,1,1,1,1,D47B9E3E4E5A8EBF,0,Shared,1064960,recorded_allocated_size,2,0,0,Now,1.015625,1,True,True,True
0x1690e9180,N_0_AT_C,Texture,"[""unused-device-resources-0x10ee34000""]",81,2,115,193,472,1,1,1,1,5FEA95F07AA1BF00,0,Shared,999424,recorded_allocated_size,2,2,77483845375,Earlier,0.953125,0,False,False,False
0x17b32b980,https://wes-70135.njc.vod.tencent-cloud.com/zh_CN/giftnotice/giftnotice_bsgs_yx.png.astc,Texture,"[""unused-device-resources-0x10ee34000""]",81,2,208,1920,1080,1,1,1,1,C2924886BD8709F4,0,Shared,983040,recorded_allocated_size,2,2,92329094708,Earlier,0.9375,0,False,False,False
0x17b32b700,https://wes-70135.njc.vod.tencent-cloud.com/zh_CN/giftnotice/giftnotice_sjxj_yx.png.astc,Texture,"[""unused-device-resources-0x10ee34000""]",81,2,208,1920,1080,1,1,1,1,CC784887D46BA97D,0,Shared,983040,recorded_allocated_size,2,2,92329142708,Earlier,0.9375,0,False,False,False
0x17b328500,https://wes-70135.njc.vod.tencent-cloud.com/zh_CN/giftnotice/giftnotice_hjch_yx.png.astc,Texture,"[""unused-device-resources-0x10ee34000""]",81,2,208,1920,1080,1,1,1,1,AB627E31BA7E4B7E,0,Shared,983040,recorded_allocated_size,2,2,92329218708,Earlier,0.9375,0,False,False,False
0x16b709400,T_FR_DRILLGFLAG01UV1_A0_VA,Texture,"[""unused-device-resources-0x10ee34000""]",81,2,115,776,101,1,1,1,1,ED99DFC5FE4DAA64,0,Shared,868352,recorded_allocated_size,2,2,71426240041,Earlier,0.828125,0,False,False,False
0x15bc7f980,T_AP0_TRN_CN_A4_TRP,Texture,"[""device-resources-0x10ee34000""]",81,2,208,1024,1024,1,11,1,1,1D22F21B9A10FF48,0,Shared,851968,recorded_allocated_size,2,2,0,Now,0.8125,1,False,True,True
0x15bc7fc00,T_AP2_TRN_CN_A4_TRP,Texture,"[""device-resources-0x10ee34000""]",81,2,208,1024,1024,1,11,1,1,351B5CFDCC2246E0,0,Shared,851968,recorded_allocated_size,2,2,0,Now,0.8125,1,False,True,True
0x1345f6800,T_NP0_TRN_CN_A4_TRP,Texture,"[""device-resources-0x10ee34000""]",81,2,208,1024,1024,1,11,1,1,8BB731402C699B78,0,Shared,851968,recorded_allocated_size,2,2,0,Now,0.8125,1,False,True,True
0x168c60000,T_NP1_TRN_CN_A4_TRP,Texture,"[""device-resources-0x10ee34000""]",81,2,208,1024,1024,1,11,1,1,59AE8B6AF771AFE6,0,Shared,851968,recorded_allocated_size,2,2,0,Now,0.8125,1,False,True,True
0x168c60280,T_NP2_TRN_CN_A4_TRP,Texture,"[""device-resources-0x10ee34000""]",81,2,208,1024,1024,1,11,1,1,E43010095791F7E1,0,Shared,851968,recorded_allocated_size,2,2,0,Now,0.8125,1,False,True,True
0x1690f0a00,T_CityTree_D_C,Texture,"[""device-resources-0x10ee34000""]",81,2,190,1024,1024,1,11,1,1,EEA8B65D30A84BB0,0,Shared,851968,recorded_allocated_size,2,2,0,Now,0.8125,16,False,True,True
0x1690f1900,T_CityMountHuangB_D,Texture,"[""device-resources-0x10ee34000""]",81,2,190,1024,1024,1,11,1,1,814373FB741C9310,0,Shared,851968,recorded_allocated_size,2,2,0,Now,0.8125,1,False,True,True
0x1690f2800,T_CN_FLAG_A0_NRT,Texture,"[""device-resources-0x10ee34000""]",81,2,208,1024,1024,1,11,1,1,D1D033F5561CACDD,0,Shared,851968,recorded_allocated_size,2,2,0,Now,0.8125,17,False,True,True
0x1694fc780,T_CN_BARRACKFLAG_A3_NRT,Texture,"[""device-resources-0x10ee34000""]",81,2,208,1024,1024,1,11,1,1,5C928EE45222EF57,0,Shared,851968,recorded_allocated_size,2,2,0,Now,0.8125,5,False,True,True
0x16b538c80,T_FX_Mask_02_CH,Texture,"[""device-resources-0x10ee34000""]",81,2,190,1024,1024,1,11,1,1,6EE3AB15160F49EF,0,Shared,851968,recorded_allocated_size,2,2,0,Now,0.8125,2,False,True,True
0x174062080,T_CityRock_NRT_C,Texture,"[""device-resources-0x10ee34000""]",81,2,208,1024,1024,1,11,1,1,CE306784ABE7385A,0,Shared,851968,recorded_allocated_size,2,2,0,Now,0.8125,6,False,True,True
0x174062300,T_CityRock_DA_C,Texture,"[""device-resources-0x10ee34000""]",81,2,190,1024,1024,1,11,1,1,10FDDC92A4C51372,0,Shared,851968,recorded_allocated_size,2,2,0,Now,0.8125,6,False,True,True
0x174062800,T_CityGrass_NRA,Texture,"[""device-resources-0x10ee34000""]",81,2,208,1024,1024,1,11,1,1,7D0562DE7D337F48,0,Shared,851968,recorded_allocated_size,2,2,0,Now,0.8125,4,False,True,True
0x174062a80,T_CityTree_NRA,Texture,"[""device-resources-0x10ee34000""]",81,2,208,1024,1024,1,11,1,1,77F3976F15C0106F,0,Shared,851968,recorded_allocated_size,2,2,0,Now,0.8125,16,False,True,True
0x1690eaf80,N_0_AT_C,Texture,"[""unused-device-resources-0x10ee34000""]",81,2,115,158,516,1,1,1,1,1F9A9778CC176D08,0,Shared,851968,recorded_allocated_size,2,2,77483868041,Earlier,0.8125,0,False,False,False
0x169759e00,T_AP0_TRN_CN_Snow_TRP,Texture,"[""unused-device-resources-0x10ee34000""]",81,2,208,1024,1024,1,11,1,1,F2B727C23107119E,0,Shared,851968,recorded_allocated_size,2,2,18446744073709551615,Never,0.8125,0,False,False,False
0x16975a300,T_NP0_TRN_CN_Snow_TRP,Texture,"[""unused-device-resources-0x10ee34000""]",81,2,208,1024,1024,1,11,1,1,F130E2429FFAA172,0,Shared,851968,recorded_allocated_size,2,2,18446744073709551615,Never,0.8125,0,False,False,False
0x138da9900,infinite_icon_mask,Texture,"[""unused-device-resources-0x10ee34000""]",81,2,190,1024,1024,1,11,1,1,17D8D7C8F45ECD9A,0,Shared,851968,recorded_allocated_size,2,2,18446744073709551615,Never,0.8125,0,False,False,False
0x1690e9900,N_1_AT_C,Texture,"[""unused-device-resources-0x10ee34000""]",81,2,115,193,356,1,1,1,1,1FCE9443FF9AB8FB,0,Shared,802816,recorded_allocated_size,2,2,77483845375,Earlier,0.765625,0,False,False,False
0x168c60500,T_WP1_TRN_CN_A4_SPM,Texture,"[""unused-device-resources-0x10ee34000""]",81,2,204,1024,512,1,11,1,1,6CA86B2010AA8AF2,0,Shared,704512,recorded_allocated_size,2,2,79108808041,Earlier,0.671875,0,False,False,False
0x168c60780,T_WP0_TRN_CN_A4_SPM,Texture,"[""unused-device-resources-0x10ee34000""]",81,2,204,1024,512,1,11,1,1,33A1B3B70DD9D838,0,Shared,704512,recorded_allocated_size,2,2,79108808041,Earlier,0.671875,0,False,False,False
0x16ae8cf00,N_2_AT_C,Texture,"[""device-resources-0x10ee34000""]",81,2,115,216,308,1,1,1,1,10921BF630298990,0,Shared,671744,recorded_allocated_size,2,2,0,Now,0.640625,2,False,True,True
0x1690e9b80,N_3_AT_C,Texture,"[""device-resources-0x10ee34000""]",81,2,115,170,374,1,1,1,1,83FBE286ED5B9166,0,Shared,606208,recorded_allocated_size,2,2,0,Now,0.578125,2,False,True,True
0x1690e9e00,N_0_AT_C,Texture,"[""device-resources-0x10ee34000""]",81,2,115,170,374,1,1,1,1,75C3A07ED6A12554,0,Shared,606208,recorded_allocated_size,2,2,0,Now,0.578125,2,False,True,True
0x1690ea080,N_1_AT_C,Texture,"[""device-resources-0x10ee34000""]",81,2,115,170,374,1,1,1,1,F9B63C4948106976,0,Shared,606208,recorded_allocated_size,2,2,0,Now,0.578125,2,False,True,True
0x1690ea300,N_2_AT_C,Texture,"[""device-resources-0x10ee34000""]",81,2,115,170,374,1,1,1,1,212936A5AC2E4FC6,0,Shared,606208,recorded_allocated_size,2,2,0,Now,0.578125,2,False,True,True
0x16ace1900,T_NC_PROPS10BUV1_A0_VA,Texture,"[""unused-device-resources-0x10ee34000""]",81,2,115,436,151,1,1,1,1,9EB64DEB6FB83C01,0,Shared,589824,recorded_allocated_size,2,2,77452892041,Earlier,0.5625,0,False,False,False
0x1687cd680,shudu_lake_2k,Texture,"[""unused-device-resources-0x10ee34000""]",81,5,190,256,256,1,9,1,1,A014D30DD68BBFCB,0,Shared,589824,recorded_allocated_size,2,2,18446744073709551615,Never,0.5625,0,False,False,False
0x1690e9400,N_2_AT_C,Texture,"[""unused-device-resources-0x10ee34000""]",81,2,115,193,235,1,1,1,1,7BF8F271DC9DFC55,0,Shared,540672,recorded_allocated_size,2,2,77483845375,Earlier,0.515625,0,False,False,False
0x1690ea800,N_1_AT_C,Texture,"[""unused-device-resources-0x10ee34000""]",81,2,115,158,300,1,1,1,1,7F02040AFC566FBC,0,Shared,507904,recorded_allocated_size,2,2,77483868041,Earlier,0.484375,0,False,False,False
0x16b4de580,T_BuildAOAtlas_Civi2_Age4,Texture,"[""device-resources-0x10ee34000""]",81,2,190,1024,512,1,11,1,1,26C24A0091320F49,0,Shared,458752,recorded_allocated_size,2,2,0,Now,0.4375,0,False,False,True
0x1687d3a80,SM_CN_HALLOFWAR_A4_LOD02,Buffer,"[""unused-device-resources-0x10ee34000""]",,,,,,,,,,,,,458752,requested_buffer_length,2,3,90967840041,Earlier,0.4375,0,False,False,False
0x1687d1c80,SM_CN_CENTER_A4_LOD02,Buffer,"[""unused-device-resources-0x10ee34000""]",,,,,,,,,,,,,458752,requested_buffer_length,2,3,90967816041,Earlier,0.4375,0,False,False,False
0x1345f4a00,AreaTex,Texture,"[""unused-device-resources-0x10ee34000""]",81,2,70,160,560,1,1,1,1,E3FE7BFA3BBBC185,0,Shared,458752,recorded_allocated_size,2,2,168815529375,Earlier,0.4375,0,False,False,False
0x15bfe1200,SM_Terrain_Dark_China,Buffer,"[""device-resources-0x10ee34000""]",,,,,,,,,,,,,425984,requested_buffer_length,2,3,0,Now,0.40625,0,False,True,True
0x16ae8cc80,N_3_AT_C,Texture,"[""device-resources-0x10ee34000""]",81,2,115,216,181,1,1,1,1,B0CE7B5AEAE9A806,0,Shared,409600,recorded_allocated_size,2,2,0,Now,0.390625,2,False,True,True
0x1694fca00,T_CN_BARRACKFLAGUV1_A3_VA,Texture,"[""device-resources-0x10ee34000""]",81,2,115,377,101,1,1,1,1,65BB85C5C00CF633,0,Shared,409600,recorded_allocated_size,2,2,0,Now,0.390625,0,False,False,True
0x1694fe800,T_CN_ARCHERYFLAGUV1_A3_VA,Texture,"[""device-resources-0x10ee34000""]",81,2,115,377,101,1,1,1,1,646103B40A23E531,0,Shared,409600,recorded_allocated_size,2,2,0,Now,0.390625,0,False,False,True
0x1694ff980,T_CN_SPEARBFLAGUV1_A3_VA,Texture,"[""device-resources-0x10ee34000""]",81,2,115,377,101,1,1,1,1,D65ABC1AB113AA84,0,Shared,409600,recorded_allocated_size,2,2,0,Now,0.390625,0,False,False,True
0x169681900,T_CN_HALLOFWARFLAGUV1_A3_VA,Texture,"[""device-resources-0x10ee34000""]",81,2,115,377,101,1,1,1,1,8BE33FEF902CE904,0,Shared,409600,recorded_allocated_size,2,2,0,Now,0.390625,0,False,False,True
0x169759400,T_CN_STABLEFLAGUV1_A3_VA,Texture,"[""device-resources-0x10ee34000""]",81,2,115,377,101,1,1,1,1,B89B4D694427FD4,0,Shared,409600,recorded_allocated_size,2,2,0,Now,0.390625,0,False,False,True
0x16acd5680,T_SkyBoxCity_HDRI,Texture,"[""device-resources-0x10ee34000""]",81,5,194,512,512,1,1,1,1,86E355BC0EA7B9A8,0,Shared,393216,recorded_allocated_size,2,2,0,Now,0.375,0,False,False,True
0x1690e1900,T_FX_FB_Liquid_Splash03,Texture,"[""device-resources-0x10ee34000""]",81,2,194,1024,1024,1,11,1,1,7702737C9773D5C7,0,Shared,360448,recorded_allocated_size,2,2,0,Now,0.34375,0,False,False,True
0x16acd4f00,T_FX_FB_Fire_06,Texture,"[""device-resources-0x10ee34000""]",81,2,212,1024,1024,1,11,1,1,DBD12077F5BD8B76,0,Shared,360448,recorded_allocated_size,2,2,0,Now,0.34375,10,False,True,True
0x1764faa00,,Buffer,"[""unused-device-resources-0x10ee34000""]",,,,,,,,,,,,,360448,requested_buffer_length,2,3,79539297375,Earlier,0.34375,0,False,False,False
0x16ace2a80,T_CN_FLAG15UV1_A2_VA,Texture,"[""unused-device-resources-0x10ee34000""]",81,2,115,291,101,1,1,1,1,8CEC3B5DE74353C9,0,Shared,344064,recorded_allocated_size,2,2,77452886708,Earlier,0.328125,0,False,False,False
0x1690e9680,N_3_AT_C,Texture,"[""unused-device-resources-0x10ee34000""]",81,2,115,193,155,1,1,1,1,AC6C0BD103243494,0,Shared,344064,recorded_allocated_size,2,2,77483845375,Earlier,0.328125,0,False,False,False
0x1690f2f80,T_CN_FLAG05UV1_A2_VA,Texture,"[""device-resources-0x10ee34000""]",81,2,115,132,161,1,1,1,1,BD9A61A10AB4AB65,0,Shared,311296,recorded_allocated_size,2,2,0,Now,0.296875,0,False,False,True
0x169642880,SM_CN_HALLOFWAR_A4_LOD03,Buffer,"[""unused-device-resources-0x10ee34000""]",,,,,,,,,,,,,311296,requested_buffer_length,2,3,77518060041,Earlier,0.296875,0,False,False,False
0x17b239b00,SM_CN_HEROSHRINE01_A3_LOD02,Buffer,"[""unused-device-resources-0x10ee34000""]",,,,,,,,,,,,,311296,requested_buffer_length,2,3,90967410708,Earlier,0.296875,0,False,False,False
0x1690eaa80,N_2_AT_C,Texture,"[""unused-device-resources-0x10ee34000""]",81,2,115,158,190,1,1,1,1,BCD7675FAFFA9E70,0,Shared,311296,recorded_allocated_size,2,2,77483868041,Earlier,0.296875,0,False,False,False
0x15bfe0780,SM_CN_CASTLE_A4_LOD03,Buffer,"[""unused-device-resources-0x10ee34000""]",,,,,,,,,,,,,294912,requested_buffer_length,2,3,77485218708,Earlier,0.28125,0,False,False,False
0x15bc7c780,T_FX_UI_Fanight_Common_op4,Texture,"[""unused-device-resources-0x10ee34000""]",81,2,190,1024,512,1,1,1,1,383B2297EEC03698,0,Shared,294912,recorded_allocated_size,2,2,18446744073709551615,Never,0.28125,0,False,False,False
0x1694fc280,T_CN_FLAG03UV1_A2_VA,Texture,"[""device-resources-0x10ee34000""]",81,2,115,208,101,1,1,1,1,DB793D444F44E488,0,Shared,278528,recorded_allocated_size,2,2,0,Now,0.265625,0,False,False,True
0x1694ff200,T_CN_FLAG12UV1_A2_VA,Texture,"[""device-resources-0x10ee34000""]",81,2,115,208,101,1,1,1,1,1493C8ED092010A3,0,Shared,278528,recorded_allocated_size,2,2,0,Now,0.265625,0,False,False,True
0x1687d3180,SM_CN_SCHOOL_A4_LOD02,Buffer,"[""unused-device-resources-0x10ee34000""]",,,,,,,,,,,,,278528,requested_buffer_length,2,3,90967784041,Earlier,0.265625,0,False,False,False
0x16acd5b80,T_NeutralLdrLut_ByzantineCastle_LUT,Texture,"[""unused-device-resources-0x10ee34000""]",81,2,115,1024,32,1,1,1,1,5001E15BF8B95329,0,Shared,278528,recorded_allocated_size,2,2,79108808041,Earlier,0.265625,0,False,False,False
0x16b70bc00,N_BN_KIDS_AT_C,Texture,"[""unused-device-resources-0x10ee34000""]",81,2,115,216,105,1,1,1,1,DA4075DFB4682C8,0,Shared,278528,recorded_allocated_size,2,2,77483554708,Earlier,0.265625,0,False,False,False
0x1764be580,T_NeutralLdrLut_ByzantineCastle_Low_LUT,Texture,"[""unused-device-resources-0x10ee34000""]",81,2,115,1024,32,1,1,1,1,100979FA8A50D169,0,Shared,278528,recorded_allocated_size,2,2,138794052041,Earlier,0.265625,0,False,False,False
0x1687cd400,T_TVPreview_LUT,Texture,"[""unused-device-resources-0x10ee34000""]",81,2,115,1024,32,1,1,1,1,34BAEBE0AE9A8B5D,0,Shared,278528,recorded_allocated_size,2,2,102502282708,Earlier,0.265625,0,False,False,False
0x16aed0300,M_shuiche_A,Buffer,"[""device-resources-0x10ee34000""]",,,,,,,,,,,,,262144,requested_buffer_length,2,3,0,Now,0.25,0,False,True,True
0x13b005e00,T_HP0_TRN_CN_A4_THP,Texture,"[""device-resources-0x10ee34000""]",81,2,208,512,512,1,10,1,1,1654A8831423CF22,0,Shared,262144,recorded_allocated_size,2,2,0,Now,0.25,1,False,True,True
0x168c62300,T_FX_Mask_Noise21,Texture,"[""device-resources-0x10ee34000""]",81,2,190,512,512,1,10,1,1,392D74399555E32F,0,Shared,262144,recorded_allocated_size,2,2,0,Now,0.25,10,False,True,True
0x168c63980,T_FX_Liquid_WaterFall03,Texture,"[""device-resources-0x10ee34000""]",81,2,208,512,512,1,10,1,1,658C3549EB69C48D,0,Shared,262144,recorded_allocated_size,2,2,0,Now,0.25,3,False,True,True
0x1690e0000,T_FX_Noise_54,Texture,"[""device-resources-0x10ee34000""]",81,2,208,512,512,1,10,1,1,E69174C57068EE2F,0,Shared,262144,recorded_allocated_size,2,2,0,Now,0.25,0,False,False,True
0x1690e0280,T_FX_Noise_56,Texture,"[""device-resources-0x10ee34000""]",81,2,208,512,512,1,10,1,1,671E0B3DFDD4E963,0,Shared,262144,recorded_allocated_size,2,2,0,Now,0.25,10,False,True,True
0x1690e0c80,T_FX_Noise_55,Texture,"[""device-resources-0x10ee34000""]",81,2,208,512,512,1,10,1,1,9BE92200E5643DC8,0,Shared,262144,recorded_allocated_size,2,2,0,Now,0.25,1,False,True,True
0x1690e1680,T_FX_Sand_01,Texture,"[""device-resources-0x10ee34000""]",81,2,208,512,512,1,10,1,1,C768DEF809F5A2A7,0,Shared,262144,recorded_allocated_size,2,2,0,Now,0.25,0,False,False,True
0x1690e2f80,T_SpecularHighlights_M,Texture,"[""device-resources-0x10ee34000""]",81,2,208,512,512,1,10,1,1,7CBA67DD62EA5EBB,0,Shared,262144,recorded_allocated_size,2,2,0,Now,0.25,3,False,True,True
0x1690ea580,T_FX_FB_Generic_Leaf_06_xcy,Texture,"[""device-resources-0x10ee34000""]",81,2,208,512,512,1,10,1,1,8EFCD7EB1039CB02,0,Shared,262144,recorded_allocated_size,2,2,0,Now,0.25,0,False,False,True
0x1690eb700,T_ShoreMap_China_C,Texture,"[""device-resources-0x10ee34000""]",81,2,204,512,512,1,1,1,1,CA977F565F6C8376,0,Shared,262144,recorded_allocated_size,2,2,0,Now,0.25,2,False,True,True
0x1690f1400,T_CityMountHuangA_02_NRT,Texture,"[""device-resources-0x10ee34000""]",81,2,208,512,512,1,10,1,1,A674CEB7C00E1023,0,Shared,262144,recorded_allocated_size,2,2,0,Now,0.25,1,False,True,True
0x1690f1b80,T_CityMountHuangB_NRT,Texture,"[""device-resources-0x10ee34000""]",81,2,208,512,512,1,10,1,1,58B2E644E9E5EDFD,0,Shared,262144,recorded_allocated_size,2,2,0,Now,0.25,1,False,True,True
0x1690f2300,T_CN_CASTLE_A4_NRT,Texture,"[""device-resources-0x10ee34000""]",81,2,208,512,512,1,10,1,1,ACAF0FDBADF60D7D,0,Shared,262144,recorded_allocated_size,2,2,0,Now,0.25,11,False,True,True
0x1690f2580,T_CN_CASTLE_A4_DA,Texture,"[""device-resources-0x10ee34000""]",81,2,190,512,512,1,10,1,1,1D207144D871849E,0,Shared,262144,recorded_allocated_size,2,2,0,Now,0.25,11,False,True,True
0x1690f2a80,T_CN_FLAG_A0_DA,Texture,"[""device-resources-0x10ee34000""]",81,2,190,512,512,1,10,1,1,47C2F83F549D5AC0,0,Shared,262144,recorded_allocated_size,2,2,0,Now,0.25,17,False,True,True
0x1690f3480,T_NC_PROPSC_A3_NRT,Texture,"[""device-resources-0x10ee34000""]",81,2,208,512,512,1,10,1,1,ED4BD1EBEDAF26C1,0,Shared,262144,recorded_allocated_size,2,2,0,Now,0.25,10,False,True,True
0x1690f3c00,T_FR_PROPS_A2_NRT,Texture,"[""device-resources-0x10ee34000""]",81,2,208,512,512,1,10,1,1,6940F420884C9F62,0,Shared,262144,recorded_allocated_size,2,2,0,Now,0.25,19,False,True,True
0x16acc8f00,T_CN_WALL_A4_NRT,Texture,"[""device-resources-0x10ee34000""]",81,2,208,512,512,1,10,1,1,1606B188C3D3265,0,Shared,262144,recorded_allocated_size,2,2,0,Now,0.25,7,False,True,True
0x16accb480,T_CN_HEROSHRINE_A3_NRT,Texture,"[""device-resources-0x10ee34000""]",81,2,208,512,512,1,10,1,1,F170060D837AF46,0,Shared,262144,recorded_allocated_size,2,2,0,Now,0.25,2,False,True,True
0x16acd4000,T_FX_Noise_74_kgr,Texture,"[""device-resources-0x10ee34000""]",81,2,208,512,512,1,10,1,1,A3014A86408ABB87,0,Shared,262144,recorded_allocated_size,2,2,0,Now,0.25,2,False,True,True
0x16acd4a00,T_FX_FB_Fire_07,Texture,"[""device-resources-0x10ee34000""]",81,2,218,1024,1024,1,11,1,1,5DB263A676D0766D,0,Shared,262144,recorded_allocated_size,2,2,0,Now,0.25,0,False,False,True
0x16acd5400,T_FR_FLAG_A0_NRT,Texture,"[""device-resources-0x10ee34000""]",81,2,208,512,512,1,10,1,1,976F02AD1F81FAA6,0,Shared,262144,recorded_allocated_size,2,2,0,Now,0.25,1,False,True,True
0x16acd6580,T_CN_VIPSHIP_A0_NRT,Texture,"[""device-resources-0x10ee34000""]",81,2,208,512,512,1,10,1,1,37A38D31CE6D2AA9,0,Shared,262144,recorded_allocated_size,2,2,0,Now,0.25,1,False,True,True
0x16acd6f80,T_FR_MTPROPS_A0_NRT,Texture,"[""device-resources-0x10ee34000""]",81,2,208,512,512,1,10,1,1,65C1766D1327615C,0,Shared,262144,recorded_allocated_size,2,2,0,Now,0.25,2,False,True,True
0x16acd7480,T_FR_WHARF_A4_NRT,Texture,"[""device-resources-0x10ee34000""]",81,2,208,512,512,1,10,1,1,725EDB10635B2F4F,0,Shared,262144,recorded_allocated_size,2,2,0,Now,0.25,8,False,True,True
0x16acd7700,T_FR_WHARF_A4_DA,Texture,"[""device-resources-0x10ee34000""]",81,2,190,512,512,1,10,1,1,A3F673DCD3E27CB3,0,Shared,262144,recorded_allocated_size,2,2,0,Now,0.25,8,False,True,True
0x16acd7980,T_CN_BRIDGE_A2_NRT,Texture,"[""device-resources-0x10ee34000""]",81,2,208,512,512,1,10,1,1,F5B199CC8B020657,0,Shared,262144,recorded_allocated_size,2,2,0,Now,0.25,2,False,True,True
0x16ace0000,T_CN_CENTER_A3_NRT,Texture,"[""device-resources-0x10ee34000""]",81,2,208,512,512,1,10,1,1,DEC0CA85F62EBEEF,0,Shared,262144,recorded_allocated_size,2,2,0,Now,0.25,2,False,True,True
0x16ace0280,T_CN_CENTER_A3_DA,Texture,"[""device-resources-0x10ee34000""]",81,2,190,512,512,1,10,1,1,2D61F6B572BD9F35,0,Shared,262144,recorded_allocated_size,2,2,0,Now,0.25,2,False,True,True
0x16ace0a00,T_CN_MTPROPS_A3_NRT,Texture,"[""device-resources-0x10ee34000""]",81,2,208,512,512,1,10,1,1,73BA1E4C4C23C07,0,Shared,262144,recorded_allocated_size,2,2,0,Now,0.25,3,False,True,True
0x16ace0f00,T_CN_DRILLG_A4_NRT,Texture,"[""device-resources-0x10ee34000""]",81,2,208,512,512,1,10,1,1,EC3E4C62A7272E15,0,Shared,262144,recorded_allocated_size,2,2,0,Now,0.25,1,False,True,True
0x16ace1e00,T_CN_ARCHERY_A3_NRT,Texture,"[""device-resources-0x10ee34000""]",81,2,208,512,512,1,10,1,1,B5057D4BDA541F3F,0,Shared,262144,recorded_allocated_size,2,2,0,Now,0.25,1,False,True,True
0x16ace2080,T_CN_CASTLE_A3_NRT,Texture,"[""device-resources-0x10ee34000""]",81,2,208,512,512,1,10,1,1,FD083ACA7DEA1E20,0,Shared,262144,recorded_allocated_size,2,2,0,Now,0.25,1,False,True,True
0x16ace2300,T_CN_CASTLE_A3_DA,Texture,"[""device-resources-0x10ee34000""]",81,2,190,512,512,1,10,1,1,30CAAC9638DF4819,0,Shared,262144,recorded_allocated_size,2,2,0,Now,0.25,1,False,True,True
0x16ace2d00,T_FR_BARRACK_A3_NRT,Texture,"[""device-resources-0x10ee34000""]",81,2,208,512,512,1,10,1,1,E5A3ECCE9C1C6D8F,0,Shared,262144,recorded_allocated_size,2,2,0,Now,0.25,2,False,True,True
0x16ace3480,T_FR_SPEARB_A3_NRT,Texture,"[""device-resources-0x10ee34000""]",81,2,208,512,512,1,10,1,1,D81FBE8870881A31,0,Shared,262144,recorded_allocated_size,2,2,0,Now,0.25,1,False,True,True
0x16ae8de00,T_NC_DOCK_A2_NRT,Texture,"[""device-resources-0x10ee34000""]",81,2,208,512,512,1,10,1,1,C96CC4550B3CBF0F,0,Shared,262144,recorded_allocated_size,2,2,0,Now,0.25,1,False,True,True
0x16ae8e800,T_NC_WHARF_A2_NRT,Texture,"[""device-resources-0x10ee34000""]",81,2,208,512,512,1,10,1,1,A7D24584B43F68DF,0,Shared,262144,recorded_allocated_size,2,2,0,Now,0.25,1,False,True,True
0x16ace3700,T_Grass16_M,Texture,"[""device-resources-0x10ee34000""]",81,2,208,512,512,1,10,1,1,65DB562C8126B63D,0,Shared,262144,recorded_allocated_size,2,2,0,Now,0.25,2,False,True,True
0x1694fc500,T_CN_BARRACKFLAG_A3_DA,Texture,"[""device-resources-0x10ee34000""]",81,2,190,512,512,1,10,1,1,18BECBE2646F9D3D,0,Shared,262144,recorded_allocated_size,2,2,0,Now,0.25,5,False,True,True
0x1694fcf00,T_CN_BARRACK_A4_NRT,Texture,"[""device-resources-0x10ee34000""]",81,2,208,512,512,1,10,1,1,3AB5BAB5D5B06A4C,0,Shared,262144,recorded_allocated_size,2,2,0,Now,0.25,1,False,True,True
0x1694fd680,T_CN_GOLDMINE_A4_NRT,Texture,"[""device-resources-0x10ee34000""]",81,2,208,512,512,1,10,1,1,81C3B90C83F0F724,0,Shared,262144,recorded_allocated_size,2,2,0,Now,0.25,1,False,True,True
0x1694fdb80,T_CN_HOUSE_A4_NRT,Texture,"[""device-resources-0x10ee34000""]",81,2,208,512,512,1,10,1,1,1F9EDB36F67B5754,0,Shared,262144,recorded_allocated_size,2,2,0,Now,0.25,1,False,True,True
0x1694fe080,T_CN_DOCK_A4_NRT,Texture,"[""device-resources-0x10ee34000""]",81,2,208,512,512,1,10,1,1,22A817DFB03A2C54,0,Shared,262144,recorded_allocated_size,2,2,0,Now,0.25,1,False,True,True
0x1694fe580,T_CN_HOSPITAL_A4_NRT,Texture,"[""device-resources-0x10ee34000""]",81,2,208,512,512,1,10,1,1,8CE35ED4AF1FBB4E,0,Shared,262144,recorded_allocated_size,2,2,0,Now,0.25,1,False,True,True
0x1694fef80,T_CN_ARCHERY_A4_NRT,Texture,"[""device-resources-0x10ee34000""]",81,2,208,512,512,1,10,1,1,6E90D44499DF756A,0,Shared,262144,recorded_allocated_size,2,2,0,Now,0.25,1,False,True,True
0x1694ff700,T_CN_TAVERN_A4_NRT,Texture,"[""device-resources-0x10ee34000""]",81,2,208,512,512,1,10,1,1,D206D79D0D24A9AE,0,Shared,262144,recorded_allocated_size,2,2,0,Now,0.25,1,False,True,True
0x169680000,T_CN_SPEARB_A4_NRT,Texture,"[""device-resources-0x10ee34000""]",81,2,208,512,512,1,10,1,1,623F14E51F9C6050,0,Shared,262144,recorded_allocated_size,2,2,0,Now,0.25,1,False,True,True
0x169680500,T_CN_MARKET_A4_NRT,Texture,"[""device-resources-0x10ee34000""]",81,2,208,512,512,1,10,1,1,F1C1C2C4319FE3AF,0,Shared,262144,recorded_allocated_size,2,2,0,Now,0.25,1,False,True,True
0x169680a00,T_CN_MTPROPS_A4_NRT,Texture,"[""device-resources-0x10ee34000""]",81,2,208,512,512,1,10,1,1,216912763C0CC0FB,0,Shared,262144,recorded_allocated_size,2,2,0,Now,0.25,1,False,True,True
0x169681680,T_CN_EMBASSY_A4_NRT,Texture,"[""device-resources-0x10ee34000""]",81,2,208,512,512,1,10,1,1,982337FE8ABFC616,0,Shared,262144,recorded_allocated_size,2,2,0,Now,0.25,1,False,True,True
0x169682080,T_CN_HALLOFWAR_A4_NRT,Texture,"[""device-resources-0x10ee34000""]",81,2,208,512,512,1,10,1,1,EAC6876AFA07BD3D,0,Shared,262144,recorded_allocated_size,2,2,0,Now,0.25,1,False,True,True
0x169682a80,T_CN_IRONMINE_A4_NRT,Texture,"[""device-resources-0x10ee34000""]",81,2,208,512,512,1,10,1,1,2834B5B795495A5C,0,Shared,262144,recorded_allocated_size,2,2,0,Now,0.25,1,False,True,True
0x169682d00,T_CN_CENTER_A4_DA,Texture,"[""device-resources-0x10ee34000""]",81,2,190,512,512,1,10,1,1,FAF4BB4A7A91D819,0,Shared,262144,recorded_allocated_size,2,2,0,Now,0.25,1,False,True,True
0x169682f80,T_CN_CENTER_A4_NRT,Texture,"[""device-resources-0x10ee34000""]",81,2,208,512,512,1,10,1,1,4E769828F3A521A3,0,Shared,262144,recorded_allocated_size,2,2,0,Now,0.25,1,False,True,True
0x169758f00,T_CN_TOWER_A4_NRT,Texture,"[""device-resources-0x10ee34000""]",81,2,208,512,512,1,10,1,1,67FF228D52DE6C56,0,Shared,262144,recorded_allocated_size,2,2,0,Now,0.25,1,False,True,True
0x169759680,T_CN_STABLE_A4_NRT,Texture,"[""device-resources-0x10ee34000""]",81,2,208,512,512,1,10,1,1,4205DB77BC36465E,0,Shared,262144,recorded_allocated_size,2,2,0,Now,0.25,1,False,True,True
0x169759b80,T_CN_SCHOOL_A4_NRT,Texture,"[""device-resources-0x10ee34000""]",81,2,208,512,512,1,10,1,1,FD1173A25E23FEC7,0,Shared,262144,recorded_allocated_size,2,2,0,Now,0.25,1,False,True,True
0x16b539b80,T_FX_Mask_07,Texture,"[""device-resources-0x10ee34000""]",81,2,208,512,512,1,10,1,1,C63FB2D8691CE7CA,0,Shared,262144,recorded_allocated_size,2,2,0,Now,0.25,1,False,True,True
0x16b53b200,T_FX_Noise_36,Texture,"[""device-resources-0x10ee34000""]",81,2,208,512,512,1,10,1,1,F535F574A115CEE9,0,Shared,262144,recorded_allocated_size,2,2,0,Now,0.25,1,False,True,True
0x16b53b980,T_FX_Noise_35,Texture,"[""device-resources-0x10ee34000""]",81,2,208,512,512,1,10,1,1,612B599D495B84A9,0,Shared,262144,recorded_allocated_size,2,2,0,Now,0.25,1,False,True,True
0x16b53bc00,T_FX_Noise_33,Texture,"[""device-resources-0x10ee34000""]",81,2,208,512,512,1,10,1,1,DC49D335ABE02938,0,Shared,262144,recorded_allocated_size,2,2,0,Now,0.25,2,False,True,True
0x16b708780,T_FX_Noise_31,Texture,"[""device-resources-0x10ee34000""]",81,2,208,512,512,1,10,1,1,29663909D4170EF6,0,Shared,262144,recorded_allocated_size,2,2,0,Now,0.25,0,False,False,True
0x16b708a00,T_FX_Smoke_Cloud07,Texture,"[""device-resources-0x10ee34000""]",81,2,208,512,512,1,10,1,1,DA2085D3C9028853,0,Shared,262144,recorded_allocated_size,2,2,0,Now,0.25,0,False,False,True
0x174062580,T_CityGrass_D,Texture,"[""device-resources-0x10ee34000""]",81,2,190,512,512,1,10,1,1,5B6E68424DB0541F,0,Shared,262144,recorded_allocated_size,2,2,0,Now,0.25,4,False,True,True
0x1764bde00,T_WRE_NC_GOLD_NRT,Texture,"[""device-resources-0x10ee34000""]",81,2,208,512,512,1,10,1,1,6FC9155ACFC295B2,0,Shared,262144,recorded_allocated_size,2,2,0,Now,0.25,1,False,True,True
0x1764be300,T_WRE_NC_ROCK01_NRT,Texture,"[""device-resources-0x10ee34000""]",81,2,208,512,512,1,10,1,1,1330A17EEF2CE3EA,0,Shared,262144,recorded_allocated_size,2,2,0,Now,0.25,1,False,True,True
0x13b005180,T_FX_Noise_03,Texture,"[""device-resources-0x10ee34000""]",81,2,208,512,512,1,10,1,1,D1BD2A19A5A2CF4E,0,Shared,262144,recorded_allocated_size,2,2,0,Now,0.25,1,False,True,True
0x169643300,SM_CN_CENTER_A4_LOD03,Buffer,"[""unused-device-resources-0x10ee34000""]",,,,,,,,,,,,,262144,requested_buffer_length,2,3,77518041375,Earlier,0.25,0,False,False,False
0x17407ed00,SM_CN_BARRACK_A4_LOD02,Buffer,"[""unused-device-resources-0x10ee34000""]",,,,,,,,,,,,,262144,requested_buffer_length,2,3,90968106708,Earlier,0.25,0,False,False,False
0x1687d3480,SM_CN_DOCK_A4_LOD02,Buffer,"[""unused-device-resources-0x10ee34000""]",,,,,,,,,,,,,262144,requested_buffer_length,2,3,90968068041,Earlier,0.25,0,False,False,False
0x1687d2b80,SM_CN_EMBASSY_A4_LOD02,Buffer,"[""unused-device-resources-0x10ee34000""]",,,,,,,,,,,,,262144,requested_buffer_length,2,3,90967884041,Earlier,0.25,0,False,False,False
0x1690f1180,T_CityMountHuangA_01_NRT,Texture,"[""unused-device-resources-0x10ee34000""]",81,2,208,512,512,1,10,1,1,5C507919152E6BD6,0,Shared,262144,recorded_allocated_size,2,2,72092894708,Earlier,0.25,0,False,False,False
0x169682580,T_CN_ATOWER_A4_NRT,Texture,"[""unused-device-resources-0x10ee34000""]",81,2,208,512,512,1,10,1,1,81DA84DF61CF992E,0,Shared,262144,recorded_allocated_size,2,2,18446744073709551615,Never,0.25,0,False,False,False
0x169683480,T_NC_FARMLAND_A3_NRA,Texture,"[""unused-device-resources-0x10ee34000""]",81,2,208,512,512,1,10,1,1,2C8787BC99CE3491,0,Shared,262144,recorded_allocated_size,2,2,18446744073709551615,Never,0.25,0,False,False,False
0x169683980,T_CN_MILL_A4_NRT,Texture,"[""unused-device-resources-0x10ee34000""]",81,2,208,512,512,1,10,1,1,EE37E57787DE90BF,0,Shared,262144,recorded_allocated_size,2,2,18446744073709551615,Never,0.25,0,False,False,False
0x169758280,T_FX_Noise_08,Texture,"[""unused-device-resources-0x10ee34000""]",81,2,190,512,512,1,10,1,1,50C9E1446180DA59,0,Shared,262144,recorded_allocated_size,2,2,89100021375,Earlier,0.25,0,False,False,False
0x169758780,T_CN_LUMBER_A4_NRT,Texture,"[""unused-device-resources-0x10ee34000""]",81,2,208,512,512,1,10,1,1,16A0D17F90B1B74,0,Shared,262144,recorded_allocated_size,2,2,74489296041,Earlier,0.25,0,False,False,False
0x16975a080,T_HP0_TRN_CN_Snow_THP,Texture,"[""unused-device-resources-0x10ee34000""]",81,2,208,512,512,1,10,1,1,1B3F9F09297E965B,0,Shared,262144,recorded_allocated_size,2,2,18446744073709551615,Never,0.25,0,False,False,False
0x16acc9180,T_CN_WALL_A3_NRT,Texture,"[""unused-device-resources-0x10ee34000""]",81,2,208,512,512,1,10,1,1,CC329802214A5F80,0,Shared,262144,recorded_allocated_size,2,2,138831232041,Earlier,0.25,0,False,False,False
0x16b708f00,T_FR_DRILLGFLAG01_A0_DA,Texture,"[""unused-device-resources-0x10ee34000""]",81,2,190,512,512,1,10,1,1,504D776AA1719268,0,Shared,262144,recorded_allocated_size,2,2,71426238708,Earlier,0.25,0,False,False,False
0x16b709180,T_FR_DRILLGFLAG01_A0_NRT,Texture,"[""unused-device-resources-0x10ee34000""]",81,2,208,512,512,1,10,1,1,1B940A8FE2F59F1B,0,Shared,262144,recorded_allocated_size,2,2,71426238708,Earlier,0.25,0,False,False,False
0x16acd6a80,T_EAST_GROTTO_A0_NRT,Texture,"[""unused-device-resources-0x10ee34000""]",81,2,208,512,512,1,10,1,1,CCD19A3C6CDF5FF6,0,Shared,262144,recorded_allocated_size,2,2,138831134708,Earlier,0.25,0,False,False,False
0x16ace1400,T_FR_PROPS02_A2_NRT,Texture,"[""unused-device-resources-0x10ee34000""]",81,2,208,512,512,1,10,1,1,2DC5DCFCC313B06E,0,Shared,262144,recorded_allocated_size,2,2,18446744073709551615,Never,0.25,0,False,False,False
0x16ace2800,T_CN_DRILLG_A3_NRT,Texture,"[""unused-device-resources-0x10ee34000""]",81,2,208,512,512,1,10,1,1,DEF84412392D93E1,0,Shared,262144,recorded_allocated_size,2,2,18446744073709551615,Never,0.25,0,False,False,False
0x16ae8d680,T_FX_Liquid_Ripple01,Texture,"[""unused-device-resources-0x10ee34000""]",81,2,208,512,512,1,10,1,1,C57E6BB3FD4E61C7,0,Shared,262144,recorded_allocated_size,2,2,18446744073709551615,Never,0.25,0,False,False,False
0x16ae8e080,T_CN_MILL_A4_NRT,Texture,"[""unused-device-resources-0x10ee34000""]",81,2,208,512,512,1,10,1,1,52484398CC94EA0A,0,Shared,262144,recorded_allocated_size,2,2,18446744073709551615,Never,0.25,0,False,False,False
0x16ace3c00,T_FX_Noise_26,Texture,"[""unused-device-resources-0x10ee34000""]",81,2,208,512,512,1,10,1,1,3EC70CD1EF72E0B7,0,Shared,262144,recorded_allocated_size,2,2,18446744073709551615,Never,0.25,0,False,False,False
0x1722d1c80,,Buffer,"[""device-resources-0x10ee34000""]",,,,,,,,,,,,,245760,requested_buffer_length,2,3,0,Now,0.234375,0,False,True,True
0x1764fa880,,Buffer,"[""device-resources-0x10ee34000""]",,,,,,,,,,,,,229376,requested_buffer_length,2,3,0,Now,0.21875,0,False,True,True
0x1687d1080,SM_CN_ARCHERY_A4_LOD02,Buffer,"[""unused-device-resources-0x10ee34000""]",,,,,,,,,,,,,229376,requested_buffer_length,2,3,90968012041,Earlier,0.21875,0,False,False,False
0x174075c80,SM_CN_CASTLE_A4_LOD04,Buffer,"[""device-resources-0x10ee34000""]",,,,,,,,,,,,,212992,requested_buffer_length,2,3,0,Now,0.203125,0,False,True,True
0x1690f2d00,T_CN_FLAG02UV1_A2_VA,Texture,"[""device-resources-0x10ee34000""]",81,2,115,142,101,1,1,1,1,21E45E89D55D610D,0,Shared,212992,recorded_allocated_size,2,2,0,Now,0.203125,0,False,False,True
0x16acc8280,T_CN_FLAG16UV1_A2_VA,Texture,"[""device-resources-0x10ee34000""]",81,2,115,189,101,1,1,1,1,81B4C044DDD8B739,0,Shared,212992,recorded_allocated_size,2,2,0,Now,0.203125,0,False,False,True
0x1690ead00,N_3_AT_C,Texture,"[""unused-device-resources-0x10ee34000""]",81,2,115,158,124,1,1,1,1,9C6DC9D4EBEF7916,0,Shared,212992,recorded_allocated_size,2,2,77483868041,Earlier,0.203125,0,False,False,False
0x16acce280,M_CN_VIPSHIP_A4_LD03_A,Buffer,"[""device-resources-0x10ee34000""]",,,,,,,,,,,,,196608,requested_buffer_length,2,3,0,Now,0.1875,0,False,True,True
0x1687d2880,SM_CN_MARKET_A4_LOD02,Buffer,"[""unused-device-resources-0x10ee34000""]",,,,,,,,,,,,,196608,requested_buffer_length,2,3,90967928041,Earlier,0.1875,0,False,False,False
0x1687d2e80,SM_CN_STABLE_A4_LOD02,Buffer,"[""unused-device-resources-0x10ee34000""]",,,,,,,,,,,,,196608,requested_buffer_length,2,3,90967794708,Earlier,0.1875,0,False,False,False
0x17b23a880,SM_CN_WALL09_A4_LOD02,Buffer,"[""unused-device-resources-0x10ee34000""]",,,,,,,,,,,,,196608,requested_buffer_length,2,3,90967553375,Earlier,0.1875,0,False,False,False
0x17645fd80,SM_CN_CENTER_A4_LOD04,Buffer,"[""device-resources-0x10ee34000""]",,,,,,,,,,,,,180224,requested_buffer_length,2,3,0,Now,0.171875,0,False,True,True
0x1764fb600,,Buffer,"[""device-resources-0x10ee34000""]",,,,,,,,,,,,,180224,requested_buffer_length,2,3,0,Now,0.171875,0,False,True,True
0x16acd4c80,T_FX_FB_Fire_10,Texture,"[""device-resources-0x10ee34000""]",81,2,212,1024,512,1,11,1,1,2B8033720B8072DB,0,Shared,180224,recorded_allocated_size,2,2,0,Now,0.171875,0,False,False,True
0x1687d2280,SM_CN_SPEARB_A4_LOD02,Buffer,"[""unused-device-resources-0x10ee34000""]",,,,,,,,,,,,,180224,requested_buffer_length,2,3,90967952041,Earlier,0.171875,0,False,False,False
0x1687d1f80,SM_CN_TOWER_A4_LOD02,Buffer,"[""unused-device-resources-0x10ee34000""]",,,,,,,,,,,,,180224,requested_buffer_length,2,3,90967805375,Earlier,0.171875,0,False,False,False
0x1687d1980,SM_FR_WHARF08_A4_LOD01,Buffer,"[""unused-device-resources-0x10ee34000""]",,,,,,,,,,,,,180224,requested_buffer_length,2,3,90967737375,Earlier,0.171875,0,False,False,False
0x16accdc80,SM_CN_HEROSHRINE01_A3_LOD03,Buffer,"[""unused-device-resources-0x10ee34000""]",,,,,,,,,,,,,180224,requested_buffer_length,2,3,77517620041,Earlier,0.171875,0,False,False,False
0x15bfe0180,SM_Terrain_Dark_China,Buffer,"[""device-resources-0x10ee34000""]",,,,,,,,,,,,,163840,requested_buffer_length,2,3,0,Now,0.15625,0,False,True,True
0x1764be800,https://thirdwx.qlogo.cn/mmopen/vi_32/Q0j4TwGTfTID6ERz9wwJTMIdzBlKeL65ticAMqqicmswDwyer4M5hNOSK2tmuELwicT1c5HbtKWhvVd8PUrRjia4Dw/132,Texture,"[""device-resources-0x10ee34000""]",81,2,70,132,132,1,1,1,1,305584A44E8B1A8B,0,Shared,163840,recorded_allocated_size,2,2,0,Now,0.15625,0,False,False,True
0x169735b00,SM_CN_SCHOOL_A4_LOD03,Buffer,"[""unused-device-resources-0x10ee34000""]",,,,,,,,,,,,,163840,requested_buffer_length,2,3,77518005375,Earlier,0.15625,0,False,False,False
0x1687d3780,SM_CN_HOSPITAL_A4_LOD02,Buffer,"[""unused-device-resources-0x10ee34000""]",,,,,,,,,,,,,163840,requested_buffer_length,2,3,90968056041,Earlier,0.15625,0,False,False,False
0x1687d1380,SM_CN_TAVERN_A4_LOD02,Buffer,"[""unused-device-resources-0x10ee34000""]",,,,,,,,,,,,,163840,requested_buffer_length,2,3,90967989375,Earlier,0.15625,0,False,False,False
0x1694baa00,SM_CN_BARRACK_A4_LOD03,Buffer,"[""unused-device-resources-0x10ee34000""]",,,,,,,,,,,,,163840,requested_buffer_length,2,3,77518278708,Earlier,0.15625,0,False,False,False
0x1694bb300,SM_CN_DOCK_A4_LOD03,Buffer,"[""unused-device-resources-0x10ee34000""]",,,,,,,,,,,,,163840,requested_buffer_length,2,3,77518241375,Earlier,0.15625,0,False,False,False
0x169641f80,SM_CN_EMBASSY_A4_LOD03,Buffer,"[""unused-device-resources-0x10ee34000""]",,,,,,,,,,,,,163840,requested_buffer_length,2,3,77518096041,Earlier,0.15625,0,False,False,False
0x17407f780,,Buffer,"[""unused-device-resources-0x10ee34000""]",,,,,,,,,,,,,163840,requested_buffer_length,2,3,33838708,Earlier,0.15625,0,False,False,False
0x1764fb180,,Buffer,"[""unused-device-resources-0x10ee34000""]",,,,,,,,,,,,,163840,requested_buffer_length,2,3,265375,Earlier,0.15625,0,False,False,False
0x143671500,,Buffer,"[""capture""]",,,,,,,,,,,,,163840,requested_buffer_length,,,,,0.15625,0,False,True,False
0x17645cc00,SM_CN_HALLOFWAR_A4_LOD04,Buffer,"[""device-resources-0x10ee34000""]",,,,,,,,,,,,,147456,requested_buffer_length,2,3,0,Now,0.140625,0,False,True,True
0x17b347000,M_CN_VIPSHIP_A4_LD04_A,Buffer,"[""device-resources-0x10ee34000""]",,,,,,,,,,,,,147456,requested_buffer_length,2,3,0,Now,0.140625,0,False,True,True
0x1690e1e00,T_FX_FB_Smoke_Cloud02,Texture,"[""device-resources-0x10ee34000""]",81,2,208,512,512,1,1,1,1,A043EAD50C80E4C0,0,Shared,147456,recorded_allocated_size,2,2,0,Now,0.140625,0,False,False,True
0x1690f3200,T_CN_FLAG13UV1_A2_VA,Texture,"[""device-resources-0x10ee34000""]",81,2,115,88,101,1,1,1,1,DA88F2430C414E29,0,Shared,147456,recorded_allocated_size,2,2,0,Now,0.140625,0,False,False,True
0x16acc8780,T_CN_FLAG14UV1_A2_VA,Texture,"[""device-resources-0x10ee34000""]",81,2,115,79,101,1,1,1,1,2D218A8F6868FAA3,0,Shared,147456,recorded_allocated_size,2,2,0,Now,0.140625,0,False,False,True
0x16acd4780,T_FX_FB_Fire_11,Texture,"[""device-resources-0x10ee34000""]",81,2,218,1024,512,1,11,1,1,83F7B8CCEA58C750,0,Shared,147456,recorded_allocated_size,2,2,0,Now,0.140625,0,False,False,True
0x1694fea80,T_CN_FLAG06UV1_A2_VA,Texture,"[""device-resources-0x10ee34000""]",81,2,115,116,101,1,1,1,1,8A265302064E7C6C,0,Shared,147456,recorded_allocated_size,2,2,0,Now,0.140625,0,False,False,True
0x169680c80,T_CN_FLAG01UV1_A4_VA,Texture,"[""device-resources-0x10ee34000""]",81,2,115,128,101,1,1,1,1,A6EDC51132B14713,0,Shared,147456,recorded_allocated_size,2,2,0,Now,0.140625,0,False,False,True
0x169680f00,T_CN_FLAG02UV1_A4_VA,Texture,"[""device-resources-0x10ee34000""]",81,2,115,128,101,1,1,1,1,5176C6265866C34F,0,Shared,147456,recorded_allocated_size,2,2,0,Now,0.140625,0,False,False,True
0x169681180,T_CN_FLAG03UV1_A4_VA,Texture,"[""device-resources-0x10ee34000""]",81,2,115,116,101,1,1,1,1,54DE70E62778378C,0,Shared,147456,recorded_allocated_size,2,2,0,Now,0.140625,0,False,False,True
0x169681b80,T_CN_FLAG11UV1_A2_VA,Texture,"[""device-resources-0x10ee34000""]",81,2,115,106,101,1,1,1,1,D402AA10C5D742AA,0,Shared,147456,recorded_allocated_size,2,2,0,Now,0.140625,0,False,False,True
0x16b53af80,T_FX_Noise_79_cwh,Texture,"[""device-resources-0x10ee34000""]",81,2,208,512,512,1,1,1,1,EA8B59DA37FB5A53,0,Shared,147456,recorded_allocated_size,2,2,0,Now,0.140625,1,False,True,True
0x174060280,Game_RT_COLOR_LUT,Texture,"[""device-resources-0x10ee34000""]",81,2,92,1024,32,1,1,1,1,BA33479786E42715,0,Shared,147456,recorded_allocated_size,2,0,0,Now,0.140625,1,False,True,True
0x174060780,Game_TMP_RT_8,Texture,"[""device-resources-0x10ee34000""]",81,2,92,243,112,1,1,1,1,B7F31093164F66B2,0,Shared,147456,recorded_allocated_size,2,0,0,Now,0.140625,2,True,True,True
0x174061180,Game_RT_8,Texture,"[""device-resources-0x10ee34000""]",81,2,92,243,112,1,1,1,1,80B6EBA015ACD1CB,0,Shared,147456,recorded_allocated_size,2,0,0,Now,0.140625,1,True,True,True
0x1687d2580,SM_CN_MTPROPS_A4_LOD02,Buffer,"[""unused-device-resources-0x10ee34000""]",,,,,,,,,,,,,147456,requested_buffer_length,2,3,90967940041,Earlier,0.140625,0,False,False,False
0x16b538500,T_MarchLine_D,Texture,"[""unused-device-resources-0x10ee34000""]",81,2,190,512,512,1,1,1,1,B4EA9B6EDA34DA86,0,Shared,147456,recorded_allocated_size,2,2,18446744073709551615,Never,0.140625,0,False,False,False
0x138da9180,infinite_weather,Texture,"[""unused-device-resources-0x10ee34000""]",81,2,208,512,512,1,1,1,1,20A725724A647368,0,Shared,147456,recorded_allocated_size,2,2,18446744073709551615,Never,0.140625,0,False,False,False
0x1764bfc00,T_FX_UI_baoxiang,Texture,"[""unused-device-resources-0x10ee34000""]",81,2,190,512,512,1,1,1,1,D941EC889D9CDC78,0,Shared,147456,recorded_allocated_size,2,2,18446744073709551615,Never,0.140625,0,False,False,False
0x169735800,SM_CN_STABLE_A4_LOD03,Buffer,"[""unused-device-resources-0x10ee34000""]",,,,,,,,,,,,,131072,requested_buffer_length,2,3,77518014708,Earlier,0.125,0,False,False,False
0x16acec180,SM_CN_DRILLG_A4_LOD03,Buffer,"[""unused-device-resources-0x10ee34000""]",,,,,,,,,,,,,131072,requested_buffer_length,2,3,79006352041,Earlier,0.125,0,False,False,False
0x17407ca80,SM_CN_GOLDMINE_A4_LOD02,Buffer,"[""unused-device-resources-0x10ee34000""]",,,,,,,,,,,,,131072,requested_buffer_length,2,3,90968093375,Earlier,0.125,0,False,False,False
0x1687d3d80,SM_CN_IRONMINE_A4_LOD02,Buffer,"[""unused-device-resources-0x10ee34000""]",,,,,,,,,,,,,131072,requested_buffer_length,2,3,90967826708,Earlier,0.125,0,False,False,False
0x169640180,SM_CN_ARCHERY_A4_LOD03,Buffer,"[""unused-device-resources-0x10ee34000""]",,,,,,,,,,,,,131072,requested_buffer_length,2,3,77518202708,Earlier,0.125,0,False,False,False
0x169641980,SM_CN_MTPROPS_A4_LOD03,Buffer,"[""unused-device-resources-0x10ee34000""]",,,,,,,,,,,,,131072,requested_buffer_length,2,3,77518142708,Earlier,0.125,0,False,False,False
0x1345f4500,T_IceNoise_C,Texture,"[""unused-device-resources-0x10ee34000""]",81,2,163,512,512,1,1,1,1,43CE1A5F763D7588,0,Shared,131072,recorded_allocated_size,2,2,18446744073709551615,Never,0.125,0,False,False,False
0x1345f4780,T_PostIceNoise_C,Texture,"[""unused-device-resources-0x10ee34000""]",81,2,166,512,512,1,1,1,1,C390ABB86CDC898,0,Shared,131072,recorded_allocated_size,2,2,18446744073709551615,Never,0.125,0,False,False,False
0x16aed1680,SM_FR_WHARF08_A4_LOD02,Buffer,"[""device-resources-0x10ee34000""]",,,,,,,,,,,,,114688,requested_buffer_length,2,3,0,Now,0.109375,0,False,True,True
0x1764f8a80,SM_CN_BARRACK_A4_LOD04,Buffer,"[""device-resources-0x10ee34000""]",,,,,,,,,,,,,114688,requested_buffer_length,2,3,0,Now,0.109375,0,False,True,True
0x17645ed00,SM_CN_EMBASSY_A4_LOD04,Buffer,"[""device-resources-0x10ee34000""]",,,,,,,,,,,,,114688,requested_buffer_length,2,3,0,Now,0.109375,0,False,True,True
0x17b344300,SM_CN_HEROSHRINE01_A3_LOD04,Buffer,"[""device-resources-0x10ee34000""]",,,,,,,,,,,,,114688,requested_buffer_length,2,3,0,Now,0.109375,0,False,True,True
0x169734900,M_CN_MILL_A4_O1_LD02_A,Buffer,"[""unused-device-resources-0x10ee34000""]",,,,,,,,,,,,,114688,requested_buffer_length,2,3,18446744073709551615,Never,0.109375,0,False,False,False
0x169735200,SM_CN_TOWER_A4_LOD03,Buffer,"[""unused-device-resources-0x10ee34000""]",,,,,,,,,,,,,114688,requested_buffer_length,2,3,77518032041,Earlier,0.109375,0,False,False,False
0x16acc6d00,SM_CN_WALL09_A4_LOD03,Buffer,"[""unused-device-resources-0x10ee34000""]",,,,,,,,,,,,,114688,requested_buffer_length,2,3,77517769375,Earlier,0.109375,0,False,False,False
0x1694bb600,SM_CN_HOSPITAL_A4_LOD03,Buffer,"[""unused-device-resources-0x10ee34000""]",,,,,,,,,,,,,114688,requested_buffer_length,2,3,77518232041,Earlier,0.109375,0,False,False,False
0x169640780,SM_CN_TAVERN_A4_LOD03,Buffer,"[""unused-device-resources-0x10ee34000""]",,,,,,,,,,,,,114688,requested_buffer_length,2,3,77518182708,Earlier,0.109375,0,False,False,False
0x169640d80,SM_CN_SPEARB_A4_LOD03,Buffer,"[""unused-device-resources-0x10ee34000""]",,,,,,,,,,,,,114688,requested_buffer_length,2,3,77518152041,Earlier,0.109375,0,False,False,False
0x169641c80,SM_CN_MARKET_A4_LOD03,Buffer,"[""unused-device-resources-0x10ee34000""]",,,,,,,,,,,,,114688,requested_buffer_length,2,3,77518133375,Earlier,0.109375,0,False,False,False
0x1764f9500,SM_CN_DOCK_A4_LOD04,Buffer,"[""device-resources-0x10ee34000""]",,,,,,,,,,,,,98304,requested_buffer_length,2,3,0,Now,0.09375,0,False,True,True
0x1764fa400,SM_CN_MTPROPS_A4_LOD04,Buffer,"[""device-resources-0x10ee34000""]",,,,,,,,,,,,,98304,requested_buffer_length,2,3,0,Now,0.09375,0,False,True,True
0x17407d380,SM_CN_SCHOOL_A4_LOD04,Buffer,"[""device-resources-0x10ee34000""]",,,,,,,,,,,,,98304,requested_buffer_length,2,3,0,Now,0.09375,0,False,True,True
0x174077300,,Buffer,"[""device-resources-0x10ee34000""]",,,,,,,,,,,,,98304,requested_buffer_length,2,3,0,Now,0.09375,0,False,True,True
0x168c60f00,T_FX_Mask_Noise19_C,Texture,"[""device-resources-0x10ee34000""]",81,2,204,256,256,1,9,1,1,FF2FA4C5C482ACE8,0,Shared,98304,recorded_allocated_size,2,2,0,Now,0.09375,5,False,True,True
0x168c61180,T_FX_Mask_Noise11,Texture,"[""device-resources-0x10ee34000""]",81,2,208,256,256,1,9,1,1,44BF9AD90409081F,0,Shared,98304,recorded_allocated_size,2,2,0,Now,0.09375,1,False,True,True
0x168c61400,T_FX_Mask_26,Texture,"[""device-resources-0x10ee34000""]",81,2,208,256,256,1,9,1,1,39048D9F9316A490,0,Shared,98304,recorded_allocated_size,2,2,0,Now,0.09375,2,False,True,True
0x168c61900,T_FX_Mask_40,Texture,"[""device-resources-0x10ee34000""]",81,2,208,256,256,1,9,1,1,EB5B963CE059D4DE,0,Shared,98304,recorded_allocated_size,2,2,0,Now,0.09375,2,False,True,True
0x168c61b80,T_FX_Mask_50,Texture,"[""device-resources-0x10ee34000""]",81,2,208,256,256,1,9,1,1,C7A9602D477FF9F5,0,Shared,98304,recorded_allocated_size,2,2,0,Now,0.09375,1,False,True,True
0x168c61e00,T_FX_Mask_Noise20,Texture,"[""device-resources-0x10ee34000""]",81,2,208,256,256,1,9,1,1,C36BC22DBAA43382,0,Shared,98304,recorded_allocated_size,2,2,0,Now,0.09375,2,False,True,True
0x168c62580,T_FX_Flash_52_cwh,Texture,"[""device-resources-0x10ee34000""]",81,2,190,256,256,1,9,1,1,21B931F1BB3CAED3,0,Shared,98304,recorded_allocated_size,2,2,0,Now,0.09375,1,False,True,True
0x168c62800,T_FX_Liquid_WaterFall02,Texture,"[""device-resources-0x10ee34000""]",81,2,208,256,256,1,9,1,1,8AB41B99504EA268,0,Shared,98304,recorded_allocated_size,2,2,0,Now,0.09375,1,False,True,True
0x168c62f80,T_FX_Liquid_01,Texture,"[""device-resources-0x10ee34000""]",81,2,208,256,256,1,9,1,1,CE06330229A58701,0,Shared,98304,recorded_allocated_size,2,2,0,Now,0.09375,2,False,True,True
0x168c63480,T_FX_Liquid_Splash01,Texture,"[""device-resources-0x10ee34000""]",81,2,208,256,256,1,9,1,1,72DB15E363A4E56A,0,Shared,98304,recorded_allocated_size,2,2,0,Now,0.09375,0,False,False,True
0x168c63700,T_FX_Liquid_Splash03,Texture,"[""device-resources-0x10ee34000""]",81,2,208,256,256,1,9,1,1,3020A9B3D2379B9A,0,Shared,98304,recorded_allocated_size,2,2,0,Now,0.09375,0,False,False,True
0x1690e0500,T_FX_Noise_64,Texture,"[""device-resources-0x10ee34000""]",81,2,208,256,256,1,9,1,1,C0BB97869CCCC4C7,0,Shared,98304,recorded_allocated_size,2,2,0,Now,0.09375,2,False,True,True
0x1690e0a00,T_FX_Noise_58,Texture,"[""device-resources-0x10ee34000""]",81,2,208,256,256,1,9,1,1,A7B3765FFD1C8E5E,0,Shared,98304,recorded_allocated_size,2,2,0,Now,0.09375,21,False,True,True
0x1690e1180,T_FX_Smoke_06,Texture,"[""device-resources-0x10ee34000""]",81,2,208,256,256,1,9,1,1,DB08B5A170169361,0,Shared,98304,recorded_allocated_size,2,2,0,Now,0.09375,7,False,True,True
0x1690e2300,T_FX_FB_Smoke_Dust01,Texture,"[""device-resources-0x10ee34000""]",81,2,218,512,512,1,10,1,1,66A13D984B4C0B13,0,Shared,98304,recorded_allocated_size,2,2,0,Now,0.09375,2,False,True,True
0x1690e2a80,T_Foam_C,Texture,"[""device-resources-0x10ee34000""]",81,2,204,256,256,1,9,1,1,F3208C5717E1FDF,0,Shared,98304,recorded_allocated_size,2,2,0,Now,0.09375,3,False,True,True
0x1690f0000,T_WaterNoise02_C,Texture,"[""device-resources-0x10ee34000""]",81,2,186,256,256,1,9,1,1,AB1B4752F49D96F0,0,Shared,98304,recorded_allocated_size,2,2,0,Now,0.09375,2,False,True,True
0x1690f1680,T_CityMountHuangA_02_D,Texture,"[""device-resources-0x10ee34000""]",81,2,190,256,256,1,9,1,1,F7EDBB2044F3EDE0,0,Shared,98304,recorded_allocated_size,2,2,0,Now,0.09375,1,False,True,True
0x1690f3700,T_NC_PROPSC_A3_DA,Texture,"[""device-resources-0x10ee34000""]",81,2,190,256,256,1,9,1,1,9829E7E14C13E647,0,Shared,98304,recorded_allocated_size,2,2,0,Now,0.09375,10,False,True,True
0x1690f3980,T_NC_PROPS_A2_DA,Texture,"[""device-resources-0x10ee34000""]",81,2,190,256,256,1,9,1,1,7E02AD4F8D3CB114,0,Shared,98304,recorded_allocated_size,2,2,0,Now,0.09375,2,False,True,True
0x16acc8000,T_FR_PROPSC_A2_DA,Texture,"[""device-resources-0x10ee34000""]",81,2,190,256,256,1,9,1,1,FC38FB543F40B671,0,Shared,98304,recorded_allocated_size,2,2,0,Now,0.09375,17,False,True,True
0x16acc8c80,T_CN_WALL_A4_DA,Texture,"[""device-resources-0x10ee34000""]",81,2,190,256,256,1,9,1,1,FA3379B24FBAAD77,0,Shared,98304,recorded_allocated_size,2,2,0,Now,0.09375,7,False,True,True
0x16accb200,T_CN_HEROSHRINE_A3_DA,Texture,"[""device-resources-0x10ee34000""]",81,2,190,256,256,1,9,1,1,7D1DB8D71A38B3BF,0,Shared,98304,recorded_allocated_size,2,2,0,Now,0.09375,2,False,True,True
0x16accbc00,T_FX_Liquid_Splash04,Texture,"[""device-resources-0x10ee34000""]",81,2,208,256,256,1,9,1,1,643EA98A24E1C314,0,Shared,98304,recorded_allocated_size,2,2,0,Now,0.09375,17,False,True,True
0x16acd4280,T_FX_Noise_32,Texture,"[""device-resources-0x10ee34000""]",81,2,208,256,256,1,9,1,1,150F8525A0C1C022,0,Shared,98304,recorded_allocated_size,2,2,0,Now,0.09375,2,False,True,True
0x16acd5180,T_FR_FLAG_A0_DA,Texture,"[""device-resources-0x10ee34000""]",81,2,190,256,256,1,9,1,1,45AC58F3D16D118F,0,Shared,98304,recorded_allocated_size,2,2,0,Now,0.09375,1,False,True,True
0x16acd5900,T_Cloud_M,Texture,"[""device-resources-0x10ee34000""]",81,2,208,256,256,1,9,1,1,1DA2BF4C1868982F,0,Shared,98304,recorded_allocated_size,2,2,0,Now,0.09375,159,False,True,True
0x16acd6300,T_CN_VIPSHIP_A0_DA,Texture,"[""device-resources-0x10ee34000""]",81,2,190,256,256,1,9,1,1,5565F3FDC655D358,0,Shared,98304,recorded_allocated_size,2,2,0,Now,0.09375,1,False,True,True
0x16acd6d00,T_FR_MTPROPS_A0_DA,Texture,"[""device-resources-0x10ee34000""]",81,2,190,256,256,1,9,1,1,BD079FEFA78B0B7,0,Shared,98304,recorded_allocated_size,2,2,0,Now,0.09375,2,False,True,True
0x16acd7c00,T_CN_BRIDGE_A2_DA,Texture,"[""device-resources-0x10ee34000""]",81,2,190,256,256,1,9,1,1,EEBF9E8F939BF45B,0,Shared,98304,recorded_allocated_size,2,2,0,Now,0.09375,2,False,True,True
0x16ace0780,T_CN_MTPROPS_A3_DA,Texture,"[""device-resources-0x10ee34000""]",81,2,190,256,256,1,9,1,1,EA503E3F05954F10,0,Shared,98304,recorded_allocated_size,2,2,0,Now,0.09375,3,False,True,True
0x16ace0c80,T_CN_DRILLG_A4_DA,Texture,"[""device-resources-0x10ee34000""]",81,2,190,256,256,1,9,1,1,6536FD7602DFF553,0,Shared,98304,recorded_allocated_size,2,2,0,Now,0.09375,1,False,True,True
0x16ace1b80,T_CN_ARCHERY_A3_DA,Texture,"[""device-resources-0x10ee34000""]",81,2,190,256,256,1,9,1,1,DE372A04B5CF6A6,0,Shared,98304,recorded_allocated_size,2,2,0,Now,0.09375,1,False,True,True
0x16ace2f80,T_FR_BARRACK_A3_DA,Texture,"[""device-resources-0x10ee34000""]",81,2,190,256,256,1,9,1,1,6CA25F19715954B,0,Shared,98304,recorded_allocated_size,2,2,0,Now,0.09375,2,False,True,True
0x16ace3200,T_FR_SPEARB_A3_DA,Texture,"[""device-resources-0x10ee34000""]",81,2,190,256,256,1,9,1,1,D13D8F81DFE2E9A3,0,Shared,98304,recorded_allocated_size,2,2,0,Now,0.09375,1,False,True,True
0x16ae8e300,T_NC_WHARF_A2_DA,Texture,"[""device-resources-0x10ee34000""]",81,2,190,256,256,1,9,1,1,E3BE107F283BD87A,0,Shared,98304,recorded_allocated_size,2,2,0,Now,0.09375,1,False,True,True
0x16ae8e580,T_NC_DOCK_A2_DA,Texture,"[""device-resources-0x10ee34000""]",81,2,190,256,256,1,9,1,1,813BC8BF4F72FED1,0,Shared,98304,recorded_allocated_size,2,2,0,Now,0.09375,1,False,True,True
0x1690e8280,T_FX_Noise_37,Texture,"[""device-resources-0x10ee34000""]",81,2,208,256,256,1,9,1,1,BDCE666EF57907DE,0,Shared,98304,recorded_allocated_size,2,2,0,Now,0.09375,1,False,True,True
0x1694fcc80,T_CN_BARRACK_A4_DA,Texture,"[""device-resources-0x10ee34000""]",81,2,190,256,256,1,9,1,1,49AB32A20FDF3A7C,0,Shared,98304,recorded_allocated_size,2,2,0,Now,0.09375,1,False,True,True
0x1694fd400,T_CN_GOLDMINE_A4_DA,Texture,"[""device-resources-0x10ee34000""]",81,2,190,256,256,1,9,1,1,29013A6D50CC2B85,0,Shared,98304,recorded_allocated_size,2,2,0,Now,0.09375,1,False,True,True
0x1694fd900,T_CN_HOUSE_A4_DA,Texture,"[""device-resources-0x10ee34000""]",81,2,190,256,256,1,9,1,1,987A1C65403BE887,0,Shared,98304,recorded_allocated_size,2,2,0,Now,0.09375,1,False,True,True
0x1694fde00,T_CN_DOCK_A4_DA,Texture,"[""device-resources-0x10ee34000""]",81,2,190,256,256,1,9,1,1,C464257E52882565,0,Shared,98304,recorded_allocated_size,2,2,0,Now,0.09375,1,False,True,True
0x1694fe300,T_CN_HOSPITAL_A4_DA,Texture,"[""device-resources-0x10ee34000""]",81,2,190,256,256,1,9,1,1,3C23D4D49B332F99,0,Shared,98304,recorded_allocated_size,2,2,0,Now,0.09375,1,False,True,True
0x1694fed00,T_CN_ARCHERY_A4_DA,Texture,"[""device-resources-0x10ee34000""]",81,2,190,256,256,1,9,1,1,761E75E4DA17B570,0,Shared,98304,recorded_allocated_size,2,2,0,Now,0.09375,1,False,True,True
0x1694ff480,T_CN_TAVERN_A4_DA,Texture,"[""device-resources-0x10ee34000""]",81,2,190,256,256,1,9,1,1,4DCB209D71643BA5,0,Shared,98304,recorded_allocated_size,2,2,0,Now,0.09375,1,False,True,True
0x1694ffc00,T_CN_SPEARB_A4_DA,Texture,"[""device-resources-0x10ee34000""]",81,2,190,256,256,1,9,1,1,CC5A0A27A1BC1AF0,0,Shared,98304,recorded_allocated_size,2,2,0,Now,0.09375,1,False,True,True
0x169680280,T_CN_MARKET_A4_DA,Texture,"[""device-resources-0x10ee34000""]",81,2,190,256,256,1,9,1,1,81ECAD34A6F72C32,0,Shared,98304,recorded_allocated_size,2,2,0,Now,0.09375,1,False,True,True
0x169680780,T_CN_MTPROPS_A4_DA,Texture,"[""device-resources-0x10ee34000""]",81,2,190,256,256,1,9,1,1,18434203FC14C0F0,0,Shared,98304,recorded_allocated_size,2,2,0,Now,0.09375,1,False,True,True
0x169681400,T_CN_EMBASSY_A4_DA,Texture,"[""device-resources-0x10ee34000""]",81,2,190,256,256,1,9,1,1,68353E04143A716A,0,Shared,98304,recorded_allocated_size,2,2,0,Now,0.09375,1,False,True,True
0x169681e00,T_CN_HALLOFWAR_A4_DA,Texture,"[""device-resources-0x10ee34000""]",81,2,190,256,256,1,9,1,1,CF9EBC14C249F09D,0,Shared,98304,recorded_allocated_size,2,2,0,Now,0.09375,1,False,True,True
0x169682800,T_CN_IRONMINE_A4_DA,Texture,"[""device-resources-0x10ee34000""]",81,2,190,256,256,1,9,1,1,557A47E61927544B,0,Shared,98304,recorded_allocated_size,2,2,0,Now,0.09375,1,False,True,True
0x169758c80,T_CN_TOWER_A4_DA,Texture,"[""device-resources-0x10ee34000""]",81,2,190,256,256,1,9,1,1,BEC5B80214F29080,0,Shared,98304,recorded_allocated_size,2,2,0,Now,0.09375,1,False,True,True
0x169759180,T_CN_STABLE_A4_DA,Texture,"[""device-resources-0x10ee34000""]",81,2,190,256,256,1,9,1,1,E9F1733DF1969E66,0,Shared,98304,recorded_allocated_size,2,2,0,Now,0.09375,1,False,True,True
0x169759900,T_CN_SCHOOL_A4_DA,Texture,"[""device-resources-0x10ee34000""]",81,2,190,256,256,1,9,1,1,2848D86D4782E3C6,0,Shared,98304,recorded_allocated_size,2,2,0,Now,0.09375,1,False,True,True
0x16b538f00,T_FX_Mask_Sphere09_Zcx,Texture,"[""device-resources-0x10ee34000""]",81,2,190,256,256,1,9,1,1,92C7D3D541971CA,0,Shared,98304,recorded_allocated_size,2,2,0,Now,0.09375,0,False,False,True
0x16b539180,T_FX_Mask_Noise16_C,Texture,"[""device-resources-0x10ee34000""]",81,2,186,256,256,1,9,1,1,DBFF666C8E0CB8B6,0,Shared,98304,recorded_allocated_size,2,2,0,Now,0.09375,0,False,False,True
0x16b53a080,T_FX_Mask_13,Texture,"[""device-resources-0x10ee34000""]",81,2,190,256,256,1,9,1,1,4292EE2180C7BE6E,0,Shared,98304,recorded_allocated_size,2,2,0,Now,0.09375,5,False,True,True
0x16b53a800,T_FX_Flash_61_cwh,Texture,"[""device-resources-0x10ee34000""]",81,2,208,256,256,1,9,1,1,CDA6E880813017F,0,Shared,98304,recorded_allocated_size,2,2,0,Now,0.09375,0,False,False,True
0x16b53aa80,T_FX_Flash_44,Texture,"[""device-resources-0x10ee34000""]",81,2,190,256,256,1,9,1,1,EB8101211943B0ED,0,Shared,98304,recorded_allocated_size,2,2,0,Now,0.09375,0,False,False,True
0x16b708000,T_FX_Noise_17,Texture,"[""device-resources-0x10ee34000""]",81,2,208,256,256,1,9,1,1,5DB231BC3480E60C,0,Shared,98304,recorded_allocated_size,2,2,0,Now,0.09375,1,False,True,True
0x16b708280,T_FX_Noise_88_kgr,Texture,"[""device-resources-0x10ee34000""]",81,2,190,256,256,1,9,1,1,1CC8A5179195DE6D,0,Shared,98304,recorded_allocated_size,2,2,0,Now,0.09375,1,False,True,True
0x16b708500,T_FX_Noise_107_cwh,Texture,"[""device-resources-0x10ee34000""]",81,2,190,256,256,1,9,1,1,39686C8BFFBBF091,0,Shared,98304,recorded_allocated_size,2,2,0,Now,0.09375,1,False,True,True
0x1722cef80,T_FX_Mask_51,Texture,"[""device-resources-0x10ee34000""]",81,2,190,256,256,1,9,1,1,B1C39F4E6101B319,0,Shared,98304,recorded_allocated_size,2,2,0,Now,0.09375,1,False,True,True
0x1764bdb80,T_WRE_NC_GOLD_D,Texture,"[""device-resources-0x10ee34000""]",81,2,190,256,256,1,9,1,1,98EB8461961C5BEC,0,Shared,98304,recorded_allocated_size,2,2,0,Now,0.09375,1,False,True,True
0x1764be080,T_WRE_NC_ROCK_D,Texture,"[""device-resources-0x10ee34000""]",81,2,190,256,256,1,9,1,1,FAE325D0C02F34A4,0,Shared,98304,recorded_allocated_size,2,2,0,Now,0.09375,1,False,True,True
0x174061e00,T_FX_Mask_50_Wjy09,Texture,"[""device-resources-0x10ee34000""]",81,2,190,256,256,1,9,1,1,80CEA322AB35BCE8,0,Shared,98304,recorded_allocated_size,2,2,0,Now,0.09375,1,False,True,True
0x16acca580,T_FX_Shape_07,Texture,"[""device-resources-0x10ee34000""]",81,2,190,256,256,1,9,1,1,4459D1C4BA5EDA70,0,Shared,98304,recorded_allocated_size,2,2,0,Now,0.09375,2,False,True,True
0x1436af200,T_BS_FR_PALDN_L1_H_NRT,Texture,"[""device-resources-0x10ee34000""]",81,2,208,256,256,1,9,1,1,F3677672A9CFA61C,0,Shared,98304,recorded_allocated_size,2,2,0,Now,0.09375,1,False,True,True
0x17b32a300,T_BM_H_BAILONG_L1_DA,Texture,"[""device-resources-0x10ee34000""]",81,2,190,256,256,1,9,1,1,9840405686AEF670,0,Shared,98304,recorded_allocated_size,2,2,0,Now,0.09375,1,False,True,True
0x169734300,SM_CN_MILL_A4_LOD03,Buffer,"[""unused-device-resources-0x10ee34000""]",,,,,,,,,,,,,98304,requested_buffer_length,2,3,77452960041,Earlier,0.09375,0,False,False,False
0x1740e4000,SM_CN_BRIDGE_A3_LOD02,Buffer,"[""unused-device-resources-0x10ee34000""]",,,,,,,,,,,,,98304,requested_buffer_length,2,3,90967298708,Earlier,0.09375,0,False,False,False
0x16acce880,SM_EAST_GROTTO_A0_LOD03,Buffer,"[""unused-device-resources-0x10ee34000""]",,,,,,,,,,,,,98304,requested_buffer_length,2,3,77452624041,Earlier,0.09375,0,False,False,False
0x1690f0f00,T_CityMountHuangA_01_D,Texture,"[""unused-device-resources-0x10ee34000""]",81,2,190,256,256,1,9,1,1,98336DCE87989CB,0,Shared,98304,recorded_allocated_size,2,2,72092894708,Earlier,0.09375,0,False,False,False
0x169682300,T_CN_ATOWER_A4_DA,Texture,"[""unused-device-resources-0x10ee34000""]",81,2,190,256,256,1,9,1,1,A3FF67A27B19E092,0,Shared,98304,recorded_allocated_size,2,2,18446744073709551615,Never,0.09375,0,False,False,False
0x169683200,T_NC_FARMLAND_A3_D,Texture,"[""unused-device-resources-0x10ee34000""]",81,2,190,256,256,1,9,1,1,82775F43A2A1C816,0,Shared,98304,recorded_allocated_size,2,2,77452965375,Earlier,0.09375,0,False,False,False
0x169683700,T_CN_MILL_A4_DA,Texture,"[""unused-device-resources-0x10ee34000""]",81,2,190,256,256,1,9,1,1,6573E86612E52DDB,0,Shared,98304,recorded_allocated_size,2,2,18446744073709551615,Never,0.09375,0,False,False,False
0x169758500,T_CN_LUMBER_A4_DA,Texture,"[""unused-device-resources-0x10ee34000""]",81,2,190,256,256,1,9,1,1,E2360233834BDBF1,0,Shared,98304,recorded_allocated_size,2,2,74489296041,Earlier,0.09375,0,False,False,False
0x16acc8a00,T_CN_WALL_A3_DA,Texture,"[""unused-device-resources-0x10ee34000""]",81,2,190,256,256,1,9,1,1,DCE7B84B3CF9691A,0,Shared,98304,recorded_allocated_size,2,2,138831232041,Earlier,0.09375,0,False,False,False
0x16accb700,T_FX_Mask_41,Texture,"[""unused-device-resources-0x10ee34000""]",81,2,208,256,256,1,9,1,1,41FFDC2D9F2D2D7C,0,Shared,98304,recorded_allocated_size,2,2,89099562708,Earlier,0.09375,0,False,False,False
0x16b53ad00,T_FX_Noise_89_cwh,Texture,"[""unused-device-resources-0x10ee34000""]",81,2,190,256,256,1,9,1,1,F940F347EB097035,0,Shared,98304,recorded_allocated_size,2,2,18446744073709551615,Never,0.09375,0,False,False,False
0x138da8c80,T_MarchLine_D3,Texture,"[""unused-device-resources-0x10ee34000""]",81,2,190,256,512,1,1,1,1,2765A8065FE35110,0,Shared,98304,recorded_allocated_size,2,2,18446744073709551615,Never,0.09375,0,False,False,False
0x16acd6800,T_EAST_GROTTO_A0_DA,Texture,"[""unused-device-resources-0x10ee34000""]",81,2,190,256,256,1,9,1,1,4976CAAAFAEDE209,0,Shared,98304,recorded_allocated_size,2,2,138831134708,Earlier,0.09375,0,False,False,False
0x168c60c80,T_FX_Mask_Noise17,Texture,"[""unused-device-resources-0x10ee34000""]",81,2,208,256,256,1,9,1,1,395D847AF2ABBF2A,0,Shared,98304,recorded_allocated_size,2,2,18446744073709551615,Never,0.09375,0,False,False,False
0x16ace1180,T_FR_PROPS02_A2_DA,Texture,"[""unused-device-resources-0x10ee34000""]",81,2,190,256,256,1,9,1,1,8C04C78D02DFFF77,0,Shared,98304,recorded_allocated_size,2,2,18446744073709551615,Never,0.09375,0,False,False,False
0x16ace2580,T_CN_DRILLG_A3_DA,Texture,"[""unused-device-resources-0x10ee34000""]",81,2,190,256,256,1,9,1,1,1FC4C3AF11DED0A9,0,Shared,98304,recorded_allocated_size,2,2,18446744073709551615,Never,0.09375,0,False,False,False
0x174063700,T_BS_CN_PALDN_L3_H_DA,Texture,"[""unused-device-resources-0x10ee34000""]",81,2,190,256,256,1,9,1,1,9ADA91FA6B4F27E1,0,Shared,98304,recorded_allocated_size,2,2,79107945375,Earlier,0.09375,0,False,False,False
0x174063980,T_BS_CN_PALDN_L3_H_NRT,Texture,"[""unused-device-resources-0x10ee34000""]",81,2,208,256,256,1,9,1,1,6326F4FF27C4A981,0,Shared,98304,recorded_allocated_size,2,2,79107944041,Earlier,0.09375,0,False,False,False
0x16ae8d900,T_FX_Noise_57,Texture,"[""unused-device-resources-0x10ee34000""]",81,2,208,256,256,1,9,1,1,5F56AACC5018EFC2,0,Shared,98304,recorded_allocated_size,2,2,18446744073709551615,Never,0.09375,0,False,False,False
0x16ae8db80,T_CN_MILL_A4_DA,Texture,"[""unused-device-resources-0x10ee34000""]",81,2,190,256,256,1,9,1,1,EE038633D98225F2,0,Shared,98304,recorded_allocated_size,2,2,18446744073709551615,Never,0.09375,0,False,False,False
0x1690e0780,T_FX_Noise_63,Texture,"[""unused-device-resources-0x10ee34000""]",81,2,208,256,256,1,9,1,1,5F08EA70C9C658CC,0,Shared,98304,recorded_allocated_size,2,2,18446744073709551615,Never,0.09375,0,False,False,False
0x1764bf480,T_FX_Flash_38,Texture,"[""unused-device-resources-0x10ee34000""]",81,2,208,256,256,1,9,1,1,2F4089E4D8C9EEDC,0,Shared,98304,recorded_allocated_size,2,2,18446744073709551615,Never,0.09375,0,False,False,False
0x1690e1400,T_FX_Smoke_04,Texture,"[""unused-device-resources-0x10ee34000""]",81,2,208,256,256,1,9,1,1,201F17655E397485,0,Shared,98304,recorded_allocated_size,2,2,18446744073709551615,Never,0.09375,0,False,False,False
0x16acc9b80,T_FX_Mask_36,Texture,"[""unused-device-resources-0x10ee34000""]",81,2,190,256,256,1,9,1,1,AF8841504435C991,0,Shared,98304,recorded_allocated_size,2,2,136535872041,Earlier,0.09375,0,False,False,False
0x1690e1b80,T_FX_FB_Liquid_Splash01,Texture,"[""unused-device-resources-0x10ee34000""]",81,2,218,512,512,1,10,1,1,E6E462F7D0F6619D,0,Shared,98304,recorded_allocated_size,2,2,88971484041,Earlier,0.09375,0,False,False,False
0x1690e2800,T_FX_FB_Generic_Bird01,Texture,"[""unused-device-resources-0x10ee34000""]",81,2,218,512,512,1,10,1,1,666748EBA87E3724,0,Shared,98304,recorded_allocated_size,2,2,69594122708,Earlier,0.09375,0,False,False,False
0x16aed1980,M_FR_WHARF_A4_LD02_A,Buffer,"[""device-resources-0x10ee34000""]",,,,,,,,,,,,,81920,requested_buffer_length,2,3,0,Now,0.078125,0,False,True,True
0x1764f9800,SM_CN_HOSPITAL_A4_LOD04,Buffer,"[""device-resources-0x10ee34000""]",,,,,,,,,,,,,81920,requested_buffer_length,2,3,0,Now,0.078125,0,False,True,True
0x1764f9b00,SM_CN_ARCHERY_A4_LOD04,Buffer,"[""device-resources-0x10ee34000""]",,,,,,,,,,,,,81920,requested_buffer_length,2,3,0,Now,0.078125,0,False,True,True
0x1764fed00,,Buffer,"[""device-resources-0x10ee34000""]",,,,,,,,,,,,,81920,requested_buffer_length,2,3,0,Now,0.078125,0,False,True,True
0x1436adb80,Font Texture,Texture,"[""device-resources-0x10ee34000""]",81,2,1,256,256,1,1,1,1,AA1A29A13C171C7F,0,Shared,81920,recorded_allocated_size,2,2,0,Now,0.078125,0,False,False,True
0x16acd6080,N_SM_CN_VIPSHIP_A4_AT_C,Texture,"[""device-resources-0x10ee34000""]",81,2,115,82,48,1,1,1,1,2C9B0B6636329CF4,0,Shared,81920,recorded_allocated_size,2,2,0,Now,0.078125,0,False,False,True
0x169642b80,SM_CN_ATOWER_A4_LOD03,Buffer,"[""unused-device-resources-0x10ee34000""]",,,,,,,,,,,,,81920,requested_buffer_length,2,3,77452978708,Earlier,0.078125,0,False,False,False
0x17b239680,SM_CN_HEROSHRINE02_A3_LOD02,Buffer,"[""unused-device-resources-0x10ee34000""]",,,,,,,,,,,,,81920,requested_buffer_length,2,3,90967400041,Earlier,0.078125,0,False,False,False
0x1740e4600,SM_CN_BRIDGE04_A2_LOD02,Buffer,"[""unused-device-resources-0x10ee34000""]",,,,,,,,,,,,,81920,requested_buffer_length,2,3,90967121375,Earlier,0.078125,0,False,False,False
0x1740e4300,SM_NC_PROPSGROUP01_A0_LOD01,Buffer,"[""unused-device-resources-0x10ee34000""]",,,,,,,,,,,,,81920,requested_buffer_length,2,3,90967060041,Earlier,0.078125,0,False,False,False
0x176510d80,M_BChnC_01_LOD1_A,Buffer,"[""unused-device-resources-0x10ee34000""]",,,,,,,,,,,,,81920,requested_buffer_length,2,3,90967758708,Earlier,0.078125,0,False,False,False
0x176513000,M_FR_WHARF_A4_LD01_A,Buffer,"[""unused-device-resources-0x10ee34000""]",,,,,,,,,,,,,81920,requested_buffer_length,2,3,90967748041,Earlier,0.078125,0,False,False,False
0x1436ade00,Font Texture,Texture,"[""unused-device-resources-0x10ee34000""]",81,2,1,256,256,1,1,1,1,E51FDC8816659252,0,Shared,81920,recorded_allocated_size,2,2,161361640041,Earlier,0.078125,0,False,False,False
0x138da8f00,BitmapFont3_0,Texture,"[""unused-device-resources-0x10ee34000""]",81,2,70,128,128,1,1,1,1,FA898AB2989F6774,0,Shared,81920,recorded_allocated_size,2,2,141971642708,Earlier,0.078125,0,False,False,False
0x138da8a00,BitmapFont4_0,Texture,"[""unused-device-resources-0x10ee34000""]",81,2,70,128,128,1,1,1,1,FD7F0C2819968945,0,Shared,81920,recorded_allocated_size,2,2,141969378708,Earlier,0.078125,0,False,False,False
0x138daa300,Font Texture,Texture,"[""unused-device-resources-0x10ee34000""]",81,2,1,256,256,1,1,1,1,F1B8DF8287FC8E54,0,Shared,81920,recorded_allocated_size,2,2,168737634708,Earlier,0.078125,0,False,False,False
0x16acdc300,M_BChnC_01_LOD2_A,Buffer,"[""device-resources-0x10ee34000""]",,,,,,,,,,,,,65536,requested_buffer_length,2,3,0,Now,0.0625,0,False,True,True
0x16ae84480,M_BN_CN_FAT1_O_LD02_A,Buffer,"[""device-resources-0x10ee34000""]",,,,,,,,,,,,,65536,requested_buffer_length,2,3,0,Now,0.0625,0,False,True,True
0x16ae85080,M_BN_CN_FFARMER1_O_LD02_A,Buffer,"[""device-resources-0x10ee34000""]",,,,,,,,,,,,,65536,requested_buffer_length,2,3,0,Now,0.0625,0,False,True,True
0x16b55fa80,M_BN_CN_MFARMER1_O_LD02_A,Buffer,"[""device-resources-0x10ee34000""]",,,,,,,,,,,,,65536,requested_buffer_length,2,3,0,Now,0.0625,0,False,True,True
0x1764f9e00,SM_CN_TAVERN_A4_LOD04,Buffer,"[""device-resources-0x10ee34000""]",,,,,,,,,,,,,65536,requested_buffer_length,2,3,0,Now,0.0625,0,False,True,True
0x1764fa100,SM_CN_SPEARB_A4_LOD04,Buffer,"[""device-resources-0x10ee34000""]",,,,,,,,,,,,,65536,requested_buffer_length,2,3,0,Now,0.0625,0,False,True,True
0x17645fa80,SM_CN_MARKET_A4_LOD04,Buffer,"[""device-resources-0x10ee34000""]",,,,,,,,,,,,,65536,requested_buffer_length,2,3,0,Now,0.0625,0,False,True,True
0x17407d200,SM_CN_TOWER_A4_LOD04,Buffer,"[""device-resources-0x10ee34000""]",,,,,,,,,,,,,65536,requested_buffer_length,2,3,0,Now,0.0625,0,False,True,True
0x17407d800,SM_CN_STABLE_A4_LOD04,Buffer,"[""device-resources-0x10ee34000""]",,,,,,,,,,,,,65536,requested_buffer_length,2,3,0,Now,0.0625,0,False,True,True
0x176523a80,SM_CN_WALL09_A4_LOD04,Buffer,"[""device-resources-0x10ee34000""]",,,,,,,,,,,,,65536,requested_buffer_length,2,3,0,Now,0.0625,0,False,True,True
0x17b344900,SM_CN_BRIDGE_A3_LOD04,Buffer,"[""device-resources-0x10ee34000""]",,,,,,,,,,,,,65536,requested_buffer_length,2,3,0,Now,0.0625,0,False,True,True
0x17b346a00,M_BChnC_01_LOD3_A,Buffer,"[""device-resources-0x10ee34000""]",,,,,,,,,,,,,65536,requested_buffer_length,2,3,0,Now,0.0625,0,False,True,True
0x17b346d00,M_FR_WHARF_A4_LD03_A,Buffer,"[""device-resources-0x10ee34000""]",,,,,,,,,,,,,65536,requested_buffer_length,2,3,0,Now,0.0625,0,False,True,True
0x174068a80,M_BN_CN_FAT1_O_LD03_A,Buffer,"[""device-resources-0x10ee34000""]",,,,,,,,,,,,,65536,requested_buffer_length,2,3,0,Now,0.0625,0,False,True,True
0x174069380,M_BN_CN_FFARMER1_O_LD03_A,Buffer,"[""device-resources-0x10ee34000""]",,,,,,,,,,,,,65536,requested_buffer_length,2,3,0,Now,0.0625,0,False,True,True
0x17406b000,M_BN_CN_MFARMER1_O_LD03_A,Buffer,"[""device-resources-0x10ee34000""]",,,,,,,,,,,,,65536,requested_buffer_length,2,3,0,Now,0.0625,0,False,True,True
0x174076e80,SM_CN_DRILLG_A4_LOD04,Buffer,"[""device-resources-0x10ee34000""]",,,,,,,,,,,,,65536,requested_buffer_length,2,3,0,Now,0.0625,0,False,True,True
0x1690e3480,T_Waterbump_C,Texture,"[""device-resources-0x10ee34000""]",81,2,204,256,256,1,1,1,1,F1BE6C7C4EFE4D79,0,Shared,65536,recorded_allocated_size,2,2,0,Now,0.0625,3,False,True,True
0x1722cf480,T_FX_UI_Entitybubble_shape,Texture,"[""device-resources-0x10ee34000""]",81,2,190,256,256,1,1,1,1,3A225BCDDD54171B,0,Shared,65536,recorded_allocated_size,2,2,0,Now,0.0625,22,False,True,True
0x16acc9400,T_FX_UI_Common_partten02,Texture,"[""device-resources-0x10ee34000""]",81,2,190,256,256,1,1,1,1,B698136D4452DB75,0,Shared,65536,recorded_allocated_size,2,2,0,Now,0.0625,1,False,True,True
0x169642e80,SM_CN_IRONMINE_A4_LOD03,Buffer,"[""unused-device-resources-0x10ee34000""]",,,,,,,,,,,,,65536,requested_buffer_length,2,3,77518050708,Earlier,0.0625,0,False,False,False
0x16b55e400,SM_FX_GlowOffset_02,Buffer,"[""unused-device-resources-0x10ee34000""]",,,,,,,,,,,,,65536,requested_buffer_length,2,3,18446744073709551615,Never,0.0625,0,False,False,False
0x16b55ea00,SM_DrillgroundFlagFra_01_LOD001_MorphUV2_MorphExport,Buffer,"[""unused-device-resources-0x10ee34000""]",,,,,,,,,,,,,65536,requested_buffer_length,2,3,71426232041,Earlier,0.0625,0,False,False,False
0x1690f6d00,SM_FX_City_CN_WaterFall_Combine02,Buffer,"[""unused-device-resources-0x10ee34000""]",,,,,,,,,,,,,65536,requested_buffer_length,2,3,18446744073709551615,Never,0.0625,0,False,False,False
0x17407de00,SM_CN_HOUSE01_A4_LOD02,Buffer,"[""unused-device-resources-0x10ee34000""]",,,,,,,,,,,,,65536,requested_buffer_length,2,3,90968080041,Earlier,0.0625,0,False,False,False
0x17b239200,SM_CN_PROPS01_A4_LOD01,Buffer,"[""unused-device-resources-0x10ee34000""]",,,,,,,,,,,,,65536,requested_buffer_length,2,3,90967612041,Earlier,0.0625,0,False,False,False
0x17b238d80,SM_CN_CASTLE07_A4_LOD02,Buffer,"[""unused-device-resources-0x10ee34000""]",,,,,,,,,,,,,65536,requested_buffer_length,2,3,90967421375,Earlier,0.0625,0,False,False,False
0x176513900,M_BN_CN_FAT1_O_LD01_A,Buffer,"[""unused-device-resources-0x10ee34000""]",,,,,,,,,,,,,65536,requested_buffer_length,2,3,90966768041,Earlier,0.0625,0,False,False,False
0x176512d00,M_BN_CN_FFARMER1_O_LD01_A,Buffer,"[""unused-device-resources-0x10ee34000""]",,,,,,,,,,,,,65536,requested_buffer_length,2,3,90966736041,Earlier,0.0625,0,False,False,False
0x1722d2280,M_BN_CN_MFARMER1_O_LD01_A,Buffer,"[""unused-device-resources-0x10ee34000""]",,,,,,,,,,,,,65536,requested_buffer_length,2,3,90966645375,Earlier,0.0625,0,False,False,False
0x1694bad00,SM_CN_GOLDMINE_A4_LOD03,Buffer,"[""unused-device-resources-0x10ee34000""]",,,,,,,,,,,,,65536,requested_buffer_length,2,3,77518266708,Earlier,0.0625,0,False,False,False
0x16acdc900,SM_CN_BRIDGE_A3_LOD03,Buffer,"[""unused-device-resources-0x10ee34000""]",,,,,,,,,,,,,65536,requested_buffer_length,2,3,77517518708,Earlier,0.0625,0,False,False,False
0x1690f6a00,SM_FX_City_CN_WaterFall_Combine01,Buffer,"[""unused-device-resources-0x10ee34000""]",,,,,,,,,,,,,65536,requested_buffer_length,2,3,18446744073709551615,Never,0.0625,0,False,False,False
0x138da8280,template_icon,Texture,"[""unused-device-resources-0x10ee34000""]",81,2,208,256,256,1,1,1,1,2319453F806896DB,0,Shared,65536,recorded_allocated_size,2,2,18446744073709551615,Never,0.0625,0,False,False,False
0x16acd4500,T_FX_Noise_109_cwh,Texture,"[""unused-device-resources-0x10ee34000""]",81,2,190,256,256,1,1,1,1,CFAC452924F26C64,0,Shared,65536,recorded_allocated_size,2,2,89099769375,Earlier,0.0625,0,False,False,False
0x15bc7c500,mask_list,Texture,"[""unused-device-resources-0x10ee34000""]",81,2,186,256,256,1,1,1,1,9589186B4AF0BF4B,0,Shared,65536,recorded_allocated_size,2,2,79512142708,Earlier,0.0625,0,False,False,False
0x15bc7ca00,Mask_BGEffect_Right,Texture,"[""unused-device-resources-0x10ee34000""]",81,2,186,256,256,1,1,1,1,B376543262279EDB,0,Shared,65536,recorded_allocated_size,2,2,18446744073709551615,Never,0.0625,0,False,False,False
0x1764bed00,Mask_GuideCircle,Texture,"[""unused-device-resources-0x10ee34000""]",81,2,204,256,256,1,1,1,1,F076D1B07F584B1C,0,Shared,65536,recorded_allocated_size,2,2,79539356041,Earlier,0.0625,0,False,False,False
0x1764bef80,Mask_GuideRect,Texture,"[""unused-device-resources-0x10ee34000""]",81,2,204,256,256,1,1,1,1,6F1FA1012754EA06,0,Shared,65536,recorded_allocated_size,2,2,18446744073709551615,Never,0.0625,0,False,False,False
0x1764bf980,T_FX_UI_Mask_10006,Texture,"[""unused-device-resources-0x10ee34000""]",81,2,190,256,256,1,1,1,1,9F67858F21EF7465,0,Shared,65536,recorded_allocated_size,2,2,18446744073709551615,Never,0.0625,0,False,False,False
0x17b32aa80,Mask_BGEffect_Down,Texture,"[""unused-device-resources-0x10ee34000""]",81,2,186,256,256,1,1,1,1,36BB4ED672D9C0CD,0,Shared,65536,recorded_allocated_size,2,2,18446744073709551615,Never,0.0625,0,False,False,False
0x17b328780,Mask_BGEffect_Left,Texture,"[""unused-device-resources-0x10ee34000""]",81,2,186,256,256,1,1,1,1,94E1D8A20C2D0185,0,Shared,65536,recorded_allocated_size,2,2,18446744073709551615,Never,0.0625,0,False,False,False
0x16accee80,SM_NC_PROPSGROUP01_A0_LOD02,Buffer,"[""device-resources-0x10ee34000""]",,,,,,,,,,,,,49152,requested_buffer_length,2,3,0,Now,0.046875,0,False,True,True
0x16acdd200,M_CN_CENTER_A3_O_LD00_A,Buffer,"[""device-resources-0x10ee34000""]",,,,,,,,,,,,,49152,requested_buffer_length,2,3,0,Now,0.046875,0,False,True,True
0x16acefc00,SM_CN_RIVERBANK_A4_LOD01,Buffer,"[""device-resources-0x10ee34000""]",,,,,,,,,,,,,49152,requested_buffer_length,2,3,0,Now,0.046875,0,False,True,True
0x1764f8f00,SM_CN_GOLDMINE_A4_LOD04,Buffer,"[""device-resources-0x10ee34000""]",,,,,,,,,,,,,49152,requested_buffer_length,2,3,0,Now,0.046875,0,False,True,True
0x17645fc00,SM_CN_IRONMINE_A4_LOD04,Buffer,"[""device-resources-0x10ee34000""]",,,,,,,,,,,,,49152,requested_buffer_length,2,3,0,Now,0.046875,0,False,True,True
0x168c62a80,T_FX_Liquid_WaterFall04,Texture,"[""device-resources-0x10ee34000""]",81,2,208,128,256,1,9,1,1,893038416C02D4AB,0,Shared,49152,recorded_allocated_size,2,2,0,Now,0.046875,1,False,True,True
0x168c62d00,T_FX_Liquid_WaterFall05,Texture,"[""device-resources-0x10ee34000""]",81,2,208,128,256,1,9,1,1,AFABF694D2891195,0,Shared,49152,recorded_allocated_size,2,2,0,Now,0.046875,3,False,True,True
0x1690e2580,T_FX_FB_Generic_Leaf03,Texture,"[""device-resources-0x10ee34000""]",81,2,218,512,256,1,10,1,1,79A4DACBD5650B0F,0,Shared,49152,recorded_allocated_size,2,2,0,Now,0.046875,0,False,False,True
0x16acc8500,T_CN_FLAG04UV1_A2_VA,Texture,"[""device-resources-0x10ee34000""]",81,2,115,30,101,1,1,1,1,32C8736197A45781,0,Shared,49152,recorded_allocated_size,2,2,0,Now,0.046875,0,False,False,True
0x16ace0500,N_CN_CENTER_A3_O_AT_C,Texture,"[""device-resources-0x10ee34000""]",81,2,115,34,45,1,1,1,1,306E15C7AD60E252,0,Shared,49152,recorded_allocated_size,2,2,0,Now,0.046875,0,False,False,True
0x1694fc000,T_FoliageGradient_C,Texture,"[""device-resources-0x10ee34000""]",81,2,163,256,256,1,6,1,1,895EC64ACF2381F9,0,Shared,49152,recorded_allocated_size,2,2,0,Now,0.046875,1,False,True,True
0x16b53a300,T_FX_Mask_59,Texture,"[""device-resources-0x10ee34000""]",81,2,208,128,256,1,9,1,1,F81875BE0EEF5891,0,Shared,49152,recorded_allocated_size,2,2,0,Now,0.046875,1,False,True,True
0x16b53a580,T_FX_Flash_53_cwh,Texture,"[""device-resources-0x10ee34000""]",81,2,190,256,128,1,9,1,1,30DF98C273CEF1CA,0,Shared,49152,recorded_allocated_size,2,2,0,Now,0.046875,0,False,False,True
0x174060a00,Game_TMP_RT_16,Texture,"[""device-resources-0x10ee34000""]",81,2,92,121,56,1,1,1,1,8F9626ABA2EB9A89,0,Shared,49152,recorded_allocated_size,2,0,0,Now,0.046875,2,True,True,True
0x174061400,Game_RT_16,Texture,"[""device-resources-0x10ee34000""]",81,2,92,121,56,1,1,1,1,626BFC0655136572,0,Shared,49152,recorded_allocated_size,2,0,0,Now,0.046875,1,True,True,True
0x16b70b980,T_BH_JOA_NRT,Texture,"[""device-resources-0x10ee34000""]",81,2,208,256,128,1,9,1,1,1D91FA4EFE039F74,0,Shared,49152,recorded_allocated_size,2,2,0,Now,0.046875,1,False,True,True
0x16b70a800,T_BH_JOA_DA,Texture,"[""device-resources-0x10ee34000""]",81,2,190,256,128,1,9,1,1,6B497AA7B4CEAA8B,0,Shared,49152,recorded_allocated_size,2,2,0,Now,0.046875,1,False,True,True
0x16acdea00,SM_CN_PROPS03_A3_LOD02,Buffer,"[""unused-device-resources-0x10ee34000""]",,,,,,,,,,,,,49152,requested_buffer_length,2,3,77517454708,Earlier,0.046875,0,False,False,False
0x16acc4780,M_BN_FR_GIRL1_LD02_A,Buffer,"[""unused-device-resources-0x10ee34000""]",,,,,,,,,,,,,49152,requested_buffer_length,2,3,77485820041,Earlier,0.046875,0,False,False,False
0x17407e580,SM_WRE_NC_GOLDB_L05_LOD01,Buffer,"[""unused-device-resources-0x10ee34000""]",,,,,,,,,,,,,49152,requested_buffer_length,2,3,90968354708,Earlier,0.046875,0,False,False,False
0x1687d3900,SM_CN_HALLOFWAR_A4_LOD02,Buffer,"[""unused-device-resources-0x10ee34000""]",,,,,,,,,,,,,49152,requested_buffer_length,2,3,90967838708,Earlier,0.046875,0,False,False,False
0x1687d1b00,SM_CN_CENTER_A4_LOD02,Buffer,"[""unused-device-resources-0x10ee34000""]",,,,,,,,,,,,,49152,requested_buffer_length,2,3,90967816041,Earlier,0.046875,0,False,False,False
0x17b23a400,SM_CN_WALL01_A4_LOD02,Buffer,"[""unused-device-resources-0x10ee34000""]",,,,,,,,,,,,,49152,requested_buffer_length,2,3,90967600041,Earlier,0.046875,0,False,False,False
0x1740e4f00,SM_CN_MTPROPS03_A3_LOD02,Buffer,"[""unused-device-resources-0x10ee34000""]",,,,,,,,,,,,,49152,requested_buffer_length,2,3,90967206708,Earlier,0.046875,0,False,False,False
0x1740e5e00,SM_CN_PROPS03_A3_LOD01,Buffer,"[""unused-device-resources-0x10ee34000""]",,,,,,,,,,,,,49152,requested_buffer_length,2,3,90967094708,Earlier,0.046875,0,False,False,False
0x176511980,M_BS_CN_ARCHR_L3_LD01_A,Buffer,"[""unused-device-resources-0x10ee34000""]",,,,,,,,,,,,,49152,requested_buffer_length,2,3,90966821375,Earlier,0.046875,0,False,False,False
0x15bfe0900,M_BN_FR_GIRL1_LD01_A,Buffer,"[""unused-device-resources-0x10ee34000""]",,,,,,,,,,,,,49152,requested_buffer_length,2,3,90966624041,Earlier,0.046875,0,False,False,False
0x16aced080,SM_NC_PROPS10B_A0_LOD02,Buffer,"[""unused-device-resources-0x10ee34000""]",,,,,,,,,,,,,49152,requested_buffer_length,2,3,77452880041,Earlier,0.046875,0,False,False,False
0x1690f4180,SM_MountHuangA_01_City_LOD2,Buffer,"[""unused-device-resources-0x10ee34000""]",,,,,,,,,,,,,49152,requested_buffer_length,2,3,77453189375,Earlier,0.046875,0,False,False,False
0x16acc6400,SM_CN_PROPS01_A4_LOD02,Buffer,"[""unused-device-resources-0x10ee34000""]",,,,,,,,,,,,,49152,requested_buffer_length,2,3,77517840041,Earlier,0.046875,0,False,False,False
0x16ae85e00,SM_CN_CASTLE07_A4_LOD03,Buffer,"[""unused-device-resources-0x10ee34000""]",,,,,,,,,,,,,49152,requested_buffer_length,2,3,77517665375,Earlier,0.046875,0,False,False,False
0x16ae86a00,SM_CN_CASTLE06_A4_LOD03,Buffer,"[""unused-device-resources-0x10ee34000""]",,,,,,,,,,,,,49152,requested_buffer_length,2,3,79006296041,Earlier,0.046875,0,False,False,False
0x16ae87300,SM_CN_CASTLE02_A4_LOD03,Buffer,"[""unused-device-resources-0x10ee34000""]",,,,,,,,,,,,,49152,requested_buffer_length,2,3,77485246708,Earlier,0.046875,0,False,False,False
0x1690f4780,SM_MountHuangA_02_City_LOD2,Buffer,"[""unused-device-resources-0x10ee34000""]",,,,,,,,,,,,,49152,requested_buffer_length,2,3,77518596041,Earlier,0.046875,0,False,False,False
0x16acce580,SM_CN_HEROSHRINE02_A3_LOD03,Buffer,"[""unused-device-resources-0x10ee34000""]",,,,,,,,,,,,,49152,requested_buffer_length,2,3,77517612041,Earlier,0.046875,0,False,False,False
0x17406b600,M_BN_FR_GIRL1_LD03_A,Buffer,"[""unused-device-resources-0x10ee34000""]",,,,,,,,,,,,,49152,requested_buffer_length,2,3,77483552041,Earlier,0.046875,0,False,False,False
0x1694bb000,SM_CN_HOUSE01_A4_LOD03,Buffer,"[""unused-device-resources-0x10ee34000""]",,,,,,,,,,,,,49152,requested_buffer_length,2,3,77518252041,Earlier,0.046875,0,False,False,False
0x1178d3c00,UnityNHxRoughness,Texture,"[""unused-device-resources-0x10ee34000""]",81,2,20,256,64,1,1,1,1,FE082DF7014C4EE,0,Shared,49152,recorded_allocated_size,2,2,168870648041,Earlier,0.046875,0,False,False,False
0x15bfe1b00,M_BA_FISHG1_LD03_A,Buffer,"[""device-resources-0x10ee34000""]",,,,,,,,,,,,,32768,requested_buffer_length,2,3,0,Now,0.03125,0,False,True,True
0x15bfe2700,SM_Rock_07,Buffer,"[""device-resources-0x10ee34000""]",,,,,,,,,,,,,32768,requested_buffer_length,2,3,0,Now,0.03125,0,False,True,True
0x15bfe2d00,SM_Rock_16,Buffer,"[""device-resources-0x10ee34000""]",,,,,,,,,,,,,32768,requested_buffer_length,2,3,0,Now,0.03125,0,False,True,True
0x15bfe3600,SM_Water_Plane_LOD2,Buffer,"[""device-resources-0x10ee34000""]",,,,,,,,,,,,,32768,requested_buffer_length,2,3,0,Now,0.03125,0,False,True,True
0x15bfe3c00,SM_CityWater_07,Buffer,"[""device-resources-0x10ee34000""]",,,,,,,,,,,,,32768,requested_buffer_length,2,3,0,Now,0.03125,0,False,True,True
0x1690f7600,SM_Rock_15,Buffer,"[""device-resources-0x10ee34000""]",,,,,,,,,,,,,32768,requested_buffer_length,2,3,0,Now,0.03125,0,False,True,True
0x16acc5200,SM_PropsScaffold_LOD2,Buffer,"[""device-resources-0x10ee34000""]",,,,,,,,,,,,,32768,requested_buffer_length,2,3,0,Now,0.03125,0,False,True,True
0x16accdf80,SM_FlagFranceFeudal_01,Buffer,"[""device-resources-0x10ee34000""]",,,,,,,,,,,,,32768,requested_buffer_length,2,3,0,Now,0.03125,0,False,True,True
0x16acceb80,SM_NC_PROPSGROUP05A_A0_LOD02,Buffer,"[""device-resources-0x10ee34000""]",,,,,,,,,,,,,32768,requested_buffer_length,2,3,0,Now,0.03125,0,False,True,True
0x143670780,SM_NC_PROPSGROUP03A_A0_LOD02,Buffer,"[""device-resources-0x10ee34000""]",,,,,,,,,,,,,32768,requested_buffer_length,2,3,0,Now,0.03125,0,False,True,True
0x16aed3600,SM_BerryCluster,Buffer,"[""device-resources-0x10ee34000""]",,,,,,,,,,,,,32768,requested_buffer_length,2,3,0,Now,0.03125,0,False,True,True
0x1694b8780,SM_ChinaCityTree_02,Buffer,"[""device-resources-0x10ee34000""]",,,,,,,,,,,,,32768,requested_buffer_length,2,3,0,Now,0.03125,0,False,True,True
0x1694b8c00,SM_ChinaCityTree_03_LOD1,Buffer,"[""device-resources-0x10ee34000""]",,,,,,,,,,,,,32768,requested_buffer_length,2,3,0,Now,0.03125,0,False,True,True
0x1694b9500,SM_ChinaCityTree_04_LOD1,Buffer,"[""device-resources-0x10ee34000""]",,,,,,,,,,,,,32768,requested_buffer_length,2,3,0,Now,0.03125,0,False,True,True
0x1694ba400,SM_BarChiC_Flag001_MEx,Buffer,"[""device-resources-0x10ee34000""]",,,,,,,,,,,,,32768,requested_buffer_length,2,3,0,Now,0.03125,0,False,True,True
0x1694bb900,SM_ArcChiC_Flag001_MEx,Buffer,"[""device-resources-0x10ee34000""]",,,,,,,,,,,,,32768,requested_buffer_length,2,3,0,Now,0.03125,0,False,True,True
0x169640a80,SM_SpearBarrackChinaCastle_Flag001_MorphUV2_MorphExport,Buffer,"[""device-resources-0x10ee34000""]",,,,,,,,,,,,,32768,requested_buffer_length,2,3,0,Now,0.03125,0,False,True,True
0x169642280,SM_HallOfWarChinaCastle_Flag001_MorphUV2_MorphExport,Buffer,"[""device-resources-0x10ee34000""]",,,,,,,,,,,,,32768,requested_buffer_length,2,3,0,Now,0.03125,0,False,True,True
0x169735500,SM_StableChinaCastle_Flag001_MorphUV2_MorphExport,Buffer,"[""device-resources-0x10ee34000""]",,,,,,,,,,,,,32768,requested_buffer_length,2,3,0,Now,0.03125,0,False,True,True
0x1722d1680,M_BM_H_BODY_L1_LD02_A,Buffer,"[""device-resources-0x10ee34000""]",,,,,,,,,,,,,32768,requested_buffer_length,2,3,0,Now,0.03125,0,False,True,True
0x1764f8180,SM_MountHuangB_02_City_LOD3,Buffer,"[""device-resources-0x10ee34000""]",,,,,,,,,,,,,32768,requested_buffer_length,2,3,0,Now,0.03125,0,False,True,True
0x1764f8480,SM_MountHuangA_02_City_LOD3,Buffer,"[""device-resources-0x10ee34000""]",,,,,,,,,,,,,32768,requested_buffer_length,2,3,0,Now,0.03125,0,False,True,True
0x1764f9200,SM_CN_HOUSE01_A4_LOD04,Buffer,"[""device-resources-0x10ee34000""]",,,,,,,,,,,,,32768,requested_buffer_length,2,3,0,Now,0.03125,0,False,True,True
0x176522b80,SM_CN_PROPS01_A4_LOD03,Buffer,"[""device-resources-0x10ee34000""]",,,,,,,,,,,,,32768,requested_buffer_length,2,3,0,Now,0.03125,0,False,True,True
0x176520a80,SM_CN_CASTLE06_A4_LOD04,Buffer,"[""device-resources-0x10ee34000""]",,,,,,,,,,,,,32768,requested_buffer_length,2,3,0,Now,0.03125,0,False,True,True
0x176520d80,SM_CN_CASTLE07_A4_LOD04,Buffer,"[""device-resources-0x10ee34000""]",,,,,,,,,,,,,32768,requested_buffer_length,2,3,0,Now,0.03125,0,False,True,True
0x17b344600,SM_CN_HEROSHRINE02_A3_LOD04,Buffer,"[""device-resources-0x10ee34000""]",,,,,,,,,,,,,32768,requested_buffer_length,2,3,0,Now,0.03125,0,False,True,True
0x17b344c00,SM_CN_MTPROPS03_A3_LOD04,Buffer,"[""device-resources-0x10ee34000""]",,,,,,,,,,,,,32768,requested_buffer_length,2,3,0,Now,0.03125,0,False,True,True
0x17b345500,SM_CN_BRIDGE04_A2_LOD04,Buffer,"[""device-resources-0x10ee34000""]",,,,,,,,,,,,,32768,requested_buffer_length,2,3,0,Now,0.03125,0,False,True,True
0x174075980,SM_CN_CASTLE02_A4_LOD04,Buffer,"[""device-resources-0x10ee34000""]",,,,,,,,,,,,,32768,requested_buffer_length,2,3,0,Now,0.03125,0,False,True,True
0x174075e00,SM_CN_CASTLE_A4_LOD04,Buffer,"[""device-resources-0x10ee34000""]",,,,,,,,,,,,,32768,requested_buffer_length,2,3,0,Now,0.03125,0,False,True,True
0x174074c00,SM_NC_WHARF01_A2_LOD04,Buffer,"[""device-resources-0x10ee34000""]",,,,,,,,,,,,,32768,requested_buffer_length,2,3,0,Now,0.03125,0,False,True,True
0x1764fcd80,M_BH_ODA_LD02_A,Buffer,"[""device-resources-0x10ee34000""]",,,,,,,,,,,,,32768,requested_buffer_length,2,3,0,Now,0.03125,0,False,True,True
0x1764fd500,M_BH_GAIUS_LD02_A,Buffer,"[""device-resources-0x10ee34000""]",,,,,,,,,,,,,32768,requested_buffer_length,2,3,0,Now,0.03125,0,False,True,True
0x1764fd680,M_BH_ODA_LD03_A,Buffer,"[""device-resources-0x10ee34000""]",,,,,,,,,,,,,32768,requested_buffer_length,2,3,0,Now,0.03125,0,False,True,True
0x1722d1f80,,Buffer,"[""device-resources-0x10ee34000""]",,,,,,,,,,,,,32768,requested_buffer_length,2,3,0,Now,0.03125,0,False,True,True
0x168c61680,T_FX_Mask_44,Texture,"[""device-resources-0x10ee34000""]",81,2,208,128,128,1,8,1,1,44372ACACB666E4C,0,Shared,32768,recorded_allocated_size,2,2,0,Now,0.03125,1,False,True,True
0x168c63200,T_FX_Liquid_WaterFall01,Texture,"[""device-resources-0x10ee34000""]",81,2,208,128,128,1,8,1,1,D0EA73AAD6BBFC48,0,Shared,32768,recorded_allocated_size,2,2,0,Now,0.03125,2,False,True,True
0x168c63c00,T_FX_Noise_67,Texture,"[""device-resources-0x10ee34000""]",81,2,212,256,256,1,9,1,1,D48950A96CDA7856,0,Shared,32768,recorded_allocated_size,2,2,0,Now,0.03125,26,False,True,True
0x1690e0f00,T_FX_Shape_Square16,Texture,"[""device-resources-0x10ee34000""]",81,2,208,128,128,1,8,1,1,69E5E9DAFC83A92D,0,Shared,32768,recorded_allocated_size,2,2,0,Now,0.03125,3,False,True,True
0x1690e2080,T_FX_FB_Generic_Leaf01,Texture,"[""device-resources-0x10ee34000""]",81,2,218,512,128,1,10,1,1,FC8D063752840CED,0,Shared,32768,recorded_allocated_size,2,2,0,Now,0.03125,0,False,False,True
0x1690e3700,N_1_AT_C,Texture,"[""device-resources-0x10ee34000""]",81,2,115,8,312,1,1,1,1,3CEFE07FB84062D1,0,Shared,32768,recorded_allocated_size,2,2,0,Now,0.03125,1,False,True,True
0x1690e3980,N_2_AT_C,Texture,"[""device-resources-0x10ee34000""]",81,2,115,8,257,1,1,1,1,DB84A6F4274420D4,0,Shared,32768,recorded_allocated_size,2,2,0,Now,0.03125,1,False,True,True
0x1690e8000,N_0_AT_C,Texture,"[""device-resources-0x10ee34000""]",81,2,115,8,330,1,1,1,1,6CA674099AC55575,0,Shared,32768,recorded_allocated_size,2,2,0,Now,0.03125,3,False,True,True
0x16accb980,T_FX_Flash_05,Texture,"[""device-resources-0x10ee34000""]",81,2,208,128,128,1,8,1,1,A1583C6F102D43D5,0,Shared,32768,recorded_allocated_size,2,2,0,Now,0.03125,0,False,False,True
0x16ae8ef80,N_SM_CN_PROPS04_A4_O_AT_C,Texture,"[""device-resources-0x10ee34000""]",81,2,115,42,18,1,1,1,1,E73A85C813396AEB,0,Shared,32768,recorded_allocated_size,2,2,0,Now,0.03125,0,False,False,True
0x16ae8f700,T_BA_FISHG1_NRT,Texture,"[""device-resources-0x10ee34000""]",81,2,208,128,128,1,8,1,1,AD4B3EF04FE3D3FC,0,Shared,32768,recorded_allocated_size,2,2,0,Now,0.03125,5,False,True,True
0x16ae8f980,T_BA_FISHG1_DA,Texture,"[""device-resources-0x10ee34000""]",81,2,190,128,128,1,8,1,1,8613B099D5014C8B,0,Shared,32768,recorded_allocated_size,2,2,0,Now,0.03125,5,False,True,True
0x16b539400,T_FX_Mask_57,Texture,"[""device-resources-0x10ee34000""]",81,2,208,128,128,1,8,1,1,981D867FC0F2CB3E,0,Shared,32768,recorded_allocated_size,2,2,0,Now,0.03125,1,False,True,True
0x16b539680,T_FX_Mask_19,Texture,"[""device-resources-0x10ee34000""]",81,2,208,128,128,1,8,1,1,545FD6C64CAF4729,0,Shared,32768,recorded_allocated_size,2,2,0,Now,0.03125,1,False,True,True
0x16b539900,T_FX_Mask_64_Zcx,Texture,"[""device-resources-0x10ee34000""]",81,2,208,128,128,1,8,1,1,6F7E51A5B2DB16C6,0,Shared,32768,recorded_allocated_size,2,2,0,Now,0.03125,1,False,True,True
0x16b539e00,T_FX_Mask_65_clamp,Texture,"[""device-resources-0x10ee34000""]",81,2,208,128,128,1,8,1,1,75DD5D4355DDE56B,0,Shared,32768,recorded_allocated_size,2,2,0,Now,0.03125,0,False,False,True
0x16b53b480,T_FX_Noise_44,Texture,"[""device-resources-0x10ee34000""]",81,2,208,128,128,1,8,1,1,A0D43BE31574CF91,0,Shared,32768,recorded_allocated_size,2,2,0,Now,0.03125,1,False,True,True
0x16b53b700,T_FX_Noise_115_cwh,Texture,"[""device-resources-0x10ee34000""]",81,2,208,128,128,1,8,1,1,B2E058A56176D153,0,Shared,32768,recorded_allocated_size,2,2,0,Now,0.03125,1,False,True,True
0x1722ced00,T_FX_Mask_17_clamp,Texture,"[""device-resources-0x10ee34000""]",81,2,208,128,128,1,8,1,1,9929925AE15B14A3,0,Shared,32768,recorded_allocated_size,2,2,0,Now,0.03125,1,False,True,True
0x174062d00,T_BS_CN_CHANG_L3_DA,Texture,"[""device-resources-0x10ee34000""]",81,2,190,128,128,1,8,1,1,A096C8094FFB1E5F,0,Shared,32768,recorded_allocated_size,2,2,0,Now,0.03125,1,False,True,True
0x174062f80,T_BS_CN_CHANG_L3_NRT,Texture,"[""device-resources-0x10ee34000""]",81,2,208,128,128,1,8,1,1,3BE4F50CB4F79558,0,Shared,32768,recorded_allocated_size,2,2,0,Now,0.03125,1,False,True,True
0x1764bc280,T_BN_CN_FAT1_NRT,Texture,"[""device-resources-0x10ee34000""]",81,2,208,128,128,1,8,1,1,66CA82E738F5F8A2,0,Shared,32768,recorded_allocated_size,2,2,0,Now,0.03125,1,False,True,True
0x1764bc500,T_BN_CN_FAT1_DA,Texture,"[""device-resources-0x10ee34000""]",81,2,190,128,128,1,8,1,1,28237CFF77C02004,0,Shared,32768,recorded_allocated_size,2,2,0,Now,0.03125,1,False,True,True
0x1764bd180,T_BN_CN_THIN1_DA,Texture,"[""device-resources-0x10ee34000""]",81,2,190,128,128,1,8,1,1,CA6BEB48DC52E044,0,Shared,32768,recorded_allocated_size,2,2,0,Now,0.03125,1,False,True,True
0x1764bd400,T_BN_CN_THIN1_NRT,Texture,"[""device-resources-0x10ee34000""]",81,2,208,128,128,1,8,1,1,6D0D74CFC8C4874A,0,Shared,32768,recorded_allocated_size,2,2,0,Now,0.03125,1,False,True,True
0x16accad00,T_FX_Mask_Noise13,Texture,"[""device-resources-0x10ee34000""]",81,2,208,128,128,1,8,1,1,26E7B7AFAA2C2BDB,0,Shared,32768,recorded_allocated_size,2,2,0,Now,0.03125,1,False,True,True
0x16ae8c000,T_FX_Mask_03_ws,Texture,"[""device-resources-0x10ee34000""]",81,2,208,128,128,1,8,1,1,91302733E4779663,0,Shared,32768,recorded_allocated_size,2,2,0,Now,0.03125,1,False,True,True
0x16ae8c780,T_FX_Noise_62,Texture,"[""device-resources-0x10ee34000""]",81,2,208,128,128,1,8,1,1,7A31938254324FA9,0,Shared,32768,recorded_allocated_size,2,2,0,Now,0.03125,1,False,True,True
0x15bc7ea80,T_FX_Trail_07,Texture,"[""device-resources-0x10ee34000""]",81,2,190,128,128,1,8,1,1,3D93F9A89FE0C885,0,Shared,32768,recorded_allocated_size,2,2,0,Now,0.03125,1,False,True,True
0x13b007980,T_BS_CN_CHANG_L2_DA,Texture,"[""device-resources-0x10ee34000""]",81,2,190,128,128,1,8,1,1,90DF4D85B53307F5,0,Shared,32768,recorded_allocated_size,2,2,0,Now,0.03125,2,False,True,True
0x13b004a00,T_BS_CN_CHANG_L2_NRT,Texture,"[""device-resources-0x10ee34000""]",81,2,208,128,128,1,8,1,1,53C4D70204DCA00,0,Shared,32768,recorded_allocated_size,2,2,0,Now,0.03125,2,False,True,True
0x15bc7cc80,T_BN_FR_HAWKER1_NRT,Texture,"[""device-resources-0x10ee34000""]",81,2,208,128,128,1,8,1,1,EE23E12E33AE412B,0,Shared,32768,recorded_allocated_size,2,2,0,Now,0.03125,1,False,True,True
0x15bc7e800,T_BN_FR_HAWKER1_DA,Texture,"[""device-resources-0x10ee34000""]",81,2,190,128,128,1,8,1,1,8502B09193C8605D,0,Shared,32768,recorded_allocated_size,2,2,0,Now,0.03125,1,False,True,True
0x1436aed00,T_BS_CN_PKEMN_L2_DA,Texture,"[""device-resources-0x10ee34000""]",81,2,190,128,128,1,8,1,1,B14A1035645AB4EA,0,Shared,32768,recorded_allocated_size,2,2,0,Now,0.03125,1,False,True,True
0x17b329900,T_BS_CN_PKEMN_L2_NRT,Texture,"[""device-resources-0x10ee34000""]",81,2,208,128,128,1,8,1,1,DA8D02B3146C6D2E,0,Shared,32768,recorded_allocated_size,2,2,0,Now,0.03125,1,False,True,True
0x13b006080,T_BH_ODA_NRT,Texture,"[""device-resources-0x10ee34000""]",81,2,208,128,128,1,8,1,1,10348FDB1E60184D,0,Shared,32768,recorded_allocated_size,2,2,0,Now,0.03125,1,False,True,True
0x13b005900,T_BH_ODA_DA,Texture,"[""device-resources-0x10ee34000""]",81,2,190,128,128,1,8,1,1,B118731481F7799A,0,Shared,32768,recorded_allocated_size,2,2,0,Now,0.03125,1,False,True,True
0x169642a00,SM_CN_HALLOFWAR_A4_LOD03,Buffer,"[""unused-device-resources-0x10ee34000""]",,,,,,,,,,,,,32768,requested_buffer_length,2,3,77518060041,Earlier,0.03125,0,False,False,False
0x169643480,SM_CN_CENTER_A4_LOD03,Buffer,"[""unused-device-resources-0x10ee34000""]",,,,,,,,,,,,,32768,requested_buffer_length,2,3,77518041375,Earlier,0.03125,0,False,False,False
0x169643600,SM_NC_FARMLANDCASTLEWHEAT3_A3_LOD02,Buffer,"[""unused-device-resources-0x10ee34000""]",,,,,,,,,,,,,32768,requested_buffer_length,2,3,77452964041,Earlier,0.03125,0,False,False,False
0x169734600,M_CN_MILL_A4_O2_LD02_A,Buffer,"[""unused-device-resources-0x10ee34000""]",,,,,,,,,,,,,32768,requested_buffer_length,2,3,18446744073709551615,Never,0.03125,0,False,False,False
0x169734c00,SM_CN_LUMBER_A4_LOD03,Buffer,"[""unused-device-resources-0x10ee34000""]",,,,,,,,,,,,,32768,requested_buffer_length,2,3,77452957375,Earlier,0.03125,0,False,False,False
0x169734f00,M_CN_LUMBERLOG_A4_LD03_A,Buffer,"[""unused-device-resources-0x10ee34000""]",,,,,,,,,,,,,32768,requested_buffer_length,2,3,88906768041,Earlier,0.03125,0,False,False,False
0x16b55ed00,M_BH_BOUDICA_LD02_A,Buffer,"[""unused-device-resources-0x10ee34000""]",,,,,,,,,,,,,32768,requested_buffer_length,2,3,79452293375,Earlier,0.03125,0,False,False,False
0x1690f6b80,SM_FX_City_CN_WaterFall_Combine01,Buffer,"[""unused-device-resources-0x10ee34000""]",,,,,,,,,,,,,32768,requested_buffer_length,2,3,18446744073709551615,Never,0.03125,0,False,False,False
0x1690f6e80,SM_FX_City_CN_WaterFall_Combine02,Buffer,"[""unused-device-resources-0x10ee34000""]",,,,,,,,,,,,,32768,requested_buffer_length,2,3,18446744073709551615,Never,0.03125,0,False,False,False
0x1722d1380,M_BS_CN_SCBAL_L3_LD02_A,Buffer,"[""unused-device-resources-0x10ee34000""]",,,,,,,,,,,,,32768,requested_buffer_length,2,3,77485844041,Earlier,0.03125,0,False,False,False
0x17407e880,SM_StonemineB_Lv2_LOD1,Buffer,"[""unused-device-resources-0x10ee34000""]",,,,,,,,,,,,,32768,requested_buffer_length,2,3,90968333375,Earlier,0.03125,0,False,False,False
0x17407ee80,SM_CN_BARRACK_A4_LOD02,Buffer,"[""unused-device-resources-0x10ee34000""]",,,,,,,,,,,,,32768,requested_buffer_length,2,3,90968105375,Earlier,0.03125,0,False,False,False
0x1687d3300,SM_CN_DOCK_A4_LOD02,Buffer,"[""unused-device-resources-0x10ee34000""]",,,,,,,,,,,,,32768,requested_buffer_length,2,3,90968068041,Earlier,0.03125,0,False,False,False
0x1687d0f00,SM_CN_ARCHERY_A4_LOD02,Buffer,"[""unused-device-resources-0x10ee34000""]",,,,,,,,,,,,,32768,requested_buffer_length,2,3,90968012041,Earlier,0.03125,0,False,False,False
0x1687d2700,SM_CN_MARKET_A4_LOD02,Buffer,"[""unused-device-resources-0x10ee34000""]",,,,,,,,,,,,,32768,requested_buffer_length,2,3,90967926708,Earlier,0.03125,0,False,False,False
0x1687d3c00,SM_CN_EMBASSY_A4_LOD02,Buffer,"[""unused-device-resources-0x10ee34000""]",,,,,,,,,,,,,32768,requested_buffer_length,2,3,90967882708,Earlier,0.03125,0,False,False,False
0x1687d2d00,SM_CN_STABLE_A4_LOD02,Buffer,"[""unused-device-resources-0x10ee34000""]",,,,,,,,,,,,,32768,requested_buffer_length,2,3,90967793375,Earlier,0.03125,0,False,False,False
0x1687d1800,SM_CN_SCHOOL_A4_LOD02,Buffer,"[""unused-device-resources-0x10ee34000""]",,,,,,,,,,,,,32768,requested_buffer_length,2,3,90967782708,Earlier,0.03125,0,False,False,False
0x1687d1680,SM_FR_WHARF07_A4_LOD01,Buffer,"[""unused-device-resources-0x10ee34000""]",,,,,,,,,,,,,32768,requested_buffer_length,2,3,90967772041,Earlier,0.03125,0,False,False,False
0x1687d0300,SM_FR_WHARF04_A4_LOD01,Buffer,"[""unused-device-resources-0x10ee34000""]",,,,,,,,,,,,,32768,requested_buffer_length,2,3,90967697375,Earlier,0.03125,0,False,False,False
0x17b23bd80,SM_CN_WALL03_A4_LOD02,Buffer,"[""unused-device-resources-0x10ee34000""]",,,,,,,,,,,,,32768,requested_buffer_length,2,3,90967576041,Earlier,0.03125,0,False,False,False
0x17b23ae80,SM_CN_WALL09_A4_LOD02,Buffer,"[""unused-device-resources-0x10ee34000""]",,,,,,,,,,,,,32768,requested_buffer_length,2,3,90967552041,Earlier,0.03125,0,False,False,False
0x17b238180,SM_NC_PROPS01_A3_LOD01,Buffer,"[""unused-device-resources-0x10ee34000""]",,,,,,,,,,,,,32768,requested_buffer_length,2,3,90967489375,Earlier,0.03125,0,False,False,False
0x17b238a80,SM_NC_PROPS02_A3_LOD01,Buffer,"[""unused-device-resources-0x10ee34000""]",,,,,,,,,,,,,32768,requested_buffer_length,2,3,90967480041,Earlier,0.03125,0,False,False,False
0x17b23b300,SM_CN_HEROSHRINE01_A3_LOD02,Buffer,"[""unused-device-resources-0x10ee34000""]",,,,,,,,,,,,,32768,requested_buffer_length,2,3,90967409375,Earlier,0.03125,0,False,False,False
0x1740e5200,SM_CN_MTPROPS02_A3_LOD02,Buffer,"[""unused-device-resources-0x10ee34000""]",,,,,,,,,,,,,32768,requested_buffer_length,2,3,90967173375,Earlier,0.03125,0,False,False,False
0x1740e5500,SM_CN_MTPROPS01_A3_LOD02,Buffer,"[""unused-device-resources-0x10ee34000""]",,,,,,,,,,,,,32768,requested_buffer_length,2,3,90967157375,Earlier,0.03125,0,False,False,False
0x1740e5b00,SM_CN_PROPS05_A3_LOD01,Buffer,"[""unused-device-resources-0x10ee34000""]",,,,,,,,,,,,,32768,requested_buffer_length,2,3,90967102708,Earlier,0.03125,0,False,False,False
0x1740e6100,SM_CN_PROPS02_A3_LOD01,Buffer,"[""unused-device-resources-0x10ee34000""]",,,,,,,,,,,,,32768,requested_buffer_length,2,3,90967088041,Earlier,0.03125,0,False,False,False
0x176510780,SM_NC_PROPSGROUP03A_A0_LOD01,Buffer,"[""unused-device-resources-0x10ee34000""]",,,,,,,,,,,,,32768,requested_buffer_length,2,3,90967033375,Earlier,0.03125,0,False,False,False
0x176511380,M_BA_HORSE1_LD01_A,Buffer,"[""unused-device-resources-0x10ee34000""]",,,,,,,,,,,,,32768,requested_buffer_length,2,3,90966849375,Earlier,0.03125,0,False,False,False
0x176511680,M_BS_CN_PKEMN_L3_LD01_A,Buffer,"[""unused-device-resources-0x10ee34000""]",,,,,,,,,,,,,32768,requested_buffer_length,2,3,90966832041,Earlier,0.03125,0,False,False,False
0x176511c80,M_BS_CN_CHANG_L3_LD01_A,Buffer,"[""unused-device-resources-0x10ee34000""]",,,,,,,,,,,,,32768,requested_buffer_length,2,3,90966810708,Earlier,0.03125,0,False,False,False
0x176511f80,M_BS_CN_PALDN_L3_H_LD01_A,Buffer,"[""unused-device-resources-0x10ee34000""]",,,,,,,,,,,,,32768,requested_buffer_length,2,3,90966800041,Earlier,0.03125,0,False,False,False
0x176512280,M_BS_CN_PALDN_L3_LD01_A,Buffer,"[""unused-device-resources-0x10ee34000""]",,,,,,,,,,,,,32768,requested_buffer_length,2,3,90966792041,Earlier,0.03125,0,False,False,False
0x176513c00,M_BN_CN_FAT1_LD01_A,Buffer,"[""unused-device-resources-0x10ee34000""]",,,,,,,,,,,,,32768,requested_buffer_length,2,3,90966781375,Earlier,0.03125,0,False,False,False
0x176512580,M_BN_CN_FEMALE1_LD01_A,Buffer,"[""unused-device-resources-0x10ee34000""]",,,,,,,,,,,,,32768,requested_buffer_length,2,3,90966757375,Earlier,0.03125,0,False,False,False
0x176512880,M_BN_CN_FFARMER1_LD01_A,Buffer,"[""unused-device-resources-0x10ee34000""]",,,,,,,,,,,,,32768,requested_buffer_length,2,3,90966746708,Earlier,0.03125,0,False,False,False
0x176513300,M_BN_CN_THIN1_LD01_A,Buffer,"[""unused-device-resources-0x10ee34000""]",,,,,,,,,,,,,32768,requested_buffer_length,2,3,90966724041,Earlier,0.03125,0,False,False,False
0x176513600,M_BH_JUSTINIAN_LD01_A,Buffer,"[""unused-device-resources-0x10ee34000""]",,,,,,,,,,,,,32768,requested_buffer_length,2,3,90966713375,Earlier,0.03125,0,False,False,False
0x1722d2a00,M_BH_SALADIN_LD01_A,Buffer,"[""unused-device-resources-0x10ee34000""]",,,,,,,,,,,,,32768,requested_buffer_length,2,3,90966704041,Earlier,0.03125,0,False,False,False
0x1722d2880,M_BS_CN_ARCHR_L2_LD01_A,Buffer,"[""unused-device-resources-0x10ee34000""]",,,,,,,,,,,,,32768,requested_buffer_length,2,3,90966693375,Earlier,0.03125,0,False,False,False
0x1722d3300,M_BS_CN_SCBAL_L3_LD01_A,Buffer,"[""unused-device-resources-0x10ee34000""]",,,,,,,,,,,,,32768,requested_buffer_length,2,3,90966684041,Earlier,0.03125,0,False,False,False
0x1722d3600,M_BS_CN_PALDN_L2_LD01_A,Buffer,"[""unused-device-resources-0x10ee34000""]",,,,,,,,,,,,,32768,requested_buffer_length,2,3,90966673375,Earlier,0.03125,0,False,False,False
0x1722d3900,M_BS_CN_PALDN_L2_H_LD01_A,Buffer,"[""unused-device-resources-0x10ee34000""]",,,,,,,,,,,,,32768,requested_buffer_length,2,3,90966664041,Earlier,0.03125,0,False,False,False
0x1722d2400,M_BM_H_BODY_L1_LD01_A,Buffer,"[""unused-device-resources-0x10ee34000""]",,,,,,,,,,,,,32768,requested_buffer_length,2,3,90966654708,Earlier,0.03125,0,False,False,False
0x1722d3c00,M_BN_CN_MFARMER1_LD01_A,Buffer,"[""unused-device-resources-0x10ee34000""]",,,,,,,,,,,,,32768,requested_buffer_length,2,3,90966634708,Earlier,0.03125,0,False,False,False
0x15bfe3300,M_BN_FR_BUSINESS1_LD01_A,Buffer,"[""unused-device-resources-0x10ee34000""]",,,,,,,,,,,,,32768,requested_buffer_length,2,3,90966614708,Earlier,0.03125,0,False,False,False
0x15bfe3900,M_BN_FR_HAWKER1_LD01_A,Buffer,"[""unused-device-resources-0x10ee34000""]",,,,,,,,,,,,,32768,requested_buffer_length,2,3,90966606708,Earlier,0.03125,0,False,False,False
0x16aed2e80,M_BS_CN_PKEMN_L2_LD01_A,Buffer,"[""unused-device-resources-0x10ee34000""]",,,,,,,,,,,,,32768,requested_buffer_length,2,3,90966596041,Earlier,0.03125,0,False,False,False
0x16aed3180,M_BH_BOUDICA_LD01_A,Buffer,"[""unused-device-resources-0x10ee34000""]",,,,,,,,,,,,,32768,requested_buffer_length,2,3,90966584041,Earlier,0.03125,0,False,False,False
0x17407e400,M_BA_FISHG1_LD01_A,Buffer,"[""unused-device-resources-0x10ee34000""]",,,,,,,,,,,,,32768,requested_buffer_length,2,3,76719609375,Earlier,0.03125,0,False,False,False
0x15bfe0480,SM_CN_CASTLE_A4_LOD03,Buffer,"[""unused-device-resources-0x10ee34000""]",,,,,,,,,,,,,32768,requested_buffer_length,2,3,77485217375,Earlier,0.03125,0,False,False,False
0x16aced680,SM_Props10_b001_MorphUV2_MorphExport,Buffer,"[""unused-device-resources-0x10ee34000""]",,,,,,,,,,,,,32768,requested_buffer_length,2,3,77452890708,Earlier,0.03125,0,False,False,False
0x16acee580,SM_CN_DRILLG02_A3_LOD03,Buffer,"[""unused-device-resources-0x10ee34000""]",,,,,,,,,,,,,32768,requested_buffer_length,2,3,77452853375,Earlier,0.03125,0,False,False,False
0x16acc6a00,SM_CN_WALL03_A4_LOD03,Buffer,"[""unused-device-resources-0x10ee34000""]",,,,,,,,,,,,,32768,requested_buffer_length,2,3,77517809375,Earlier,0.03125,0,False,False,False
0x16acc7300,SM_CN_WALL01_A4_LOD03,Buffer,"[""unused-device-resources-0x10ee34000""]",,,,,,,,,,,,,32768,requested_buffer_length,2,3,77517828041,Earlier,0.03125,0,False,False,False
0x16ae87000,SM_CN_CASTLE08_A4_LOD03,Buffer,"[""unused-device-resources-0x10ee34000""]",,,,,,,,,,,,,32768,requested_buffer_length,2,3,79006284041,Earlier,0.03125,0,False,False,False
0x16aed0000,SM_NC_WHARF01_A2_LOD03,Buffer,"[""unused-device-resources-0x10ee34000""]",,,,,,,,,,,,,32768,requested_buffer_length,2,3,79006398708,Earlier,0.03125,0,False,False,False
0x16accc600,SM_CN_WALL08_A4_LOD03,Buffer,"[""unused-device-resources-0x10ee34000""]",,,,,,,,,,,,,32768,requested_buffer_length,2,3,77452713375,Earlier,0.03125,0,False,False,False
0x16acccd80,M_BS_CN_ARCHR_L3_LD02_A,Buffer,"[""unused-device-resources-0x10ee34000""]",,,,,,,,,,,,,32768,requested_buffer_length,2,3,77485894708,Earlier,0.03125,0,False,False,False
0x16aed3a80,SM_WRE_NC_GOLDB_L05_LOD02,Buffer,"[""unused-device-resources-0x10ee34000""]",,,,,,,,,,,,,32768,requested_buffer_length,2,3,77518485375,Earlier,0.03125,0,False,False,False
0x1690f4a80,SM_MountHuangB_02_City_LOD2,Buffer,"[""unused-device-resources-0x10ee34000""]",,,,,,,,,,,,,32768,requested_buffer_length,2,3,77518610708,Earlier,0.03125,0,False,False,False
0x15bfe1e00,M_BA_FISHG1_LD02_A,Buffer,"[""unused-device-resources-0x10ee34000""]",,,,,,,,,,,,,32768,requested_buffer_length,2,3,77751477375,Earlier,0.03125,0,False,False,False
0x1764fa700,,Buffer,"[""unused-device-resources-0x10ee34000""]",,,,,,,,,,,,,32768,requested_buffer_length,2,3,79539249375,Earlier,0.03125,0,False,False,False
0x16acdc600,SM_FR_WHARF07_A4_LOD02,Buffer,"[""unused-device-resources-0x10ee34000""]",,,,,,,,,,,,,32768,requested_buffer_length,2,3,77517994708,Earlier,0.03125,0,False,False,False
0x16acdcc00,SM_CN_BRIDGE04_A2_LOD03,Buffer,"[""unused-device-resources-0x10ee34000""]",,,,,,,,,,,,,32768,requested_buffer_length,2,3,77517477375,Earlier,0.03125,0,False,False,False
0x1690f6700,SM_FX_City_CN_WaterFall_Combine03,Buffer,"[""unused-device-resources-0x10ee34000""]",,,,,,,,,,,,,32768,requested_buffer_length,2,3,18446744073709551615,Never,0.03125,0,False,False,False
0x1764feb80,SM_MountHuangA_01_City_LOD3,Buffer,"[""unused-device-resources-0x10ee34000""]",,,,,,,,,,,,,32768,requested_buffer_length,2,3,72092881375,Earlier,0.03125,0,False,False,False
0x16acdd800,SM_CN_MTPROPS03_A3_LOD03,Buffer,"[""unused-device-resources-0x10ee34000""]",,,,,,,,,,,,,32768,requested_buffer_length,2,3,77517500041,Earlier,0.03125,0,False,False,False
0x1436ae580,T_FX_Mask_Color01,Texture,"[""unused-device-resources-0x10ee34000""]",81,2,190,128,128,1,8,1,1,DE43F563C7679DBE,0,Shared,32768,recorded_allocated_size,2,2,138828418708,Earlier,0.03125,0,False,False,False
0x16b4def80,T_Noise_Blend_M,Texture,"[""unused-device-resources-0x10ee34000""]",81,2,190,128,128,1,8,1,1,AEE26E25A95F92FA,0,Shared,32768,recorded_allocated_size,2,2,79109360041,Earlier,0.03125,0,False,False,False
0x16b538a00,T_BuildingArrow2_D,Texture,"[""unused-device-resources-0x10ee34000""]",81,2,190,128,128,1,8,1,1,609860EAC5C049E6,0,Shared,32768,recorded_allocated_size,2,2,18446744073709551615,Never,0.03125,0,False,False,False
0x138da9400,battle_bubble,Texture,"[""unused-device-resources-0x10ee34000""]",81,2,208,256,128,1,1,1,1,27FAA0B2F3E7FDAD,0,Shared,32768,recorded_allocated_size,2,2,18446744073709551615,Never,0.03125,0,False,False,False
0x168c62080,T_FX_Mask_Color03,Texture,"[""unused-device-resources-0x10ee34000""]",81,2,190,128,128,1,8,1,1,90645A9CC93121C9,0,Shared,32768,recorded_allocated_size,2,2,18446744073709551615,Never,0.03125,0,False,False,False
0x1345f4c80,T_BlueNoise_128_C,Texture,"[""unused-device-resources-0x10ee34000""]",81,2,10,128,128,1,1,1,1,63AA3304BFE7DC96,0,Shared,32768,recorded_allocated_size,2,2,168815701375,Earlier,0.03125,0,False,False,False
0x1345f6580,Soft,Texture,"[""unused-device-resources-0x10ee34000""]",81,2,1,128,128,1,8,1,1,9547019DF81E0CE3,0,Shared,32768,recorded_allocated_size,2,2,168775113375,Earlier,0.03125,0,False,False,False
0x1345f6f80,pic_n_guide3_01,Texture,"[""unused-device-resources-0x10ee34000""]",81,2,71,410,10,1,1,1,1,9C317D56AAB47C28,0,Shared,32768,recorded_allocated_size,2,2,168750796041,Earlier,0.03125,0,False,False,False
0x1345f7480,btn_n_update_sound_01,Texture,"[""unused-device-resources-0x10ee34000""]",81,2,70,64,64,1,1,1,1,815D46252FD05B6A,0,Shared,32768,recorded_allocated_size,2,2,163486581375,Earlier,0.03125,0,False,False,False
0x1345f7700,btn_n_update_sound_02,Texture,"[""unused-device-resources-0x10ee34000""]",81,2,70,64,64,1,1,1,1,2464C822906229E3,0,Shared,32768,recorded_allocated_size,2,2,168738477375,Earlier,0.03125,0,False,False,False
0x174063200,T_BS_CN_ARCHR_L3_DA,Texture,"[""unused-device-resources-0x10ee34000""]",81,2,190,128,128,1,8,1,1,15AF859BCA1D86BF,0,Shared,32768,recorded_allocated_size,2,2,77483728041,Earlier,0.03125,0,False,False,False
0x174063480,T_BS_CN_ARCHR_L3_NRT,Texture,"[""unused-device-resources-0x10ee34000""]",81,2,208,128,128,1,8,1,1,5E96D74FC0A50C5E,0,Shared,32768,recorded_allocated_size,2,2,77483728041,Earlier,0.03125,0,False,False,False
0x174063c00,T_BS_CN_PKEMN_L3_NRT,Texture,"[""unused-device-resources-0x10ee34000""]",81,2,208,128,128,1,8,1,1,CE128A2398075BAD,0,Shared,32768,recorded_allocated_size,2,2,77483740041,Earlier,0.03125,0,False,False,False
0x1764bc000,T_BS_CN_PKEMN_L3_DA,Texture,"[""unused-device-resources-0x10ee34000""]",81,2,190,128,128,1,8,1,1,4CA7E4AC33D55D8A,0,Shared,32768,recorded_allocated_size,2,2,77483741375,Earlier,0.03125,0,False,False,False
0x1764bc780,T_BN_CN_FEMALE1_DA,Texture,"[""unused-device-resources-0x10ee34000""]",81,2,190,128,128,1,8,1,1,F85623A98B5A8AC7,0,Shared,32768,recorded_allocated_size,2,2,77483652041,Earlier,0.03125,0,False,False,False
0x1764bca00,T_BN_CN_FEMALE1_NRT,Texture,"[""unused-device-resources-0x10ee34000""]",81,2,208,128,128,1,8,1,1,CD9CA7AD7269E1F4,0,Shared,32768,recorded_allocated_size,2,2,77483652041,Earlier,0.03125,0,False,False,False
0x1764bcc80,T_BN_CN_FFARMER1_NRT,Texture,"[""unused-device-resources-0x10ee34000""]",81,2,208,128,128,1,8,1,1,A4D919214CDC3F0E,0,Shared,32768,recorded_allocated_size,2,2,77483640041,Earlier,0.03125,0,False,False,False
0x1764bcf00,T_BN_CN_FFARMER1_DA,Texture,"[""unused-device-resources-0x10ee34000""]",81,2,190,128,128,1,8,1,1,A296208B390F2B9C,0,Shared,32768,recorded_allocated_size,2,2,77483640041,Earlier,0.03125,0,False,False,False
0x16ae8f200,T_BA_SHEEP1_DA,Texture,"[""unused-device-resources-0x10ee34000""]",81,2,190,128,128,1,8,1,1,15751858354D5835,0,Shared,32768,recorded_allocated_size,2,2,77483866708,Earlier,0.03125,0,False,False,False
0x16ae8f480,T_BA_SHEEP1_NRT,Texture,"[""unused-device-resources-0x10ee34000""]",81,2,208,128,128,1,8,1,1,7B436663DA5D7907,0,Shared,32768,recorded_allocated_size,2,2,77483866708,Earlier,0.03125,0,False,False,False
0x16accaa80,T_FX_Noise_22,Texture,"[""unused-device-resources-0x10ee34000""]",81,2,194,256,256,1,9,1,1,2AC6B4F19DD61E9A,0,Shared,32768,recorded_allocated_size,2,2,136037124041,Earlier,0.03125,0,False,False,False
0x16ace1680,T_BA_DEER1_DA,Texture,"[""unused-device-resources-0x10ee34000""]",81,2,190,128,128,1,8,1,1,6DA0B08A3FE07666,0,Shared,32768,recorded_allocated_size,2,2,77483844041,Earlier,0.03125,0,False,False,False
0x13b005680,T_BN_BT_BUSINESS1_DA,Texture,"[""unused-device-resources-0x10ee34000""]",81,2,190,128,128,1,8,1,1,3433B7229962C8AD,0,Shared,32768,recorded_allocated_size,2,2,77483534708,Earlier,0.03125,0,False,False,False
0x15bc7ef80,T_BN_FR_BUSINESS1_NRT,Texture,"[""unused-device-resources-0x10ee34000""]",81,2,208,128,128,1,8,1,1,EAFC0DC8CF356374,0,Shared,32768,recorded_allocated_size,2,2,77483534708,Earlier,0.03125,0,False,False,False
0x1690e3c00,N_3_AT_C,Texture,"[""device-resources-0x10ee34000""]",81,2,115,8,168,1,1,1,1,7344B43CFB938226,0,Shared,16384,recorded_allocated_size,2,2,0,Now,0.015625,1,False,True,True
0x1690ebc00,T_Ocean_Waves_Shore_Normals_M,Texture,"[""device-resources-0x10ee34000""]",81,2,208,512,34,1,1,1,1,C5F64A5190D54353,0,Shared,16384,recorded_allocated_size,2,2,0,Now,0.015625,2,False,True,True
0x1690f0280,T_Ocean_Waves01_Normals_M,Texture,"[""device-resources-0x10ee34000""]",81,2,208,512,34,1,1,1,1,F08E8EC53A61E326,0,Shared,16384,recorded_allocated_size,2,2,0,Now,0.015625,2,False,True,True
0x16acd5e00,T_City_China_RP2D,Texture,"[""device-resources-0x10ee34000""]",81,2,208,128,128,1,1,1,1,98E9649112A80C63,0,Shared,16384,recorded_allocated_size,2,2,0,Now,0.015625,55,False,True,True
0x16ae8ed00,N_FR_WHARF_A4_AT_C,Texture,"[""device-resources-0x10ee34000""]",81,2,115,122,15,1,1,1,1,AF67901E2F3B4800,0,Shared,16384,recorded_allocated_size,2,2,0,Now,0.015625,0,False,False,True
0x16b538280,Mask_History,Texture,"[""device-resources-0x10ee34000""]",81,2,186,128,128,1,1,1,1,96747829CE26D2B6,0,Shared,16384,recorded_allocated_size,2,2,0,Now,0.015625,1,False,True,True
0x1764bf700,T_FX_UI_FB_Debris_01,Texture,"[""device-resources-0x10ee34000""]",81,2,208,128,128,1,1,1,1,244F23B0695B0956,0,Shared,16384,recorded_allocated_size,2,2,0,Now,0.015625,0,False,False,True
0x16acca300,T_FX_UI_Shape_Square06,Texture,"[""device-resources-0x10ee34000""]",81,2,208,128,128,1,1,1,1,70C05280F093C15E,0,Shared,16384,recorded_allocated_size,2,2,0,Now,0.015625,3,False,True,True
0x16acc9680,T_FX_UI_shangchengnew,Texture,"[""device-resources-0x10ee34000""]",81,2,190,128,128,1,1,1,1,482D06A7499CE08F,0,Shared,16384,recorded_allocated_size,2,2,0,Now,0.015625,0,False,False,True
0x1690e8f00,T_FX_UI_Smoke_Dust01,Texture,"[""device-resources-0x10ee34000""]",81,2,190,128,128,1,1,1,1,6096B5262ACA44D2,0,Shared,16384,recorded_allocated_size,2,2,0,Now,0.015625,0,False,False,True
0x1690e8a00,T_FX_UI_btn_n_hud_zhaomu02,Texture,"[""device-resources-0x10ee34000""]",81,2,208,128,128,1,1,1,1,76357EDB47A4CDAB,0,Shared,16384,recorded_allocated_size,2,2,0,Now,0.015625,1,False,True,True
0x169758a00,N_SM_CN_LUMBERLOG_A4_AT_C,Texture,"[""unused-device-resources-0x10ee34000""]",81,2,115,82,15,1,1,1,1,DA72223DE94EDE5E,0,Shared,16384,recorded_allocated_size,2,2,88906072041,Earlier,0.015625,0,False,False,False
0x16ae8c280,item_2,Texture,"[""unused-device-resources-0x10ee34000""]",81,2,208,114,114,1,1,1,1,C4BAD0DAD4C6CEE7,0,Shared,16384,recorded_allocated_size,2,2,18446744073709551615,Never,0.015625,0,False,False,False
0x1687cd180,T_TVPreview_RP2D,Texture,"[""unused-device-resources-0x10ee34000""]",81,2,208,128,128,1,1,1,1,498794BF8040F404,0,Shared,16384,recorded_allocated_size,2,2,92205164041,Earlier,0.015625,0,False,False,False
0x17b329400,Mask_Blur03,Texture,"[""unused-device-resources-0x10ee34000""]",81,2,186,128,128,1,1,1,1,9AF07FF546417C96,0,Shared,16384,recorded_allocated_size,2,2,79512142708,Earlier,0.015625,0,False,False,False
0x17b328f00,Mask_Blur02,Texture,"[""unused-device-resources-0x10ee34000""]",81,2,186,128,128,1,1,1,1,234A208024ABF43C,0,Shared,16384,recorded_allocated_size,2,2,18446744073709551615,Never,0.015625,0,False,False,False
0x15bfe2a00,SM_Rock_13,Buffer,"[""device-resources-0x10ee34000""]",,,,,,,,,,,,,16360,requested_buffer_length,2,3,0,Now,0.01560211181640625,0,False,True,True
0x117944780,st_alphaplane01,Buffer,"[""unused-device-resources-0x10ee34000""]",,,,,,,,,,,,,16344,requested_buffer_length,2,3,18446744073709551615,Never,0.01558685302734375,0,False,False,False
0x16aceeb80,SM_FlagChinaFeudal_016_MorphUV2_MorphExport,Buffer,"[""unused-device-resources-0x10ee34000""]",,,,,,,,,,,,,16320,requested_buffer_length,2,3,77452885375,Earlier,0.01556396484375,0,False,False,False
0x17645ee80,SM_CN_CENTER_A4_LOD04,Buffer,"[""device-resources-0x10ee34000""]",,,,,,,,,,,,,16212,requested_buffer_length,2,3,0,Now,0.015460968017578125,0,False,True,True
0x1764fc480,M_BH_JOA_LD02_A,Buffer,"[""device-resources-0x10ee34000""]",,,,,,,,,,,,,16184,requested_buffer_length,2,3,0,Now,0.01543426513671875,0,False,True,True
0x1687d2100,SM_CN_SPEARB_A4_LOD02,Buffer,"[""unused-device-resources-0x10ee34000""]",,,,,,,,,,,,,16086,requested_buffer_length,2,3,90967952041,Earlier,0.015340805053710938,0,False,False,False
0x16acded00,SM_CN_PROPS02_A3_LOD02,Buffer,"[""unused-device-resources-0x10ee34000""]",,,,,,,,,,,,,16032,requested_buffer_length,2,3,77517446708,Earlier,0.015289306640625,0,False,False,False
0x16b55f000,M_BS_CN_PALDN_L2_LD02_A,Buffer,"[""device-resources-0x10ee34000""]",,,,,,,,,,,,,15904,requested_buffer_length,2,3,0,Now,0.015167236328125,0,False,True,True
0x1722d0300,M_BS_CN_CHANG_L2_LD02_A,Buffer,"[""device-resources-0x10ee34000""]",,,,,,,,,,,,,15904,requested_buffer_length,2,3,0,Now,0.015167236328125,0,False,True,True
0x16acde400,SM_CN_PROPS05_A3_LOD02,Buffer,"[""unused-device-resources-0x10ee34000""]",,,,,,,,,,,,,15840,requested_buffer_length,2,3,77517461375,Earlier,0.015106201171875,0,False,False,False
0x17b345e00,SM_CN_PROPS03_A3_LOD03,Buffer,"[""device-resources-0x10ee34000""]",,,,,,,,,,,,,15808,requested_buffer_length,2,3,0,Now,0.01507568359375,0,False,True,True
0x16acdd500,SM_CN_MTPROPS02_A3_LOD03,Buffer,"[""unused-device-resources-0x10ee34000""]",,,,,,,,,,,,,15768,requested_buffer_length,2,3,77517493375,Earlier,0.01503753662109375,0,False,False,False
0x17b239800,SM_CN_WALL02_A4_LOD02,Buffer,"[""unused-device-resources-0x10ee34000""]",,,,,,,,,,,,,15456,requested_buffer_length,2,3,90967542708,Earlier,0.014739990234375,0,False,False,False
0x1764fb900,,Buffer,"[""device-resources-0x10ee34000""]",,,,,,,,,,,,,15300,requested_buffer_length,2,3,0,Now,0.014591217041015625,0,False,True,True
0x16b55f600,M_BS_CN_ARCHR_L2_LD02_A,Buffer,"[""device-resources-0x10ee34000""]",,,,,,,,,,,,,15288,requested_buffer_length,2,3,0,Now,0.01457977294921875,0,False,True,True
0x1722d0900,M_BH_SALADIN_LD02_A,Buffer,"[""unused-device-resources-0x10ee34000""]",,,,,,,,,,,,,15232,requested_buffer_length,2,3,79452342708,Earlier,0.0145263671875,0,False,False,False
0x1722d1080,M_BS_CN_PKEMN_L2_LD02_A,Buffer,"[""device-resources-0x10ee34000""]",,,,,,,,,,,,,15120,requested_buffer_length,2,3,0,Now,0.0144195556640625,0,False,True,True
0x16b55e100,Plane002,Buffer,"[""unused-device-resources-0x10ee34000""]",,,,,,,,,,,,,14880,requested_buffer_length,2,3,18446744073709551615,Never,0.014190673828125,0,False,False,False
0x1687d2400,SM_CN_TAVERN_A4_LOD02,Buffer,"[""unused-device-resources-0x10ee34000""]",,,,,,,,,,,,,14862,requested_buffer_length,2,3,90967988041,Earlier,0.014173507690429688,0,False,False,False
0x16ae86d00,SM_CN_CASTLE09_A3_LOD03,Buffer,"[""unused-device-resources-0x10ee34000""]",,,,,,,,,,,,,14832,requested_buffer_length,2,3,77517640041,Earlier,0.0141448974609375,0,False,False,False
0x1687d0d80,SM_FR_WHARF08_A4_LOD01,Buffer,"[""unused-device-resources-0x10ee34000""]",,,,,,,,,,,,,14814,requested_buffer_length,2,3,90967736041,Earlier,0.014127731323242188,0,False,False,False
0x16ae85680,M_BA_HORSE1_LD02_A,Buffer,"[""device-resources-0x10ee34000""]",,,,,,,,,,,,,14784,requested_buffer_length,2,3,0,Now,0.01409912109375,0,False,True,True
0x176510480,SM_NC_PROPS04_A3_LOD01,Buffer,"[""unused-device-resources-0x10ee34000""]",,,,,,,,,,,,,14760,requested_buffer_length,2,3,90967041375,Earlier,0.01407623291015625,0,False,False,False
0x16accd380,M_BS_CN_PALDN_L3_LD02_A,Buffer,"[""device-resources-0x10ee34000""]",,,,,,,,,,,,,14616,requested_buffer_length,2,3,0,Now,0.01393890380859375,0,False,True,True
0x16accd080,M_BS_CN_CHANG_L3_LD02_A,Buffer,"[""unused-device-resources-0x10ee34000""]",,,,,,,,,,,,,14616,requested_buffer_length,2,3,77485890708,Earlier,0.01393890380859375,0,False,False,False
0x1694bb480,SM_CN_DOCK_A4_LOD03,Buffer,"[""unused-device-resources-0x10ee34000""]",,,,,,,,,,,,,14574,requested_buffer_length,2,3,77518241375,Earlier,0.013898849487304688,0,False,False,False
0x16accf900,SM_NC_PROPS06_A3_LOD01,Buffer,"[""device-resources-0x10ee34000""]",,,,,,,,,,,,,14528,requested_buffer_length,2,3,0,Now,0.01385498046875,0,False,True,True
0x174074600,M_BH_GAIUS_LD03_A,Buffer,"[""device-resources-0x10ee34000""]",,,,,,,,,,,,,14504,requested_buffer_length,2,3,0,Now,0.01383209228515625,0,False,True,True
0x17407c480,,Buffer,"[""unused-device-resources-0x10ee34000""]",,,,,,,,,,,,,14400,requested_buffer_length,2,3,33837375,Earlier,0.01373291015625,0,False,False,False
0x1764f8000,,Buffer,"[""unused-device-resources-0x10ee34000""]",,,,,,,,,,,,,14400,requested_buffer_length,2,3,261375,Earlier,0.01373291015625,0,False,False,False
0x143671680,,Buffer,"[""capture""]",,,,,,,,,,,,,14400,requested_buffer_length,,,,,0.01373291015625,0,False,True,False
0x1690f7d80,SM_NC_WHARF02_A2_LOD03,Buffer,"[""unused-device-resources-0x10ee34000""]",,,,,,,,,,,,,14368,requested_buffer_length,2,3,79006397375,Earlier,0.013702392578125,0,False,False,False
0x1722d0000,M_BN_FR_HAWKER1_LD02_A,Buffer,"[""device-resources-0x10ee34000""]",,,,,,,,,,,,,14280,requested_buffer_length,2,3,0,Now,0.01361846923828125,0,False,True,True
0x1687d3000,SM_CN_TOWER_A4_LOD02,Buffer,"[""unused-device-resources-0x10ee34000""]",,,,,,,,,,,,,14268,requested_buffer_length,2,3,90967804041,Earlier,0.013607025146484375,0,False,False,False
0x16ae87c00,SM_Grass17,Buffer,"[""device-resources-0x10ee34000""]",,,,,,,,,,,,,14256,requested_buffer_length,2,3,0,Now,0.0135955810546875,0,False,True,True
0x16accd980,M_BS_CN_PKEMN_L3_LD02_A,Buffer,"[""unused-device-resources-0x10ee34000""]",,,,,,,,,,,,,14168,requested_buffer_length,2,3,77485898708,Earlier,0.01351165771484375,0,False,False,False
0x1694bab80,SM_CN_BARRACK_A4_LOD03,Buffer,"[""unused-device-resources-0x10ee34000""]",,,,,,,,,,,,,14100,requested_buffer_length,2,3,77518277375,Earlier,0.013446807861328125,0,False,False,False
0x16aed0480,M_shuiche_A,Buffer,"[""device-resources-0x10ee34000""]",,,,,,,,,,,,,13920,requested_buffer_length,2,3,0,Now,0.013275146484375,0,False,True,True
0x174076b80,SM_CN_LUMBER_A4_LOD04,Buffer,"[""unused-device-resources-0x10ee34000""]",,,,,,,,,,,,,13920,requested_buffer_length,2,3,74489289375,Earlier,0.013275146484375,0,False,False,False
0x1687d2a00,SM_CN_MTPROPS_A4_LOD02,Buffer,"[""unused-device-resources-0x10ee34000""]",,,,,,,,,,,,,13854,requested_buffer_length,2,3,90967938708,Earlier,0.013212203979492188,0,False,False,False
0x169735c80,SM_CN_SCHOOL_A4_LOD03,Buffer,"[""unused-device-resources-0x10ee34000""]",,,,,,,,,,,,,13824,requested_buffer_length,2,3,77518004041,Earlier,0.01318359375,0,False,False,False
0x143673900,SM_pebbles_group_01,Buffer,"[""device-resources-0x10ee34000""]",,,,,,,,,,,,,13800,requested_buffer_length,2,3,0,Now,0.01316070556640625,0,False,True,True
0x16accde00,SM_CN_HEROSHRINE01_A3_LOD03,Buffer,"[""unused-device-resources-0x10ee34000""]",,,,,,,,,,,,,13758,requested_buffer_length,2,3,77517620041,Earlier,0.013120651245117188,0,False,False,False
0x16b55f300,M_BS_CN_PALDN_L2_H_LD02_A,Buffer,"[""device-resources-0x10ee34000""]",,,,,,,,,,,,,13664,requested_buffer_length,2,3,0,Now,0.013031005859375,0,False,True,True
0x169642100,SM_CN_EMBASSY_A4_LOD03,Buffer,"[""unused-device-resources-0x10ee34000""]",,,,,,,,,,,,,13620,requested_buffer_length,2,3,77518096041,Earlier,0.012989044189453125,0,False,False,False
0x1722d0600,M_BN_FR_BUSINESS1_LD02_A,Buffer,"[""unused-device-resources-0x10ee34000""]",,,,,,,,,,,,,13496,requested_buffer_length,2,3,77485813375,Earlier,0.01287078857421875,0,False,False,False
0x17407cc00,SM_FR_WHARF07_A4_LOD03,Buffer,"[""device-resources-0x10ee34000""]",,,,,,,,,,,,,13440,requested_buffer_length,2,3,0,Now,0.0128173828125,0,False,True,True
0x16aed0600,SM_FR_WHARF04_A4_LOD02,Buffer,"[""unused-device-resources-0x10ee34000""]",,,,,,,,,,,,,13408,requested_buffer_length,2,3,77517918708,Earlier,0.012786865234375,0,False,False,False
0x17406ad00,M_BM_H_BODY_L1_LD03_A,Buffer,"[""device-resources-0x10ee34000""]",,,,,,,,,,,,,13272,requested_buffer_length,2,3,0,Now,0.01265716552734375,0,False,True,True
0x174074300,M_BH_BOUDICA_LD03_A,Buffer,"[""unused-device-resources-0x10ee34000""]",,,,,,,,,,,,,13160,requested_buffer_length,2,3,79449938708,Earlier,0.01255035400390625,0,False,False,False
0x1694b9200,SM_ChinaCityTree_01_LOD1,Buffer,"[""device-resources-0x10ee34000""]",,,,,,,,,,,,,13068,requested_buffer_length,2,3,0,Now,0.012462615966796875,0,False,True,True
0x1722d0c00,M_BH_JUSTINIAN_LD02_A,Buffer,"[""unused-device-resources-0x10ee34000""]",,,,,,,,,,,,,13048,requested_buffer_length,2,3,79452346708,Earlier,0.01244354248046875,0,False,False,False
0x17b345b00,SM_CN_PROPS05_A3_LOD03,Buffer,"[""device-resources-0x10ee34000""]",,,,,,,,,,,,,12992,requested_buffer_length,2,3,0,Now,0.01239013671875,0,False,True,True
0x176521f80,SM_CN_WALL01_A4_LOD04,Buffer,"[""device-resources-0x10ee34000""]",,,,,,,,,,,,,12960,requested_buffer_length,2,3,0,Now,0.012359619140625,0,False,True,True
0x1722d1b00,,Buffer,"[""device-resources-0x10ee34000""]",,,,,,,,,,,,,12960,requested_buffer_length,2,3,0,Now,0.012359619140625,0,False,True,True
0x16aed3780,SM_CityTree_04_LOD1,Buffer,"[""device-resources-0x10ee34000""]",,,,,,,,,,,,,12924,requested_buffer_length,2,3,0,Now,0.012325286865234375,0,False,True,True
0x16acdfd80,SM_Flowers02,Buffer,"[""device-resources-0x10ee34000""]",,,,,,,,,,,,,12888,requested_buffer_length,2,3,0,Now,0.01229095458984375,0,False,True,True
0x1740e6580,,Buffer,"[""device-resources-0x10ee34000""]",,,,,,,,,,,,,12864,requested_buffer_length,2,3,0,Now,0.01226806640625,0,False,True,True
0x16accd680,M_BS_CN_PALDN_L3_H_LD02_A,Buffer,"[""unused-device-resources-0x10ee34000""]",,,,,,,,,,,,,12768,requested_buffer_length,2,3,79107944041,Earlier,0.012176513671875,0,False,False,False
0x174076880,SM_NC_WHARF02_A2_LOD04,Buffer,"[""device-resources-0x10ee34000""]",,,,,,,,,,,,,12640,requested_buffer_length,2,3,0,Now,0.012054443359375,0,False,True,True
0x176511080,M_CN_PROPS04_A4_LD01_A,Buffer,"[""unused-device-resources-0x10ee34000""]",,,,,,,,,,,,,12600,requested_buffer_length,2,3,90967686708,Earlier,0.01201629638671875,0,False,False,False
0x16b55fd80,M_BN_CN_MFARMER1_LD02_A,Buffer,"[""device-resources-0x10ee34000""]",,,,,,,,,,,,,12488,requested_buffer_length,2,3,0,Now,0.01190948486328125,0,False,True,True
0x16acc5b00,SM_FlagChinaFeudal_017_MorphUV2_MorphExport,Buffer,"[""device-resources-0x10ee34000""]",,,,,,,,,,,,,12384,requested_buffer_length,2,3,0,Now,0.011810302734375,0,False,True,True
0x15bfe0f00,M_BA_BIRD1_LD02_A,Buffer,"[""unused-device-resources-0x10ee34000""]",,,,,,,,,,,,,12336,requested_buffer_length,2,3,138830857375,Earlier,0.0117645263671875,0,False,False,False
0x16acc7600,SM_CN_WALL06_A3_LOD03,Buffer,"[""unused-device-resources-0x10ee34000""]",,,,,,,,,,,,,12320,requested_buffer_length,2,3,77452690708,Earlier,0.011749267578125,0,False,False,False
0x16ae84780,M_BN_CN_FAT1_LD02_A,Buffer,"[""device-resources-0x10ee34000""]",,,,,,,,,,,,,12264,requested_buffer_length,2,3,0,Now,0.01169586181640625,0,False,True,True
0x1687d1200,SM_CN_HOSPITAL_A4_LOD02,Buffer,"[""unused-device-resources-0x10ee34000""]",,,,,,,,,,,,,12252,requested_buffer_length,2,3,90968054708,Earlier,0.011684417724609375,0,False,False,False
0x16accc300,SM_CN_WALL01_A3_LOD03,Buffer,"[""unused-device-resources-0x10ee34000""]",,,,,,,,,,,,,12240,requested_buffer_length,2,3,77452686708,Earlier,0.0116729736328125,0,False,False,False
0x1694b9e00,SM_Grass_01,Buffer,"[""device-resources-0x10ee34000""]",,,,,,,,,,,,,12188,requested_buffer_length,2,3,0,Now,0.011623382568359375,0,False,True,True
0x16ae85380,M_BN_CN_FFARMER1_LD02_A,Buffer,"[""unused-device-resources-0x10ee34000""]",,,,,,,,,,,,,12096,requested_buffer_length,2,3,77485864041,Earlier,0.01153564453125,0,False,False,False
0x17645c780,SM_CN_HALLOFWAR_A4_LOD04,Buffer,"[""device-resources-0x10ee34000""]",,,,,,,,,,,,,12054,requested_buffer_length,2,3,0,Now,0.011495590209960938,0,False,True,True
0x16acddb00,SM_CN_MTPROPS01_A3_LOD03,Buffer,"[""unused-device-resources-0x10ee34000""]",,,,,,,,,,,,,11988,requested_buffer_length,2,3,77517485375,Earlier,0.011432647705078125,0,False,False,False
0x169641b00,SM_CN_MTPROPS_A4_LOD03,Buffer,"[""unused-device-resources-0x10ee34000""]",,,,,,,,,,,,,11982,requested_buffer_length,2,3,77518142708,Earlier,0.011426925659179688,0,False,False,False
0x176510a80,SM_NC_PROPSGROUP03B_A0_LOD01,Buffer,"[""unused-device-resources-0x10ee34000""]",,,,,,,,,,,,,11968,requested_buffer_length,2,3,90967024041,Earlier,0.01141357421875,0,False,False,False
0x17407dc80,SM_CN_GOLDMINE_A4_LOD02,Buffer,"[""unused-device-resources-0x10ee34000""]",,,,,,,,,,,,,11958,requested_buffer_length,2,3,90968092041,Earlier,0.011404037475585938,0,False,False,False
0x1687d1e00,SM_CN_IRONMINE_A4_LOD02,Buffer,"[""unused-device-resources-0x10ee34000""]",,,,,,,,,,,,,11958,requested_buffer_length,2,3,90967826708,Earlier,0.011404037475585938,0,False,False,False
0x1764f8780,SM_WRE_NC_GOLDB_L05_LOD03,Buffer,"[""device-resources-0x10ee34000""]",,,,,,,,,,,,,11952,requested_buffer_length,2,3,0,Now,0.0113983154296875,0,False,True,True
0x16acce400,M_CN_VIPSHIP_A4_LD03_A,Buffer,"[""device-resources-0x10ee34000""]",,,,,,,,,,,,,11862,requested_buffer_length,2,3,0,Now,0.011312484741210938,0,False,True,True
0x16acdf780,SM_CN_TENT01_A4_LOD03,Buffer,"[""unused-device-resources-0x10ee34000""]",,,,,,,,,,,,,11840,requested_buffer_length,2,3,77452850708,Earlier,0.01129150390625,0,False,False,False
0x174074f00,M_CN_LUMBERLOG_A4_LD04_A,Buffer,"[""unused-device-resources-0x10ee34000""]",,,,,,,,,,,,,11760,requested_buffer_length,2,3,88906069375,Earlier,0.0112152099609375,0,False,False,False
0x17b347a80,M_BS_CN_ARCHR_L3_LD03_A,Buffer,"[""unused-device-resources-0x10ee34000""]",,,,,,,,,,,,,11704,requested_buffer_length,2,3,77483726708,Earlier,0.01116180419921875,0,False,False,False
0x17406a400,M_BS_CN_SCBAL_L3_LD03_A,Buffer,"[""unused-device-resources-0x10ee34000""]",,,,,,,,,,,,,11704,requested_buffer_length,2,3,77483610708,Earlier,0.01116180419921875,0,False,False,False
0x176521080,SM_CN_CASTLE08_A4_LOD04,Buffer,"[""device-resources-0x10ee34000""]",,,,,,,,,,,,,11664,requested_buffer_length,2,3,0,Now,0.0111236572265625,0,False,True,True
0x16acc4d80,SM_NC_PROPS02_A3_LOD02,Buffer,"[""device-resources-0x10ee34000""]",,,,,,,,,,,,,11616,requested_buffer_length,2,3,0,Now,0.011077880859375,0,False,True,True
0x16acdfa80,SM_Flowers01,Buffer,"[""device-resources-0x10ee34000""]",,,,,,,,,,,,,11592,requested_buffer_length,2,3,0,Now,0.01105499267578125,0,False,True,True
0x16ae8fc00,T_BA_BIRD1_D,Texture,"[""device-resources-0x10ee34000""]",81,2,190,64,128,1,8,1,1,8E72B7BBF87BB7F0,0,Shared,11392,recorded_allocated_size,2,2,0,Now,0.0108642578125,1,False,True,True
0x15bfe1380,M_BA_DEER1_LD02_A,Buffer,"[""unused-device-resources-0x10ee34000""]",,,,,,,,,,,,,11280,requested_buffer_length,2,3,77485948041,Earlier,0.0107574462890625,0,False,False,False
0x169640300,SM_CN_ARCHERY_A4_LOD03,Buffer,"[""unused-device-resources-0x10ee34000""]",,,,,,,,,,,,,11244,requested_buffer_length,2,3,77518202708,Earlier,0.010723114013671875,0,False,False,False
0x16ae84d80,M_BN_CN_THIN1_LD02_A,Buffer,"[""device-resources-0x10ee34000""]",,,,,,,,,,,,,11200,requested_buffer_length,2,3,0,Now,0.01068115234375,0,False,True,True
0x1764fca80,M_BH_JOA_LD03_A,Buffer,"[""device-resources-0x10ee34000""]",,,,,,,,,,,,,11144,requested_buffer_length,2,3,0,Now,0.01062774658203125,0,False,True,True
0x16ae84a80,M_BN_CN_FEMALE1_LD02_A,Buffer,"[""unused-device-resources-0x10ee34000""]",,,,,,,,,,,,,11032,requested_buffer_length,2,3,77485868041,Earlier,0.01052093505859375,0,False,False,False
0x16ae86100,SM_CN_CASTLE10_A4_LOD03,Buffer,"[""unused-device-resources-0x10ee34000""]",,,,,,,,,,,,,11016,requested_buffer_length,2,3,77517658708,Earlier,0.01050567626953125,0,False,False,False
0x16acec300,SM_CN_DRILLG_A4_LOD03,Buffer,"[""unused-device-resources-0x10ee34000""]",,,,,,,,,,,,,10956,requested_buffer_length,2,3,79006352041,Earlier,0.010448455810546875,0,False,False,False
0x15bfe0c00,SM_NC_PROPS04_A3_LOD02,Buffer,"[""device-resources-0x10ee34000""]",,,,,,,,,,,,,10944,requested_buffer_length,2,3,0,Now,0.01043701171875,0,False,True,True
0x176521980,SM_CN_WALL03_A4_LOD04,Buffer,"[""device-resources-0x10ee34000""]",,,,,,,,,,,,,10944,requested_buffer_length,2,3,0,Now,0.01043701171875,0,False,True,True
0x169735980,SM_CN_STABLE_A4_LOD03,Buffer,"[""unused-device-resources-0x10ee34000""]",,,,,,,,,,,,,10782,requested_buffer_length,2,3,77518014708,Earlier,0.010282516479492188,0,False,False,False
0x1690f5800,Plane001,Buffer,"[""device-resources-0x10ee34000""]",,,,,,,,,,,,,10512,requested_buffer_length,2,3,0,Now,0.0100250244140625,0,False,True,True
0x16acc7900,SM_CN_WALL02_A4_LOD03,Buffer,"[""unused-device-resources-0x10ee34000""]",,,,,,,,,,,,,10496,requested_buffer_length,2,3,77517761375,Earlier,0.010009765625,0,False,False,False
0x174069f80,M_BS_CN_ARCHR_L2_LD03_A,Buffer,"[""device-resources-0x10ee34000""]",,,,,,,,,,,,,10472,requested_buffer_length,2,3,0,Now,0.00998687744140625,0,False,True,True
0x17b347780,M_BS_CN_PKEMN_L3_LD03_A,Buffer,"[""unused-device-resources-0x10ee34000""]",,,,,,,,,,,,,10472,requested_buffer_length,2,3,77483737375,Earlier,0.00998687744140625,0,False,False,False
0x169640f00,SM_CN_SPEARB_A4_LOD03,Buffer,"[""unused-device-resources-0x10ee34000""]",,,,,,,,,,,,,10464,requested_buffer_length,2,3,77518152041,Earlier,0.009979248046875,0,False,False,False
0x1687d0600,SM_CN_PROPS03_A4_LOD01,Buffer,"[""unused-device-resources-0x10ee34000""]",,,,,,,,,,,,,10296,requested_buffer_length,2,3,90967676041,Earlier,0.00981903076171875,0,False,False,False
0x17406bc00,M_BN_FR_HAWKER1_LD03_A,Buffer,"[""device-resources-0x10ee34000""]",,,,,,,,,,,,,10248,requested_buffer_length,2,3,0,Now,0.00977325439453125,0,False,True,True
0x16acc6e80,SM_CN_WALL09_A4_LOD03,Buffer,"[""unused-device-resources-0x10ee34000""]",,,,,,,,,,,,,10230,requested_buffer_length,2,3,77517768041,Earlier,0.009756088256835938,0,False,False,False
0x16acc4000,SM_FlagChinaFeudal_003_MorphUV2_MorphExport,Buffer,"[""device-resources-0x10ee34000""]",,,,,,,,,,,,,10224,requested_buffer_length,2,3,0,Now,0.0097503662109375,0,False,True,True
0x16ae87900,SM_Grass10,Buffer,"[""device-resources-0x10ee34000""]",,,,,,,,,,,,,10208,requested_buffer_length,2,3,0,Now,0.009735107421875,0,False,True,True
0x1740e4900,SM_CN_TENT02_A4_LOD02,Buffer,"[""unused-device-resources-0x10ee34000""]",,,,,,,,,,,,,10208,requested_buffer_length,2,3,90967068041,Earlier,0.009735107421875,0,False,False,False
0x17407e280,SM_Rock_10_LOD1,Buffer,"[""unused-device-resources-0x10ee34000""]",,,,,,,,,,,,,10200,requested_buffer_length,2,3,90968406708,Earlier,0.00972747802734375,0,False,False,False
0x16acc7000,SM_CN_WALL03_A3_LOD03,Buffer,"[""unused-device-resources-0x10ee34000""]",,,,,,,,,,,,,10188,requested_buffer_length,2,3,77452681375,Earlier,0.009716033935546875,0,False,False,False
0x17406b900,M_BN_FR_BUSINESS1_LD03_A,Buffer,"[""unused-device-resources-0x10ee34000""]",,,,,,,,,,,,,10024,requested_buffer_length,2,3,77483533375,Earlier,0.00955963134765625,0,False,False,False
0x1694ba100,SM_FlagChinaFeudal_004_MorphUV2_MorphExport,Buffer,"[""device-resources-0x10ee34000""]",,,,,,,,,,,,,9984,requested_buffer_length,2,3,0,Now,0.009521484375,0,False,True,True
0x169640480,SM_FlagChinaFeudal_004_MorphUV2_MorphExport,Buffer,"[""device-resources-0x10ee34000""]",,,,,,,,,,,,,9984,requested_buffer_length,2,3,0,Now,0.009521484375,0,False,True,True
0x1764fb780,,Buffer,"[""device-resources-0x10ee34000""]",,,,,,,,,,,,,9918,requested_buffer_length,2,3,0,Now,0.009458541870117188,0,False,True,True
0x1690f5e00,Plane002,Buffer,"[""unused-device-resources-0x10ee34000""]",,,,,,,,,,,,,9840,requested_buffer_length,2,3,88971512041,Earlier,0.0093841552734375,0,False,False,False
0x1690f6100,Plane003,Buffer,"[""unused-device-resources-0x10ee34000""]",,,,,,,,,,,,,9840,requested_buffer_length,2,3,81043902708,Earlier,0.0093841552734375,0,False,False,False
0x16aed1f80,SM_CN_PROPS03_A4_LOD02,Buffer,"[""device-resources-0x10ee34000""]",,,,,,,,,,,,,9792,requested_buffer_length,2,3,0,Now,0.00933837890625,0,False,True,True
0x13b2a9800,SM_FR_WHARF06_A4_LOD01,Buffer,"[""unused-device-resources-0x10ee34000""]",,,,,,,,,,,,,9792,requested_buffer_length,2,3,90967666708,Earlier,0.00933837890625,0,False,False,False
0x17b23bc00,SM_CN_WALL06_A4_LOD02,Buffer,"[""unused-device-resources-0x10ee34000""]",,,,,,,,,,,,,9536,requested_buffer_length,2,3,90967586708,Earlier,0.00909423828125,0,False,False,False
0x169640900,SM_CN_TAVERN_A4_LOD03,Buffer,"[""unused-device-resources-0x10ee34000""]",,,,,,,,,,,,,9534,requested_buffer_length,2,3,77518182708,Earlier,0.009092330932617188,0,False,False,False
0x17b344f00,SM_CN_MTPROPS02_A3_LOD04,Buffer,"[""device-resources-0x10ee34000""]",,,,,,,,,,,,,9504,requested_buffer_length,2,3,0,Now,0.009063720703125,0,False,True,True
0x176510180,SM_CN_PROPS06_A3_LOD01,Buffer,"[""unused-device-resources-0x10ee34000""]",,,,,,,,,,,,,9468,requested_buffer_length,2,3,90967050708,Earlier,0.009029388427734375,0,False,False,False
0x16acc6700,SM_CN_WALL06_A4_LOD03,Buffer,"[""unused-device-resources-0x10ee34000""]",,,,,,,,,,,,,9216,requested_buffer_length,2,3,77517817375,Earlier,0.0087890625,0,False,False,False
0x16aed1800,SM_FR_WHARF08_A4_LOD02,Buffer,"[""device-resources-0x10ee34000""]",,,,,,,,,,,,,9210,requested_buffer_length,2,3,0,Now,0.008783340454101562,0,False,True,True
0x169735380,SM_CN_TOWER_A4_LOD03,Buffer,"[""unused-device-resources-0x10ee34000""]",,,,,,,,,,,,,9186,requested_buffer_length,2,3,77518032041,Earlier,0.008760452270507812,0,False,False,False
0x17406a700,M_BS_CN_PALDN_L2_LD03_A,Buffer,"[""device-resources-0x10ee34000""]",,,,,,,,,,,,,9184,requested_buffer_length,2,3,0,Now,0.008758544921875,0,False,True,True
0x17406b300,M_BN_CN_MFARMER1_LD03_A,Buffer,"[""device-resources-0x10ee34000""]",,,,,,,,,,,,,9184,requested_buffer_length,2,3,0,Now,0.008758544921875,0,False,True,True
0x1764fb300,M_BS_CN_CHANG_L2_LD03_A,Buffer,"[""device-resources-0x10ee34000""]",,,,,,,,,,,,,9184,requested_buffer_length,2,3,0,Now,0.008758544921875,0,False,True,True
0x1740e5800,SM_CN_PROPS04_A3_LOD01,Buffer,"[""unused-device-resources-0x10ee34000""]",,,,,,,,,,,,,9184,requested_buffer_length,2,3,90967110708,Earlier,0.008758544921875,0,False,False,False
0x174069c80,M_BH_SALADIN_LD03_A,Buffer,"[""unused-device-resources-0x10ee34000""]",,,,,,,,,,,,,9184,requested_buffer_length,2,3,79450034708,Earlier,0.008758544921875,0,False,False,False
0x174074000,M_BS_CN_PKEMN_L2_LD03_A,Buffer,"[""device-resources-0x10ee34000""]",,,,,,,,,,,,,9128,requested_buffer_length,2,3,0,Now,0.00870513916015625,0,False,True,True
0x15bfe2100,M_BA_SHEEP1_LD02_A,Buffer,"[""unused-device-resources-0x10ee34000""]",,,,,,,,,,,,,9120,requested_buffer_length,2,3,91636764041,Earlier,0.008697509765625,0,False,False,False
0x17645c900,SM_CN_EMBASSY_A4_LOD04,Buffer,"[""device-resources-0x10ee34000""]",,,,,,,,,,,,,8940,requested_buffer_length,2,3,0,Now,0.008525848388671875,0,False,True,True
0x1690f4300,SM_MountHuangA_01_City_LOD2,Buffer,"[""unused-device-resources-0x10ee34000""]",,,,,,,,,,,,,8922,requested_buffer_length,2,3,77453188041,Earlier,0.008508682250976562,0,False,False,False
0x16acedf80,SM_CN_ARCHERYTARGET_A3_LOD01,Buffer,"[""device-resources-0x10ee34000""]",,,,,,,,,,,,,8856,requested_buffer_length,2,3,0,Now,0.00844573974609375,0,False,True,True
0x1764f8c00,SM_CN_BARRACK_A4_LOD04,Buffer,"[""device-resources-0x10ee34000""]",,,,,,,,,,,,,8832,requested_buffer_length,2,3,0,Now,0.0084228515625,0,False,True,True
0x169641e00,SM_CN_MARKET_A4_LOD03,Buffer,"[""unused-device-resources-0x10ee34000""]",,,,,,,,,,,,,8724,requested_buffer_length,2,3,77518133375,Earlier,0.008319854736328125,0,False,False,False
0x17b347300,M_BA_HORSE1_LD03_A,Buffer,"[""device-resources-0x10ee34000""]",,,,,,,,,,,,,8688,requested_buffer_length,2,3,0,Now,0.0082855224609375,0,False,True,True
0x16aed3d80,SM_StonemineB_Lv2_LOD2,Buffer,"[""device-resources-0x10ee34000""]",,,,,,,,,,,,,8680,requested_buffer_length,2,3,0,Now,0.00827789306640625,0,False,True,True
0x1740e4a80,SM_CN_BRIDGE_A3_LOD02,Buffer,"[""unused-device-resources-0x10ee34000""]",,,,,,,,,,,,,8664,requested_buffer_length,2,3,90967298708,Earlier,0.00826263427734375,0,False,False,False
0x117944f00,SM_CityLotus_CN_01_LOD01,Buffer,"[""device-resources-0x10ee34000""]",,,,,,,,,,,,,8580,requested_buffer_length,2,3,0,Now,0.008182525634765625,0,False,True,True
0x17407ea00,SM_FR_WHARF04_A4_LOD03,Buffer,"[""device-resources-0x10ee34000""]",,,,,,,,,,,,,8544,requested_buffer_length,2,3,0,Now,0.008148193359375,0,False,True,True
0x1764fa580,SM_CN_MTPROPS_A4_LOD04,Buffer,"[""device-resources-0x10ee34000""]",,,,,,,,,,,,,8526,requested_buffer_length,2,3,0,Now,0.008131027221679688,0,False,True,True
0x174068480,M_BS_CN_PALDN_L3_LD03_A,Buffer,"[""device-resources-0x10ee34000""]",,,,,,,,,,,,,8512,requested_buffer_length,2,3,0,Now,0.00811767578125,0,False,True,True
0x17b347d80,M_BS_CN_CHANG_L3_LD03_A,Buffer,"[""unused-device-resources-0x10ee34000""]",,,,,,,,,,,,,8512,requested_buffer_length,2,3,77483716041,Earlier,0.00811767578125,0,False,False,False
0x16aed3480,SM_CityTree_01_LOD1,Buffer,"[""device-resources-0x10ee34000""]",,,,,,,,,,,,,8496,requested_buffer_length,2,3,0,Now,0.0081024169921875,0,False,True,True
0x17b344480,SM_CN_HEROSHRINE01_A3_LOD04,Buffer,"[""device-resources-0x10ee34000""]",,,,,,,,,,,,,8496,requested_buffer_length,2,3,0,Now,0.0081024169921875,0,False,True,True
0x16acdf480,SM_CN_TENT02_A4_LOD03,Buffer,"[""unused-device-resources-0x10ee34000""]",,,,,,,,,,,,,8480,requested_buffer_length,2,3,77517429375,Earlier,0.008087158203125,0,False,False,False
0x174069980,M_BH_JUSTINIAN_LD03_A,Buffer,"[""unused-device-resources-0x10ee34000""]",,,,,,,,,,,,,8400,requested_buffer_length,2,3,79450042708,Earlier,0.0080108642578125,0,False,False,False
0x17b346100,SM_CN_PROPS02_A3_LOD03,Buffer,"[""device-resources-0x10ee34000""]",,,,,,,,,,,,,8384,requested_buffer_length,2,3,0,Now,0.00799560546875,0,False,True,True
0x1742a8000,,RenderPipeline,"[""device-resources-0x10ee34000""]",,,,,,,,,,,,,8372,recorded_allocated_size,,,,,0.007984161376953125,0,False,False,True
0x1742a8c00,,RenderPipeline,"[""device-resources-0x10ee34000""]",,,,,,,,,,,,,8372,recorded_allocated_size,,,,,0.007984161376953125,0,False,False,True
0x1686c0000,,RenderPipeline,"[""unused-device-resources-0x10ee34000""]",,,,,,,,,,,,,8362,recorded_allocated_size,,,,,0.007974624633789062,0,False,False,False
0x1686c0c00,,RenderPipeline,"[""unused-device-resources-0x10ee34000""]",,,,,,,,,,,,,8362,recorded_allocated_size,,,,,0.007974624633789062,0,False,False,False
0x16ae84180,SM_NC_PROPSGROUP03B_A0_LOD02,Buffer,"[""device-resources-0x10ee34000""]",,,,,,,,,,,,,8320,requested_buffer_length,2,3,0,Now,0.0079345703125,0,False,True,True
0x174060c80,Game_TMP_RT_32,Texture,"[""device-resources-0x10ee34000""]",81,2,92,60,28,1,1,1,1,24C5F36618F02C5B,0,Shared,8320,recorded_allocated_size,2,0,0,Now,0.0079345703125,2,True,True,True
0x174061680,Game_RT_32,Texture,"[""device-resources-0x10ee34000""]",81,2,92,60,28,1,1,1,1,5C7C3AA68D5DFCDE,0,Shared,8320,recorded_allocated_size,2,0,0,Now,0.0079345703125,1,True,True,True
0x16b55eb80,SM_DrillgroundFlagFra_01_LOD001_MorphUV2_MorphExport,Buffer,"[""unused-device-resources-0x10ee34000""]",,,,,,,,,,,,,8304,requested_buffer_length,2,3,71426230708,Earlier,0.0079193115234375,0,False,False,False
0x176521c80,SM_CN_WALL06_A4_LOD04,Buffer,"[""device-resources-0x10ee34000""]",,,,,,,,,,,,,8256,requested_buffer_length,2,3,0,Now,0.00787353515625,0,False,True,True
0x1694bb780,SM_CN_HOSPITAL_A4_LOD03,Buffer,"[""unused-device-resources-0x10ee34000""]",,,,,,,,,,,,,8256,requested_buffer_length,2,3,77518230708,Earlier,0.00787353515625,0,False,False,False
0x174069080,M_BN_CN_FFARMER1_LD03_A,Buffer,"[""unused-device-resources-0x10ee34000""]",,,,,,,,,,,,,8232,requested_buffer_length,2,3,77483638708,Earlier,0.00785064697265625,0,False,False,False
0x17b344000,SM_CN_CASTLE09_A3_LOD04,Buffer,"[""device-resources-0x10ee34000""]",,,,,,,,,,,,,8208,requested_buffer_length,2,3,0,Now,0.0078277587890625,0,False,True,True
0x169683c00,N_CN_MILL_A4_O1_AT_C,Texture,"[""unused-device-resources-0x10ee34000""]",81,2,115,146,3,1,1,1,1,71E41B3EFE1C5507,0,Shared,8192,recorded_allocated_size,2,2,139622998708,Earlier,0.0078125,0,False,False,False
0x169758000,N_CN_MILL_A4_O2_AT_C,Texture,"[""unused-device-resources-0x10ee34000""]",81,2,115,146,3,1,1,1,1,BC037B3A23D80114,0,Shared,8192,recorded_allocated_size,2,2,139622181375,Earlier,0.0078125,0,False,False,False
0x1690f4900,SM_MountHuangA_02_City_LOD2,Buffer,"[""unused-device-resources-0x10ee34000""]",,,,,,,,,,,,,8148,requested_buffer_length,2,3,77518596041,Earlier,0.007770538330078125,0,False,False,False
0x15bfe0d80,M_BA_BIRD1_LD03_A,Buffer,"[""device-resources-0x10ee34000""]",,,,,,,,,,,,,8064,requested_buffer_length,2,3,0,Now,0.0076904296875,0,False,True,True
0x17407c600,SM_CN_SCHOOL_A4_LOD04,Buffer,"[""device-resources-0x10ee34000""]",,,,,,,,,,,,,8052,requested_buffer_length,2,3,0,Now,0.007678985595703125,0,False,True,True
0x176510000,SM_NC_PROPSGROUP01_A0_LOD01,Buffer,"[""unused-device-resources-0x10ee34000""]",,,,,,,,,,,,,8034,requested_buffer_length,2,3,90967058708,Earlier,0.0076618194580078125,0,False,False,False
0x1764f9680,SM_CN_DOCK_A4_LOD04,Buffer,"[""device-resources-0x10ee34000""]",,,,,,,,,,,,,7962,requested_buffer_length,2,3,0,Now,0.0075931549072265625,0,False,True,True
0x17406aa00,M_BS_CN_PALDN_L2_H_LD03_A,Buffer,"[""device-resources-0x10ee34000""]",,,,,,,,,,,,,7952,requested_buffer_length,2,3,0,Now,0.0075836181640625,0,False,True,True
0x174068180,M_BS_CN_PALDN_L3_H_LD03_A,Buffer,"[""unused-device-resources-0x10ee34000""]",,,,,,,,,,,,,7952,requested_buffer_length,2,3,90796726708,Earlier,0.0075836181640625,0,False,False,False
0x169734480,SM_CN_MILL_A4_LOD03,Buffer,"[""unused-device-resources-0x10ee34000""]",,,,,,,,,,,,,7890,requested_buffer_length,2,3,77452960041,Earlier,0.0075244903564453125,0,False,False,False
0x1694b9b00,SM_Grass17_B_02,Buffer,"[""device-resources-0x10ee34000""]",,,,,,,,,,,,,7876,requested_buffer_length,2,3,0,Now,0.007511138916015625,0,False,True,True
0x17407c000,SM_WRE_NC_GOLDB_L05_LOD01,Buffer,"[""unused-device-resources-0x10ee34000""]",,,,,,,,,,,,,7872,requested_buffer_length,2,3,90968353375,Earlier,0.00750732421875,0,False,False,False
0x16aed0c00,SM_FR_WHARF06_A4_LOD02,Buffer,"[""unused-device-resources-0x10ee34000""]",,,,,,,,,,,,,7872,requested_buffer_length,2,3,77517894708,Earlier,0.00750732421875,0,False,False,False
0x17b347180,M_CN_VIPSHIP_A4_LD04_A,Buffer,"[""device-resources-0x10ee34000""]",,,,,,,,,,,,,7806,requested_buffer_length,2,3,0,Now,0.0074443817138671875,0,False,True,True
0x174068d80,M_BN_CN_FEMALE1_LD03_A,Buffer,"[""unused-device-resources-0x10ee34000""]",,,,,,,,,,,,,7728,requested_buffer_length,2,3,77483649375,Earlier,0.0073699951171875,0,False,False,False
0x1740e5f80,SM_CN_PROPS03_A3_LOD01,Buffer,"[""unused-device-resources-0x10ee34000""]",,,,,,,,,,,,,7692,requested_buffer_length,2,3,90967094708,Earlier,0.007335662841796875,0,False,False,False
0x174068780,M_BN_CN_FAT1_LD03_A,Buffer,"[""device-resources-0x10ee34000""]",,,,,,,,,,,,,7672,requested_buffer_length,2,3,0,Now,0.00731658935546875,0,False,True,True
0x174069680,M_BN_CN_THIN1_LD03_A,Buffer,"[""device-resources-0x10ee34000""]",,,,,,,,,,,,,7672,requested_buffer_length,2,3,0,Now,0.00731658935546875,0,False,True,True
0x15bfe1800,M_BA_DEER1_LD03_A,Buffer,"[""unused-device-resources-0x10ee34000""]",,,,,,,,,,,,,7440,requested_buffer_length,2,3,77483842708,Earlier,0.0070953369140625,0,False,False,False
0x176521500,SM_CN_CASTLE10_A4_LOD04,Buffer,"[""device-resources-0x10ee34000""]",,,,,,,,,,,,,7344,requested_buffer_length,2,3,0,Now,0.0070037841796875,0,False,True,True
0x16accea00,SM_EAST_GROTTO_A0_LOD03,Buffer,"[""unused-device-resources-0x10ee34000""]",,,,,,,,,,,,,7116,requested_buffer_length,2,3,77452622708,Earlier,0.006786346435546875,0,False,False,False
0x1694ba700,SM_FlagChinaCastle_01,Buffer,"[""device-resources-0x10ee34000""]",,,,,,,,,,,,,7056,requested_buffer_length,2,3,0,Now,0.0067291259765625,0,False,True,True
0x1764f9c80,SM_CN_ARCHERY_A4_LOD04,Buffer,"[""device-resources-0x10ee34000""]",,,,,,,,,,,,,7056,requested_buffer_length,2,3,0,Now,0.0067291259765625,0,False,True,True
0x17b23a100,SM_CN_PROPS01_A4_LOD01,Buffer,"[""unused-device-resources-0x10ee34000""]",,,,,,,,,,,,,7020,requested_buffer_length,2,3,90967610708,Earlier,0.006694793701171875,0,False,False,False
0x169642580,SM_FlagChinaFeudal_012_MorphUV2_MorphExport,Buffer,"[""device-resources-0x10ee34000""]",,,,,,,,,,,,,6960,requested_buffer_length,2,3,0,Now,0.0066375732421875,0,False,True,True
0x15bfe3780,SM_Water_Plane_LOD2,Buffer,"[""device-resources-0x10ee34000""]",,,,,,,,,,,,,6912,requested_buffer_length,2,3,0,Now,0.006591796875,0,False,True,True
0x16aed1c80,M_CN_PROPS04_A4_LD02_A,Buffer,"[""device-resources-0x10ee34000""]",,,,,,,,,,,,,6888,requested_buffer_length,2,3,0,Now,0.00656890869140625,0,False,True,True
0x16acee880,SM_CN_DRILLG03_A3_LOD03,Buffer,"[""unused-device-resources-0x10ee34000""]",,,,,,,,,,,,,6784,requested_buffer_length,2,3,77452898708,Earlier,0.0064697265625,0,False,False,False
0x15bfe1080,SM_Rock_10_LOD2,Buffer,"[""device-resources-0x10ee34000""]",,,,,,,,,,,,,6760,requested_buffer_length,2,3,0,Now,0.00644683837890625,0,False,True,True
0x16b55e700,ChamferBox02B,Buffer,"[""unused-device-resources-0x10ee34000""]",,,,,,,,,,,,,6760,requested_buffer_length,2,3,18446744073709551615,Never,0.00644683837890625,0,False,False,False
0x143672b80,,Buffer,"[""unused-device-resources-0x10ee34000""]",,,,,,,,,,,,,6720,requested_buffer_length,2,3,159421216041,Earlier,0.00640869140625,0,False,False,False
0x1690f6880,SM_FX_City_CN_WaterFall_Combine03,Buffer,"[""unused-device-resources-0x10ee34000""]",,,,,,,,,,,,,6720,requested_buffer_length,2,3,18446744073709551615,Never,0.00640869140625,0,False,False,False
0x16aed0900,SM_FR_WHARF05_A4_LOD02,Buffer,"[""unused-device-resources-0x10ee34000""]",,,,,,,,,,,,,6656,requested_buffer_length,2,3,77452905375,Earlier,0.00634765625,0,False,False,False
0x1694bbc00,SM_FlagChinaFeudal_007_MorphUV2_MorphExport,Buffer,"[""device-resources-0x10ee34000""]",,,,,,,,,,,,,6624,requested_buffer_length,2,3,0,Now,0.006317138671875,0,False,True,True
0x169641680,SM_FlagChinaEmpires_004_MorphUV2_MorphExport,Buffer,"[""device-resources-0x10ee34000""]",,,,,,,,,,,,,6624,requested_buffer_length,2,3,0,Now,0.006317138671875,0,False,True,True
0x169642d00,SM_CN_ATOWER_A4_LOD03,Buffer,"[""unused-device-resources-0x10ee34000""]",,,,,,,,,,,,,6552,requested_buffer_length,2,3,77452977375,Earlier,0.00624847412109375,0,False,False,False
0x176522e80,SM_FR_WHARF06_A4_LOD03,Buffer,"[""device-resources-0x10ee34000""]",,,,,,,,,,,,,6464,requested_buffer_length,2,3,0,Now,0.00616455078125,0,False,True,True
0x1741ea400,,RenderPipeline,"[""device-resources-0x10ee34000""]",,,,,,,,,,,,,6440,recorded_allocated_size,,,,,0.00614166259765625,0,False,False,True
0x1686a4c00,,RenderPipeline,"[""unused-device-resources-0x10ee34000""]",,,,,,,,,,,,,6434,recorded_allocated_size,,,,,0.0061359405517578125,0,False,False,False
0x176522880,SM_CN_WALL02_A4_LOD04,Buffer,"[""device-resources-0x10ee34000""]",,,,,,,,,,,,,6336,requested_buffer_length,2,3,0,Now,0.00604248046875,0,False,True,True
0x17b23ad00,SM_CN_CASTLE07_A4_LOD02,Buffer,"[""unused-device-resources-0x10ee34000""]",,,,,,,,,,,,,6324,requested_buffer_length,2,3,90967421375,Earlier,0.006031036376953125,0,False,False,False
0x1742a9800,,RenderPipeline,"[""device-resources-0x10ee34000""]",,,,,,,,,,,,,6278,recorded_allocated_size,,,,,0.0059871673583984375,0,False,False,True
0x1686c1800,,RenderPipeline,"[""unused-device-resources-0x10ee34000""]",,,,,,,,,,,,,6278,recorded_allocated_size,,,,,0.0059871673583984375,0,False,False,False
0x174169800,,RenderPipeline,"[""device-resources-0x10ee34000""]",,,,,,,,,,,,,6198,recorded_allocated_size,,,,,0.0059108734130859375,0,False,False,True
0x16852e400,,RenderPipeline,"[""unused-device-resources-0x10ee34000""]",,,,,,,,,,,,,6196,recorded_allocated_size,,,,,0.005908966064453125,0,False,False,False
0x174180000,,RenderPipeline,"[""device-resources-0x10ee34000""]",,,,,,,,,,,,,6176,recorded_allocated_size,,,,,0.005889892578125,0,False,False,True
0x168654c00,,RenderPipeline,"[""unused-device-resources-0x10ee34000""]",,,,,,,,,,,,,6174,recorded_allocated_size,,,,,0.0058879852294921875,0,False,False,False
0x169641080,SM_FlagChinaEmpires_002_MorphUV2_MorphExport,Buffer,"[""device-resources-0x10ee34000""]",,,,,,,,,,,,,6144,requested_buffer_length,2,3,0,Now,0.005859375,0,False,True,True
0x169641380,SM_FlagChinaEmpires_003_MorphUV2_MorphExport,Buffer,"[""device-resources-0x10ee34000""]",,,,,,,,,,,,,6144,requested_buffer_length,2,3,0,Now,0.005859375,0,False,True,True
0x1722cf200,T_FX_Mask_Noise09,Texture,"[""device-resources-0x10ee34000""]",81,2,212,256,64,1,9,1,1,3779128F4675E2E8,0,Shared,6144,recorded_allocated_size,2,2,0,Now,0.005859375,11,False,True,True
0x16acde700,SM_CN_PROPS06_A3_LOD02,Buffer,"[""unused-device-resources-0x10ee34000""]",,,,,,,,,,,,,6084,requested_buffer_length,2,3,77517414708,Earlier,0.005802154541015625,0,False,False,False
0x16acefd80,SM_CN_RIVERBANK_A4_LOD01,Buffer,"[""device-resources-0x10ee34000""]",,,,,,,,,,,,,6024,requested_buffer_length,2,3,0,Now,0.00574493408203125,0,False,True,True
0x16b708c80,T_FX_Trail_05,Texture,"[""device-resources-0x10ee34000""]",81,2,208,128,32,1,8,1,1,4D05D4B93C7F1C23,0,Shared,6016,recorded_allocated_size,2,2,0,Now,0.0057373046875,0,False,False,True
0x1741d0c00,,RenderPipeline,"[""device-resources-0x10ee34000""]",,,,,,,,,,,,,6012,recorded_allocated_size,,,,,0.005733489990234375,0,False,False,True
0x1741e8000,,RenderPipeline,"[""device-resources-0x10ee34000""]",,,,,,,,,,,,,6012,recorded_allocated_size,,,,,0.005733489990234375,0,False,False,True
0x1686a1800,,RenderPipeline,"[""unused-device-resources-0x10ee34000""]",,,,,,,,,,,,,6008,recorded_allocated_size,,,,,0.00572967529296875,0,False,False,False
0x16b55de00,Plane001,Buffer,"[""unused-device-resources-0x10ee34000""]",,,,,,,,,,,,,6000,requested_buffer_length,2,3,18446744073709551615,Never,0.0057220458984375,0,False,False,False
0x169643000,SM_CN_IRONMINE_A4_LOD03,Buffer,"[""unused-device-resources-0x10ee34000""]",,,,,,,,,,,,,5952,requested_buffer_length,2,3,77518049375,Earlier,0.00567626953125,0,False,False,False
0x15bfe2400,M_BA_SHEEP1_LD03_A,Buffer,"[""unused-device-resources-0x10ee34000""]",,,,,,,,,,,,,5952,requested_buffer_length,2,3,77483865375,Earlier,0.00567626953125,0,False,False,False
0x1694bae80,SM_CN_GOLDMINE_A4_LOD03,Buffer,"[""unused-device-resources-0x10ee34000""]",,,,,,,,,,,,,5952,requested_buffer_length,2,3,77518266708,Earlier,0.00567626953125,0,False,False,False
0x174220c00,,RenderPipeline,"[""unused-device-resources-0x10ee34000""]",,,,,,,,,,,,,5948,recorded_allocated_size,,,,,0.005672454833984375,0,False,False,False
0x174074780,,Buffer,"[""device-resources-0x10ee34000""]",,,,,,,,,,,,,5928,requested_buffer_length,2,3,0,Now,0.00565338134765625,0,False,True,True
0x16accc000,SM_CN_WALL02_A3_LOD03,Buffer,"[""unused-device-resources-0x10ee34000""]",,,,,,,,,,,,,5904,requested_buffer_length,2,3,77452684041,Earlier,0.0056304931640625,0,False,False,False
0x1694fd180,T_FX_Flash_50_cwh,Texture,"[""device-resources-0x10ee34000""]",81,2,208,64,64,1,7,1,1,A8A0108AFF8198AC,0,Shared,5888,recorded_allocated_size,2,2,0,Now,0.005615234375,4,False,True,True
0x16b70ad00,T_BS_CN_PALDN_L2_H_DA,Texture,"[""device-resources-0x10ee34000""]",81,2,190,64,64,1,7,1,1,96D44F41CB4B6DB0,0,Shared,5888,recorded_allocated_size,2,2,0,Now,0.005615234375,1,False,True,True
0x16b70af80,T_BS_CN_PALDN_L2_H_NRT,Texture,"[""device-resources-0x10ee34000""]",81,2,208,64,64,1,7,1,1,659C97AC3712A0F8,0,Shared,5888,recorded_allocated_size,2,2,0,Now,0.005615234375,1,False,True,True
0x15bc7e080,T_BN_CN_MFARMER1_DA,Texture,"[""device-resources-0x10ee34000""]",81,2,190,64,64,1,7,1,1,F3B19BC628B98198,0,Shared,5888,recorded_allocated_size,2,2,0,Now,0.005615234375,1,False,True,True
0x1436afc00,T_BN_CN_MFARMER1_NRT,Texture,"[""device-resources-0x10ee34000""]",81,2,208,64,64,1,7,1,1,F30B5E6CDC86F7CC,0,Shared,5888,recorded_allocated_size,2,2,0,Now,0.005615234375,1,False,True,True
0x16b70aa80,T_BH_GAIUS_DA,Texture,"[""device-resources-0x10ee34000""]",81,2,190,64,64,1,7,1,1,D3DCF59756282726,0,Shared,5888,recorded_allocated_size,2,2,0,Now,0.005615234375,1,False,True,True
0x16b70b700,T_BH_GAIUS_NRT,Texture,"[""device-resources-0x10ee34000""]",81,2,208,64,64,1,7,1,1,7B96E6757A6B8309,0,Shared,5888,recorded_allocated_size,2,2,0,Now,0.005615234375,1,False,True,True
0x143674780,date,Texture,"[""unused-device-resources-0x10ee34000""]",81,2,190,64,64,1,7,1,1,FCD42B4315270EE5,0,Shared,5888,recorded_allocated_size,2,2,18446744073709551615,Never,0.005615234375,0,False,False,False
0x17b32ad00,T_BN_BT_GIRL1_DA,Texture,"[""unused-device-resources-0x10ee34000""]",81,2,190,64,64,1,7,1,1,955E19778B74910F,0,Shared,5888,recorded_allocated_size,2,2,77483553375,Earlier,0.005615234375,0,False,False,False
0x17b328a00,T_BN_FR_GIRL1_NRT,Texture,"[""unused-device-resources-0x10ee34000""]",81,2,208,64,64,1,7,1,1,F8B12961389D5DEC,0,Shared,5888,recorded_allocated_size,2,2,77483553375,Earlier,0.005615234375,0,False,False,False
0x17b239e00,SM_CN_WALL05_A4_LOD02,Buffer,"[""unused-device-resources-0x10ee34000""]",,,,,,,,,,,,,5856,requested_buffer_length,2,3,90967510708,Earlier,0.005584716796875,0,False,False,False
0x17b345200,SM_CN_MTPROPS01_A3_LOD04,Buffer,"[""device-resources-0x10ee34000""]",,,,,,,,,,,,,5832,requested_buffer_length,2,3,0,Now,0.00556182861328125,0,False,True,True
0x174184c00,,RenderPipeline,"[""device-resources-0x10ee34000""]",,,,,,,,,,,,,5828,recorded_allocated_size,,,,,0.005558013916015625,0,False,False,True
0x168657000,,RenderPipeline,"[""unused-device-resources-0x10ee34000""]",,,,,,,,,,,,,5822,recorded_allocated_size,,,,,0.0055522918701171875,0,False,False,False
0x169734a80,M_CN_MILL_A4_O1_LD02_A,Buffer,"[""unused-device-resources-0x10ee34000""]",,,,,,,,,,,,,5814,requested_buffer_length,2,3,18446744073709551615,Never,0.0055446624755859375,0,False,False,False
0x174187000,,RenderPipeline,"[""device-resources-0x10ee34000""]",,,,,,,,,,,,,5808,recorded_allocated_size,,,,,0.0055389404296875,0,False,False,True
0x117944d80,Plane,Buffer,"[""unused-device-resources-0x10ee34000""]",,,,,,,,,,,,,5808,requested_buffer_length,2,3,138828453375,Earlier,0.0055389404296875,0,False,False,False
0x168680c00,,RenderPipeline,"[""unused-device-resources-0x10ee34000""]",,,,,,,,,,,,,5802,recorded_allocated_size,,,,,0.0055332183837890625,0,False,False,False
0x1764f9980,SM_CN_HOSPITAL_A4_LOD04,Buffer,"[""device-resources-0x10ee34000""]",,,,,,,,,,,,,5796,requested_buffer_length,2,3,0,Now,0.005527496337890625,0,False,True,True
0x176523900,SM_CN_WALL09_A4_LOD04,Buffer,"[""device-resources-0x10ee34000""]",,,,,,,,,,,,,5778,requested_buffer_length,2,3,0,Now,0.0055103302001953125,0,False,True,True
0x16acc4a80,SM_NC_PROPS01_A3_LOD02,Buffer,"[""device-resources-0x10ee34000""]",,,,,,,,,,,,,5760,requested_buffer_length,2,3,0,Now,0.0054931640625,0,False,True,True
0x176510f00,M_BChnC_01_LOD1_A,Buffer,"[""unused-device-resources-0x10ee34000""]",,,,,,,,,,,,,5730,requested_buffer_length,2,3,90967758708,Earlier,0.0054645538330078125,0,False,False,False
0x17b23ba80,SM_CN_WALL04_A4_LOD02,Buffer,"[""unused-device-resources-0x10ee34000""]",,,,,,,,,,,,,5728,requested_buffer_length,2,3,90967532041,Earlier,0.005462646484375,0,False,False,False
0x17427e400,,RenderPipeline,"[""device-resources-0x10ee34000""]",,,,,,,,,,,,,5700,recorded_allocated_size,,,,,0.005435943603515625,0,False,False,True
0x1686b7000,,RenderPipeline,"[""unused-device-resources-0x10ee34000""]",,,,,,,,,,,,,5700,recorded_allocated_size,,,,,0.005435943603515625,0,False,False,False
0x174188c00,,RenderPipeline,"[""device-resources-0x10ee34000""]",,,,,,,,,,,,,5696,recorded_allocated_size,,,,,0.00543212890625,0,False,False,True
0x16accc900,SM_CN_WALL05_A4_LOD03,Buffer,"[""unused-device-resources-0x10ee34000""]",,,,,,,,,,,,,5696,requested_buffer_length,2,3,77517734708,Earlier,0.00543212890625,0,False,False,False
0x168681800,,RenderPipeline,"[""unused-device-resources-0x10ee34000""]",,,,,,,,,,,,,5690,recorded_allocated_size,,,,,0.0054264068603515625,0,False,False,False
0x16acdca80,SM_CN_BRIDGE_A3_LOD03,Buffer,"[""unused-device-resources-0x10ee34000""]",,,,,,,,,,,,,5688,requested_buffer_length,2,3,77517517375,Earlier,0.00542449951171875,0,False,False,False
0x1764f8600,SM_MountHuangA_02_City_LOD3,Buffer,"[""device-resources-0x10ee34000""]",,,,,,,,,,,,,5676,requested_buffer_length,2,3,0,Now,0.005413055419921875,0,False,True,True
0x17416b000,,RenderPipeline,"[""device-resources-0x10ee34000""]",,,,,,,,,,,,,5634,recorded_allocated_size,,,,,0.0053730010986328125,0,False,False,True
0x168654000,,RenderPipeline,"[""unused-device-resources-0x10ee34000""]",,,,,,,,,,,,,5632,recorded_allocated_size,,,,,0.00537109375,0,False,False,False
0x16acdf180,SM_CN_PROPS04_A3_LOD02,Buffer,"[""unused-device-resources-0x10ee34000""]",,,,,,,,,,,,,5600,requested_buffer_length,2,3,77517469375,Earlier,0.005340576171875,0,False,False,False
0x16acc7c00,SM_CN_WALL04_A4_LOD03,Buffer,"[""unused-device-resources-0x10ee34000""]",,,,,,,,,,,,,5568,requested_buffer_length,2,3,77517753375,Earlier,0.00531005859375,0,False,False,False
0x17407c780,SM_CN_STABLE_A4_LOD04,Buffer,"[""device-resources-0x10ee34000""]",,,,,,,,,,,,,5550,requested_buffer_length,2,3,0,Now,0.0052928924560546875,0,False,True,True
0x17645f480,SM_CN_MARKET_A4_LOD04,Buffer,"[""device-resources-0x10ee34000""]",,,,,,,,,,,,,5532,requested_buffer_length,2,3,0,Now,0.005275726318359375,0,False,True,True
0x143670480,SM_NC_PROPS05_A3_LOD02,Buffer,"[""device-resources-0x10ee34000""]",,,,,,,,,,,,,5504,requested_buffer_length,2,3,0,Now,0.0052490234375,0,False,True,True
0x1764f9f80,SM_CN_TAVERN_A4_LOD04,Buffer,"[""device-resources-0x10ee34000""]",,,,,,,,,,,,,5490,requested_buffer_length,2,3,0,Now,0.0052356719970703125,0,False,True,True
0x1686c3000,,RenderPipeline,"[""unused-device-resources-0x10ee34000""]",,,,,,,,,,,,,5468,recorded_allocated_size,,,,,0.005214691162109375,0,False,False,False
0x1742f8c00,,RenderPipeline,"[""device-resources-0x10ee34000""]",,,,,,,,,,,,,5456,recorded_allocated_size,,,,,0.0052032470703125,0,False,False,True
0x1741d3000,,RenderPipeline,"[""device-resources-0x10ee34000""]",,,,,,,,,,,,,5434,recorded_allocated_size,,,,,0.0051822662353515625,0,False,False,True
0x1686a3000,,RenderPipeline,"[""unused-device-resources-0x10ee34000""]",,,,,,,,,,,,,5430,recorded_allocated_size,,,,,0.0051784515380859375,0,False,False,False
0x1741d2400,,RenderPipeline,"[""device-resources-0x10ee34000""]",,,,,,,,,,,,,5420,recorded_allocated_size,,,,,0.005168914794921875,0,False,False,True
0x1686a5800,,RenderPipeline,"[""unused-device-resources-0x10ee34000""]",,,,,,,,,,,,,5420,recorded_allocated_size,,,,,0.005168914794921875,0,False,False,False
0x174193000,,RenderPipeline,"[""device-resources-0x10ee34000""]",,,,,,,,,,,,,5416,recorded_allocated_size,,,,,0.00516510009765625,0,False,False,True
0x1686a2400,,RenderPipeline,"[""unused-device-resources-0x10ee34000""]",,,,,,,,,,,,,5416,recorded_allocated_size,,,,,0.00516510009765625,0,False,False,False
0x174186400,,RenderPipeline,"[""device-resources-0x10ee34000""]",,,,,,,,,,,,,5414,recorded_allocated_size,,,,,0.0051631927490234375,0,False,False,True
0x174207000,,RenderPipeline,"[""device-resources-0x10ee34000""]",,,,,,,,,,,,,5414,recorded_allocated_size,,,,,0.0051631927490234375,0,False,False,True
0x1687d3600,SM_CN_HOUSE01_A4_LOD02,Buffer,"[""unused-device-resources-0x10ee34000""]",,,,,,,,,,,,,5412,requested_buffer_length,2,3,90968080041,Earlier,0.005161285400390625,0,False,False,False
0x174205800,,RenderPipeline,"[""unused-device-resources-0x10ee34000""]",,,,,,,,,,,,,5412,recorded_allocated_size,,,,,0.005161285400390625,0,False,False,False
0x168680000,,RenderPipeline,"[""unused-device-resources-0x10ee34000""]",,,,,,,,,,,,,5412,recorded_allocated_size,,,,,0.005161285400390625,0,False,False,False
0x168695800,,RenderPipeline,"[""unused-device-resources-0x10ee34000""]",,,,,,,,,,,,,5412,recorded_allocated_size,,,,,0.005161285400390625,0,False,False,False
0x1686a6400,,RenderPipeline,"[""unused-device-resources-0x10ee34000""]",,,,,,,,,,,,,5408,recorded_allocated_size,,,,,0.005157470703125,0,False,False,False
0x1742ab000,,RenderPipeline,"[""unused-device-resources-0x10ee34000""]",,,,,,,,,,,,,5406,recorded_allocated_size,,,,,0.0051555633544921875,0,False,False,False
0x16aced380,SM_NC_PROPS07_A3_LOD02,Buffer,"[""unused-device-resources-0x10ee34000""]",,,,,,,,,,,,,5376,requested_buffer_length,2,3,77452894708,Earlier,0.005126953125,0,False,False,False
0x16aed1b00,M_FR_WHARF_A4_LD02_A,Buffer,"[""device-resources-0x10ee34000""]",,,,,,,,,,,,,5358,requested_buffer_length,2,3,0,Now,0.0051097869873046875,0,False,True,True
0x174181800,,RenderPipeline,"[""device-resources-0x10ee34000""]",,,,,,,,,,,,,5352,recorded_allocated_size,,,,,0.00510406494140625,0,False,False,True
0x17b238f00,SM_CN_HEROSHRINE02_A3_LOD02,Buffer,"[""unused-device-resources-0x10ee34000""]",,,,,,,,,,,,,5352,requested_buffer_length,2,3,90967400041,Earlier,0.00510406494140625,0,False,False,False
0x1764fa280,SM_CN_SPEARB_A4_LOD04,Buffer,"[""device-resources-0x10ee34000""]",,,,,,,,,,,,,5346,requested_buffer_length,2,3,0,Now,0.0050983428955078125,0,False,True,True
0x168655800,,RenderPipeline,"[""unused-device-resources-0x10ee34000""]",,,,,,,,,,,,,5342,recorded_allocated_size,,,,,0.0050945281982421875,0,False,False,False
0x1764fc600,SM_MountHuangA_01_City_LOD3,Buffer,"[""unused-device-resources-0x10ee34000""]",,,,,,,,,,,,,5244,requested_buffer_length,2,3,72092878708,Earlier,0.005001068115234375,0,False,False,False
0x1686c2400,,RenderPipeline,"[""unused-device-resources-0x10ee34000""]",,,,,,,,,,,,,5232,recorded_allocated_size,,,,,0.0049896240234375,0,False,False,False
0x1764b4c00,,RenderPipeline,"[""device-resources-0x10ee34000""]",,,,,,,,,,,,,5220,recorded_allocated_size,,,,,0.004978179931640625,0,False,False,True
0x176522400,SM_CN_WALL05_A4_LOD04,Buffer,"[""device-resources-0x10ee34000""]",,,,,,,,,,,,,5216,requested_buffer_length,2,3,0,Now,0.004974365234375,0,False,True,True
0x17418a400,,RenderPipeline,"[""device-resources-0x10ee34000""]",,,,,,,,,,,,,5208,recorded_allocated_size,,,,,0.00496673583984375,0,False,False,True
0x168682400,,RenderPipeline,"[""unused-device-resources-0x10ee34000""]",,,,,,,,,,,,,5206,recorded_allocated_size,,,,,0.0049648284912109375,0,False,False,False
0x17b346700,SM_CN_PROPS06_A3_LOD03,Buffer,"[""device-resources-0x10ee34000""]",,,,,,,,,,,,,5148,requested_buffer_length,2,3,0,Now,0.004909515380859375,0,False,True,True
0x1690f4c00,SM_MountHuangB_02_City_LOD2,Buffer,"[""unused-device-resources-0x10ee34000""]",,,,,,,,,,,,,5124,requested_buffer_length,2,3,77518609375,Earlier,0.004886627197265625,0,False,False,False
0x16accfc00,SM_NC_PROPSGROUP05B_A0_LOD02,Buffer,"[""device-resources-0x10ee34000""]",,,,,,,,,,,,,5120,requested_buffer_length,2,3,0,Now,0.0048828125,0,False,True,True
0x176521800,SM_CN_WALL04_A4_LOD04,Buffer,"[""device-resources-0x10ee34000""]",,,,,,,,,,,,,5088,requested_buffer_length,2,3,0,Now,0.004852294921875,0,False,True,True
0x174168000,,RenderPipeline,"[""device-resources-0x10ee34000""]",,,,,,,,,,,,,5014,recorded_allocated_size,,,,,0.0047817230224609375,0,False,False,True
0x16852f000,,RenderPipeline,"[""unused-device-resources-0x10ee34000""]",,,,,,,,,,,,,5010,recorded_allocated_size,,,,,0.0047779083251953125,0,False,False,False
0x1694b8f00,LOD0SG11,Buffer,"[""device-resources-0x10ee34000""]",,,,,,,,,,,,,5004,requested_buffer_length,2,3,0,Now,0.004772186279296875,0,False,True,True
0x174191800,,RenderPipeline,"[""device-resources-0x10ee34000""]",,,,,,,,,,,,,4992,recorded_allocated_size,,,,,0.0047607421875,0,False,False,True
0x176523600,st_ui_ring_01,Buffer,"[""unused-device-resources-0x10ee34000""]",,,,,,,,,,,,,4992,requested_buffer_length,2,3,79539314708,Earlier,0.0047607421875,0,False,False,False
0x168694c00,,RenderPipeline,"[""unused-device-resources-0x10ee34000""]",,,,,,,,,,,,,4988,recorded_allocated_size,,,,,0.004756927490234375,0,False,False,False
0x17419f000,,RenderPipeline,"[""device-resources-0x10ee34000""]",,,,,,,,,,,,,4966,recorded_allocated_size,,,,,0.0047359466552734375,0,False,False,True
0x1686a0c00,,RenderPipeline,"[""unused-device-resources-0x10ee34000""]",,,,,,,,,,,,,4964,recorded_allocated_size,,,,,0.004734039306640625,0,False,False,False
0x16acc6100,SM_FlagChinaFeudal_015_MorphUV2_MorphExport,Buffer,"[""device-resources-0x10ee34000""]",,,,,,,,,,,,,4944,requested_buffer_length,2,3,0,Now,0.0047149658203125,0,False,True,True
0x17418b000,,RenderPipeline,"[""device-resources-0x10ee34000""]",,,,,,,,,,,,,4944,recorded_allocated_size,,,,,0.0047149658203125,0,False,False,True
0x1741e8c00,,RenderPipeline,"[""device-resources-0x10ee34000""]",,,,,,,,,,,,,4944,recorded_allocated_size,,,,,0.0047149658203125,0,False,False,True
0x168694000,,RenderPipeline,"[""unused-device-resources-0x10ee34000""]",,,,,,,,,,,,,4940,recorded_allocated_size,,,,,0.004711151123046875,0,False,False,False
0x1686a4000,,RenderPipeline,"[""unused-device-resources-0x10ee34000""]",,,,,,,,,,,,,4940,recorded_allocated_size,,,,,0.004711151123046875,0,False,False,False
0x174183000,,RenderPipeline,"[""device-resources-0x10ee34000""]",,,,,,,,,,,,,4930,recorded_allocated_size,,,,,0.0047016143798828125,0,False,False,True
0x168656400,,RenderPipeline,"[""unused-device-resources-0x10ee34000""]",,,,,,,,,,,,,4928,recorded_allocated_size,,,,,0.00469970703125,0,False,False,False
0x17419d800,,RenderPipeline,"[""device-resources-0x10ee34000""]",,,,,,,,,,,,,4926,recorded_allocated_size,,,,,0.0046977996826171875,0,False,False,True
0x17426c000,,RenderPipeline,"[""device-resources-0x10ee34000""]",,,,,,,,,,,,,4922,recorded_allocated_size,,,,,0.0046939849853515625,0,False,False,True
0x168697000,,RenderPipeline,"[""unused-device-resources-0x10ee34000""]",,,,,,,,,,,,,4922,recorded_allocated_size,,,,,0.0046939849853515625,0,False,False,False
0x1686b4000,,RenderPipeline,"[""unused-device-resources-0x10ee34000""]",,,,,,,,,,,,,4920,recorded_allocated_size,,,,,0.00469207763671875,0,False,False,False
0x174204000,,RenderPipeline,"[""unused-device-resources-0x10ee34000""]",,,,,,,,,,,,,4878,recorded_allocated_size,,,,,0.0046520233154296875,0,False,False,False
0x1686a7000,,RenderPipeline,"[""unused-device-resources-0x10ee34000""]",,,,,,,,,,,,,4878,recorded_allocated_size,,,,,0.0046520233154296875,0,False,False,False
0x1740e5680,SM_CN_BRIDGE04_A2_LOD02,Buffer,"[""unused-device-resources-0x10ee34000""]",,,,,,,,,,,,,4872,requested_buffer_length,2,3,90967120041,Earlier,0.00464630126953125,0,False,False,False
0x17407eb80,SM_CN_TOWER_A4_LOD04,Buffer,"[""device-resources-0x10ee34000""]",,,,,,,,,,,,,4836,requested_buffer_length,2,3,0,Now,0.004611968994140625,0,False,True,True
0x174190c00,,RenderPipeline,"[""device-resources-0x10ee34000""]",,,,,,,,,,,,,4836,recorded_allocated_size,,,,,0.004611968994140625,0,False,False,True
0x168683000,,RenderPipeline,"[""unused-device-resources-0x10ee34000""]",,,,,,,,,,,,,4832,recorded_allocated_size,,,,,0.004608154296875,0,False,False,False
0x1740e6880,,Buffer,"[""device-resources-0x10ee34000""]",,,,,,,,,,,,,4824,requested_buffer_length,2,3,0,Now,0.00460052490234375,0,False,True,True
0x174222400,,RenderPipeline,"[""device-resources-0x10ee34000""]",,,,,,,,,,,,,4804,recorded_allocated_size,,,,,0.004581451416015625,0,False,False,True
0x1764fd200,,Buffer,"[""device-resources-0x10ee34000""]",,,,,,,,,,,,,4800,requested_buffer_length,2,3,0,Now,0.00457763671875,0,False,True,True
0x17419e400,,RenderPipeline,"[""device-resources-0x10ee34000""]",,,,,,,,,,,,,4800,recorded_allocated_size,,,,,0.00457763671875,0,False,False,True
0x1686a0000,,RenderPipeline,"[""unused-device-resources-0x10ee34000""]",,,,,,,,,,,,,4796,recorded_allocated_size,,,,,0.004573822021484375,0,False,False,False
0x1741d1800,,RenderPipeline,"[""device-resources-0x10ee34000""]",,,,,,,,,,,,,4788,recorded_allocated_size,,,,,0.004566192626953125,0,False,False,True
0x17419cc00,,RenderPipeline,"[""device-resources-0x10ee34000""]",,,,,,,,,,,,,4784,recorded_allocated_size,,,,,0.0045623779296875,0,False,False,True
0x168696400,,RenderPipeline,"[""unused-device-resources-0x10ee34000""]",,,,,,,,,,,,,4780,recorded_allocated_size,,,,,0.004558563232421875,0,False,False,False
0x174077000,SM_CN_DRILLG_A4_LOD04,Buffer,"[""device-resources-0x10ee34000""]",,,,,,,,,,,,,4740,requested_buffer_length,2,3,0,Now,0.004520416259765625,0,False,True,True
0x16acdeb80,SM_CN_PROPS03_A3_LOD02,Buffer,"[""unused-device-resources-0x10ee34000""]",,,,,,,,,,,,,4704,requested_buffer_length,2,3,77517453375,Earlier,0.004486083984375,0,False,False,False
0x17b238480,SM_NC_PROPS03_A3_LOD01,Buffer,"[""unused-device-resources-0x10ee34000""]",,,,,,,,,,,,,4672,requested_buffer_length,2,3,90967500041,Earlier,0.00445556640625,0,False,False,False
0x1690eb980,T_FoamRamp_1_C,Texture,"[""device-resources-0x10ee34000""]",81,2,71,512,1,1,10,1,1,D2ACA54192FD88AE,0,Shared,4608,recorded_allocated_size,2,2,0,Now,0.00439453125,2,False,True,True
0x1740e4780,SM_CN_PROPS02_A3_LOD01,Buffer,"[""unused-device-resources-0x10ee34000""]",,,,,,,,,,,,,4572,requested_buffer_length,2,3,90967086708,Earlier,0.004360198974609375,0,False,False,False
0x176513180,M_FR_WHARF_A4_LD01_A,Buffer,"[""unused-device-resources-0x10ee34000""]",,,,,,,,,,,,,4524,requested_buffer_length,2,3,90967746708,Earlier,0.004314422607421875,0,False,False,False
0x117944a80,st_alphaplane01,Buffer,"[""unused-device-resources-0x10ee34000""]",,,,,,,,,,,,,4470,requested_buffer_length,2,3,18446744073709551615,Never,0.0042629241943359375,0,False,False,False
0x17b344a80,SM_CN_BRIDGE_A3_LOD04,Buffer,"[""device-resources-0x10ee34000""]",,,,,,,,,,,,,4440,requested_buffer_length,2,3,0,Now,0.00423431396484375,0,False,True,True
0x16aced200,SM_NC_PROPS10B_A0_LOD02,Buffer,"[""unused-device-resources-0x10ee34000""]",,,,,,,,,,,,,4398,requested_buffer_length,2,3,77452880041,Earlier,0.0041942596435546875,0,False,False,False
0x17b346400,SM_CN_TENT02_A4_LOD04,Buffer,"[""device-resources-0x10ee34000""]",,,,,,,,,,,,,4384,requested_buffer_length,2,3,0,Now,0.004180908203125,0,False,True,True
0x1690f5b00,Pubu02,Buffer,"[""device-resources-0x10ee34000""]",,,,,,,,,,,,,4320,requested_buffer_length,2,3,0,Now,0.004119873046875,0,False,True,True
0x1690f7a80,SM_FlagChinaFeudal_014_MorphUV2_MorphExport,Buffer,"[""device-resources-0x10ee34000""]",,,,,,,,,,,,,4224,requested_buffer_length,2,3,0,Now,0.0040283203125,0,False,True,True
0x1178d2080,UnityHalo,Texture,"[""unused-device-resources-0x10ee34000""]",81,2,1,64,64,1,1,1,1,F866AEF9DE87B006,0,Shared,4224,recorded_allocated_size,2,2,168871568041,Earlier,0.0040283203125,0,False,False,False
0x17b238c00,SM_CN_CASTLE03_A4_LOD02,Buffer,"[""unused-device-resources-0x10ee34000""]",,,,,,,,,,,,,4140,requested_buffer_length,2,3,90967469375,Earlier,0.003948211669921875,0,False,False,False
0x16acc5800,SM_CN_CASTLE03_A4_LOD03,Buffer,"[""unused-device-resources-0x10ee34000""]",,,,,,,,,,,,,4140,requested_buffer_length,2,3,77517700041,Earlier,0.003948211669921875,0,False,False,False
0x16acc6580,SM_CN_PROPS01_A4_LOD02,Buffer,"[""unused-device-resources-0x10ee34000""]",,,,,,,,,,,,,4110,requested_buffer_length,2,3,77517840041,Earlier,0.0039196014404296875,0,False,False,False
0x16ae8ea80,N_SM_shuiche_AT_C,Texture,"[""device-resources-0x10ee34000""]",81,2,115,74,3,1,1,1,1,DE957940B3B22A90,0,Shared,4096,recorded_allocated_size,2,2,0,Now,0.00390625,4,False,True,True
0x16acc9900,T_FX_UI_btn_n_hud_bg_zhaomu01,Texture,"[""device-resources-0x10ee34000""]",81,2,190,128,32,1,1,1,1,6B884D60942FD697,0,Shared,4096,recorded_allocated_size,2,2,0,Now,0.00390625,1,False,True,True
0x16975b980,T_0_P_Building_211_0_A4_C2_SPM,Texture,"[""unused-device-resources-0x10ee34000""]",81,2,204,64,64,1,1,1,1,28301A19B642C1D,0,Shared,4096,recorded_allocated_size,2,2,79345965375,Earlier,0.00390625,0,False,False,False
0x16b4c4780,T_0_P_Building_229_0_A4_C2_SPM,Texture,"[""unused-device-resources-0x10ee34000""]",81,2,204,64,64,1,1,1,1,FF15F7D33B0C3252,0,Shared,4096,recorded_allocated_size,2,2,79346273375,Earlier,0.00390625,0,False,False,False
0x16b4c4c80,T_0_P_Building_231_0_A4_C2_SPM,Texture,"[""unused-device-resources-0x10ee34000""]",81,2,204,64,64,1,1,1,1,1B856114A45DEC5D,0,Shared,4096,recorded_allocated_size,2,2,79346317375,Earlier,0.00390625,0,False,False,False
0x16b4c5180,T_0_P_Building_233_0_A4_C2_SPM,Texture,"[""unused-device-resources-0x10ee34000""]",81,2,204,64,64,1,1,1,1,79740872265D0389,0,Shared,4096,recorded_allocated_size,2,2,18446744073709551615,Never,0.00390625,0,False,False,False
0x16b4c7980,T_1_P_Building_211_0_A4_C2_SPM,Texture,"[""unused-device-resources-0x10ee34000""]",81,2,204,64,64,1,1,1,1,CEE706035CCD9932,0,Shared,4096,recorded_allocated_size,2,2,79345965375,Earlier,0.00390625,0,False,False,False
0x16b4dc500,T_1_P_Building_229_0_A4_C2_SPM,Texture,"[""unused-device-resources-0x10ee34000""]",81,2,204,64,64,1,1,1,1,9E8DF0B26BD36F06,0,Shared,4096,recorded_allocated_size,2,2,79346273375,Earlier,0.00390625,0,False,False,False
0x16b4dcc80,T_1_P_Building_231_0_A4_C2_SPM,Texture,"[""unused-device-resources-0x10ee34000""]",81,2,204,64,64,1,1,1,1,E5F62E36DCF99AF2,0,Shared,4096,recorded_allocated_size,2,2,79346317375,Earlier,0.00390625,0,False,False,False
0x16b4de300,T_1_P_Building_233_0_A4_C2_SPM,Texture,"[""unused-device-resources-0x10ee34000""]",81,2,204,64,64,1,1,1,1,BE8EB114E6651876,0,Shared,4096,recorded_allocated_size,2,2,18446744073709551615,Never,0.00390625,0,False,False,False
0x15bc7d900,tips_pic_n_hero_03,Texture,"[""unused-device-resources-0x10ee34000""]",81,2,208,144,42,1,1,1,1,2B03D9C86C34CC68,0,Shared,4096,recorded_allocated_size,2,2,18446744073709551615,Never,0.00390625,0,False,False,False
0x13b006580,clear,Texture,"[""unused-device-resources-0x10ee34000""]",81,2,190,64,64,1,1,1,1,DD0AB0668024695B,0,Shared,4096,recorded_allocated_size,2,2,18446744073709551615,Never,0.00390625,0,False,False,False
0x1764bf200,T_FX_UI_Pattern_52,Texture,"[""unused-device-resources-0x10ee34000""]",81,2,218,128,128,1,1,1,1,C0A09018C0ADCB8D,0,Shared,4096,recorded_allocated_size,2,2,18446744073709551615,Never,0.00390625,0,False,False,False
0x13b007700,info,Texture,"[""unused-device-resources-0x10ee34000""]",81,2,190,64,64,1,1,1,1,EE26713C72956BC7,0,Shared,4096,recorded_allocated_size,2,2,18446744073709551615,Never,0.00390625,0,False,False,False
0x13b007c00,user,Texture,"[""unused-device-resources-0x10ee34000""]",81,2,190,64,64,1,1,1,1,7B9B5B9DA2E03E6,0,Shared,4096,recorded_allocated_size,2,2,18446744073709551615,Never,0.00390625,0,False,False,False
0x10c3f0780,clearOnSceneLoaded,Texture,"[""unused-device-resources-0x10ee34000""]",81,2,190,64,64,1,1,1,1,C2CE626B5C5C453E,0,Shared,4096,recorded_allocated_size,2,2,18446744073709551615,Never,0.00390625,0,False,False,False
0x10c3f1e00,collapse,Texture,"[""unused-device-resources-0x10ee34000""]",81,2,190,64,64,1,1,1,1,750F3E78A80455BF,0,Shared,4096,recorded_allocated_size,2,2,18446744073709551615,Never,0.00390625,0,False,False,False
0x138daa080,software,Texture,"[""unused-device-resources-0x10ee34000""]",81,2,190,64,64,1,1,1,1,DA0A87A3434A2775,0,Shared,4096,recorded_allocated_size,2,2,18446744073709551615,Never,0.00390625,0,False,False,False
0x138daaa80,buildFrom,Texture,"[""unused-device-resources-0x10ee34000""]",81,2,190,64,53,1,1,1,1,8B5B17443107D7A3,0,Shared,4096,recorded_allocated_size,2,2,18446744073709551615,Never,0.00390625,0,False,False,False
0x143674000,fps,Texture,"[""unused-device-resources-0x10ee34000""]",81,2,190,64,64,1,1,1,1,BD5CAFD6E5ABC132,0,Shared,4096,recorded_allocated_size,2,2,18446744073709551615,Never,0.00390625,0,False,False,False
0x143674280,graphicCard,Texture,"[""unused-device-resources-0x10ee34000""]",81,2,190,64,64,1,1,1,1,2E877E02C3683328,0,Shared,4096,recorded_allocated_size,2,2,18446744073709551615,Never,0.00390625,0,False,False,False
0x143674500,back,Texture,"[""unused-device-resources-0x10ee34000""]",81,2,190,64,64,1,1,1,1,D81BBE6496EFA5FC,0,Shared,4096,recorded_allocated_size,2,2,18446744073709551615,Never,0.00390625,0,False,False,False
0x143674a00,close,Texture,"[""unused-device-resources-0x10ee34000""]",81,2,190,64,64,1,1,1,1,A230653CD5BFC6B7,0,Shared,4096,recorded_allocated_size,2,2,18446744073709551615,Never,0.00390625,0,False,False,False
0x143674c80,search,Texture,"[""unused-device-resources-0x10ee34000""]",81,2,190,64,64,1,1,1,1,B3F900154F904B21,0,Shared,4096,recorded_allocated_size,2,2,18446744073709551615,Never,0.00390625,0,False,False,False
0x143675400,ComputerIcon,Texture,"[""unused-device-resources-0x10ee34000""]",81,2,190,64,53,1,1,1,1,99D093925CFF0114,0,Shared,4096,recorded_allocated_size,2,2,18446744073709551615,Never,0.00390625,0,False,False,False
0x143675900,memory,Texture,"[""unused-device-resources-0x10ee34000""]",81,2,190,64,64,1,1,1,1,1B58671DBC7AFB76,0,Shared,4096,recorded_allocated_size,2,2,18446744073709551615,Never,0.00390625,0,False,False,False
0x143675e00,UnityIcon,Texture,"[""unused-device-resources-0x10ee34000""]",81,2,190,64,64,1,1,1,1,DF9BBDCF93DC35C3,0,Shared,4096,recorded_allocated_size,2,2,18446744073709551615,Never,0.00390625,0,False,False,False
0x16accf000,SM_NC_PROPSGROUP01_A0_LOD02,Buffer,"[""device-resources-0x10ee34000""]",,,,,,,,,,,,,4074,requested_buffer_length,2,3,0,Now,0.0038852691650390625,0,False,True,True
0x15bfe3d80,SM_CityWater_07,Buffer,"[""device-resources-0x10ee34000""]",,,,,,,,,,,,,4056,requested_buffer_length,2,3,0,Now,0.00386810302734375,0,False,True,True
0x143672100,,Buffer,"[""unused-device-resources-0x10ee34000""]",,,,,,,,,,,,,4000,requested_buffer_length,2,3,34497375,Earlier,0.003814697265625,0,False,False,False
0x17407f300,,Buffer,"[""unused-device-resources-0x10ee34000""]",,,,,,,,,,,,,4000,requested_buffer_length,2,3,1130708,Earlier,0.003814697265625,0,False,False,False
0x17407d080,,Buffer,"[""capture""]",,,,,,,,,,,,,4000,requested_buffer_length,,,,,0.003814697265625,0,False,True,False
0x16acdcf00,SM_CN_CENTERPORPS01_A3_LOD00,Buffer,"[""device-resources-0x10ee34000""]",,,,,,,,,,,,,3996,requested_buffer_length,2,3,0,Now,0.003810882568359375,0,False,True,True
0x1694b8480,SM_GrassReed_01,Buffer,"[""device-resources-0x10ee34000""]",,,,,,,,,,,,,3960,requested_buffer_length,2,3,0,Now,0.00377655029296875,0,False,True,True
0x16aed3c00,SM_WRE_NC_GOLDB_L05_LOD02,Buffer,"[""unused-device-resources-0x10ee34000""]",,,,,,,,,,,,,3948,requested_buffer_length,2,3,77518485375,Earlier,0.003765106201171875,0,False,False,False
0x17b23a280,SM_NC_PROPS05B_A0_LOD01,Buffer,"[""unused-device-resources-0x10ee34000""]",,,,,,,,,,,,,3924,requested_buffer_length,2,3,90967621375,Earlier,0.003742218017578125,0,False,False,False
0x1740e5080,SM_CN_MTPROPS03_A3_LOD02,Buffer,"[""unused-device-resources-0x10ee34000""]",,,,,,,,,,,,,3864,requested_buffer_length,2,3,90967204041,Earlier,0.00368499755859375,0,False,False,False
0x17b238600,SM_CN_CASTLE04_A4_LOD02,Buffer,"[""unused-device-resources-0x10ee34000""]",,,,,,,,,,,,,3852,requested_buffer_length,2,3,90967430708,Earlier,0.003673553466796875,0,False,False,False
0x176510900,SM_NC_PROPSGROUP03A_A0_LOD01,Buffer,"[""unused-device-resources-0x10ee34000""]",,,,,,,,,,,,,3834,requested_buffer_length,2,3,90967033375,Earlier,0.0036563873291015625,0,False,False,False
0x176513a80,M_BN_CN_FAT1_O_LD01_A,Buffer,"[""unused-device-resources-0x10ee34000""]",,,,,,,,,,,,,3780,requested_buffer_length,2,3,90966768041,Earlier,0.003604888916015625,0,False,False,False
0x176512e80,M_BN_CN_FFARMER1_O_LD01_A,Buffer,"[""unused-device-resources-0x10ee34000""]",,,,,,,,,,,,,3780,requested_buffer_length,2,3,90966734708,Earlier,0.003604888916015625,0,False,False,False
0x1722d3a80,M_BN_CN_MFARMER1_O_LD01_A,Buffer,"[""unused-device-resources-0x10ee34000""]",,,,,,,,,,,,,3780,requested_buffer_length,2,3,90966644041,Earlier,0.003604888916015625,0,False,False,False
0x16ae87600,SM_CN_CASTLE04_A4_LOD03,Buffer,"[""unused-device-resources-0x10ee34000""]",,,,,,,,,,,,,3780,requested_buffer_length,2,3,77517680041,Earlier,0.003604888916015625,0,False,False,False
0x1740e4c00,SM_NC_PROPS04_A0_LOD01,Buffer,"[""unused-device-resources-0x10ee34000""]",,,,,,,,,,,,,3776,requested_buffer_length,2,3,90967288041,Earlier,0.00360107421875,0,False,False,False
0x15bfe2880,SM_Rock_07,Buffer,"[""device-resources-0x10ee34000""]",,,,,,,,,,,,,3732,requested_buffer_length,2,3,0,Now,0.003559112548828125,0,False,True,True
0x1694b8900,SM_ChinaCityTree_02,Buffer,"[""device-resources-0x10ee34000""]",,,,,,,,,,,,,3696,requested_buffer_length,2,3,0,Now,0.0035247802734375,0,False,True,True
0x16ae84600,M_BN_CN_FAT1_O_LD02_A,Buffer,"[""device-resources-0x10ee34000""]",,,,,,,,,,,,,3660,requested_buffer_length,2,3,0,Now,0.003490447998046875,0,False,True,True
0x16ae85200,M_BN_CN_FFARMER1_O_LD02_A,Buffer,"[""device-resources-0x10ee34000""]",,,,,,,,,,,,,3660,requested_buffer_length,2,3,0,Now,0.003490447998046875,0,False,True,True
0x16b55fc00,M_BN_CN_MFARMER1_O_LD02_A,Buffer,"[""device-resources-0x10ee34000""]",,,,,,,,,,,,,3660,requested_buffer_length,2,3,0,Now,0.003490447998046875,0,False,True,True
0x16acc4600,M_BN_FR_GIRL1_LD02_A,Buffer,"[""unused-device-resources-0x10ee34000""]",,,,,,,,,,,,,3648,requested_buffer_length,2,3,77485820041,Earlier,0.00347900390625,0,False,False,False
0x1687d0900,SM_FR_WHARF03_A4_LOD01,Buffer,"[""unused-device-resources-0x10ee34000""]",,,,,,,,,,,,,3648,requested_buffer_length,2,3,90967706708,Earlier,0.00347900390625,0,False,False,False
0x117944480,SM_NC_PROPS11D_A0_LOD01,Buffer,"[""unused-device-resources-0x10ee34000""]",,,,,,,,,,,,,3648,requested_buffer_length,2,3,90967644041,Earlier,0.00347900390625,0,False,False,False
0x15bfe3a80,M_BN_FR_GIRL1_LD01_A,Buffer,"[""unused-device-resources-0x10ee34000""]",,,,,,,,,,,,,3648,requested_buffer_length,2,3,90966624041,Earlier,0.00347900390625,0,False,False,False
0x17406b780,M_BN_FR_GIRL1_LD03_A,Buffer,"[""unused-device-resources-0x10ee34000""]",,,,,,,,,,,,,3648,requested_buffer_length,2,3,77483552041,Earlier,0.00347900390625,0,False,False,False
0x174068c00,M_BN_CN_FAT1_O_LD03_A,Buffer,"[""device-resources-0x10ee34000""]",,,,,,,,,,,,,3612,requested_buffer_length,2,3,0,Now,0.003444671630859375,0,False,True,True
0x174069500,M_BN_CN_FFARMER1_O_LD03_A,Buffer,"[""device-resources-0x10ee34000""]",,,,,,,,,,,,,3612,requested_buffer_length,2,3,0,Now,0.003444671630859375,0,False,True,True
0x17406b180,M_BN_CN_MFARMER1_O_LD03_A,Buffer,"[""device-resources-0x10ee34000""]",,,,,,,,,,,,,3612,requested_buffer_length,2,3,0,Now,0.003444671630859375,0,False,True,True
0x16acdc480,M_BChnC_01_LOD2_A,Buffer,"[""device-resources-0x10ee34000""]",,,,,,,,,,,,,3606,requested_buffer_length,2,3,0,Now,0.0034389495849609375,0,False,True,True
0x17b345800,SM_CN_PROPS04_A3_LOD03,Buffer,"[""device-resources-0x10ee34000""]",,,,,,,,,,,,,3584,requested_buffer_length,2,3,0,Now,0.00341796875,0,False,True,True
0x1740be400,,RenderPipeline,"[""unused-device-resources-0x10ee34000""]",,,,,,,,,,,,,3578,recorded_allocated_size,,,,,0.0034122467041015625,0,False,False,False
0x1764f8300,SM_MountHuangB_02_City_LOD3,Buffer,"[""device-resources-0x10ee34000""]",,,,,,,,,,,,,3522,requested_buffer_length,2,3,0,Now,0.0033588409423828125,0,False,True,True
0x15bfe2b80,SM_Rock_13,Buffer,"[""device-resources-0x10ee34000""]",,,,,,,,,,,,,3516,requested_buffer_length,2,3,0,Now,0.003353118896484375,0,False,True,True
0x16ae85f80,SM_CN_CASTLE07_A4_LOD03,Buffer,"[""unused-device-resources-0x10ee34000""]",,,,,,,,,,,,,3468,requested_buffer_length,2,3,77517664041,Earlier,0.003307342529296875,0,False,False,False
0x16ae86b80,SM_CN_CASTLE06_A4_LOD03,Buffer,"[""unused-device-resources-0x10ee34000""]",,,,,,,,,,,,,3468,requested_buffer_length,2,3,79006294708,Earlier,0.003307342529296875,0,False,False,False
0x16aed1200,SM_FR_WHARF03_A4_LOD02,Buffer,"[""unused-device-resources-0x10ee34000""]",,,,,,,,,,,,,3392,requested_buffer_length,2,3,77517926708,Earlier,0.00323486328125,0,False,False,False
0x169643780,SM_NC_FARMLANDCASTLEWHEAT3_A3_LOD02,Buffer,"[""unused-device-resources-0x10ee34000""]",,,,,,,,,,,,,3348,requested_buffer_length,2,3,77452962708,Earlier,0.003192901611328125,0,False,False,False
0x1764f9080,SM_CN_GOLDMINE_A4_LOD04,Buffer,"[""device-resources-0x10ee34000""]",,,,,,,,,,,,,3318,requested_buffer_length,2,3,0,Now,0.0031642913818359375,0,False,True,True
0x17645cd80,SM_CN_IRONMINE_A4_LOD04,Buffer,"[""device-resources-0x10ee34000""]",,,,,,,,,,,,,3318,requested_buffer_length,2,3,0,Now,0.0031642913818359375,0,False,True,True
0x16accf600,SM_NC_PROPS05B_A0_LOD02,Buffer,"[""device-resources-0x10ee34000""]",,,,,,,,,,,,,3312,requested_buffer_length,2,3,0,Now,0.0031585693359375,0,False,True,True
0x1690f7780,SM_Rock_15,Buffer,"[""device-resources-0x10ee34000""]",,,,,,,,,,,,,3288,requested_buffer_length,2,3,0,Now,0.00313568115234375,0,False,True,True
0x17b346b80,M_BChnC_01_LOD3_A,Buffer,"[""device-resources-0x10ee34000""]",,,,,,,,,,,,,3270,requested_buffer_length,2,3,0,Now,0.0031185150146484375,0,False,True,True
0x16acc4300,SM_FlagChinaFeudal_006_MorphUV2_MorphExport,Buffer,"[""device-resources-0x10ee34000""]",,,,,,,,,,,,,3264,requested_buffer_length,2,3,0,Now,0.00311279296875,0,False,True,True
0x1764fee80,,Buffer,"[""device-resources-0x10ee34000""]",,,,,,,,,,,,,3248,requested_buffer_length,2,3,0,Now,0.0030975341796875,0,False,True,True
0x176522a00,SM_CN_PROPS01_A4_LOD03,Buffer,"[""device-resources-0x10ee34000""]",,,,,,,,,,,,,3246,requested_buffer_length,2,3,0,Now,0.0030956268310546875,0,False,True,True
0x17b346e80,M_FR_WHARF_A4_LD03_A,Buffer,"[""device-resources-0x10ee34000""]",,,,,,,,,,,,,3204,requested_buffer_length,2,3,0,Now,0.003055572509765625,0,False,True,True
0x176523300,shape_partten,Buffer,"[""unused-device-resources-0x10ee34000""]",,,,,,,,,,,,,3168,requested_buffer_length,2,3,18446744073709551615,Never,0.003021240234375,0,False,False,False
0x1722d2d00,shape_partten,Buffer,"[""unused-device-resources-0x10ee34000""]",,,,,,,,,,,,,3168,requested_buffer_length,2,3,18446744073709551615,Never,0.003021240234375,0,False,False,False
0x16acce700,SM_CN_HEROSHRINE02_A3_LOD03,Buffer,"[""unused-device-resources-0x10ee34000""]",,,,,,,,,,,,,3144,requested_buffer_length,2,3,77517612041,Earlier,0.00299835205078125,0,False,False,False
0x16acef000,SM_FR_WEAPONRACK_A3_LOD02,Buffer,"[""device-resources-0x10ee34000""]",,,,,,,,,,,,,3136,requested_buffer_length,2,3,0,Now,0.00299072265625,0,False,True,True
0x17407e100,SM_StonemineB_Lv2_LOD1,Buffer,"[""unused-device-resources-0x10ee34000""]",,,,,,,,,,,,,3132,requested_buffer_length,2,3,90968333375,Earlier,0.002986907958984375,0,False,False,False
0x16acdd380,M_CN_CENTER_A3_O_LD00_A,Buffer,"[""device-resources-0x10ee34000""]",,,,,,,,,,,,,3126,requested_buffer_length,2,3,0,Now,0.0029811859130859375,0,False,True,True
0x17b239500,SM_NC_PROPS11C_A0_LOD01,Buffer,"[""unused-device-resources-0x10ee34000""]",,,,,,,,,,,,,3072,requested_buffer_length,2,3,90967388041,Earlier,0.0029296875,0,False,False,False
0x16aed2b80,Cylinder002,Buffer,"[""unused-device-resources-0x10ee34000""]",,,,,,,,,,,,,3072,requested_buffer_length,2,3,18446744073709551615,Never,0.0029296875,0,False,False,False
0x1690f4f00,Plane001_UV,Buffer,"[""unused-device-resources-0x10ee34000""]",,,,,,,,,,,,,2976,requested_buffer_length,2,3,18446744073709551615,Never,0.002838134765625,0,False,False,False
0x1694ba580,SM_BarChiC_Flag001_MEx,Buffer,"[""device-resources-0x10ee34000""]",,,,,,,,,,,,,2928,requested_buffer_length,2,3,0,Now,0.0027923583984375,0,False,True,True
0x1694bba80,SM_ArcChiC_Flag001_MEx,Buffer,"[""device-resources-0x10ee34000""]",,,,,,,,,,,,,2928,requested_buffer_length,2,3,0,Now,0.0027923583984375,0,False,True,True
0x169640c00,SM_SpearBarrackChinaCastle_Flag001_MorphUV2_MorphExport,Buffer,"[""device-resources-0x10ee34000""]",,,,,,,,,,,,,2928,requested_buffer_length,2,3,0,Now,0.0027923583984375,0,False,True,True
0x169642400,SM_HallOfWarChinaCastle_Flag001_MorphUV2_MorphExport,Buffer,"[""device-resources-0x10ee34000""]",,,,,,,,,,,,,2928,requested_buffer_length,2,3,0,Now,0.0027923583984375,0,False,True,True
0x169735680,SM_StableChinaCastle_Flag001_MorphUV2_MorphExport,Buffer,"[""device-resources-0x10ee34000""]",,,,,,,,,,,,,2928,requested_buffer_length,2,3,0,Now,0.0027923583984375,0,False,True,True
0x1694bb180,SM_CN_HOUSE01_A4_LOD03,Buffer,"[""unused-device-resources-0x10ee34000""]",,,,,,,,,,,,,2928,requested_buffer_length,2,3,77518250708,Earlier,0.0027923583984375,0,False,False,False
0x17b239980,SM_CN_WALL01_A4_LOD02,Buffer,"[""unused-device-resources-0x10ee34000""]",,,,,,,,,,,,,2916,requested_buffer_length,2,3,90967600041,Earlier,0.002780914306640625,0,False,False,False
0x16ae87480,SM_CN_CASTLE02_A4_LOD03,Buffer,"[""unused-device-resources-0x10ee34000""]",,,,,,,,,,,,,2916,requested_buffer_length,2,3,77485245375,Earlier,0.002780914306640625,0,False,False,False
0x16b55d800,SM_CN_HEROSHRINE02_A3_LOD04,Buffer,"[""unused-device-resources-0x10ee34000""]",,,,,,,,,,,,,2880,requested_buffer_length,2,3,18446744073709551615,Never,0.00274658203125,0,False,False,False
0x16b55e280,Plane002,Buffer,"[""unused-device-resources-0x10ee34000""]",,,,,,,,,,,,,2880,requested_buffer_length,2,3,18446744073709551615,Never,0.00274658203125,0,False,False,False
0x16acde100,Plane001,Buffer,"[""unused-device-resources-0x10ee34000""]",,,,,,,,,,,,,2860,requested_buffer_length,2,3,18446744073709551615,Never,0.002727508544921875,0,False,False,False
0x1686cc000,,RenderPipeline,"[""unused-device-resources-0x10ee34000""]",,,,,,,,,,,,,2840,recorded_allocated_size,,,,,0.00270843505859375,0,False,False,False
0x174341800,,RenderPipeline,"[""device-resources-0x10ee34000""]",,,,,,,,,,,,,2828,recorded_allocated_size,,,,,0.002696990966796875,0,False,False,True
0x16acdd980,SM_CN_MTPROPS03_A3_LOD03,Buffer,"[""unused-device-resources-0x10ee34000""]",,,,,,,,,,,,,2802,requested_buffer_length,2,3,77517500041,Earlier,0.0026721954345703125,0,False,False,False
0x1722d2b80,M_BH_SALADIN_LD01_A,Buffer,"[""unused-device-resources-0x10ee34000""]",,,,,,,,,,,,,2778,requested_buffer_length,2,3,90966702708,Earlier,0.0026493072509765625,0,False,False,False
0x1686ce400,,RenderPipeline,"[""unused-device-resources-0x10ee34000""]",,,,,,,,,,,,,2716,recorded_allocated_size,,,,,0.002590179443359375,0,False,False,False
0x16aed2700,M_BN_FR_HAWKER1_LD01_A,Buffer,"[""unused-device-resources-0x10ee34000""]",,,,,,,,,,,,,2712,requested_buffer_length,2,3,90966605375,Earlier,0.00258636474609375,0,False,False,False
0x17435f000,,RenderPipeline,"[""device-resources-0x10ee34000""]",,,,,,,,,,,,,2704,recorded_allocated_size,,,,,0.0025787353515625,0,False,False,True
0x15bfe3480,M_BN_FR_BUSINESS1_LD01_A,Buffer,"[""unused-device-resources-0x10ee34000""]",,,,,,,,,,,,,2700,requested_buffer_length,2,3,90966614708,Earlier,0.002574920654296875,0,False,False,False
0x15bfe3000,SM_CityWater_04,Buffer,"[""unused-device-resources-0x10ee34000""]",,,,,,,,,,,,,2684,requested_buffer_length,2,3,89067762708,Earlier,0.002559661865234375,0,False,False,False
0x17b23a700,SM_CN_WALL03_A4_LOD02,Buffer,"[""unused-device-resources-0x10ee34000""]",,,,,,,,,,,,,2676,requested_buffer_length,2,3,90967576041,Earlier,0.002552032470703125,0,False,False,False
0x176520480,SM_CN_CASTLE04_A4_LOD04,Buffer,"[""device-resources-0x10ee34000""]",,,,,,,,,,,,,2628,requested_buffer_length,2,3,0,Now,0.002506256103515625,0,False,True,True
0x1690f7000,st_pubukou02,Buffer,"[""unused-device-resources-0x10ee34000""]",,,,,,,,,,,,,2600,requested_buffer_length,2,3,89005234708,Earlier,0.00247955322265625,0,False,False,False
0x1690f7300,st_pubukou003,Buffer,"[""unused-device-resources-0x10ee34000""]",,,,,,,,,,,,,2600,requested_buffer_length,2,3,18446744073709551615,Never,0.00247955322265625,0,False,False,False
0x16acef600,SM_FR_WEAPONRACK02_A3_LOD02,Buffer,"[""device-resources-0x10ee34000""]",,,,,,,,,,,,,2592,requested_buffer_length,2,3,0,Now,0.002471923828125,0,False,True,True
0x17b23b000,SM_NC_PROPS11B_A0_LOD01,Buffer,"[""unused-device-resources-0x10ee34000""]",,,,,,,,,,,,,2592,requested_buffer_length,2,3,90967376041,Earlier,0.002471923828125,0,False,False,False
0x16acdcd80,SM_CN_BRIDGE04_A2_LOD03,Buffer,"[""unused-device-resources-0x10ee34000""]",,,,,,,,,,,,,2580,requested_buffer_length,2,3,77517477375,Earlier,0.002460479736328125,0,False,False,False
0x1690e2d00,T_FoamRamp_2_C,Texture,"[""device-resources-0x10ee34000""]",81,2,71,256,1,1,9,1,1,AC339E533E2336CB,0,Shared,2560,recorded_allocated_size,2,2,0,Now,0.00244140625,2,False,True,True
0x176523c00,SM_CN_CASTLE03_A4_LOD04,Buffer,"[""device-resources-0x10ee34000""]",,,,,,,,,,,,,2556,requested_buffer_length,2,3,0,Now,0.002437591552734375,0,False,True,True
0x16b55e580,SM_FX_GlowOffset_02,Buffer,"[""unused-device-resources-0x10ee34000""]",,,,,,,,,,,,,2544,requested_buffer_length,2,3,18446744073709551615,Never,0.0024261474609375,0,False,False,False
0x16aed0180,SM_NC_WHARF01_A2_LOD03,Buffer,"[""unused-device-resources-0x10ee34000""]",,,,,,,,,,,,,2544,requested_buffer_length,2,3,79006398708,Earlier,0.0024261474609375,0,False,False,False
0x176512a00,M_BN_CN_FFARMER1_LD01_A,Buffer,"[""unused-device-resources-0x10ee34000""]",,,,,,,,,,,,,2532,requested_buffer_length,2,3,90966745375,Earlier,0.002414703369140625,0,False,False,False
0x1722d3d80,M_BN_CN_MFARMER1_LD01_A,Buffer,"[""unused-device-resources-0x10ee34000""]",,,,,,,,,,,,,2532,requested_buffer_length,2,3,90966634708,Earlier,0.002414703369140625,0,False,False,False
0x1722d2700,M_BM_H_BODY_L1_LD01_A,Buffer,"[""unused-device-resources-0x10ee34000""]",,,,,,,,,,,,,2520,requested_buffer_length,2,3,90966654708,Earlier,0.00240325927734375,0,False,False,False
0x16aed3300,M_BS_CN_PKEMN_L2_LD01_A,Buffer,"[""unused-device-resources-0x10ee34000""]",,,,,,,,,,,,,2508,requested_buffer_length,2,3,90966594708,Earlier,0.002391815185546875,0,False,False,False
0x176511500,M_BA_HORSE1_LD01_A,Buffer,"[""unused-device-resources-0x10ee34000""]",,,,,,,,,,,,,2502,requested_buffer_length,2,3,90966848041,Earlier,0.0023860931396484375,0,False,False,False
0x15bfe2e80,SM_Rock_16,Buffer,"[""device-resources-0x10ee34000""]",,,,,,,,,,,,,2496,requested_buffer_length,2,3,0,Now,0.00238037109375,0,False,True,True
0x16acef180,SM_FR_BARRACKTARGET_A3_LOD01,Buffer,"[""device-resources-0x10ee34000""]",,,,,,,,,,,,,2496,requested_buffer_length,2,3,0,Now,0.00238037109375,0,False,True,True
0x176512700,M_BN_CN_FEMALE1_LD01_A,Buffer,"[""unused-device-resources-0x10ee34000""]",,,,,,,,,,,,,2496,requested_buffer_length,2,3,90966756041,Earlier,0.00238037109375,0,False,False,False
0x176513d80,M_BN_CN_FAT1_LD01_A,Buffer,"[""unused-device-resources-0x10ee34000""]",,,,,,,,,,,,,2484,requested_buffer_length,2,3,90966780041,Earlier,0.002368927001953125,0,False,False,False
0x1694b8d80,SM_ChinaCityTree_03_LOD1,Buffer,"[""device-resources-0x10ee34000""]",,,,,,,,,,,,,2460,requested_buffer_length,2,3,0,Now,0.002346038818359375,0,False,True,True
0x1722d3480,M_BS_CN_SCBAL_L3_LD01_A,Buffer,"[""unused-device-resources-0x10ee34000""]",,,,,,,,,,,,,2460,requested_buffer_length,2,3,90966682708,Earlier,0.002346038818359375,0,False,False,False
0x1694b9800,SM_GrasslandCircular_B_LOD0,Buffer,"[""device-resources-0x10ee34000""]",,,,,,,,,,,,,2448,requested_buffer_length,2,3,0,Now,0.0023345947265625,0,False,True,True
0x16acee280,SM_CN_CASTLE12_A3_LOD03,Buffer,"[""unused-device-resources-0x10ee34000""]",,,,,,,,,,,,,2448,requested_buffer_length,2,3,77485346708,Earlier,0.0023345947265625,0,False,False,False
0x176511e00,M_BS_CN_CHANG_L3_LD01_A,Buffer,"[""unused-device-resources-0x10ee34000""]",,,,,,,,,,,,,2436,requested_buffer_length,2,3,90966809375,Earlier,0.002323150634765625,0,False,False,False
0x16acec480,SM_NC_PROPS11D_A0_LOD02,Buffer,"[""device-resources-0x10ee34000""]",,,,,,,,,,,,,2432,requested_buffer_length,2,3,0,Now,0.0023193359375,0,False,True,True
0x16aceca80,SM_NC_PROPS11C_A0_LOD02,Buffer,"[""device-resources-0x10ee34000""]",,,,,,,,,,,,,2432,requested_buffer_length,2,3,0,Now,0.0023193359375,0,False,True,True
0x1722d3780,M_BS_CN_PALDN_L2_LD01_A,Buffer,"[""unused-device-resources-0x10ee34000""]",,,,,,,,,,,,,2424,requested_buffer_length,2,3,90966673375,Earlier,0.00231170654296875,0,False,False,False
0x143671080,M_BH_BOUDICA_LD01_A,Buffer,"[""unused-device-resources-0x10ee34000""]",,,,,,,,,,,,,2418,requested_buffer_length,2,3,90966584041,Earlier,0.0023059844970703125,0,False,False,False
0x176513480,M_BN_CN_THIN1_LD01_A,Buffer,"[""unused-device-resources-0x10ee34000""]",,,,,,,,,,,,,2412,requested_buffer_length,2,3,90966724041,Earlier,0.002300262451171875,0,False,False,False
0x176512400,M_BS_CN_PALDN_L3_LD01_A,Buffer,"[""unused-device-resources-0x10ee34000""]",,,,,,,,,,,,,2400,requested_buffer_length,2,3,90966792041,Earlier,0.002288818359375,0,False,False,False
0x16aced800,SM_Props10_b001_MorphUV2_MorphExport,Buffer,"[""unused-device-resources-0x10ee34000""]",,,,,,,,,,,,,2400,requested_buffer_length,2,3,77452889375,Earlier,0.002288818359375,0,False,False,False
0x1690f5500,st_Plane01,Buffer,"[""unused-device-resources-0x10ee34000""]",,,,,,,,,,,,,2400,requested_buffer_length,2,3,18446744073709551615,Never,0.002288818359375,0,False,False,False
0x176511800,M_BS_CN_PKEMN_L3_LD01_A,Buffer,"[""unused-device-resources-0x10ee34000""]",,,,,,,,,,,,,2388,requested_buffer_length,2,3,90966830708,Earlier,0.002277374267578125,0,False,False,False
0x1686e7000,,RenderPipeline,"[""unused-device-resources-0x10ee34000""]",,,,,,,,,,,,,2372,recorded_allocated_size,,,,,0.002262115478515625,0,False,False,False
0x1743ee400,,RenderPipeline,"[""device-resources-0x10ee34000""]",,,,,,,,,,,,,2360,recorded_allocated_size,,,,,0.00225067138671875,0,False,False,True
0x1690f4000,SM_pebbles_group_01,Buffer,"[""device-resources-0x10ee34000""]",,,,,,,,,,,,,2340,requested_buffer_length,2,3,0,Now,0.002231597900390625,0,False,True,True
0x176520c00,SM_CN_CASTLE06_A4_LOD04,Buffer,"[""device-resources-0x10ee34000""]",,,,,,,,,,,,,2340,requested_buffer_length,2,3,0,Now,0.002231597900390625,0,False,True,True
0x1722d1980,M_BS_CN_PALDN_L2_H_LD01_A,Buffer,"[""unused-device-resources-0x10ee34000""]",,,,,,,,,,,,,2328,requested_buffer_length,2,3,90966664041,Earlier,0.00222015380859375,0,False,False,False
0x16852c000,,RenderPipeline,"[""device-resources-0x10ee34000""]",,,,,,,,,,,,,2326,recorded_allocated_size,,,,,0.0022182464599609375,0,False,False,True
0x1686f4000,,RenderPipeline,"[""unused-device-resources-0x10ee34000""]",,,,,,,,,,,,,2326,recorded_allocated_size,,,,,0.0022182464599609375,0,False,False,False
0x176513780,M_BH_JUSTINIAN_LD01_A,Buffer,"[""unused-device-resources-0x10ee34000""]",,,,,,,,,,,,,2316,requested_buffer_length,2,3,90966713375,Earlier,0.002208709716796875,0,False,False,False
0x16acc5500,SM_NC_PROPS03_A3_LOD02,Buffer,"[""device-resources-0x10ee34000""]",,,,,,,,,,,,,2304,requested_buffer_length,2,3,0,Now,0.002197265625,0,False,True,True
0x17b23aa00,SM_NC_PROPS11A_A0_LOD01,Buffer,"[""unused-device-resources-0x10ee34000""]",,,,,,,,,,,,,2304,requested_buffer_length,2,3,90967366708,Earlier,0.002197265625,0,False,False,False
0x16ae85b00,SM_CN_CASTLE09_A4_LOD03,Buffer,"[""unused-device-resources-0x10ee34000""]",,,,,,,,,,,,,2304,requested_buffer_length,2,3,79006302708,Earlier,0.002197265625,0,False,False,False
0x176511b00,M_BS_CN_ARCHR_L3_LD01_A,Buffer,"[""unused-device-resources-0x10ee34000""]",,,,,,,,,,,,,2298,requested_buffer_length,2,3,90966820041,Earlier,0.0021915435791015625,0,False,False,False
0x1686db000,,RenderPipeline,"[""unused-device-resources-0x10ee34000""]",,,,,,,,,,,,,2292,recorded_allocated_size,,,,,0.002185821533203125,0,False,False,False
0x1686da400,,RenderPipeline,"[""unused-device-resources-0x10ee34000""]",,,,,,,,,,,,,2290,recorded_allocated_size,,,,,0.0021839141845703125,0,False,False,False
0x174397000,,RenderPipeline,"[""device-resources-0x10ee34000""]",,,,,,,,,,,,,2280,recorded_allocated_size,,,,,0.00217437744140625,0,False,False,True
0x1722d3180,M_BS_CN_ARCHR_L2_LD01_A,Buffer,"[""unused-device-resources-0x10ee34000""]",,,,,,,,,,,,,2280,requested_buffer_length,2,3,90966693375,Earlier,0.00217437744140625,0,False,False,False
0x174396400,,RenderPipeline,"[""device-resources-0x10ee34000""]",,,,,,,,,,,,,2278,recorded_allocated_size,,,,,0.0021724700927734375,0,False,False,True
0x1687d1500,SM_FR_WHARF07_A4_LOD01,Buffer,"[""unused-device-resources-0x10ee34000""]",,,,,,,,,,,,,2256,requested_buffer_length,2,3,90967772041,Earlier,0.0021514892578125,0,False,False,False
0x143670600,SM_NC_PROPSGROUP03A_A0_LOD02,Buffer,"[""device-resources-0x10ee34000""]",,,,,,,,,,,,,2226,requested_buffer_length,2,3,0,Now,0.0021228790283203125,0,False,True,True
0x1686cf000,,RenderPipeline,"[""unused-device-resources-0x10ee34000""]",,,,,,,,,,,,,2226,recorded_allocated_size,,,,,0.0021228790283203125,0,False,False,False
0x174378c00,,RenderPipeline,"[""device-resources-0x10ee34000""]",,,,,,,,,,,,,2216,recorded_allocated_size,,,,,0.00211334228515625,0,False,False,True
0x1686e5800,,RenderPipeline,"[""unused-device-resources-0x10ee34000""]",,,,,,,,,,,,,2210,recorded_allocated_size,,,,,0.0021076202392578125,0,False,False,False
0x16accf300,SM_NC_PROPS04_A0_LOD02,Buffer,"[""device-resources-0x10ee34000""]",,,,,,,,,,,,,2208,requested_buffer_length,2,3,0,Now,0.002105712890625,0,False,True,True
0x1743ab000,,RenderPipeline,"[""device-resources-0x10ee34000""]",,,,,,,,,,,,,2198,recorded_allocated_size,,,,,0.0020961761474609375,0,False,False,True
0x17b23b480,SM_NC_PROPS02_A3_LOD01,Buffer,"[""unused-device-resources-0x10ee34000""]",,,,,,,,,,,,,2184,requested_buffer_length,2,3,90967480041,Earlier,0.00208282470703125,0,False,False,False
0x176512100,M_BS_CN_PALDN_L3_H_LD01_A,Buffer,"[""unused-device-resources-0x10ee34000""]",,,,,,,,,,,,,2184,requested_buffer_length,2,3,90966800041,Earlier,0.00208282470703125,0,False,False,False
0x1436acc80,window on,Texture,"[""unused-device-resources-0x10ee34000""]",81,2,42,17,27,1,1,1,1,B10C9ED7D60916C8,0,Shared,2176,recorded_allocated_size,2,2,163512545375,Earlier,0.0020751953125,0,False,False,False
0x1436ad180,window,Texture,"[""unused-device-resources-0x10ee34000""]",81,2,42,17,27,1,1,1,1,921956023D3469B,0,Shared,2176,recorded_allocated_size,2,2,163512468041,Earlier,0.0020751953125,0,False,False,False
0x176520f00,SM_CN_CASTLE07_A4_LOD04,Buffer,"[""device-resources-0x10ee34000""]",,,,,,,,,,,,,2148,requested_buffer_length,2,3,0,Now,0.002048492431640625,0,False,True,True
0x17b239080,SM_NC_PROPS01_A3_LOD01,Buffer,"[""unused-device-resources-0x10ee34000""]",,,,,,,,,,,,,2136,requested_buffer_length,2,3,90967489375,Earlier,0.00203704833984375,0,False,False,False
0x1686c9800,,RenderPipeline,"[""unused-device-resources-0x10ee34000""]",,,,,,,,,,,,,2130,recorded_allocated_size,,,,,0.0020313262939453125,0,False,False,False
0x1740e5c80,SM_CN_PROPS05_A3_LOD01,Buffer,"[""unused-device-resources-0x10ee34000""]",,,,,,,,,,,,,2124,requested_buffer_length,2,3,90967101375,Earlier,0.002025604248046875,0,False,False,False
0x16acced00,SM_NC_PROPSGROUP05A_A0_LOD02,Buffer,"[""device-resources-0x10ee34000""]",,,,,,,,,,,,,2118,requested_buffer_length,2,3,0,Now,0.0020198822021484375,0,False,True,True
0x174325800,,RenderPipeline,"[""device-resources-0x10ee34000""]",,,,,,,,,,,,,2118,recorded_allocated_size,,,,,0.0020198822021484375,0,False,False,True
0x1686e4000,,RenderPipeline,"[""unused-device-resources-0x10ee34000""]",,,,,,,,,,,,,2092,recorded_allocated_size,,,,,0.001995086669921875,0,False,False,False
0x1686e4c00,,RenderPipeline,"[""unused-device-resources-0x10ee34000""]",,,,,,,,,,,,,2092,recorded_allocated_size,,,,,0.001995086669921875,0,False,False,False
0x1743a8c00,,RenderPipeline,"[""device-resources-0x10ee34000""]",,,,,,,,,,,,,2080,recorded_allocated_size,,,,,0.001983642578125,0,False,False,True
0x1743a9800,,RenderPipeline,"[""device-resources-0x10ee34000""]",,,,,,,,,,,,,2080,recorded_allocated_size,,,,,0.001983642578125,0,False,False,True
0x16acdf000,SM_CN_PROPS02_A3_LOD02,Buffer,"[""unused-device-resources-0x10ee34000""]",,,,,,,,,,,,,2076,requested_buffer_length,2,3,77517446708,Earlier,0.001979827880859375,0,False,False,False
0x1690e3200,T_FoamRamp_3_C,Texture,"[""device-resources-0x10ee34000""]",81,2,71,512,1,1,1,1,1,21AC6476E7B31E7B,0,Shared,2048,recorded_allocated_size,2,2,0,Now,0.001953125,1,False,True,True
0x16acd7200,N_PropsChina_AT_C,Texture,"[""device-resources-0x10ee34000""]",81,2,115,50,3,1,1,1,1,27D63E4BA1EA0532,0,Shared,2048,recorded_allocated_size,2,2,0,Now,0.001953125,0,False,False,True
0x174061900,Game_RT_64,Texture,"[""device-resources-0x10ee34000""]",81,2,92,30,14,1,1,1,1,D17B087F6444C213,0,Shared,2048,recorded_allocated_size,2,0,0,Now,0.001953125,1,True,True,True
0x1178d1e00,UnityGrayscaleRamp,Texture,"[""unused-device-resources-0x10ee34000""]",81,2,70,256,2,1,1,1,1,E0E3543F98EEA3B0,0,Shared,2048,recorded_allocated_size,2,2,168871596041,Earlier,0.001953125,0,False,False,False
0x1178d2300,UnityAttenuation,Texture,"[""unused-device-resources-0x10ee34000""]",81,2,20,1024,1,1,1,1,1,4F5941CA60449190,0,Shared,2048,recorded_allocated_size,2,2,168871538708,Earlier,0.001953125,0,False,False,False
0x1178d3700,UnityDitherMask3D,Texture,"[""unused-device-resources-0x10ee34000""]",81,7,1,4,4,16,1,1,1,FBFC225C39876660,0,Shared,2048,recorded_allocated_size,2,2,168871437375,Earlier,0.001953125,0,False,False,False
0x138da8500,bar_update_loading_01a_1,Texture,"[""unused-device-resources-0x10ee34000""]",81,2,70,24,12,1,1,1,1,82E9B23050001CA7,0,Shared,2048,recorded_allocated_size,2,2,163486570708,Earlier,0.001953125,0,False,False,False
0x138dab700,timer_1,Texture,"[""unused-device-resources-0x10ee34000""]",81,2,190,39,64,1,1,1,1,D496152B34C8C646,0,Shared,2048,recorded_allocated_size,2,2,18446744073709551615,Never,0.001953125,0,False,False,False
0x16ae86400,SM_CN_CASTLE05_A4_LOD03,Buffer,"[""unused-device-resources-0x10ee34000""]",,,,,,,,,,,,,2016,requested_buffer_length,2,3,77517673375,Earlier,0.001922607421875,0,False,False,False
0x16b550000,,RenderPipeline,"[""unused-device-resources-0x10ee34000""]",,,,,,,,,,,,,1996,recorded_allocated_size,,,,,0.001903533935546875,0,False,False,False
0x16aceee80,SM_FlagChinaFeudal_016_MorphUV2_MorphExport,Buffer,"[""unused-device-resources-0x10ee34000""]",,,,,,,,,,,,,1992,requested_buffer_length,2,3,77452882708,Earlier,0.00189971923828125,0,False,False,False
0x15bfe1c80,M_BA_FISHG1_LD03_A,Buffer,"[""device-resources-0x10ee34000""]",,,,,,,,,,,,,1980,requested_buffer_length,2,3,0,Now,0.001888275146484375,0,False,True,True
0x17b345680,SM_CN_BRIDGE04_A2_LOD04,Buffer,"[""device-resources-0x10ee34000""]",,,,,,,,,,,,,1980,requested_buffer_length,2,3,0,Now,0.001888275146484375,0,False,True,True
0x17407cf00,M_BA_FISHG1_LD01_A,Buffer,"[""unused-device-resources-0x10ee34000""]",,,,,,,,,,,,,1980,requested_buffer_length,2,3,76719608041,Earlier,0.001888275146484375,0,False,False,False
0x15bfe1f80,M_BA_FISHG1_LD02_A,Buffer,"[""unused-device-resources-0x10ee34000""]",,,,,,,,,,,,,1980,requested_buffer_length,2,3,77751477375,Earlier,0.001888275146484375,0,False,False,False
0x174343000,,RenderPipeline,"[""unused-device-resources-0x10ee34000""]",,,,,,,,,,,,,1974,recorded_allocated_size,,,,,0.0018825531005859375,0,False,False,False
0x1686d9800,,RenderPipeline,"[""unused-device-resources-0x10ee34000""]",,,,,,,,,,,,,1970,recorded_allocated_size,,,,,0.0018787384033203125,0,False,False,False
0x16acdc780,SM_FR_WHARF07_A4_LOD02,Buffer,"[""unused-device-resources-0x10ee34000""]",,,,,,,,,,,,,1968,requested_buffer_length,2,3,77517994708,Earlier,0.0018768310546875,0,False,False,False
0x174394c00,,RenderPipeline,"[""device-resources-0x10ee34000""]",,,,,,,,,,,,,1958,recorded_allocated_size,,,,,0.0018672943115234375,0,False,False,True
0x16acec780,SM_NC_PROPS11B_A0_LOD02,Buffer,"[""device-resources-0x10ee34000""]",,,,,,,,,,,,,1952,requested_buffer_length,2,3,0,Now,0.001861572265625,0,False,True,True
0x169734d80,SM_CN_LUMBER_A4_LOD03,Buffer,"[""unused-device-resources-0x10ee34000""]",,,,,,,,,,,,,1932,requested_buffer_length,2,3,77452957375,Earlier,0.001842498779296875,0,False,False,False
0x1740e4480,SM_CN_MTPROPS01_A3_LOD02,Buffer,"[""unused-device-resources-0x10ee34000""]",,,,,,,,,,,,,1932,requested_buffer_length,2,3,90967154708,Earlier,0.001842498779296875,0,False,False,False
0x1687d0c00,SM_FR_WHARF02_A4_LOD01,Buffer,"[""unused-device-resources-0x10ee34000""]",,,,,,,,,,,,,1920,requested_buffer_length,2,3,90967725375,Earlier,0.0018310546875,0,False,False,False
0x1690f5f80,Plane002,Buffer,"[""unused-device-resources-0x10ee34000""]",,,,,,,,,,,,,1920,requested_buffer_length,2,3,88971512041,Earlier,0.0018310546875,0,False,False,False
0x1690f6280,Plane003,Buffer,"[""unused-device-resources-0x10ee34000""]",,,,,,,,,,,,,1920,requested_buffer_length,2,3,81043901375,Earlier,0.0018310546875,0,False,False,False
0x17b2f5800,,RenderPipeline,"[""device-resources-0x10ee34000""]",,,,,,,,,,,,,1894,recorded_allocated_size,,,,,0.0018062591552734375,0,False,False,True
0x1764f8900,SM_WRE_NC_GOLDB_L05_LOD03,Buffer,"[""device-resources-0x10ee34000""]",,,,,,,,,,,,,1860,requested_buffer_length,2,3,0,Now,0.001773834228515625,0,False,True,True
0x1686c8c00,,RenderPipeline,"[""unused-device-resources-0x10ee34000""]",,,,,,,,,,,,,1850,recorded_allocated_size,,,,,0.0017642974853515625,0,False,False,False
0x1686ccc00,,RenderPipeline,"[""unused-device-resources-0x10ee34000""]",,,,,,,,,,,,,1850,recorded_allocated_size,,,,,0.0017642974853515625,0,False,False,False
0x1345f5180,,ComputePipeline,"[""unused-device-resources-0x10ee34000""]",,,,,,,,,,,,,1844,recorded_allocated_size,,,,,0.001758575439453125,0,False,False,False
0x174324000,,RenderPipeline,"[""device-resources-0x10ee34000""]",,,,,,,,,,,,,1838,recorded_allocated_size,,,,,0.0017528533935546875,0,False,False,True
0x17435c000,,RenderPipeline,"[""device-resources-0x10ee34000""]",,,,,,,,,,,,,1838,recorded_allocated_size,,,,,0.0017528533935546875,0,False,False,True
0x16acc6b80,SM_CN_WALL03_A4_LOD03,Buffer,"[""unused-device-resources-0x10ee34000""]",,,,,,,,,,,,,1812,requested_buffer_length,2,3,77517809375,Earlier,0.001728057861328125,0,False,False,False
0x17b344d80,SM_CN_MTPROPS03_A3_LOD04,Buffer,"[""device-resources-0x10ee34000""]",,,,,,,,,,,,,1800,requested_buffer_length,2,3,0,Now,0.00171661376953125,0,False,True,True
0x16b70b200,T_BS_CN_ARCHR_L2_NRT,Texture,"[""device-resources-0x10ee34000""]",81,2,208,32,32,1,6,1,1,5833FF6C2784DDCA,0,Shared,1792,recorded_allocated_size,2,2,0,Now,0.001708984375,1,False,True,True
0x16b70b480,T_BS_CN_ARCHR_L2_DA,Texture,"[""device-resources-0x10ee34000""]",81,2,190,32,32,1,6,1,1,FA591A55D1B20332,0,Shared,1792,recorded_allocated_size,2,2,0,Now,0.001708984375,1,False,True,True
0x1764bd680,T_BA_HORSE1_NRT,Texture,"[""device-resources-0x10ee34000""]",81,2,208,32,32,1,6,1,1,A7E153DF6C683CB0,0,Shared,1792,recorded_allocated_size,2,2,0,Now,0.001708984375,1,False,True,True
0x1764bd900,T_BA_HORSE1_DA,Texture,"[""device-resources-0x10ee34000""]",81,2,190,32,32,1,6,1,1,7A600AA7A90184AF,0,Shared,1792,recorded_allocated_size,2,2,0,Now,0.001708984375,1,False,True,True
0x16ae86700,SM_CN_CASTLE11_A4_LOD03,Buffer,"[""unused-device-resources-0x10ee34000""]",,,,,,,,,,,,,1792,requested_buffer_length,2,3,77517650708,Earlier,0.001708984375,0,False,False,False
0x16b4c5b80,T_0_P_Building_240_0_A4_C2_SPM,Texture,"[""unused-device-resources-0x10ee34000""]",81,2,204,32,32,1,6,1,1,A2315D9E8CCCCE33,0,Shared,1792,recorded_allocated_size,2,2,18446744073709551615,Never,0.001708984375,0,False,False,False
0x16b4dd900,T_1_P_Building_240_0_A4_C2_SPM,Texture,"[""unused-device-resources-0x10ee34000""]",81,2,204,32,32,1,6,1,1,AE8D5998542111A1,0,Shared,1792,recorded_allocated_size,2,2,18446744073709551615,Never,0.001708984375,0,False,False,False
0x16b538780,T_CityGrid_COC_B,Texture,"[""unused-device-resources-0x10ee34000""]",81,2,208,32,32,1,6,1,1,ECE9D7F154C92EB9,0,Shared,1792,recorded_allocated_size,2,2,18446744073709551615,Never,0.001708984375,0,False,False,False
0x1345f7200,T_shadowmask_D,Texture,"[""unused-device-resources-0x10ee34000""]",81,2,190,32,32,1,6,1,1,4298FEDFD2D81DCC,0,Shared,1792,recorded_allocated_size,2,2,18446744073709551615,Never,0.001708984375,0,False,False,False
0x1722ce080,T_BS_CN_SCBAL_L3_DA,Texture,"[""unused-device-resources-0x10ee34000""]",81,2,190,32,32,1,6,1,1,497391263B8980DC,0,Shared,1792,recorded_allocated_size,2,2,77483612041,Earlier,0.001708984375,0,False,False,False
0x1722ce300,T_BS_CN_SCBAL_L3_NRT,Texture,"[""unused-device-resources-0x10ee34000""]",81,2,208,32,32,1,6,1,1,51BB5A47283EC22A,0,Shared,1792,recorded_allocated_size,2,2,77483612041,Earlier,0.001708984375,0,False,False,False
0x1694b9680,SM_ChinaCityTree_04_LOD1,Buffer,"[""device-resources-0x10ee34000""]",,,,,,,,,,,,,1788,requested_buffer_length,2,3,0,Now,0.001705169677734375,0,False,True,True
0x17407f900,SM_Rock_10_LOD1,Buffer,"[""unused-device-resources-0x10ee34000""]",,,,,,,,,,,,,1788,requested_buffer_length,2,3,90968406708,Earlier,0.001705169677734375,0,False,False,False
0x16accc780,SM_CN_WALL08_A4_LOD03,Buffer,"[""unused-device-resources-0x10ee34000""]",,,,,,,,,,,,,1782,requested_buffer_length,2,3,77452712041,Earlier,0.0016994476318359375,0,False,False,False
0x17b345f80,SM_CN_PROPS03_A3_LOD03,Buffer,"[""device-resources-0x10ee34000""]",,,,,,,,,,,,,1776,requested_buffer_length,2,3,0,Now,0.0016937255859375,0,False,True,True
0x1686d8c00,,RenderPipeline,"[""unused-device-resources-0x10ee34000""]",,,,,,,,,,,,,1772,recorded_allocated_size,,,,,0.001689910888671875,0,False,False,False
0x1686f0000,,RenderPipeline,"[""unused-device-resources-0x10ee34000""]",,,,,,,,,,,,,1772,recorded_allocated_size,,,,,0.001689910888671875,0,False,False,False
0x16acee700,SM_CN_DRILLG02_A3_LOD03,Buffer,"[""unused-device-resources-0x10ee34000""]",,,,,,,,,,,,,1770,requested_buffer_length,2,3,77452852041,Earlier,0.0016880035400390625,0,False,False,False
0x174075b00,SM_CN_CASTLE02_A4_LOD04,Buffer,"[""device-resources-0x10ee34000""]",,,,,,,,,,,,,1764,requested_buffer_length,2,3,0,Now,0.001682281494140625,0,False,True,True
0x1686c8000,,RenderPipeline,"[""unused-device-resources-0x10ee34000""]",,,,,,,,,,,,,1764,recorded_allocated_size,,,,,0.001682281494140625,0,False,False,False
0x17437b000,,RenderPipeline,"[""device-resources-0x10ee34000""]",,,,,,,,,,,,,1760,recorded_allocated_size,,,,,0.001678466796875,0,False,False,True
0x1743ef000,,RenderPipeline,"[""device-resources-0x10ee34000""]",,,,,,,,,,,,,1760,recorded_allocated_size,,,,,0.001678466796875,0,False,False,True
0x1742fa400,,RenderPipeline,"[""device-resources-0x10ee34000""]",,,,,,,,,,,,,1752,recorded_allocated_size,,,,,0.00167083740234375,0,False,False,True
0x16acccf00,M_BS_CN_ARCHR_L3_LD02_A,Buffer,"[""unused-device-resources-0x10ee34000""]",,,,,,,,,,,,,1740,requested_buffer_length,2,3,77485894708,Earlier,0.001659393310546875,0,False,False,False
0x1686e6400,,RenderPipeline,"[""unused-device-resources-0x10ee34000""]",,,,,,,,,,,,,1734,recorded_allocated_size,,,,,0.0016536712646484375,0,False,False,False
0x1764f9380,SM_CN_HOUSE01_A4_LOD04,Buffer,"[""device-resources-0x10ee34000""]",,,,,,,,,,,,,1728,requested_buffer_length,2,3,0,Now,0.00164794921875,0,False,True,True
0x17407d500,SM_FR_WHARF03_A4_LOD03,Buffer,"[""device-resources-0x10ee34000""]",,,,,,,,,,,,,1728,requested_buffer_length,2,3,0,Now,0.00164794921875,0,False,True,True
0x1743ecc00,,RenderPipeline,"[""device-resources-0x10ee34000""]",,,,,,,,,,,,,1722,recorded_allocated_size,,,,,0.0016422271728515625,0,False,False,True
0x16acc7480,SM_CN_WALL01_A4_LOD03,Buffer,"[""unused-device-resources-0x10ee34000""]",,,,,,,,,,,,,1716,requested_buffer_length,2,3,77517826708,Earlier,0.001636505126953125,0,False,False,False
0x1764fd380,M_BH_GAIUS_LD02_A,Buffer,"[""device-resources-0x10ee34000""]",,,,,,,,,,,,,1698,requested_buffer_length,2,3,0,Now,0.0016193389892578125,0,False,True,True
0x17b332400,,RenderPipeline,"[""unused-device-resources-0x10ee34000""]",,,,,,,,,,,,,1696,recorded_allocated_size,,,,,0.001617431640625,0,False,False,False
0x16ae87180,SM_CN_CASTLE08_A4_LOD03,Buffer,"[""unused-device-resources-0x10ee34000""]",,,,,,,,,,,,,1692,requested_buffer_length,2,3,79006284041,Earlier,0.001613616943359375,0,False,False,False
0x174075500,SM_NC_WHARF01_A2_LOD04,Buffer,"[""device-resources-0x10ee34000""]",,,,,,,,,,,,,1686,requested_buffer_length,2,3,0,Now,0.0016078948974609375,0,False,True,True
0x16aed0f00,SM_FR_WHARF02_A4_LOD02,Buffer,"[""unused-device-resources-0x10ee34000""]",,,,,,,,,,,,,1664,requested_buffer_length,2,3,77517941375,Earlier,0.0015869140625,0,False,False,False
0x16acde580,SM_CN_PROPS05_A3_LOD02,Buffer,"[""unused-device-resources-0x10ee34000""]",,,,,,,,,,,,,1644,requested_buffer_length,2,3,77517461375,Earlier,0.001567840576171875,0,False,False,False
0x1690f7c00,SM_NC_WHARF02_A2_LOD03,Buffer,"[""unused-device-resources-0x10ee34000""]",,,,,,,,,,,,,1614,requested_buffer_length,2,3,79006396041,Earlier,0.0015392303466796875,0,False,False,False
0x17b23b180,SM_CN_WALL02_A4_LOD02,Buffer,"[""unused-device-resources-0x10ee34000""]",,,,,,,,,,,,,1608,requested_buffer_length,2,3,90967541375,Earlier,0.00153350830078125,0,False,False,False
0x1764fcf00,M_BH_ODA_LD02_A,Buffer,"[""device-resources-0x10ee34000""]",,,,,,,,,,,,,1590,requested_buffer_length,2,3,0,Now,0.0015163421630859375,0,False,True,True
0x1722d0a80,M_BH_SALADIN_LD02_A,Buffer,"[""unused-device-resources-0x10ee34000""]",,,,,,,,,,,,,1590,requested_buffer_length,2,3,79452341375,Earlier,0.0015163421630859375,0,False,False,False
0x16acc5380,SM_PropsScaffold_LOD2,Buffer,"[""device-resources-0x10ee34000""]",,,,,,,,,,,,,1584,requested_buffer_length,2,3,0,Now,0.0015106201171875,0,False,True,True
0x176520780,SM_CN_CASTLE05_A4_LOD04,Buffer,"[""device-resources-0x10ee34000""]",,,,,,,,,,,,,1584,requested_buffer_length,2,3,0,Now,0.0015106201171875,0,False,True,True
0x176413000,,RenderPipeline,"[""device-resources-0x10ee34000""]",,,,,,,,,,,,,1580,recorded_allocated_size,,,,,0.001506805419921875,0,False,False,True
0x1686f4c00,,RenderPipeline,"[""unused-device-resources-0x10ee34000""]",,,,,,,,,,,,,1580,recorded_allocated_size,,,,,0.001506805419921875,0,False,False,False
0x1740e5380,SM_CN_MTPROPS02_A3_LOD02,Buffer,"[""unused-device-resources-0x10ee34000""]",,,,,,,,,,,,,1572,requested_buffer_length,2,3,90967172041,Earlier,0.001499176025390625,0,False,False,False
0x17426f000,,RenderPipeline,"[""device-resources-0x10ee34000""]",,,,,,,,,,,,,1570,recorded_allocated_size,,,,,0.0014972686767578125,0,False,False,True
0x1686b5800,,RenderPipeline,"[""unused-device-resources-0x10ee34000""]",,,,,,,,,,,,,1570,recorded_allocated_size,,,,,0.0014972686767578125,0,False,False,False
0x176523000,SM_CN_CASTLE11_A4_LOD04,Buffer,"[""device-resources-0x10ee34000""]",,,,,,,,,,,,,1568,requested_buffer_length,2,3,0,Now,0.001495361328125,0,False,True,True
0x168787000,,RenderPipeline,"[""unused-device-resources-0x10ee34000""]",,,,,,,,,,,,,1568,recorded_allocated_size,,,,,0.001495361328125,0,False,False,False
0x1690f6400,st_pubukou01,Buffer,"[""device-resources-0x10ee34000""]",,,,,,,,,,,,,1560,requested_buffer_length,2,3,0,Now,0.00148773193359375,0,False,True,True
0x1686cd800,,RenderPipeline,"[""unused-device-resources-0x10ee34000""]",,,,,,,,,,,,,1558,recorded_allocated_size,,,,,0.0014858245849609375,0,False,False,False
0x1687d0780,SM_FR_WHARF04_A4_LOD01,Buffer,"[""unused-device-resources-0x10ee34000""]",,,,,,,,,,,,,1554,requested_buffer_length,2,3,90967696041,Earlier,0.0014820098876953125,0,False,False,False
0x1743f6400,,RenderPipeline,"[""device-resources-0x10ee34000""]",,,,,,,,,,,,,1550,recorded_allocated_size,,,,,0.0014781951904296875,0,False,False,True
0x1722d0180,M_BN_FR_HAWKER1_LD02_A,Buffer,"[""device-resources-0x10ee34000""]",,,,,,,,,,,,,1548,requested_buffer_length,2,3,0,Now,0.001476287841796875,0,False,True,True
0x17435d800,,RenderPipeline,"[""device-resources-0x10ee34000""]",,,,,,,,,,,,,1546,recorded_allocated_size,,,,,0.0014743804931640625,0,False,False,True
0x176410c00,,RenderPipeline,"[""device-resources-0x10ee34000""]",,,,,,,,,,,,,1546,recorded_allocated_size,,,,,0.0014743804931640625,0,False,False,True
0x1686f1800,,RenderPipeline,"[""unused-device-resources-0x10ee34000""]",,,,,,,,,,,,,1546,recorded_allocated_size,,,,,0.0014743804931640625,0,False,False,False
0x17b344780,SM_CN_HEROSHRINE02_A3_LOD04,Buffer,"[""device-resources-0x10ee34000""]",,,,,,,,,,,,,1500,requested_buffer_length,2,3,0,Now,0.001430511474609375,0,False,True,True
0x1722d0780,M_BN_FR_BUSINESS1_LD02_A,Buffer,"[""unused-device-resources-0x10ee34000""]",,,,,,,,,,,,,1482,requested_buffer_length,2,3,77485813375,Earlier,0.0014133453369140625,0,False,False,False
0x176511200,M_CN_PROPS04_A4_LD01_A,Buffer,"[""unused-device-resources-0x10ee34000""]",,,,,,,,,,,,,1476,requested_buffer_length,2,3,90967685375,Earlier,0.001407623291015625,0,False,False,False
0x1686ca400,,RenderPipeline,"[""unused-device-resources-0x10ee34000""]",,,,,,,,,,,,,1466,recorded_allocated_size,,,,,0.0013980865478515625,0,False,False,False
0x1686cb000,,RenderPipeline,"[""unused-device-resources-0x10ee34000""]",,,,,,,,,,,,,1466,recorded_allocated_size,,,,,0.0013980865478515625,0,False,False,False
0x1686d8000,,RenderPipeline,"[""unused-device-resources-0x10ee34000""]",,,,,,,,,,,,,1466,recorded_allocated_size,,,,,0.0013980865478515625,0,False,False,False
0x1722d1200,M_BS_CN_PKEMN_L2_LD02_A,Buffer,"[""device-resources-0x10ee34000""]",,,,,,,,,,,,,1464,requested_buffer_length,2,3,0,Now,0.00139617919921875,0,False,True,True
0x168785800,,RenderPipeline,"[""device-resources-0x10ee34000""]",,,,,,,,,,,,,1456,recorded_allocated_size,,,,,0.0013885498046875,0,False,False,True
0x174327000,,RenderPipeline,"[""device-resources-0x10ee34000""]",,,,,,,,,,,,,1454,recorded_allocated_size,,,,,0.0013866424560546875,0,False,False,True
0x174340000,,RenderPipeline,"[""device-resources-0x10ee34000""]",,,,,,,,,,,,,1454,recorded_allocated_size,,,,,0.0013866424560546875,0,False,False,True
0x174379800,,RenderPipeline,"[""device-resources-0x10ee34000""]",,,,,,,,,,,,,1454,recorded_allocated_size,,,,,0.0013866424560546875,0,False,False,True
0x176400000,,RenderPipeline,"[""device-resources-0x10ee34000""]",,,,,,,,,,,,,1454,recorded_allocated_size,,,,,0.0013866424560546875,0,False,False,True
0x1345f4f00,,ComputePipeline,"[""unused-device-resources-0x10ee34000""]",,,,,,,,,,,,,1454,recorded_allocated_size,,,,,0.0013866424560546875,0,False,False,False
0x16aed2580,SM_BerryCluster,Buffer,"[""device-resources-0x10ee34000""]",,,,,,,,,,,,,1452,requested_buffer_length,2,3,0,Now,0.001384735107421875,0,False,True,True
0x15bfe1680,M_BA_DEER1_LD02_A,Buffer,"[""unused-device-resources-0x10ee34000""]",,,,,,,,,,,,,1446,requested_buffer_length,2,3,77485946708,Earlier,0.0013790130615234375,0,False,False,False
0x16acc5e00,SM_FlagChinaFeudal_005_MorphUV2_MorphExport,Buffer,"[""device-resources-0x10ee34000""]",,,,,,,,,,,,,1440,requested_buffer_length,2,3,0,Now,0.001373291015625,0,False,True,True
0x1764fba80,SM_CN_CASTLE12_A3_LOD04,Buffer,"[""unused-device-resources-0x10ee34000""]",,,,,,,,,,,,,1440,requested_buffer_length,2,3,71292820041,Earlier,0.001373291015625,0,False,False,False
0x17b2f4000,,RenderPipeline,"[""device-resources-0x10ee34000""]",,,,,,,,,,,,,1438,recorded_allocated_size,,,,,0.0013713836669921875,0,False,False,True
0x17b340000,,RenderPipeline,"[""device-resources-0x10ee34000""]",,,,,,,,,,,,,1438,recorded_allocated_size,,,,,0.0013713836669921875,0,False,False,True
0x17b330c00,,RenderPipeline,"[""unused-device-resources-0x10ee34000""]",,,,,,,,,,,,,1438,recorded_allocated_size,,,,,0.0013713836669921875,0,False,False,False
0x17039b000,,RenderPipeline,"[""unused-device-resources-0x10ee34000""]",,,,,,,,,,,,,1438,recorded_allocated_size,,,,,0.0013713836669921875,0,False,False,False
0x1703d4c00,,RenderPipeline,"[""unused-device-resources-0x10ee34000""]",,,,,,,,,,,,,1438,recorded_allocated_size,,,,,0.0013713836669921875,0,False,False,False
0x1703d5800,,RenderPipeline,"[""unused-device-resources-0x10ee34000""]",,,,,,,,,,,,,1430,recorded_allocated_size,,,,,0.0013637542724609375,0,False,False,False
0x176510c00,SM_NC_PROPSGROUP03B_A0_LOD01,Buffer,"[""unused-device-resources-0x10ee34000""]",,,,,,,,,,,,,1428,requested_buffer_length,2,3,90967022708,Earlier,0.001361846923828125,0,False,False,False
0x13b2b4c00,,RenderPipeline,"[""device-resources-0x10ee34000""]",,,,,,,,,,,,,1426,recorded_allocated_size,,,,,0.0013599395751953125,0,False,False,True
0x1686f2400,,RenderPipeline,"[""unused-device-resources-0x10ee34000""]",,,,,,,,,,,,,1426,recorded_allocated_size,,,,,0.0013599395751953125,0,False,False,False
0x15bca5800,,RenderPipeline,"[""device-resources-0x10ee34000""]",,,,,,,,,,,,,1418,recorded_allocated_size,,,,,0.0013523101806640625,0,False,False,True
0x1686f5800,,RenderPipeline,"[""unused-device-resources-0x10ee34000""]",,,,,,,,,,,,,1418,recorded_allocated_size,,,,,0.0013523101806640625,0,False,False,False
0x16acc5c80,SM_FlagChinaFeudal_017_MorphUV2_MorphExport,Buffer,"[""device-resources-0x10ee34000""]",,,,,,,,,,,,,1416,requested_buffer_length,2,3,0,Now,0.00135040283203125,0,False,True,True
0x17b210c00,,RenderPipeline,"[""unused-device-resources-0x10ee34000""]",,,,,,,,,,,,,1414,recorded_allocated_size,,,,,0.0013484954833984375,0,False,False,False
0x1764fe100,M_BH_JOA_LD02_A,Buffer,"[""device-resources-0x10ee34000""]",,,,,,,,,,,,,1398,requested_buffer_length,2,3,0,Now,0.0013332366943359375,0,False,True,True
0x16b55f180,M_BS_CN_PALDN_L2_LD02_A,Buffer,"[""device-resources-0x10ee34000""]",,,,,,,,,,,,,1392,requested_buffer_length,2,3,0,Now,0.0013275146484375,0,False,True,True
0x1722d0480,M_BS_CN_CHANG_L2_LD02_A,Buffer,"[""device-resources-0x10ee34000""]",,,,,,,,,,,,,1392,requested_buffer_length,2,3,0,Now,0.0013275146484375,0,False,True,True
0x16ae85980,M_BA_HORSE1_LD02_A,Buffer,"[""device-resources-0x10ee34000""]",,,,,,,,,,,,,1374,requested_buffer_length,2,3,0,Now,0.0013103485107421875,0,False,True,True
0x16accfa80,SM_NC_PROPS06_A3_LOD01,Buffer,"[""device-resources-0x10ee34000""]",,,,,,,,,,,,,1368,requested_buffer_length,2,3,0,Now,0.00130462646484375,0,False,True,True
0x143673a80,SM_CityWater_08,Buffer,"[""unused-device-resources-0x10ee34000""]",,,,,,,,,,,,,1368,requested_buffer_length,2,3,18446744073709551615,Never,0.00130462646484375,0,False,False,False
0x16acdd680,SM_CN_MTPROPS02_A3_LOD03,Buffer,"[""unused-device-resources-0x10ee34000""]",,,,,,,,,,,,,1368,requested_buffer_length,2,3,77517492041,Earlier,0.00130462646484375,0,False,False,False
0x16acc4900,M_BN_CN_MFARMER1_LD02_A,Buffer,"[""device-resources-0x10ee34000""]",,,,,,,,,,,,,1356,requested_buffer_length,2,3,0,Now,0.001293182373046875,0,False,True,True
0x176510600,SM_NC_PROPS04_A3_LOD01,Buffer,"[""unused-device-resources-0x10ee34000""]",,,,,,,,,,,,,1356,requested_buffer_length,2,3,90967041375,Earlier,0.001293182373046875,0,False,False,False
0x16ae86e80,SM_CN_CASTLE09_A3_LOD03,Buffer,"[""unused-device-resources-0x10ee34000""]",,,,,,,,,,,,,1356,requested_buffer_length,2,3,77517640041,Earlier,0.001293182373046875,0,False,False,False
0x16acdc000,SM_NC_PROPS02A_A0_LOD02,Buffer,"[""device-resources-0x10ee34000""]",,,,,,,,,,,,,1344,requested_buffer_length,2,3,0,Now,0.00128173828125,0,False,True,True
0x169643c00,SM_CN_MILLWater02_A4,Buffer,"[""unused-device-resources-0x10ee34000""]",,,,,,,,,,,,,1344,requested_buffer_length,2,3,18446744073709551615,Never,0.00128173828125,0,False,False,False
0x16aed2880,Cube,Buffer,"[""unused-device-resources-0x10ee34000""]",,,,,,,,,,,,,1344,requested_buffer_length,2,3,18446744073709551615,Never,0.00128173828125,0,False,False,False
0x16ae85500,M_BN_CN_FFARMER1_LD02_A,Buffer,"[""unused-device-resources-0x10ee34000""]",,,,,,,,,,,,,1338,requested_buffer_length,2,3,77485864041,Earlier,0.0012760162353515625,0,False,False,False
0x143404c00,,RenderPipeline,"[""unused-device-resources-0x10ee34000""]",,,,,,,,,,,,,1332,recorded_allocated_size,,,,,0.001270294189453125,0,False,False,False
0x178184000,,RenderPipeline,"[""unused-device-resources-0x10ee34000""]",,,,,,,,,,,,,1332,recorded_allocated_size,,,,,0.001270294189453125,0,False,False,False
0x16ae87a80,SM_StonemineB_Lv2_LOD2,Buffer,"[""device-resources-0x10ee34000""]",,,,,,,,,,,,,1326,requested_buffer_length,2,3,0,Now,0.0012645721435546875,0,False,True,True
0x16ae84900,M_BN_CN_FAT1_LD02_A,Buffer,"[""device-resources-0x10ee34000""]",,,,,,,,,,,,,1314,requested_buffer_length,2,3,0,Now,0.0012531280517578125,0,False,True,True
0x174075680,SM_NC_WHARF02_A2_LOD04,Buffer,"[""device-resources-0x10ee34000""]",,,,,,,,,,,,,1302,requested_buffer_length,2,3,0,Now,0.0012416839599609375,0,False,True,True
0x16acce100,SM_FlagFranceFeudal_01,Buffer,"[""device-resources-0x10ee34000""]",,,,,,,,,,,,,1296,requested_buffer_length,2,3,0,Now,0.0012359619140625,0,False,True,True
0x17407db00,SM_FR_WHARF07_A4_LOD03,Buffer,"[""device-resources-0x10ee34000""]",,,,,,,,,,,,,1296,requested_buffer_length,2,3,0,Now,0.0012359619140625,0,False,True,True
0x1722d3000,,Buffer,"[""device-resources-0x10ee34000""]",,,,,,,,,,,,,1296,requested_buffer_length,2,3,0,Now,0.0012359619140625,0,False,True,True
0x16acdf900,SM_CN_TENT01_A4_LOD03,Buffer,"[""unused-device-resources-0x10ee34000""]",,,,,,,,,,,,,1296,requested_buffer_length,2,3,77452849375,Earlier,0.0012359619140625,0,False,False,False
0x16ae84c00,M_BN_CN_FEMALE1_LD02_A,Buffer,"[""unused-device-resources-0x10ee34000""]",,,,,,,,,,,,,1296,requested_buffer_length,2,3,77485868041,Earlier,0.0012359619140625,0,False,False,False
0x178184c00,,RenderPipeline,"[""unused-device-resources-0x10ee34000""]",,,,,,,,,,,,,1292,recorded_allocated_size,,,,,0.001232147216796875,0,False,False,False
0x16ae84f00,M_BN_CN_THIN1_LD02_A,Buffer,"[""device-resources-0x10ee34000""]",,,,,,,,,,,,,1290,requested_buffer_length,2,3,0,Now,0.0012302398681640625,0,False,True,True
0x17b345c80,SM_CN_PROPS05_A3_LOD03,Buffer,"[""device-resources-0x10ee34000""]",,,,,,,,,,,,,1284,requested_buffer_length,2,3,0,Now,0.001224517822265625,0,False,True,True
0x1722d0f00,M_BH_JUSTINIAN_LD02_A,Buffer,"[""unused-device-resources-0x10ee34000""]",,,,,,,,,,,,,1278,requested_buffer_length,2,3,79452345375,Earlier,0.0012187957763671875,0,False,False,False
0x15bfe2280,M_BA_SHEEP1_LD02_A,Buffer,"[""unused-device-resources-0x10ee34000""]",,,,,,,,,,,,,1272,requested_buffer_length,2,3,91636764041,Earlier,0.00121307373046875,0,False,False,False
0x15bfe0000,M_BA_BIRD1_LD02_A,Buffer,"[""unused-device-resources-0x10ee34000""]",,,,,,,,,,,,,1272,requested_buffer_length,2,3,138830857375,Earlier,0.00121307373046875,0,False,False,False
0x16aed0780,SM_FR_WHARF04_A4_LOD02,Buffer,"[""unused-device-resources-0x10ee34000""]",,,,,,,,,,,,,1266,requested_buffer_length,2,3,77517918708,Earlier,0.0012073516845703125,0,False,False,False
0x16acecd80,SM_NC_PROPS11A_A0_LOD02,Buffer,"[""device-resources-0x10ee34000""]",,,,,,,,,,,,,1248,requested_buffer_length,2,3,0,Now,0.001190185546875,0,False,True,True
0x1722d1800,M_BM_H_BODY_L1_LD02_A,Buffer,"[""device-resources-0x10ee34000""]",,,,,,,,,,,,,1248,requested_buffer_length,2,3,0,Now,0.001190185546875,0,False,True,True
0x1694ba280,SM_FlagChinaFeudal_004_MorphUV2_MorphExport,Buffer,"[""device-resources-0x10ee34000""]",,,,,,,,,,,,,1224,requested_buffer_length,2,3,0,Now,0.00116729736328125,0,False,True,True
0x169640600,SM_FlagChinaFeudal_004_MorphUV2_MorphExport,Buffer,"[""device-resources-0x10ee34000""]",,,,,,,,,,,,,1224,requested_buffer_length,2,3,0,Now,0.00116729736328125,0,False,True,True
0x1764b6400,,RenderPipeline,"[""device-resources-0x10ee34000""]",,,,,,,,,,,,,1216,recorded_allocated_size,,,,,0.00115966796875,0,False,False,True
0x1686f3000,,RenderPipeline,"[""unused-device-resources-0x10ee34000""]",,,,,,,,,,,,,1216,recorded_allocated_size,,,,,0.00115966796875,0,False,False,False
0x16b55ee80,M_BH_BOUDICA_LD02_A,Buffer,"[""unused-device-resources-0x10ee34000""]",,,,,,,,,,,,,1212,requested_buffer_length,2,3,79452292041,Earlier,0.001155853271484375,0,False,False,False
0x16accc480,SM_CN_WALL01_A3_LOD03,Buffer,"[""unused-device-resources-0x10ee34000""]",,,,,,,,,,,,,1212,requested_buffer_length,2,3,77452686708,Earlier,0.001155853271484375,0,False,False,False
0x168784c00,,RenderPipeline,"[""unused-device-resources-0x10ee34000""]",,,,,,,,,,,,,1206,recorded_allocated_size,,,,,0.0011501312255859375,0,False,False,False
0x16accd500,M_BS_CN_PALDN_L3_LD02_A,Buffer,"[""device-resources-0x10ee34000""]",,,,,,,,,,,,,1200,requested_buffer_length,2,3,0,Now,0.0011444091796875,0,False,True,True
0x117944c00,Plane,Buffer,"[""unused-device-resources-0x10ee34000""]",,,,,,,,,,,,,1200,requested_buffer_length,2,3,138828453375,Earlier,0.0011444091796875,0,False,False,False
0x16accd200,M_BS_CN_CHANG_L3_LD02_A,Buffer,"[""unused-device-resources-0x10ee34000""]",,,,,,,,,,,,,1200,requested_buffer_length,2,3,77485890708,Earlier,0.0011444091796875,0,False,False,False
0x16accdb00,M_BS_CN_PKEMN_L3_LD02_A,Buffer,"[""unused-device-resources-0x10ee34000""]",,,,,,,,,,,,,1200,requested_buffer_length,2,3,77485897375,Earlier,0.0011444091796875,0,False,False,False
0x17b2de400,,RenderPipeline,"[""device-resources-0x10ee34000""]",,,,,,,,,,,,,1194,recorded_allocated_size,,,,,0.0011386871337890625,0,False,False,True
0x17b330000,,RenderPipeline,"[""device-resources-0x10ee34000""]",,,,,,,,,,,,,1194,recorded_allocated_size,,,,,0.0011386871337890625,0,False,False,True
0x17b210000,,RenderPipeline,"[""unused-device-resources-0x10ee34000""]",,,,,,,,,,,,,1194,recorded_allocated_size,,,,,0.0011386871337890625,0,False,False,False
0x16b55f900,M_BS_CN_ARCHR_L2_LD02_A,Buffer,"[""device-resources-0x10ee34000""]",,,,,,,,,,,,,1188,requested_buffer_length,2,3,0,Now,0.001132965087890625,0,False,True,True
0x1722d1500,M_BS_CN_SCBAL_L3_LD02_A,Buffer,"[""unused-device-resources-0x10ee34000""]",,,,,,,,,,,,,1164,requested_buffer_length,2,3,77485844041,Earlier,0.001110076904296875,0,False,False,False
0x1178d2800,UnityDefault2D,Texture,"[""device-resources-0x10ee34000""]",81,2,71,16,16,1,1,1,1,A20E9DD80B65C5B0,0,Shared,1152,recorded_allocated_size,2,2,0,Now,0.0010986328125,41,False,True,True
0x16b55df80,Plane001,Buffer,"[""unused-device-resources-0x10ee34000""]",,,,,,,,,,,,,1152,requested_buffer_length,2,3,18446744073709551615,Never,0.0010986328125,0,False,False,False
0x13b2a9e00,SM_FR_WHARF06_A4_LOD01,Buffer,"[""unused-device-resources-0x10ee34000""]",,,,,,,,,,,,,1152,requested_buffer_length,2,3,90967665375,Earlier,0.0010986328125,0,False,False,False
0x1178d1400,UnityRandomRotation,Texture,"[""unused-device-resources-0x10ee34000""]",81,2,70,16,16,1,1,1,1,17FD883C046C9BB0,0,Shared,1152,recorded_allocated_size,2,2,168873710708,Earlier,0.0010986328125,0,False,False,False
0x1345f4280,SearchTex,Texture,"[""unused-device-resources-0x10ee34000""]",81,2,1,64,16,1,1,1,1,1FBA9008E2F06770,0,Shared,1152,recorded_allocated_size,2,2,168815892041,Earlier,0.0010986328125,0,False,False,False
0x16acc7180,SM_CN_WALL03_A3_LOD03,Buffer,"[""unused-device-resources-0x10ee34000""]",,,,,,,,,,,,,1140,requested_buffer_length,2,3,77452681375,Earlier,0.001087188720703125,0,False,False,False
0x15bca4000,,RenderPipeline,"[""unused-device-resources-0x10ee34000""]",,,,,,,,,,,,,1128,recorded_allocated_size,,,,,0.00107574462890625,0,False,False,False
0x1694b9380,SM_ChinaCityTree_01_LOD1,Buffer,"[""device-resources-0x10ee34000""]",,,,,,,,,,,,,1122,requested_buffer_length,2,3,0,Now,0.0010700225830078125,0,False,True,True
0x16b55f480,M_BS_CN_PALDN_L2_H_LD02_A,Buffer,"[""device-resources-0x10ee34000""]",,,,,,,,,,,,,1116,requested_buffer_length,2,3,0,Now,0.001064300537109375,0,False,True,True
0x16b551800,,RenderPipeline,"[""device-resources-0x10ee34000""]",,,,,,,,,,,,,1100,recorded_allocated_size,,,,,0.001049041748046875,0,False,False,True
0x16acc5080,SM_NC_PROPS02_A3_LOD02,Buffer,"[""device-resources-0x10ee34000""]",,,,,,,,,,,,,1098,requested_buffer_length,2,3,0,Now,0.0010471343994140625,0,False,True,True
0x1740e4180,SM_CN_TENT02_A4_LOD02,Buffer,"[""unused-device-resources-0x10ee34000""]",,,,,,,,,,,,,1098,requested_buffer_length,2,3,90967068041,Earlier,0.0010471343994140625,0,False,False,False
0x176521380,SM_CN_CASTLE08_A4_LOD04,Buffer,"[""device-resources-0x10ee34000""]",,,,,,,,,,,,,1092,requested_buffer_length,2,3,0,Now,0.001041412353515625,0,False,True,True
0x16accd800,M_BS_CN_PALDN_L3_H_LD02_A,Buffer,"[""unused-device-resources-0x10ee34000""]",,,,,,,,,,,,,1092,requested_buffer_length,2,3,79107944041,Earlier,0.001041412353515625,0,False,False,False
0x16acc7a80,SM_CN_WALL02_A4_LOD03,Buffer,"[""unused-device-resources-0x10ee34000""]",,,,,,,,,,,,,1080,requested_buffer_length,2,3,77517760041,Earlier,0.00102996826171875,0,False,False,False
0x16aed3000,SM_CityTree_01_LOD1,Buffer,"[""device-resources-0x10ee34000""]",,,,,,,,,,,,,1068,requested_buffer_length,2,3,0,Now,0.001018524169921875,0,False,True,True
0x176401800,,RenderPipeline,"[""device-resources-0x10ee34000""]",,,,,,,,,,,,,1060,recorded_allocated_size,,,,,0.001010894775390625,0,False,False,True
0x17827c000,,RenderPipeline,"[""unused-device-resources-0x10ee34000""]",,,,,,,,,,,,,1058,recorded_allocated_size,,,,,0.0010089874267578125,0,False,False,False
0x17b2f7000,,RenderPipeline,"[""device-resources-0x10ee34000""]",,,,,,,,,,,,,1056,recorded_allocated_size,,,,,0.001007080078125,0,False,False,True
0x16acddc80,SM_CN_MTPROPS01_A3_LOD03,Buffer,"[""unused-device-resources-0x10ee34000""]",,,,,,,,,,,,,1056,requested_buffer_length,2,3,77517485375,Earlier,0.001007080078125,0,False,False,False
0x1740e5980,SM_CN_PROPS04_A3_LOD01,Buffer,"[""unused-device-resources-0x10ee34000""]",,,,,,,,,,,,,1056,requested_buffer_length,2,3,90967109375,Earlier,0.001007080078125,0,False,False,False
0x1703d4000,,RenderPipeline,"[""unused-device-resources-0x10ee34000""]",,,,,,,,,,,,,1056,recorded_allocated_size,,,,,0.001007080078125,0,False,False,False
0x176521e00,SM_CN_WALL01_A4_LOD04,Buffer,"[""device-resources-0x10ee34000""]",,,,,,,,,,,,,1044,requested_buffer_length,2,3,0,Now,0.000995635986328125,0,False,True,True
0x169734780,M_CN_MILL_A4_O2_LD02_A,Buffer,"[""unused-device-resources-0x10ee34000""]",,,,,,,,,,,,,1032,requested_buffer_length,2,3,18446744073709551615,Never,0.00098419189453125,0,False,False,False
0x176520180,SM_CN_CASTLE09_A4_LOD04,Buffer,"[""device-resources-0x10ee34000""]",,,,,,,,,,,,,1024,requested_buffer_length,2,3,0,Now,0.0009765625,0,False,True,True
0x1764bea80,T_FX_UI_Pattern_53,Texture,"[""device-resources-0x10ee34000""]",81,2,218,64,64,1,1,1,1,F318233C08DF8E82,0,Shared,1024,recorded_allocated_size,2,2,0,Now,0.0009765625,0,False,False,True
0x169735f80,SM_NC_CITYROAD07_A0_LOD01,Buffer,"[""unused-device-resources-0x10ee34000""]",,,,,,,,,,,,,1024,requested_buffer_length,2,3,18446744073709551615,Never,0.0009765625,0,False,False,False
0x16975a580,T_0_P_Building_202_0_A4_C2_SPM,Texture,"[""unused-device-resources-0x10ee34000""]",81,2,204,32,32,1,1,1,1,576F4C23C58E685F,0,Shared,1024,recorded_allocated_size,2,2,79346216041,Earlier,0.0009765625,0,False,False,False
0x16975a800,T_0_P_Building_202_1_A4_C2_SPM,Texture,"[""unused-device-resources-0x10ee34000""]",81,2,204,32,32,1,1,1,1,619E691384D552E0,0,Shared,1024,recorded_allocated_size,2,2,18446744073709551615,Never,0.0009765625,0,False,False,False
0x16975aa80,T_0_P_Building_202_2_A4_C2_SPM,Texture,"[""unused-device-resources-0x10ee34000""]",81,2,204,32,32,1,1,1,1,F3C891CFFB910F,0,Shared,1024,recorded_allocated_size,2,2,18446744073709551615,Never,0.0009765625,0,False,False,False
0x16975ad00,T_0_P_Building_203_0_A4_C2_SPM,Texture,"[""unused-device-resources-0x10ee34000""]",81,2,204,32,32,1,1,1,1,A3EDAC7DBB8DC879,0,Shared,1024,recorded_allocated_size,2,2,79346029375,Earlier,0.0009765625,0,False,False,False
0x16975af80,T_0_P_Building_204_0_A4_C2_SPM,Texture,"[""unused-device-resources-0x10ee34000""]",81,2,204,32,32,1,1,1,1,F5ACB6E1DCEDE8AB,0,Shared,1024,recorded_allocated_size,2,2,79346098708,Earlier,0.0009765625,0,False,False,False
0x16975b200,T_0_P_Building_205_0_A4_C2_SPM,Texture,"[""unused-device-resources-0x10ee34000""]",81,2,204,32,32,1,1,1,1,4117E341DE254E8,0,Shared,1024,recorded_allocated_size,2,2,79346178708,Earlier,0.0009765625,0,False,False,False
0x16975b480,T_0_P_Building_206_0_A4_C2_SPM,Texture,"[""unused-device-resources-0x10ee34000""]",81,2,204,32,32,1,1,1,1,80D6B9449692AF05,0,Shared,1024,recorded_allocated_size,2,2,79346526708,Earlier,0.0009765625,0,False,False,False
0x16975b700,T_0_P_Building_209_0_A4_C2_SPM,Texture,"[""unused-device-resources-0x10ee34000""]",81,2,204,32,32,1,1,1,1,F9EF0DAFE81FBF61,0,Shared,1024,recorded_allocated_size,2,2,79345985375,Earlier,0.0009765625,0,False,False,False
0x16975bc00,T_0_P_Building_222_0_A4_C2_SPM,Texture,"[""unused-device-resources-0x10ee34000""]",81,2,204,32,32,1,1,1,1,3CC8CE29A7EA3E6D,0,Shared,1024,recorded_allocated_size,2,2,79346437375,Earlier,0.0009765625,0,False,False,False
0x16b4c4000,T_0_P_Building_224_0_A4_C2_SPM,Texture,"[""unused-device-resources-0x10ee34000""]",81,2,204,32,32,1,1,1,1,53DA47B936ED91AA,0,Shared,1024,recorded_allocated_size,2,2,79346416041,Earlier,0.0009765625,0,False,False,False
0x16b4c4280,T_0_P_Building_226_0_A4_C2_SPM,Texture,"[""unused-device-resources-0x10ee34000""]",81,2,204,32,32,1,1,1,1,3C5931A149FD735A,0,Shared,1024,recorded_allocated_size,2,2,79346008041,Earlier,0.0009765625,0,False,False,False
0x16b4c4500,T_0_P_Building_227_0_A4_C2_SPM,Texture,"[""unused-device-resources-0x10ee34000""]",81,2,204,32,32,1,1,1,1,FAB362144B104207,0,Shared,1024,recorded_allocated_size,2,2,79108761375,Earlier,0.0009765625,0,False,False,False
0x16b4c4a00,T_0_P_Building_230_0_A4_C2_SPM,Texture,"[""unused-device-resources-0x10ee34000""]",81,2,204,32,32,1,1,1,1,D29935EAF18BC11B,0,Shared,1024,recorded_allocated_size,2,2,79346294708,Earlier,0.0009765625,0,False,False,False
0x16b4c4f00,T_0_P_Building_232_0_A4_C2_SPM,Texture,"[""unused-device-resources-0x10ee34000""]",81,2,204,32,32,1,1,1,1,4163E440CD66EC70,0,Shared,1024,recorded_allocated_size,2,2,79346337375,Earlier,0.0009765625,0,False,False,False
0x16b4c5400,T_0_P_Building_234_0_A4_C2_SPM,Texture,"[""unused-device-resources-0x10ee34000""]",81,2,204,32,32,1,1,1,1,D2C9DE1AEB63AF24,0,Shared,1024,recorded_allocated_size,2,2,79346357375,Earlier,0.0009765625,0,False,False,False
0x16b4c5680,T_0_P_Building_237_0_A4_C2_SPM,Texture,"[""unused-device-resources-0x10ee34000""]",81,2,204,32,32,1,1,1,1,16C613D4B084EF55,0,Shared,1024,recorded_allocated_size,2,2,79346376041,Earlier,0.0009765625,0,False,False,False
0x16b4c5900,T_0_P_Building_239_0_A4_C2_SPM,Texture,"[""unused-device-resources-0x10ee34000""]",81,2,204,32,32,1,1,1,1,A0F82C8619354533,0,Shared,1024,recorded_allocated_size,2,2,18446744073709551615,Never,0.0009765625,0,False,False,False
0x16b4c5e00,T_0_P_Building_405_0_A4_C2_SPM,Texture,"[""unused-device-resources-0x10ee34000""]",81,2,204,32,32,1,1,1,1,C9588AB6B5BE219,0,Shared,1024,recorded_allocated_size,2,2,18446744073709551615,Never,0.0009765625,0,False,False,False
0x16b4c6080,T_0_P_Building_406_0_A4_C2_SPM,Texture,"[""unused-device-resources-0x10ee34000""]",81,2,204,32,32,1,1,1,1,DF07CCF2F2EEE245,0,Shared,1024,recorded_allocated_size,2,2,18446744073709551615,Never,0.0009765625,0,False,False,False
0x16b4c6300,T_0_P_Building_407_0_A4_C2_SPM,Texture,"[""unused-device-resources-0x10ee34000""]",81,2,204,32,32,1,1,1,1,F68A05ADC70B3B4F,0,Shared,1024,recorded_allocated_size,2,2,18446744073709551615,Never,0.0009765625,0,False,False,False
0x16b4c6580,T_1_P_Building_202_0_A4_C2_SPM,Texture,"[""unused-device-resources-0x10ee34000""]",81,2,204,32,32,1,1,1,1,E4B53CD883406811,0,Shared,1024,recorded_allocated_size,2,2,79346216041,Earlier,0.0009765625,0,False,False,False
0x16b4c6800,T_1_P_Building_202_1_A4_C2_SPM,Texture,"[""unused-device-resources-0x10ee34000""]",81,2,204,32,32,1,1,1,1,410416853E4EC135,0,Shared,1024,recorded_allocated_size,2,2,18446744073709551615,Never,0.0009765625,0,False,False,False
0x16b4c6a80,T_1_P_Building_203_0_A4_C2_SPM,Texture,"[""unused-device-resources-0x10ee34000""]",81,2,204,32,32,1,1,1,1,80338FF5B9F37C99,0,Shared,1024,recorded_allocated_size,2,2,79346029375,Earlier,0.0009765625,0,False,False,False
0x16b4c6d00,T_1_P_Building_202_2_A4_C2_SPM,Texture,"[""unused-device-resources-0x10ee34000""]",81,2,204,32,32,1,1,1,1,3EEDC878198BBDC6,0,Shared,1024,recorded_allocated_size,2,2,18446744073709551615,Never,0.0009765625,0,False,False,False
0x16b4c6f80,T_1_P_Building_204_0_A4_C2_SPM,Texture,"[""unused-device-resources-0x10ee34000""]",81,2,204,32,32,1,1,1,1,C3F517785C435272,0,Shared,1024,recorded_allocated_size,2,2,79346098708,Earlier,0.0009765625,0,False,False,False
0x16b4c7200,T_1_P_Building_205_0_A4_C2_SPM,Texture,"[""unused-device-resources-0x10ee34000""]",81,2,204,32,32,1,1,1,1,E21718A4F0D365E3,0,Shared,1024,recorded_allocated_size,2,2,79346177375,Earlier,0.0009765625,0,False,False,False
0x16b4c7480,T_1_P_Building_206_0_A4_C2_SPM,Texture,"[""unused-device-resources-0x10ee34000""]",81,2,204,32,32,1,1,1,1,C87FD2E1C9B14B9B,0,Shared,1024,recorded_allocated_size,2,2,79346526708,Earlier,0.0009765625,0,False,False,False
0x16b4c7700,T_1_P_Building_209_0_A4_C2_SPM,Texture,"[""unused-device-resources-0x10ee34000""]",81,2,204,32,32,1,1,1,1,A457CBE65D7C0CC7,0,Shared,1024,recorded_allocated_size,2,2,79345985375,Earlier,0.0009765625,0,False,False,False
0x16b4c7c00,T_1_P_Building_222_0_A4_C2_SPM,Texture,"[""unused-device-resources-0x10ee34000""]",81,2,204,32,32,1,1,1,1,C7D9BF784C681C2,0,Shared,1024,recorded_allocated_size,2,2,79346437375,Earlier,0.0009765625,0,False,False,False
0x16b4dc000,T_1_P_Building_224_0_A4_C2_SPM,Texture,"[""unused-device-resources-0x10ee34000""]",81,2,204,32,32,1,1,1,1,A7E1199B91F6A47B,0,Shared,1024,recorded_allocated_size,2,2,79346416041,Earlier,0.0009765625,0,False,False,False
0x16b4dc280,T_1_P_Building_226_0_A4_C2_SPM,Texture,"[""unused-device-resources-0x10ee34000""]",81,2,204,32,32,1,1,1,1,CF755A28DF0AB58,0,Shared,1024,recorded_allocated_size,2,2,79346008041,Earlier,0.0009765625,0,False,False,False
0x16b4dc780,T_1_P_Building_227_0_A4_C2_SPM,Texture,"[""unused-device-resources-0x10ee34000""]",81,2,204,32,32,1,1,1,1,F83223071FB294B7,0,Shared,1024,recorded_allocated_size,2,2,79108761375,Earlier,0.0009765625,0,False,False,False
0x16b4dca00,T_1_P_Building_230_0_A4_C2_SPM,Texture,"[""unused-device-resources-0x10ee34000""]",81,2,204,32,32,1,1,1,1,5345B43A3400E6B1,0,Shared,1024,recorded_allocated_size,2,2,79346294708,Earlier,0.0009765625,0,False,False,False
0x16b4dcf00,T_1_P_Building_232_0_A4_C2_SPM,Texture,"[""unused-device-resources-0x10ee34000""]",81,2,204,32,32,1,1,1,1,E6E756F3A150AC23,0,Shared,1024,recorded_allocated_size,2,2,79346337375,Earlier,0.0009765625,0,False,False,False
0x16b4dd180,T_1_P_Building_234_0_A4_C2_SPM,Texture,"[""unused-device-resources-0x10ee34000""]",81,2,204,32,32,1,1,1,1,5B78D79991B3EFB5,0,Shared,1024,recorded_allocated_size,2,2,79346357375,Earlier,0.0009765625,0,False,False,False
0x16b4dd400,T_1_P_Building_237_0_A4_C2_SPM,Texture,"[""unused-device-resources-0x10ee34000""]",81,2,204,32,32,1,1,1,1,D1E8E13A940D1B1D,0,Shared,1024,recorded_allocated_size,2,2,79346376041,Earlier,0.0009765625,0,False,False,False
0x16b4dd680,T_1_P_Building_239_0_A4_C2_SPM,Texture,"[""unused-device-resources-0x10ee34000""]",81,2,204,32,32,1,1,1,1,1DCFA678803F0BCE,0,Shared,1024,recorded_allocated_size,2,2,18446744073709551615,Never,0.0009765625,0,False,False,False
0x16b4ddb80,T_1_P_Building_405_0_A4_C2_SPM,Texture,"[""unused-device-resources-0x10ee34000""]",81,2,204,32,32,1,1,1,1,659575CD5D11929E,0,Shared,1024,recorded_allocated_size,2,2,18446744073709551615,Never,0.0009765625,0,False,False,False
0x16b4dde00,T_1_P_Building_406_0_A4_C2_SPM,Texture,"[""unused-device-resources-0x10ee34000""]",81,2,204,32,32,1,1,1,1,E0C27CB422AB265E,0,Shared,1024,recorded_allocated_size,2,2,18446744073709551615,Never,0.0009765625,0,False,False,False
0x16b4de080,T_1_P_Building_407_0_A4_C2_SPM,Texture,"[""unused-device-resources-0x10ee34000""]",81,2,204,32,32,1,1,1,1,46C5A12918F548B6,0,Shared,1024,recorded_allocated_size,2,2,18446744073709551615,Never,0.0009765625,0,False,False,False
0x13b006f80,warning_icon,Texture,"[""unused-device-resources-0x10ee34000""]",81,2,190,32,32,1,1,1,1,DB6B311193BD04E2,0,Shared,1024,recorded_allocated_size,2,2,18446744073709551615,Never,0.0009765625,0,False,False,False
0x13b007480,button_active,Texture,"[""unused-device-resources-0x10ee34000""]",81,2,190,32,31,1,1,1,1,651756DDE0F27F77,0,Shared,1024,recorded_allocated_size,2,2,18446744073709551615,Never,0.0009765625,0,False,False,False
0x138dab480,error_icon,Texture,"[""unused-device-resources-0x10ee34000""]",81,2,190,32,32,1,1,1,1,674250F511D192FD,0,Shared,1024,recorded_allocated_size,2,2,18446744073709551615,Never,0.0009765625,0,False,False,False
0x138dab200,bar,Texture,"[""unused-device-resources-0x10ee34000""]",81,2,190,32,31,1,1,1,1,5C30F0BB37F3136F,0,Shared,1024,recorded_allocated_size,2,2,18446744073709551615,Never,0.0009765625,0,False,False,False
0x143675180,log_icon,Texture,"[""unused-device-resources-0x10ee34000""]",81,2,190,32,32,1,1,1,1,12868E5736ECA397,0,Shared,1024,recorded_allocated_size,2,2,18446744073709551615,Never,0.0009765625,0,False,False,False
0x143676580,button active,Texture,"[""unused-device-resources-0x10ee34000""]",81,2,71,12,12,1,1,1,1,BA2B1C0A8E040295,0,Shared,1024,recorded_allocated_size,2,2,163513408041,Earlier,0.0009765625,0,False,False,False
0x16acdfc00,SM_Flowers01,Buffer,"[""device-resources-0x10ee34000""]",,,,,,,,,,,,,1020,requested_buffer_length,2,3,0,Now,0.000972747802734375,0,False,True,True
0x174076d00,SM_CN_LUMBER_A4_LOD04,Buffer,"[""unused-device-resources-0x10ee34000""]",,,,,,,,,,,,,1020,requested_buffer_length,2,3,74489288041,Earlier,0.000972747802734375,0,False,False,False
0x17b2dd800,,RenderPipeline,"[""unused-device-resources-0x10ee34000""]",,,,,,,,,,,,,1014,recorded_allocated_size,,,,,0.0009670257568359375,0,False,False,False
0x16acc4180,SM_FlagChinaFeudal_003_MorphUV2_MorphExport,Buffer,"[""device-resources-0x10ee34000""]",,,,,,,,,,,,,1008,requested_buffer_length,2,3,0,Now,0.0009613037109375,0,False,True,True
0x176522100,SM_CN_WALL03_A4_LOD04,Buffer,"[""device-resources-0x10ee34000""]",,,,,,,,,,,,,1008,requested_buffer_length,2,3,0,Now,0.0009613037109375,0,False,True,True
0x174077900,M_BH_ODA_LD03_A,Buffer,"[""device-resources-0x10ee34000""]",,,,,,,,,,,,,1008,requested_buffer_length,2,3,0,Now,0.0009613037109375,0,False,True,True
0x16acec000,SM_Flowers02,Buffer,"[""device-resources-0x10ee34000""]",,,,,,,,,,,,,996,requested_buffer_length,2,3,0,Now,0.000949859619140625,0,False,True,True
0x15bfe0300,SM_Rock_10_LOD2,Buffer,"[""device-resources-0x10ee34000""]",,,,,,,,,,,,,990,requested_buffer_length,2,3,0,Now,0.0009441375732421875,0,False,True,True
0x17b2f6400,,RenderPipeline,"[""device-resources-0x10ee34000""]",,,,,,,,,,,,,990,recorded_allocated_size,,,,,0.0009441375732421875,0,False,False,True
0x15bca6400,,RenderPipeline,"[""unused-device-resources-0x10ee34000""]",,,,,,,,,,,,,986,recorded_allocated_size,,,,,0.0009403228759765625,0,False,False,False
0x169735080,M_CN_LUMBERLOG_A4_LD03_A,Buffer,"[""unused-device-resources-0x10ee34000""]",,,,,,,,,,,,,978,requested_buffer_length,2,3,88906766708,Earlier,0.0009326934814453125,0,False,False,False
0x17406bd80,M_BN_FR_HAWKER1_LD03_A,Buffer,"[""device-resources-0x10ee34000""]",,,,,,,,,,,,,972,requested_buffer_length,2,3,0,Now,0.000926971435546875,0,False,True,True
0x174077c00,M_BH_GAIUS_LD03_A,Buffer,"[""device-resources-0x10ee34000""]",,,,,,,,,,,,,972,requested_buffer_length,2,3,0,Now,0.000926971435546875,0,False,True,True
0x17b238780,SM_CN_WALL06_A4_LOD02,Buffer,"[""unused-device-resources-0x10ee34000""]",,,,,,,,,,,,,972,requested_buffer_length,2,3,90967586708,Earlier,0.000926971435546875,0,False,False,False
0x1686b6400,,RenderPipeline,"[""unused-device-resources-0x10ee34000""]",,,,,,,,,,,,,958,recorded_allocated_size,,,,,0.0009136199951171875,0,False,False,False
0x17427cc00,,RenderPipeline,"[""device-resources-0x10ee34000""]",,,,,,,,,,,,,952,recorded_allocated_size,,,,,0.00090789794921875,0,False,False,True
0x13b2a8780,SM_CN_PROPS03_A4_LOD01,Buffer,"[""unused-device-resources-0x10ee34000""]",,,,,,,,,,,,,948,requested_buffer_length,2,3,90967676041,Earlier,0.000904083251953125,0,False,False,False
0x17406ba80,M_BN_FR_BUSINESS1_LD03_A,Buffer,"[""unused-device-resources-0x10ee34000""]",,,,,,,,,,,,,948,requested_buffer_length,2,3,77483532041,Earlier,0.000904083251953125,0,False,False,False
0x178299800,,RenderPipeline,"[""unused-device-resources-0x10ee34000""]",,,,,,,,,,,,,938,recorded_allocated_size,,,,,0.0008945465087890625,0,False,False,False
0x16acc6880,SM_CN_WALL06_A4_LOD03,Buffer,"[""unused-device-resources-0x10ee34000""]",,,,,,,,,,,,,936,requested_buffer_length,2,3,77517817375,Earlier,0.00089263916015625,0,False,False,False
0x1764fe700,M_BH_JOA_LD03_A,Buffer,"[""device-resources-0x10ee34000""]",,,,,,,,,,,,,930,requested_buffer_length,2,3,0,Now,0.0008869171142578125,0,False,True,True
0x169641200,SM_FlagChinaEmpires_002_MorphUV2_MorphExport,Buffer,"[""device-resources-0x10ee34000""]",,,,,,,,,,,,,924,requested_buffer_length,2,3,0,Now,0.000881195068359375,0,False,True,True
0x169641500,SM_FlagChinaEmpires_003_MorphUV2_MorphExport,Buffer,"[""device-resources-0x10ee34000""]",,,,,,,,,,,,,924,requested_buffer_length,2,3,0,Now,0.000881195068359375,0,False,True,True
0x16ae86280,SM_CN_CASTLE10_A4_LOD03,Buffer,"[""unused-device-resources-0x10ee34000""]",,,,,,,,,,,,,924,requested_buffer_length,2,3,77517657375,Earlier,0.000881195068359375,0,False,False,False
0x16aed0d80,SM_FR_WHARF06_A4_LOD02,Buffer,"[""unused-device-resources-0x10ee34000""]",,,,,,,,,,,,,924,requested_buffer_length,2,3,77517894708,Earlier,0.000881195068359375,0,False,False,False
0x16aed2100,SM_CN_PROPS03_A4_LOD02,Buffer,"[""device-resources-0x10ee34000""]",,,,,,,,,,,,,912,requested_buffer_length,2,3,0,Now,0.0008697509765625,0,False,True,True
0x16aed3900,SM_CityTree_04_LOD1,Buffer,"[""device-resources-0x10ee34000""]",,,,,,,,,,,,,912,requested_buffer_length,2,3,0,Now,0.0008697509765625,0,False,True,True
0x1686f7000,,RenderPipeline,"[""unused-device-resources-0x10ee34000""]",,,,,,,,,,,,,912,recorded_allocated_size,,,,,0.0008697509765625,0,False,False,False
0x174069e00,M_BH_SALADIN_LD03_A,Buffer,"[""unused-device-resources-0x10ee34000""]",,,,,,,,,,,,,906,requested_buffer_length,2,3,79450033375,Earlier,0.0008640289306640625,0,False,False,False
0x176523780,st_ui_ring_01,Buffer,"[""unused-device-resources-0x10ee34000""]",,,,,,,,,,,,,900,requested_buffer_length,2,3,79539308041,Earlier,0.000858306884765625,0,False,False,False
0x17407cd80,SM_FR_WHARF02_A4_LOD03,Buffer,"[""device-resources-0x10ee34000""]",,,,,,,,,,,,,896,requested_buffer_length,2,3,0,Now,0.0008544921875,0,False,True,True
0x168c60a00,T_MipLUT_C,Texture,"[""device-resources-0x10ee34000""]",81,2,1,16,16,1,5,1,1,38F7207AA602BE06,0,Shared,896,recorded_allocated_size,2,2,0,Now,0.0008544921875,1,False,True,True
0x17406ae80,M_BM_H_BODY_L1_LD03_A,Buffer,"[""device-resources-0x10ee34000""]",,,,,,,,,,,,,894,requested_buffer_length,2,3,0,Now,0.0008525848388671875,0,False,True,True
0x16acdf600,SM_CN_TENT02_A4_LOD03,Buffer,"[""unused-device-resources-0x10ee34000""]",,,,,,,,,,,,,894,requested_buffer_length,2,3,77517429375,Earlier,0.0008525848388671875,0,False,False,False
0x15bfe0600,SM_NC_PROPS04_A3_LOD02,Buffer,"[""device-resources-0x10ee34000""]",,,,,,,,,,,,,888,requested_buffer_length,2,3,0,Now,0.00084686279296875,0,False,True,True
0x1345f5e00,,ComputePipeline,"[""unused-device-resources-0x10ee34000""]",,,,,,,,,,,,,886,recorded_allocated_size,,,,,0.0008449554443359375,0,False,False,False
0x17b347900,M_BS_CN_PKEMN_L3_LD03_A,Buffer,"[""unused-device-resources-0x10ee34000""]",,,,,,,,,,,,,882,requested_buffer_length,2,3,77483736041,Earlier,0.0008411407470703125,0,False,False,False
0x16ae87d80,SM_Grass10,Buffer,"[""device-resources-0x10ee34000""]",,,,,,,,,,,,,876,requested_buffer_length,2,3,0,Now,0.000835418701171875,0,False,True,True
0x16acc7780,SM_CN_WALL06_A3_LOD03,Buffer,"[""unused-device-resources-0x10ee34000""]",,,,,,,,,,,,,876,requested_buffer_length,2,3,77452689375,Earlier,0.000835418701171875,0,False,False,False
0x1694ba880,SM_FlagChinaCastle_01,Buffer,"[""device-resources-0x10ee34000""]",,,,,,,,,,,,,864,requested_buffer_length,2,3,0,Now,0.000823974609375,0,False,True,True
0x169642700,SM_FlagChinaFeudal_012_MorphUV2_MorphExport,Buffer,"[""device-resources-0x10ee34000""]",,,,,,,,,,,,,852,requested_buffer_length,2,3,0,Now,0.000812530517578125,0,False,True,True
0x176521b00,SM_CN_WALL06_A4_LOD04,Buffer,"[""device-resources-0x10ee34000""]",,,,,,,,,,,,,852,requested_buffer_length,2,3,0,Now,0.000812530517578125,0,False,True,True
0x17b346280,SM_CN_PROPS02_A3_LOD03,Buffer,"[""device-resources-0x10ee34000""]",,,,,,,,,,,,,852,requested_buffer_length,2,3,0,Now,0.000812530517578125,0,False,True,True
0x15bfe1980,M_BA_DEER1_LD03_A,Buffer,"[""unused-device-resources-0x10ee34000""]",,,,,,,,,,,,,834,requested_buffer_length,2,3,77483842708,Earlier,0.0007953643798828125,0,False,False,False
0x16acee100,SM_CN_ARCHERYTARGET_A3_LOD01,Buffer,"[""device-resources-0x10ee34000""]",,,,,,,,,,,,,828,requested_buffer_length,2,3,0,Now,0.000789642333984375,0,False,True,True
0x1694b9f80,SM_Grass_01,Buffer,"[""device-resources-0x10ee34000""]",,,,,,,,,,,,,822,requested_buffer_length,2,3,0,Now,0.0007839202880859375,0,False,True,True
0x1345f6080,,ComputePipeline,"[""unused-device-resources-0x10ee34000""]",,,,,,,,,,,,,812,recorded_allocated_size,,,,,0.000774383544921875,0,False,False,False
0x117944900,SM_CityLotus_CN_01_LOD01,Buffer,"[""device-resources-0x10ee34000""]",,,,,,,,,,,,,810,requested_buffer_length,2,3,0,Now,0.0007724761962890625,0,False,True,True
0x17407c900,SM_FR_WHARF04_A4_LOD03,Buffer,"[""device-resources-0x10ee34000""]",,,,,,,,,,,,,810,requested_buffer_length,2,3,0,Now,0.0007724761962890625,0,False,True,True
0x17406a280,M_BS_CN_ARCHR_L2_LD03_A,Buffer,"[""device-resources-0x10ee34000""]",,,,,,,,,,,,,810,requested_buffer_length,2,3,0,Now,0.0007724761962890625,0,False,True,True
0x17b347c00,M_BS_CN_ARCHR_L3_LD03_A,Buffer,"[""unused-device-resources-0x10ee34000""]",,,,,,,,,,,,,810,requested_buffer_length,2,3,77483725375,Earlier,0.0007724761962890625,0,False,False,False
0x169640000,SM_FlagChinaFeudal_007_MorphUV2_MorphExport,Buffer,"[""device-resources-0x10ee34000""]",,,,,,,,,,,,,804,requested_buffer_length,2,3,0,Now,0.000766754150390625,0,False,True,True
0x169641800,SM_FlagChinaEmpires_004_MorphUV2_MorphExport,Buffer,"[""device-resources-0x10ee34000""]",,,,,,,,,,,,,804,requested_buffer_length,2,3,0,Now,0.000766754150390625,0,False,True,True
0x17b345080,SM_CN_MTPROPS02_A3_LOD04,Buffer,"[""device-resources-0x10ee34000""]",,,,,,,,,,,,,804,requested_buffer_length,2,3,0,Now,0.000766754150390625,0,False,True,True
0x1740acc00,,RenderPipeline,"[""unused-device-resources-0x10ee34000""]",,,,,,,,,,,,,802,recorded_allocated_size,,,,,0.0007648468017578125,0,False,False,False
0x176510300,SM_CN_PROPS06_A3_LOD01,Buffer,"[""unused-device-resources-0x10ee34000""]",,,,,,,,,,,,,798,requested_buffer_length,2,3,90967049375,Earlier,0.0007610321044921875,0,False,False,False
0x16ae84300,SM_NC_PROPSGROUP03B_A0_LOD02,Buffer,"[""device-resources-0x10ee34000""]",,,,,,,,,,,,,780,requested_buffer_length,2,3,0,Now,0.000743865966796875,0,False,True,True
0x174074480,M_BH_BOUDICA_LD03_A,Buffer,"[""unused-device-resources-0x10ee34000""]",,,,,,,,,,,,,774,requested_buffer_length,2,3,79449938708,Earlier,0.0007381439208984375,0,False,False,False
0x1740b4000,,RenderPipeline,"[""unused-device-resources-0x10ee34000""]",,,,,,,,,,,,,770,recorded_allocated_size,,,,,0.0007343292236328125,0,False,False,False
0x1740bcc00,,RenderPipeline,"[""unused-device-resources-0x10ee34000""]",,,,,,,,,,,,,770,recorded_allocated_size,,,,,0.0007343292236328125,0,False,False,False
0x176522d00,SM_FR_WHARF06_A4_LOD03,Buffer,"[""device-resources-0x10ee34000""]",,,,,,,,,,,,,768,requested_buffer_length,2,3,0,Now,0.000732421875,0,False,True,True
0x16b55db00,SM_Box_UV_01,Buffer,"[""unused-device-resources-0x10ee34000""]",,,,,,,,,,,,,768,requested_buffer_length,2,3,18446744073709551615,Never,0.000732421875,0,False,False,False
0x1178d2580,UnityBlackCube,Texture,"[""unused-device-resources-0x10ee34000""]",81,5,71,1,1,1,1,1,1,33E63C2174969971,0,Shared,768,recorded_allocated_size,2,2,168871529375,Earlier,0.000732421875,0,False,False,False
0x1178d2f80,UnityDefaultCubeArray,Texture,"[""unused-device-resources-0x10ee34000""]",81,6,71,1,1,1,1,1,1,D25EB9C8892E3EC3,0,Shared,768,recorded_allocated_size,2,2,168871464041,Earlier,0.000732421875,0,False,False,False
0x1178d3200,UnityDefaultCube,Texture,"[""unused-device-resources-0x10ee34000""]",81,5,71,1,1,1,1,1,1,4BFB1A32DCB672CF,0,Shared,768,recorded_allocated_size,2,2,168871456041,Earlier,0.000732421875,0,False,False,False
0x17406b480,M_BN_CN_MFARMER1_LD03_A,Buffer,"[""device-resources-0x10ee34000""]",,,,,,,,,,,,,762,requested_buffer_length,2,3,0,Now,0.0007266998291015625,0,False,True,True
0x174074180,M_BS_CN_PKEMN_L2_LD03_A,Buffer,"[""device-resources-0x10ee34000""]",,,,,,,,,,,,,762,requested_buffer_length,2,3,0,Now,0.0007266998291015625,0,False,True,True
0x17406a580,M_BS_CN_SCBAL_L3_LD03_A,Buffer,"[""unused-device-resources-0x10ee34000""]",,,,,,,,,,,,,762,requested_buffer_length,2,3,77483609375,Earlier,0.0007266998291015625,0,False,False,False
0x1345f5900,,ComputePipeline,"[""unused-device-resources-0x10ee34000""]",,,,,,,,,,,,,754,recorded_allocated_size,,,,,0.0007190704345703125,0,False,False,False
0x174069200,M_BN_CN_FFARMER1_LD03_A,Buffer,"[""unused-device-resources-0x10ee34000""]",,,,,,,,,,,,,744,requested_buffer_length,2,3,77483638708,Earlier,0.00070953369140625,0,False,False,False
0x15bfe0a80,M_BA_BIRD1_LD03_A,Buffer,"[""device-resources-0x10ee34000""]",,,,,,,,,,,,,732,requested_buffer_length,2,3,0,Now,0.000698089599609375,0,False,True,True
0x15bfe2580,M_BA_SHEEP1_LD03_A,Buffer,"[""unused-device-resources-0x10ee34000""]",,,,,,,,,,,,,732,requested_buffer_length,2,3,77483865375,Earlier,0.000698089599609375,0,False,False,False
0x16aed0a80,SM_FR_WHARF05_A4_LOD02,Buffer,"[""unused-device-resources-0x10ee34000""]",,,,,,,,,,,,,732,requested_buffer_length,2,3,77452905375,Earlier,0.000698089599609375,0,False,False,False
0x16b55e880,ChamferBox02B,Buffer,"[""unused-device-resources-0x10ee34000""]",,,,,,,,,,,,,720,requested_buffer_length,2,3,18446744073709551615,Never,0.0006866455078125,0,False,False,False
0x17b347600,M_BA_HORSE1_LD03_A,Buffer,"[""device-resources-0x10ee34000""]",,,,,,,,,,,,,714,requested_buffer_length,2,3,0,Now,0.0006809234619140625,0,False,True,True
0x174068600,M_BS_CN_PALDN_L3_LD03_A,Buffer,"[""device-resources-0x10ee34000""]",,,,,,,,,,,,,714,requested_buffer_length,2,3,0,Now,0.0006809234619140625,0,False,True,True
0x174068000,M_BS_CN_CHANG_L3_LD03_A,Buffer,"[""unused-device-resources-0x10ee34000""]",,,,,,,,,,,,,714,requested_buffer_length,2,3,77483716041,Earlier,0.0006809234619140625,0,False,False,False
0x16b552400,,RenderPipeline,"[""device-resources-0x10ee34000""]",,,,,,,,,,,,,710,recorded_allocated_size,,,,,0.0006771087646484375,0,False,False,True
0x16b553000,,RenderPipeline,"[""device-resources-0x10ee34000""]",,,,,,,,,,,,,710,recorded_allocated_size,,,,,0.0006771087646484375,0,False,False,True
0x1740ac000,,RenderPipeline,"[""device-resources-0x10ee34000""]",,,,,,,,,,,,,710,recorded_allocated_size,,,,,0.0006771087646484375,0,False,False,True
0x176522700,SM_CN_WALL02_A4_LOD04,Buffer,"[""device-resources-0x10ee34000""]",,,,,,,,,,,,,696,requested_buffer_length,2,3,0,Now,0.00066375732421875,0,False,True,True
0x1764ffc00,,Buffer,"[""device-resources-0x10ee34000""]",,,,,,,,,,,,,696,requested_buffer_length,2,3,0,Now,0.00066375732421875,0,False,True,True
0x174068f00,M_BN_CN_FEMALE1_LD03_A,Buffer,"[""unused-device-resources-0x10ee34000""]",,,,,,,,,,,,,696,requested_buffer_length,2,3,77483648041,Earlier,0.00066375732421875,0,False,False,False
0x1686b4c00,,RenderPipeline,"[""unused-device-resources-0x10ee34000""]",,,,,,,,,,,,,694,recorded_allocated_size,,,,,0.0006618499755859375,0,False,False,False
0x17426d800,,RenderPipeline,"[""device-resources-0x10ee34000""]",,,,,,,,,,,,,690,recorded_allocated_size,,,,,0.0006580352783203125,0,False,False,True
0x17b344180,SM_CN_CASTLE09_A3_LOD04,Buffer,"[""device-resources-0x10ee34000""]",,,,,,,,,,,,,684,requested_buffer_length,2,3,0,Now,0.000652313232421875,0,False,True,True
0x17406a880,M_BS_CN_PALDN_L2_LD03_A,Buffer,"[""device-resources-0x10ee34000""]",,,,,,,,,,,,,684,requested_buffer_length,2,3,0,Now,0.000652313232421875,0,False,True,True
0x1764fab80,M_BS_CN_CHANG_L2_LD03_A,Buffer,"[""device-resources-0x10ee34000""]",,,,,,,,,,,,,684,requested_buffer_length,2,3,0,Now,0.000652313232421875,0,False,True,True
0x1345f5b80,,ComputePipeline,"[""unused-device-resources-0x10ee34000""]",,,,,,,,,,,,,680,recorded_allocated_size,,,,,0.00064849853515625,0,False,False,False
0x174069800,M_BN_CN_THIN1_LD03_A,Buffer,"[""device-resources-0x10ee34000""]",,,,,,,,,,,,,678,requested_buffer_length,2,3,0,Now,0.0006465911865234375,0,False,True,True
0x1694b8000,SM_Grass17,Buffer,"[""device-resources-0x10ee34000""]",,,,,,,,,,,,,672,requested_buffer_length,2,3,0,Now,0.000640869140625,0,False,True,True
0x174068900,M_BN_CN_FAT1_LD03_A,Buffer,"[""device-resources-0x10ee34000""]",,,,,,,,,,,,,672,requested_buffer_length,2,3,0,Now,0.000640869140625,0,False,True,True
0x16aced500,SM_NC_PROPS07_A3_LOD02,Buffer,"[""unused-device-resources-0x10ee34000""]",,,,,,,,,,,,,672,requested_buffer_length,2,3,77452894708,Earlier,0.000640869140625,0,False,False,False
0x1743f4c00,,RenderPipeline,"[""device-resources-0x10ee34000""]",,,,,,,,,,,,,666,recorded_allocated_size,,,,,0.0006351470947265625,0,False,False,True
0x174069b00,M_BH_JUSTINIAN_LD03_A,Buffer,"[""unused-device-resources-0x10ee34000""]",,,,,,,,,,,,,660,requested_buffer_length,2,3,79450042708,Earlier,0.000629425048828125,0,False,False,False
0x16accc180,SM_CN_WALL02_A3_LOD03,Buffer,"[""unused-device-resources-0x10ee34000""]",,,,,,,,,,,,,648,requested_buffer_length,2,3,77452684041,Earlier,0.00061798095703125,0,False,False,False
0x16aced980,SM_NC_CITYROAD01_A0_LOD01,Buffer,"[""device-resources-0x10ee34000""]",,,,,,,,,,,,,640,requested_buffer_length,2,3,0,Now,0.0006103515625,0,False,True,True
0x16acef900,SM_NC_CITYROAD02_A0_LOD01,Buffer,"[""device-resources-0x10ee34000""]",,,,,,,,,,,,,640,requested_buffer_length,2,3,0,Now,0.0006103515625,0,False,True,True
0x169736280,SM_NC_CITYROAD06_A0_LOD01,Buffer,"[""device-resources-0x10ee34000""]",,,,,,,,,,,,,640,requested_buffer_length,2,3,0,Now,0.0006103515625,0,False,True,True
0x16aceea00,SM_CN_DRILLG03_A3_LOD03,Buffer,"[""unused-device-resources-0x10ee34000""]",,,,,,,,,,,,,636,requested_buffer_length,2,3,77452898708,Earlier,0.000606536865234375,0,False,False,False
0x1740af000,,RenderPipeline,"[""unused-device-resources-0x10ee34000""]",,,,,,,,,,,,,616,recorded_allocated_size,,,,,0.00058746337890625,0,False,False,False
0x1740b0000,,RenderPipeline,"[""unused-device-resources-0x10ee34000""]",,,,,,,,,,,,,616,recorded_allocated_size,,,,,0.00058746337890625,0,False,False,False
0x1740b0c00,,RenderPipeline,"[""unused-device-resources-0x10ee34000""]",,,,,,,,,,,,,616,recorded_allocated_size,,,,,0.00058746337890625,0,False,False,False
0x1740b1800,,RenderPipeline,"[""unused-device-resources-0x10ee34000""]",,,,,,,,,,,,,616,recorded_allocated_size,,,,,0.00058746337890625,0,False,False,False
0x1740b3000,,RenderPipeline,"[""unused-device-resources-0x10ee34000""]",,,,,,,,,,,,,616,recorded_allocated_size,,,,,0.00058746337890625,0,False,False,False
0x1740b7000,,RenderPipeline,"[""unused-device-resources-0x10ee34000""]",,,,,,,,,,,,,616,recorded_allocated_size,,,,,0.00058746337890625,0,False,False,False
0x1740bc000,,RenderPipeline,"[""unused-device-resources-0x10ee34000""]",,,,,,,,,,,,,616,recorded_allocated_size,,,,,0.00058746337890625,0,False,False,False
0x1690f7900,SM_FlagChinaFeudal_014_MorphUV2_MorphExport,Buffer,"[""device-resources-0x10ee34000""]",,,,,,,,,,,,,612,requested_buffer_length,2,3,0,Now,0.000583648681640625,0,False,True,True
0x16aed1e00,M_CN_PROPS04_A4_LD02_A,Buffer,"[""device-resources-0x10ee34000""]",,,,,,,,,,,,,612,requested_buffer_length,2,3,0,Now,0.000583648681640625,0,False,True,True
0x174076700,M_CN_LUMBERLOG_A4_LD04_A,Buffer,"[""unused-device-resources-0x10ee34000""]",,,,,,,,,,,,,612,requested_buffer_length,2,3,88906069375,Earlier,0.000583648681640625,0,False,False,False
0x17b236400,,RenderPipeline,"[""unused-device-resources-0x10ee34000""]",,,,,,,,,,,,,612,recorded_allocated_size,,,,,0.000583648681640625,0,False,False,False
0x176403000,,RenderPipeline,"[""device-resources-0x10ee34000""]",,,,,,,,,,,,,590,recorded_allocated_size,,,,,0.0005626678466796875,0,False,False,True
0x1686f0c00,,RenderPipeline,"[""unused-device-resources-0x10ee34000""]",,,,,,,,,,,,,590,recorded_allocated_size,,,,,0.0005626678466796875,0,False,False,False
0x16acdd080,SM_CN_CENTERPORPS01_A3_LOD00,Buffer,"[""device-resources-0x10ee34000""]",,,,,,,,,,,,,588,requested_buffer_length,2,3,0,Now,0.000560760498046875,0,False,True,True
0x17406ab80,M_BS_CN_PALDN_L2_H_LD03_A,Buffer,"[""device-resources-0x10ee34000""]",,,,,,,,,,,,,588,requested_buffer_length,2,3,0,Now,0.000560760498046875,0,False,True,True
0x174068300,M_BS_CN_PALDN_L3_H_LD03_A,Buffer,"[""unused-device-resources-0x10ee34000""]",,,,,,,,,,,,,588,requested_buffer_length,2,3,90796726708,Earlier,0.000560760498046875,0,False,False,False
0x16acdf300,SM_CN_PROPS04_A3_LOD02,Buffer,"[""unused-device-resources-0x10ee34000""]",,,,,,,,,,,,,582,requested_buffer_length,2,3,77517468041,Earlier,0.0005550384521484375,0,False,False,False
0x17b23ab80,SM_CN_WALL05_A4_LOD02,Buffer,"[""unused-device-resources-0x10ee34000""]",,,,,,,,,,,,,582,requested_buffer_length,2,3,90967510708,Earlier,0.0005550384521484375,0,False,False,False
0x1690f5980,Plane001,Buffer,"[""device-resources-0x10ee34000""]",,,,,,,,,,,,,576,requested_buffer_length,2,3,0,Now,0.00054931640625,0,False,True,True
0x16acc6280,SM_FlagChinaFeudal_015_MorphUV2_MorphExport,Buffer,"[""device-resources-0x10ee34000""]",,,,,,,,,,,,,576,requested_buffer_length,2,3,0,Now,0.00054931640625,0,False,True,True
0x17b239c80,SM_CN_WALL04_A4_LOD02,Buffer,"[""unused-device-resources-0x10ee34000""]",,,,,,,,,,,,,570,requested_buffer_length,2,3,90967532041,Earlier,0.0005435943603515625,0,False,False,False
0x17827d800,,RenderPipeline,"[""unused-device-resources-0x10ee34000""]",,,,,,,,,,,,,566,recorded_allocated_size,,,,,0.0005397796630859375,0,False,False,False
0x17827f000,,RenderPipeline,"[""unused-device-resources-0x10ee34000""]",,,,,,,,,,,,,566,recorded_allocated_size,,,,,0.0005397796630859375,0,False,False,False
0x178298000,,RenderPipeline,"[""unused-device-resources-0x10ee34000""]",,,,,,,,,,,,,566,recorded_allocated_size,,,,,0.0005397796630859375,0,False,False,False
0x176521680,SM_CN_CASTLE10_A4_LOD04,Buffer,"[""device-resources-0x10ee34000""]",,,,,,,,,,,,,564,requested_buffer_length,2,3,0,Now,0.000537872314453125,0,False,True,True
0x16acccc00,SM_CN_WALL05_A4_LOD03,Buffer,"[""unused-device-resources-0x10ee34000""]",,,,,,,,,,,,,564,requested_buffer_length,2,3,77517734708,Earlier,0.000537872314453125,0,False,False,False
0x16acc7d80,SM_CN_WALL04_A4_LOD03,Buffer,"[""unused-device-resources-0x10ee34000""]",,,,,,,,,,,,,552,requested_buffer_length,2,3,77517753375,Earlier,0.00052642822265625,0,False,False,False
0x17827e400,,RenderPipeline,"[""unused-device-resources-0x10ee34000""]",,,,,,,,,,,,,552,recorded_allocated_size,,,,,0.00052642822265625,0,False,False,False
0x16acc4c00,SM_NC_PROPS01_A3_LOD02,Buffer,"[""device-resources-0x10ee34000""]",,,,,,,,,,,,,540,requested_buffer_length,2,3,0,Now,0.000514984130859375,0,False,True,True
0x16ae84000,SM_NC_PROPS05_A3_LOD02,Buffer,"[""device-resources-0x10ee34000""]",,,,,,,,,,,,,540,requested_buffer_length,2,3,0,Now,0.000514984130859375,0,False,True,True
0x1694b8180,SM_Grass16,Buffer,"[""device-resources-0x10ee34000""]",,,,,,,,,,,,,528,requested_buffer_length,2,3,0,Now,0.0005035400390625,0,False,True,True
0x1694b9c80,SM_Grass17_B_02,Buffer,"[""device-resources-0x10ee34000""]",,,,,,,,,,,,,528,requested_buffer_length,2,3,0,Now,0.0005035400390625,0,False,True,True
0x17b23a580,SM_NC_PROPS03_A3_LOD01,Buffer,"[""unused-device-resources-0x10ee34000""]",,,,,,,,,,,,,528,requested_buffer_length,2,3,90967500041,Earlier,0.0005035400390625,0,False,False,False
0x176523d80,SM_CN_WALL05_A4_LOD04,Buffer,"[""device-resources-0x10ee34000""]",,,,,,,,,,,,,522,requested_buffer_length,2,3,0,Now,0.0004978179931640625,0,False,True,True
0x1345f6300,,ComputePipeline,"[""unused-device-resources-0x10ee34000""]",,,,,,,,,,,,,520,recorded_allocated_size,,,,,0.00049591064453125,0,False,False,False
0x143676800,button hover,Texture,"[""unused-device-resources-0x10ee34000""]",81,2,42,12,12,1,1,1,1,69DB5C7FAFD09694,0,Shared,512,recorded_allocated_size,2,2,163513396041,Earlier,0.00048828125,0,False,False,False
0x143676a80,button on hover,Texture,"[""unused-device-resources-0x10ee34000""]",81,2,42,12,12,1,1,1,1,F01B9A66CB3B9FDB,0,Shared,512,recorded_allocated_size,2,2,163513386708,Earlier,0.00048828125,0,False,False,False
0x143676d00,button on,Texture,"[""unused-device-resources-0x10ee34000""]",81,2,42,12,12,1,1,1,1,EAF727823BD87935,0,Shared,512,recorded_allocated_size,2,2,163513378708,Earlier,0.00048828125,0,False,False,False
0x143676f80,button,Texture,"[""unused-device-resources-0x10ee34000""]",81,2,42,12,12,1,1,1,1,C5FF052827C1DA53,0,Shared,512,recorded_allocated_size,2,2,163513369375,Earlier,0.00048828125,0,False,False,False
0x143677c00,toggle active,Texture,"[""unused-device-resources-0x10ee34000""]",81,2,42,14,14,1,1,1,1,C847BAA95A7BFB93,0,Shared,512,recorded_allocated_size,2,2,163513244041,Earlier,0.00048828125,0,False,False,False
0x13b006a80,toggle hover,Texture,"[""unused-device-resources-0x10ee34000""]",81,2,42,14,14,1,1,1,1,CF22DB6023075EF0,0,Shared,512,recorded_allocated_size,2,2,163513224041,Earlier,0.00048828125,0,False,False,False
0x1436ac000,toggle on hover,Texture,"[""unused-device-resources-0x10ee34000""]",81,2,42,14,14,1,1,1,1,E0D6F3E9285F3A45,0,Shared,512,recorded_allocated_size,2,2,163513205375,Earlier,0.00048828125,0,False,False,False
0x1436ac280,toggle on,Texture,"[""unused-device-resources-0x10ee34000""]",81,2,42,14,14,1,1,1,1,6786026407C8432,0,Shared,512,recorded_allocated_size,2,2,163513196041,Earlier,0.00048828125,0,False,False,False
0x1436ac500,toggle on active,Texture,"[""unused-device-resources-0x10ee34000""]",81,2,42,14,14,1,1,1,1,F54409B0E62DE60C,0,Shared,512,recorded_allocated_size,2,2,163513186708,Earlier,0.00048828125,0,False,False,False
0x1436ac780,toggle,Texture,"[""unused-device-resources-0x10ee34000""]",81,2,42,14,14,1,1,1,1,35D658AF70526028,0,Shared,512,recorded_allocated_size,2,2,163513177375,Earlier,0.00048828125,0,False,False,False
0x1436ad400,textfield,Texture,"[""unused-device-resources-0x10ee34000""]",81,2,42,12,12,1,1,1,1,BD65873035F887DE,0,Shared,512,recorded_allocated_size,2,2,163512454708,Earlier,0.00048828125,0,False,False,False
0x1436ad680,textfield on,Texture,"[""unused-device-resources-0x10ee34000""]",81,2,42,12,12,1,1,1,1,583CD90691C05619,0,Shared,512,recorded_allocated_size,2,2,163512445375,Earlier,0.00048828125,0,False,False,False
0x1436ad900,textfield hover,Texture,"[""unused-device-resources-0x10ee34000""]",81,2,42,12,12,1,1,1,1,EE35B7F3538AF94E,0,Shared,512,recorded_allocated_size,2,2,163512436041,Earlier,0.00048828125,0,False,False,False
0x143676300,box,Texture,"[""unused-device-resources-0x10ee34000""]",81,2,42,12,12,1,1,1,1,E04A78DECDB1E53A,0,Shared,512,recorded_allocated_size,2,2,163513426708,Earlier,0.00048828125,0,False,False,False
0x176522580,SM_CN_WALL04_A4_LOD04,Buffer,"[""device-resources-0x10ee34000""]",,,,,,,,,,,,,510,requested_buffer_length,2,3,0,Now,0.0004863739013671875,0,False,True,True
0x16acde880,SM_CN_PROPS06_A3_LOD02,Buffer,"[""unused-device-resources-0x10ee34000""]",,,,,,,,,,,,,510,requested_buffer_length,2,3,77517413375,Earlier,0.0004863739013671875,0,False,False,False
0x17b345380,SM_CN_MTPROPS01_A3_LOD04,Buffer,"[""device-resources-0x10ee34000""]",,,,,,,,,,,,,504,requested_buffer_length,2,3,0,Now,0.00048065185546875,0,False,True,True
0x15bfe3180,SM_CityWater_04,Buffer,"[""unused-device-resources-0x10ee34000""]",,,,,,,,,,,,,504,requested_buffer_length,2,3,89067761375,Earlier,0.00048065185546875,0,False,False,False
0x13b2b7000,,RenderPipeline,"[""unused-device-resources-0x10ee34000""]",,,,,,,,,,,,,490,recorded_allocated_size,,,,,0.0004673004150390625,0,False,False,False
0x1690f5c80,Pubu02,Buffer,"[""device-resources-0x10ee34000""]",,,,,,,,,,,,,480,requested_buffer_length,2,3,0,Now,0.000457763671875,0,False,True,True
0x16accfd80,SM_NC_PROPSGROUP05B_A0_LOD02,Buffer,"[""device-resources-0x10ee34000""]",,,,,,,,,,,,,480,requested_buffer_length,2,3,0,Now,0.000457763671875,0,False,True,True
0x169734000,SM_CN_MILLWater01_A4,Buffer,"[""unused-device-resources-0x10ee34000""]",,,,,,,,,,,,,480,requested_buffer_length,2,3,18446744073709551615,Never,0.000457763671875,0,False,False,False
0x16acde280,Plane001,Buffer,"[""unused-device-resources-0x10ee34000""]",,,,,,,,,,,,,480,requested_buffer_length,2,3,18446744073709551615,Never,0.000457763671875,0,False,False,False
0x17b23b780,SM_NC_PROPS05B_A0_LOD01,Buffer,"[""unused-device-resources-0x10ee34000""]",,,,,,,,,,,,,480,requested_buffer_length,2,3,90967621375,Earlier,0.000457763671875,0,False,False,False
0x1690f4480,SM_Hongsong_LOD1,Buffer,"[""unused-device-resources-0x10ee34000""]",,,,,,,,,,,,,480,requested_buffer_length,2,3,77453176041,Earlier,0.000457763671875,0,False,False,False
0x17b346580,SM_CN_TENT02_A4_LOD04,Buffer,"[""device-resources-0x10ee34000""]",,,,,,,,,,,,,462,requested_buffer_length,2,3,0,Now,0.0004405975341796875,0,False,True,True
0x1740ad800,,RenderPipeline,"[""unused-device-resources-0x10ee34000""]",,,,,,,,,,,,,438,recorded_allocated_size,,,,,0.0004177093505859375,0,False,False,False
0x1740b2400,,RenderPipeline,"[""unused-device-resources-0x10ee34000""]",,,,,,,,,,,,,438,recorded_allocated_size,,,,,0.0004177093505859375,0,False,False,False
0x1740b4c00,,RenderPipeline,"[""unused-device-resources-0x10ee34000""]",,,,,,,,,,,,,438,recorded_allocated_size,,,,,0.0004177093505859375,0,False,False,False
0x1740b5800,,RenderPipeline,"[""unused-device-resources-0x10ee34000""]",,,,,,,,,,,,,438,recorded_allocated_size,,,,,0.0004177093505859375,0,False,False,False
0x1740b6400,,RenderPipeline,"[""unused-device-resources-0x10ee34000""]",,,,,,,,,,,,,438,recorded_allocated_size,,,,,0.0004177093505859375,0,False,False,False
0x1690f7180,st_pubukou02,Buffer,"[""unused-device-resources-0x10ee34000""]",,,,,,,,,,,,,432,requested_buffer_length,2,3,89005233375,Earlier,0.0004119873046875,0,False,False,False
0x1690f7480,st_pubukou003,Buffer,"[""unused-device-resources-0x10ee34000""]",,,,,,,,,,,,,432,requested_buffer_length,2,3,18446744073709551615,Never,0.0004119873046875,0,False,False,False
0x1690f5080,Plane001_UV,Buffer,"[""unused-device-resources-0x10ee34000""]",,,,,,,,,,,,,432,requested_buffer_length,2,3,18446744073709551615,Never,0.0004119873046875,0,False,False,False
0x17b346880,SM_CN_PROPS06_A3_LOD03,Buffer,"[""device-resources-0x10ee34000""]",,,,,,,,,,,,,426,requested_buffer_length,2,3,0,Now,0.0004062652587890625,0,False,True,True
0x17b238900,SM_CN_CASTLE04_A4_LOD02,Buffer,"[""unused-device-resources-0x10ee34000""]",,,,,,,,,,,,,426,requested_buffer_length,2,3,90967430708,Earlier,0.0004062652587890625,0,False,False,False
0x16852d800,,RenderPipeline,"[""unused-device-resources-0x10ee34000""]",,,,,,,,,,,,,426,recorded_allocated_size,,,,,0.0004062652587890625,0,False,False,False
0x168786400,,RenderPipeline,"[""unused-device-resources-0x10ee34000""]",,,,,,,,,,,,,420,recorded_allocated_size,,,,,0.000400543212890625,0,False,False,False
0x16ae87780,SM_CN_CASTLE04_A4_LOD03,Buffer,"[""unused-device-resources-0x10ee34000""]",,,,,,,,,,,,,414,requested_buffer_length,2,3,77517680041,Earlier,0.0003948211669921875,0,False,False,False
0x17b238300,SM_CN_CASTLE03_A4_LOD02,Buffer,"[""unused-device-resources-0x10ee34000""]",,,,,,,,,,,,,408,requested_buffer_length,2,3,90967453375,Earlier,0.00038909912109375,0,False,False,False
0x16acc5980,SM_CN_CASTLE03_A4_LOD03,Buffer,"[""unused-device-resources-0x10ee34000""]",,,,,,,,,,,,,408,requested_buffer_length,2,3,77517700041,Earlier,0.00038909912109375,0,False,False,False
0x16acc4480,SM_FlagChinaFeudal_006_MorphUV2_MorphExport,Buffer,"[""device-resources-0x10ee34000""]",,,,,,,,,,,,,384,requested_buffer_length,2,3,0,Now,0.0003662109375,0,False,True,True
0x17b345980,SM_CN_PROPS04_A3_LOD03,Buffer,"[""device-resources-0x10ee34000""]",,,,,,,,,,,,,384,requested_buffer_length,2,3,0,Now,0.0003662109375,0,False,True,True
0x176523480,shape_partten,Buffer,"[""unused-device-resources-0x10ee34000""]",,,,,,,,,,,,,384,requested_buffer_length,2,3,18446744073709551615,Never,0.0003662109375,0,False,False,False
0x1722d2100,shape_partten,Buffer,"[""unused-device-resources-0x10ee34000""]",,,,,,,,,,,,,384,requested_buffer_length,2,3,18446744073709551615,Never,0.0003662109375,0,False,False,False
0x143672d00,,Buffer,"[""unused-device-resources-0x10ee34000""]",,,,,,,,,,,,,384,requested_buffer_length,2,3,159421214708,Earlier,0.0003662109375,0,False,False,False
0x1690f5680,st_Plane01,Buffer,"[""unused-device-resources-0x10ee34000""]",,,,,,,,,,,,,384,requested_buffer_length,2,3,18446744073709551615,Never,0.0003662109375,0,False,False,False
0x1178d1680,UnityRed,Texture,"[""unused-device-resources-0x10ee34000""]",81,2,71,4,4,1,3,1,1,AA7A1FAB6D359378,0,Shared,384,recorded_allocated_size,2,2,168871624041,Earlier,0.0003662109375,0,False,False,False
0x1740e4d80,SM_NC_PROPS04_A0_LOD01,Buffer,"[""unused-device-resources-0x10ee34000""]",,,,,,,,,,,,,372,requested_buffer_length,2,3,90967286708,Earlier,0.000354766845703125,0,False,False,False
0x16aed2d00,Cylinder002,Buffer,"[""unused-device-resources-0x10ee34000""]",,,,,,,,,,,,,360,requested_buffer_length,2,3,18446744073709551615,Never,0.00034332275390625,0,False,False,False
0x16acef480,SM_FR_WEAPONRACK_A3_LOD02,Buffer,"[""device-resources-0x10ee34000""]",,,,,,,,,,,,,348,requested_buffer_length,2,3,0,Now,0.000331878662109375,0,False,True,True
0x1687d0a80,SM_FR_WHARF03_A4_LOD01,Buffer,"[""unused-device-resources-0x10ee34000""]",,,,,,,,,,,,,348,requested_buffer_length,2,3,90967705375,Earlier,0.000331878662109375,0,False,False,False
0x17b23b600,SM_NC_PROPS11D_A0_LOD01,Buffer,"[""unused-device-resources-0x10ee34000""]",,,,,,,,,,,,,348,requested_buffer_length,2,3,90967644041,Earlier,0.000331878662109375,0,False,False,False
0x1345f5680,,ComputePipeline,"[""unused-device-resources-0x10ee34000""]",,,,,,,,,,,,,344,recorded_allocated_size,,,,,0.00032806396484375,0,False,False,False
0x16aed1500,SM_FR_WHARF03_A4_LOD02,Buffer,"[""unused-device-resources-0x10ee34000""]",,,,,,,,,,,,,324,requested_buffer_length,2,3,77517925375,Earlier,0.000308990478515625,0,False,False,False
0x16acef300,SM_FR_BARRACKTARGET_A3_LOD01,Buffer,"[""device-resources-0x10ee34000""]",,,,,,,,,,,,,300,requested_buffer_length,2,3,0,Now,0.000286102294921875,0,False,True,True
0x169643d80,SM_CN_MILLWater02_A4,Buffer,"[""unused-device-resources-0x10ee34000""]",,,,,,,,,,,,,300,requested_buffer_length,2,3,18446744073709551615,Never,0.000286102294921875,0,False,False,False
0x1764fb480,,Buffer,"[""unused-device-resources-0x10ee34000""]",,,,,,,,,,,,,300,requested_buffer_length,2,3,34450708,Earlier,0.000286102294921875,0,False,False,False
0x17407df80,,Buffer,"[""unused-device-resources-0x10ee34000""]",,,,,,,,,,,,,300,requested_buffer_length,2,3,1060041,Earlier,0.000286102294921875,0,False,False,False
0x17407c180,,Buffer,"[""capture""]",,,,,,,,,,,,,300,requested_buffer_length,,,,,0.000286102294921875,0,False,True,False
0x1694b9080,LOD0SG11,Buffer,"[""device-resources-0x10ee34000""]",,,,,,,,,,,,,294,requested_buffer_length,2,3,0,Now,0.0002803802490234375,0,False,True,True
0x176520600,SM_CN_CASTLE04_A4_LOD04,Buffer,"[""device-resources-0x10ee34000""]",,,,,,,,,,,,,282,requested_buffer_length,2,3,0,Now,0.0002689361572265625,0,False,True,True
0x178186400,,RenderPipeline,"[""unused-device-resources-0x10ee34000""]",,,,,,,,,,,,,278,recorded_allocated_size,,,,,0.0002651214599609375,0,False,False,False
0x16accf780,SM_NC_PROPS05B_A0_LOD02,Buffer,"[""device-resources-0x10ee34000""]",,,,,,,,,,,,,276,requested_buffer_length,2,3,0,Now,0.000263214111328125,0,False,True,True
0x1694b8600,SM_GrassReed_01,Buffer,"[""device-resources-0x10ee34000""]",,,,,,,,,,,,,264,requested_buffer_length,2,3,0,Now,0.00025177001953125,0,False,True,True
0x17b239f80,SM_NC_PROPS11C_A0_LOD01,Buffer,"[""unused-device-resources-0x10ee34000""]",,,,,,,,,,,,,264,requested_buffer_length,2,3,90967386708,Earlier,0.00025177001953125,0,False,False,False
0x143677480,slider thumb active,Texture,"[""unused-device-resources-0x10ee34000""]",81,2,42,8,12,1,1,1,1,E73D230E46B1069E,0,Shared,256,recorded_allocated_size,2,2,163513290708,Earlier,0.000244140625,0,False,False,False
0x143677700,slider thumb,Texture,"[""unused-device-resources-0x10ee34000""]",81,2,42,8,12,1,1,1,1,9A7B0FF304C09186,0,Shared,256,recorded_allocated_size,2,2,163513281375,Earlier,0.000244140625,0,False,False,False
0x143677980,slidert humb hover,Texture,"[""unused-device-resources-0x10ee34000""]",81,2,42,8,12,1,1,1,1,D7E59A929EE92E53,0,Shared,256,recorded_allocated_size,2,2,163513265375,Earlier,0.000244140625,0,False,False,False
0x1178d3980,UnityDitherMask2D,Texture,"[""unused-device-resources-0x10ee34000""]",81,2,1,4,64,1,1,1,1,C26B7CD3647FCB10,0,Shared,256,recorded_allocated_size,2,2,168871409375,Earlier,0.000244140625,0,False,False,False
0x13b007200,selected,Texture,"[""unused-device-resources-0x10ee34000""]",81,2,190,16,16,1,1,1,1,DCA0C6EC8810F0C9,0,Shared,256,recorded_allocated_size,2,2,18446744073709551615,Never,0.000244140625,0,False,False,False
0x138daa800,odd_log,Texture,"[""unused-device-resources-0x10ee34000""]",81,2,190,16,16,1,1,1,1,D0F46349CA53452E,0,Shared,256,recorded_allocated_size,2,2,18446744073709551615,Never,0.000244140625,0,False,False,False
0x143674f00,even_log,Texture,"[""unused-device-resources-0x10ee34000""]",81,2,190,16,16,1,1,1,1,B3914CAF69C8FAF6,0,Shared,256,recorded_allocated_size,2,2,18446744073709551615,Never,0.000244140625,0,False,False,False
0x1690f6580,st_pubukou01,Buffer,"[""device-resources-0x10ee34000""]",,,,,,,,,,,,,240,requested_buffer_length,2,3,0,Now,0.0002288818359375,0,False,True,True
0x176520000,SM_CN_CASTLE03_A4_LOD04,Buffer,"[""device-resources-0x10ee34000""]",,,,,,,,,,,,,228,requested_buffer_length,2,3,0,Now,0.000217437744140625,0,False,True,True
0x16acee400,SM_CN_CASTLE12_A3_LOD03,Buffer,"[""unused-device-resources-0x10ee34000""]",,,,,,,,,,,,,228,requested_buffer_length,2,3,77485345375,Earlier,0.000217437744140625,0,False,False,False
0x16accf480,SM_NC_PROPS04_A0_LOD02,Buffer,"[""device-resources-0x10ee34000""]",,,,,,,,,,,,,222,requested_buffer_length,2,3,0,Now,0.0002117156982421875,0,False,True,True
0x17b23b900,SM_NC_PROPS11B_A0_LOD01,Buffer,"[""unused-device-resources-0x10ee34000""]",,,,,,,,,,,,,222,requested_buffer_length,2,3,90967376041,Earlier,0.0002117156982421875,0,False,False,False
0x16acc5680,SM_NC_PROPS03_A3_LOD02,Buffer,"[""device-resources-0x10ee34000""]",,,,,,,,,,,,,216,requested_buffer_length,2,3,0,Now,0.00020599365234375,0,False,True,True
0x16acec600,SM_NC_PROPS11D_A0_LOD02,Buffer,"[""device-resources-0x10ee34000""]",,,,,,,,,,,,,216,requested_buffer_length,2,3,0,Now,0.00020599365234375,0,False,True,True
0x16acecc00,SM_NC_PROPS11C_A0_LOD02,Buffer,"[""device-resources-0x10ee34000""]",,,,,,,,,,,,,216,requested_buffer_length,2,3,0,Now,0.00020599365234375,0,False,True,True
0x16acef780,SM_FR_WEAPONRACK02_A3_LOD02,Buffer,"[""device-resources-0x10ee34000""]",,,,,,,,,,,,,216,requested_buffer_length,2,3,0,Now,0.00020599365234375,0,False,True,True
0x1694b9980,SM_GrasslandCircular_B_LOD0,Buffer,"[""device-resources-0x10ee34000""]",,,,,,,,,,,,,216,requested_buffer_length,2,3,0,Now,0.00020599365234375,0,False,True,True
0x17b239380,SM_NC_PROPS11A_A0_LOD01,Buffer,"[""unused-device-resources-0x10ee34000""]",,,,,,,,,,,,,216,requested_buffer_length,2,3,90967366708,Earlier,0.00020599365234375,0,False,False,False
0x16ae85c80,SM_CN_CASTLE09_A4_LOD03,Buffer,"[""unused-device-resources-0x10ee34000""]",,,,,,,,,,,,,216,requested_buffer_length,2,3,79006302708,Earlier,0.00020599365234375,0,False,False,False
0x143673780,SM_CityWater_08,Buffer,"[""unused-device-resources-0x10ee34000""]",,,,,,,,,,,,,204,requested_buffer_length,2,3,18446744073709551615,Never,0.000194549560546875,0,False,False,False
0x143671b00,SM_UnityPlane,Buffer,"[""device-resources-0x10ee34000""]",,,,,,,,,,,,,192,requested_buffer_length,2,3,0,Now,0.00018310546875,0,False,True,True
0x16acc5f80,SM_FlagChinaFeudal_005_MorphUV2_MorphExport,Buffer,"[""device-resources-0x10ee34000""]",,,,,,,,,,,,,192,requested_buffer_length,2,3,0,Now,0.00018310546875,0,False,True,True
0x16acdde00,Plane002,Buffer,"[""unused-device-resources-0x10ee34000""]",,,,,,,,,,,,,192,requested_buffer_length,2,3,18446744073709551615,Never,0.00018310546875,0,False,False,False
0x143671800,Quad,Buffer,"[""unused-device-resources-0x10ee34000""]",,,,,,,,,,,,,192,requested_buffer_length,2,3,79539345375,Earlier,0.00018310546875,0,False,False,False
0x16ae86580,SM_CN_CASTLE05_A4_LOD03,Buffer,"[""unused-device-resources-0x10ee34000""]",,,,,,,,,,,,,192,requested_buffer_length,2,3,77517672041,Earlier,0.00018310546875,0,False,False,False
0x1690f5200,Plane001,Buffer,"[""unused-device-resources-0x10ee34000""]",,,,,,,,,,,,,192,requested_buffer_length,2,3,18446744073709551615,Never,0.00018310546875,0,False,False,False
0x1687d0480,SM_FR_WHARF02_A4_LOD01,Buffer,"[""unused-device-resources-0x10ee34000""]",,,,,,,,,,,,,180,requested_buffer_length,2,3,90967724041,Earlier,0.000171661376953125,0,False,False,False
0x16acec900,SM_NC_PROPS11B_A0_LOD02,Buffer,"[""device-resources-0x10ee34000""]",,,,,,,,,,,,,174,requested_buffer_length,2,3,0,Now,0.0001659393310546875,0,False,True,True
0x176411800,,RenderPipeline,"[""unused-device-resources-0x10ee34000""]",,,,,,,,,,,,,174,recorded_allocated_size,,,,,0.0001659393310546875,0,False,False,False
0x17407e700,SM_FR_WHARF03_A4_LOD03,Buffer,"[""device-resources-0x10ee34000""]",,,,,,,,,,,,,168,requested_buffer_length,2,3,0,Now,0.00016021728515625,0,False,True,True
0x16ae86880,SM_CN_CASTLE11_A4_LOD03,Buffer,"[""unused-device-resources-0x10ee34000""]",,,,,,,,,,,,,168,requested_buffer_length,2,3,77517649375,Earlier,0.00016021728515625,0,False,False,False
0x176520900,SM_CN_CASTLE05_A4_LOD04,Buffer,"[""device-resources-0x10ee34000""]",,,,,,,,,,,,,156,requested_buffer_length,2,3,0,Now,0.000148773193359375,0,False,True,True
0x16aed1080,SM_FR_WHARF02_A4_LOD02,Buffer,"[""unused-device-resources-0x10ee34000""]",,,,,,,,,,,,,156,requested_buffer_length,2,3,77517941375,Earlier,0.000148773193359375,0,False,False,False
0x1764fb000,SM_CN_CASTLE12_A3_LOD04,Buffer,"[""unused-device-resources-0x10ee34000""]",,,,,,,,,,,,,156,requested_buffer_length,2,3,71292818708,Earlier,0.000148773193359375,0,False,False,False
0x1345f5400,,ComputePipeline,"[""unused-device-resources-0x10ee34000""]",,,,,,,,,,,,,148,recorded_allocated_size,,,,,0.000141143798828125,0,False,False,False
0x16b55d980,SM_CN_HEROSHRINE02_A3_LOD04,Buffer,"[""unused-device-resources-0x10ee34000""]",,,,,,,,,,,,,144,requested_buffer_length,2,3,18446744073709551615,Never,0.0001373291015625,0,False,False,False
0x176523180,SM_CN_CASTLE11_A4_LOD04,Buffer,"[""device-resources-0x10ee34000""]",,,,,,,,,,,,,138,requested_buffer_length,2,3,0,Now,0.0001316070556640625,0,False,True,True
0x169736100,SM_NC_CITYROAD07_A0_LOD01,Buffer,"[""unused-device-resources-0x10ee34000""]",,,,,,,,,,,,,132,requested_buffer_length,2,3,18446744073709551615,Never,0.000125885009765625,0,False,False,False
0x16aed2280,SM_FR_WHARF02B_A4_LOD00,Buffer,"[""device-resources-0x10ee34000""]",,,,,,,,,,,,,128,requested_buffer_length,2,3,0,Now,0.0001220703125,0,False,True,True
0x1178d0f00,UnityWhite,Texture,"[""device-resources-0x10ee34000""]",81,2,71,4,4,1,1,1,1,27E3D179FC2F3635,0,Shared,128,recorded_allocated_size,2,2,0,Now,0.0001220703125,126,False,True,True
0x1178d1180,UnityBlack,Texture,"[""device-resources-0x10ee34000""]",81,2,71,4,4,1,1,1,1,613AA0F73FE6C4A9,0,Shared,128,recorded_allocated_size,2,2,0,Now,0.0001220703125,1,False,True,True
0x1178d1900,UnityGrey,Texture,"[""device-resources-0x10ee34000""]",81,2,71,4,4,1,1,1,1,B827FF7D7EB62B89,0,Shared,128,recorded_allocated_size,2,2,0,Now,0.0001220703125,2,False,True,True
0x1722cf700,DefaltBlackTexture,Texture,"[""device-resources-0x10ee34000""]",81,2,71,1,1,1,1,1,1,A8E58101A4709B97,0,Shared,128,recorded_allocated_size,2,2,0,Now,0.0001220703125,23,False,True,True
0x169643900,SM_NC_FARMLAND3_A3_LOD02,Buffer,"[""unused-device-resources-0x10ee34000""]",,,,,,,,,,,,,128,requested_buffer_length,2,3,18446744073709551615,Never,0.0001220703125,0,False,False,False
0x143677200,horizontalslider,Texture,"[""unused-device-resources-0x10ee34000""]",81,2,42,8,7,1,1,1,1,C9563118920C8A6,0,Shared,128,recorded_allocated_size,2,2,163513356041,Earlier,0.0001220703125,0,False,False,False
0x1436aca00,verticalslider,Texture,"[""unused-device-resources-0x10ee34000""]",81,2,42,7,8,1,1,1,1,399E80C3638A81F,0,Shared,128,recorded_allocated_size,2,2,163513169375,Earlier,0.0001220703125,0,False,False,False
0x1178d0280,,Texture,"[""unused-device-resources-0x10ee34000""]",81,2,70,4,4,1,1,1,1,23016F3E816048B8,0,Shared,128,recorded_allocated_size,2,2,18446744073709551615,Never,0.0001220703125,0,False,False,False
0x1178d1b80,UnityLinearGrey,Texture,"[""unused-device-resources-0x10ee34000""]",81,2,70,4,4,1,1,1,1,E26608DB0C609F47,0,Shared,128,recorded_allocated_size,2,2,168871605375,Earlier,0.0001220703125,0,False,False,False
0x1178d0c80,UnityNormalMap,Texture,"[""unused-device-resources-0x10ee34000""]",81,2,70,4,4,1,1,1,1,164A65CBC9E0EC44,0,Shared,128,recorded_allocated_size,2,2,168873754708,Earlier,0.0001220703125,0,False,False,False
0x1178d2a80,UnityDefault3D,Texture,"[""unused-device-resources-0x10ee34000""]",81,7,71,1,1,1,1,1,1,A662A51164E18B5C,0,Shared,128,recorded_allocated_size,2,2,168871504041,Earlier,0.0001220703125,0,False,False,False
0x1178d2d00,UnityDefault2DArray,Texture,"[""unused-device-resources-0x10ee34000""]",81,3,71,1,1,1,1,1,1,4BA38E61F9CAE80A,0,Shared,128,recorded_allocated_size,2,2,168871496041,Earlier,0.0001220703125,0,False,False,False
0x1178d3480,UnityDitherMask,Texture,"[""unused-device-resources-0x10ee34000""]",81,2,1,4,4,1,1,1,1,DB8276F421CC6E59,0,Shared,128,recorded_allocated_size,2,2,168871446708,Earlier,0.0001220703125,0,False,False,False
0x174645400,,Texture,"[""unused-device-resources-0x10ee34000""]",81,2,71,1,1,1,1,1,1,B0560EE33AA41C7D,0,Shared,128,recorded_allocated_size,2,2,137910909375,Earlier,0.0001220703125,0,False,False,False
0x16acecf00,SM_NC_PROPS11A_A0_LOD02,Buffer,"[""device-resources-0x10ee34000""]",,,,,,,,,,,,,114,requested_buffer_length,2,3,0,Now,0.0001087188720703125,0,False,True,True
0x16acdc180,SM_NC_PROPS02A_A0_LOD02,Buffer,"[""device-resources-0x10ee34000""]",,,,,,,,,,,,,108,requested_buffer_length,2,3,0,Now,0.000102996826171875,0,False,True,True
0x174077180,,Buffer,"[""unused-device-resources-0x10ee34000""]",,,,,,,,,,,,,108,requested_buffer_length,2,3,76687168041,Earlier,0.000102996826171875,0,False,False,False
0x176520300,SM_CN_CASTLE09_A4_LOD04,Buffer,"[""device-resources-0x10ee34000""]",,,,,,,,,,,,,96,requested_buffer_length,2,3,0,Now,9.1552734375e-05,0,False,True,True
0x17407d980,SM_FR_WHARF02_A4_LOD03,Buffer,"[""device-resources-0x10ee34000""]",,,,,,,,,,,,,84,requested_buffer_length,2,3,0,Now,8.0108642578125e-05,0,False,True,True
0x17407f480,,Buffer,"[""unused-device-resources-0x10ee34000""]",,,,,,,,,,,,,80,requested_buffer_length,2,3,94160752041,Earlier,7.62939453125e-05,0,False,False,False
0x169734180,SM_CN_MILLWater01_A4,Buffer,"[""unused-device-resources-0x10ee34000""]",,,,,,,,,,,,,78,requested_buffer_length,2,3,18446744073709551615,Never,7.43865966796875e-05,0,False,False,False
0x10c1a7000,,RenderPipeline,"[""unused-device-resources-0x10ee34000""]",,,,,,,,,,,,,76,recorded_allocated_size,,,,,7.2479248046875e-05,0,False,False,False
0x16aed2a00,Cube,Buffer,"[""unused-device-resources-0x10ee34000""]",,,,,,,,,,,,,72,requested_buffer_length,2,3,18446744073709551615,Never,6.866455078125e-05,0,False,False,False
0x1690f4600,SM_Hongsong_LOD1,Buffer,"[""unused-device-resources-0x10ee34000""]",,,,,,,,,,,,,72,requested_buffer_length,2,3,77453173375,Earlier,6.866455078125e-05,0,False,False,False
0x16acedb00,SM_NC_CITYROAD01_A0_LOD01,Buffer,"[""device-resources-0x10ee34000""]",,,,,,,,,,,,,60,requested_buffer_length,2,3,0,Now,5.7220458984375e-05,0,False,True,True
0x16acefa80,SM_NC_CITYROAD02_A0_LOD01,Buffer,"[""device-resources-0x10ee34000""]",,,,,,,,,,,,,60,requested_buffer_length,2,3,0,Now,5.7220458984375e-05,0,False,True,True
0x169736400,SM_NC_CITYROAD06_A0_LOD01,Buffer,"[""device-resources-0x10ee34000""]",,,,,,,,,,,,,60,requested_buffer_length,2,3,0,Now,5.7220458984375e-05,0,False,True,True
0x16b55dc80,SM_Box_UV_01,Buffer,"[""unused-device-resources-0x10ee34000""]",,,,,,,,,,,,,48,requested_buffer_length,2,3,18446744073709551615,Never,4.57763671875e-05,0,False,False,False
0x174074900,,Buffer,"[""unused-device-resources-0x10ee34000""]",,,,,,,,,,,,,48,requested_buffer_length,2,3,76687166708,Earlier,4.57763671875e-05,0,False,False,False
0x1694b8300,SM_Grass16,Buffer,"[""device-resources-0x10ee34000""]",,,,,,,,,,,,,36,requested_buffer_length,2,3,0,Now,3.4332275390625e-05,0,False,True,True
0x10c1ff180,,Buffer,"[""unused-device-resources-0x10ee34000""]",,,,,,,,,,,,,28,requested_buffer_length,2,3,18446744073709551615,Never,2.6702880859375e-05,0,False,False,False
0x10c1ff000,,Buffer,"[""device-resources-0x10ee34000""]",,,,,,,,,,,,,20,requested_buffer_length,2,3,0,Now,1.9073486328125e-05,0,False,True,True
0x143671980,SM_UnityPlane,Buffer,"[""device-resources-0x10ee34000""]",,,,,,,,,,,,,12,requested_buffer_length,2,3,0,Now,1.1444091796875e-05,0,False,True,True
0x16aed2400,SM_FR_WHARF02B_A4_LOD00,Buffer,"[""device-resources-0x10ee34000""]",,,,,,,,,,,,,12,requested_buffer_length,2,3,0,Now,1.1444091796875e-05,0,False,True,True
0x169643a80,SM_NC_FARMLAND3_A3_LOD02,Buffer,"[""unused-device-resources-0x10ee34000""]",,,,,,,,,,,,,12,requested_buffer_length,2,3,18446744073709551615,Never,1.1444091796875e-05,0,False,False,False
0x16acddf80,Plane002,Buffer,"[""unused-device-resources-0x10ee34000""]",,,,,,,,,,,,,12,requested_buffer_length,2,3,18446744073709551615,Never,1.1444091796875e-05,0,False,False,False
0x17b238000,,Buffer,"[""unused-device-resources-0x10ee34000""]",,,,,,,,,,,,,12,requested_buffer_length,2,3,94160749375,Earlier,1.1444091796875e-05,0,False,False,False
0x1690f5380,Plane001,Buffer,"[""unused-device-resources-0x10ee34000""]",,,,,,,,,,,,,12,requested_buffer_length,2,3,18446744073709551615,Never,1.1444091796875e-05,0,False,False,False
0x143672280,Quad,Buffer,"[""unused-device-resources-0x10ee34000""]",,,,,,,,,,,,,12,requested_buffer_length,2,3,79539328041,Earlier,1.1444091796875e-05,0,False,False,False
0x1178d0a00,,Texture,"[""device-resources-0x10ee34000""]",81,2,260,2778,1284,1,1,1,1,4E79A1A2D9735E30,3,Memoryless,0,recorded_allocated_size,2,0,0,Now,0.0,0,True,False,True
0x1722cfc00,Game_SCENE_DEPTH_STENCIL_NAME,Texture,"[""device-resources-0x10ee34000""]",81,2,250,1946,900,1,1,1,1,24E6ECAF02461C2A,3,Memoryless,0,recorded_allocated_size,2,0,0,Now,0.0,0,True,False,True
0x174060500,Game_SCENE_IMAGEBLOCK_DEPTH_NAME,Texture,"[""device-resources-0x10ee34000""]",81,2,55,1946,900,1,1,1,1,D5659EA6A7D3BFFC,3,Memoryless,0,recorded_allocated_size,2,0,0,Now,0.0,0,True,False,True
0x1690e8500,UGui_BlurRT_0,Texture,"[""unused-device-resources-0x10ee34000""]",81,2,260,1389,642,1,1,1,1,7DEC14BE2A8CCB98,3,Memoryless,0,recorded_allocated_size,2,0,93267602708,Earlier,0.0,0,False,False,False
