case,draw_number,encoder_index,pipeline,mesh_label,kind,primitive_type,count,instance_count,vertex_source,fragment_source,submitted_triangles,VS_instructions,FS_instructions,textures
empire2,1,0,0x17b008c00,M_BS_CN_PALDN_L3_H_LD02_A,indexed,3,546,1,980E7674030BD3E2,791277F879E1FBC9,182,91,22,N_BS_06_AT_C
empire2,2,0,0x17b008c00,M_BS_CN_PALDN_L3_LD02_A,indexed,3,600,1,980E7674030BD3E2,791277F879E1FBC9,200,91,22,N_BS_06_AT_C
empire2,3,0,0x17b008c00,M_BS_CN_PKEMN_L3_LD02_A,indexed,3,600,4,980E7674030BD3E2,791277F879E1FBC9,800,91,22,N_BS_06_AT_C
empire2,4,0,0x17b009800,M_CN_MILL_A4_O2_LD02_A,indexed,3,516,2,980E7674030BD3E2,791277F879E1FBC9,344,91,22,N_BS_06_AT_C
empire2,5,0,0x17b00a400,M_CN_MILL_A4_O1_LD02_A,indexed,3,2907,2,3EA5D56C463C3D2A,791277F879E1FBC9,1938,91,22,N_BS_06_AT_C
empire2,6,0,0x17b00a400,M_CN_LUMBERLOG_A4_LD03_A,indexed,3,489,2,3EA5D56C463C3D2A,791277F879E1FBC9,326,91,22,N_BS_06_AT_C
empire2,7,0,0x17b008c00,M_BChnC_01_LOD2_A,indexed,3,1803,7,980E7674030BD3E2,791277F879E1FBC9,4207,91,22,N_BS_06_AT_C
empire2,8,0,0x17b008c00,M_CN_PROPS04_A4_LD02_A,indexed,3,306,8,980E7674030BD3E2,791277F879E1FBC9,816,91,22,N_BS_06_AT_C
empire2,9,0,0x17b00a400,M_FR_WHARF_A4_LD02_A,indexed,3,2679,1,3EA5D56C463C3D2A,791277F879E1FBC9,893,91,22,N_BS_06_AT_C
empire2,10,0,0x17b00b000,M_BA_HORSE1_LD02_A,indexed,3,687,2,5FEB678AF446310D,791277F879E1FBC9,458,153,22,N_0_AT_C; N_2_AT_C; N_3_AT_C; _vertexAnimTexture1
empire2,11,0,0x17b00b000,M_BA_HORSE1_LD02_A,indexed,3,687,3,5FEB678AF446310D,791277F879E1FBC9,687,153,22,N_0_AT_C; N_2_AT_C; N_3_AT_C; _vertexAnimTexture1
empire2,12,0,0x17b00a400,M_CN_VIPSHIP_A2_LD03_A,indexed,3,4386,1,3EA5D56C463C3D2A,791277F879E1FBC9,1462,91,22,N_0_AT_C
empire2,13,0,0x17b028000,M_CN_VIPSHIP_A4_LD03_A,indexed,3,5931,1,3EA5D56C463C3D2A,791277F879E1FBC9,1977,91,22,N_0_AT_C
empire2,14,0,0x17b00a400,M_CN_CENTER_A3_O_LD00_A,indexed,3,1563,8,3EA5D56C463C3D2A,791277F879E1FBC9,4168,91,22,N_0_AT_C
empire2,15,1,0x17b02b000,TRN_CN_YZ,indexed,3,118017,1,DFE0F5CD7D6882E2,9023C3FAB0141D27,39339,177,432,Game_SHARED_GAME_SHADOW_MAP_NAME; Game_SHARED_GAME_SHADOW_MAP_NAME_2; IndexRT; T_CN_YZ_FOGMASK; T_Cloud_M; _VT_AlbedoTex; _VT_NormalTex; clipWorldYTexArray
empire2,16,1,0x17b188c00,,indexed,3,2412,1,9774F775C75AFF58,41D9BA21D7508E63,804,48,23,_Tex
empire2,17,1,0x17b18a400,SM_StonemineA_G,indexed,3,6,13,9C1452166BD01029,75B0E8BB7D998BB6,26,248,546,Game_SHARED_GAME_SHADOW_MAP_NAME; Game_SHARED_GAME_SHADOW_MAP_NAME_2; IndexRT; T_CN_YZ_FOGMASK; T_City_China_YZ_RP2D; T_Cloud_M; T_Outside_Ground_D_C; T_Outside_Ground_NRT_C; clipWorldYTexArray
empire2,18,1,0x17b1c0000,SM_LavaDecal_01_LOD0,indexed,3,6,5,97C2DE9615BCB3FD,797332E8F0D8DD4E,10,344,446,Game_SHARED_GAME_SHADOW_MAP_NAME; Game_SHARED_GAME_SHADOW_MAP_NAME_2; IndexRT; T_CN_YZ_FOGMASK; T_Cloud_M; T_Decal_Dirt_Puddle_04_D; T_Decal_Dirt_Puddle_04_NRT; UnityDefault2D; _VT_IndexTex; clipWorldYTexArray
empire2,19,1,0x17b1c1800,SM_LavaDecal_01_LOD0,indexed,3,6,1,61348F89D3309B2A,7039C9670E864F63,2,283,611,Game_SHARED_GAME_SHADOW_MAP_NAME; Game_SHARED_GAME_SHADOW_MAP_NAME_2; IndexRT; T_CN_YZ_FOGMASK; T_Cloud_M; T_Decal_Dirt_Puddle_05_D; T_Decal_Dirt_Puddle_05a_NRT; T_WaterBumpSanMou_N; UnityBlackCube; _VT_IndexTex; clipWorldYTexArray
empire2,20,1,0x17b1c2400,SM_LavaDecal_01_LOD0,indexed,3,6,4,69A910513AF15D,797332E8F0D8DD4E,8,351,446,Game_SHARED_GAME_SHADOW_MAP_NAME; Game_SHARED_GAME_SHADOW_MAP_NAME_2; IndexRT; T_CN_YZ_FOGMASK; T_Cloud_M; T_Outside_PVEDecal01_D; _MorphTex; _NormalTex; clipWorldYTexArray
empire2,21,1,0x171320000,SM_AdventureVillageG_LOD1,indexed,3,6,6,FC5D17909A869C1A,C7563D42F46C078C,12,283,448,Game_SHARED_GAME_SHADOW_MAP_NAME; Game_SHARED_GAME_SHADOW_MAP_NAME_2; IndexRT; T_CN_YZ_FOGMASK; T_Cloud_M; T_Outside_Ground_D_C; T_Outside_Ground_NRT_C; clipWorldYTexArray
empire2,22,1,0x171320c00,SM_WRE_NC_FRAMLAND_A_V2_GROUND_LOD03,indexed,3,294,6,9C1452166BD01029,75B0E8BB7D998BB6,588,250,546,CachedDynamicShadowMap; Game_SHARED_GAME_SHADOW_MAP_NAME; IndexRT; T_CN_YZ_FOGMASK; T_City_China_YZ_RP2D; T_Cloud_M; T_WRE_NC_FRAMLANDA_DA; T_WRE_NC_FRAMLANDA_NRT; clipWorldYTexArray
empire2,23,1,0x17b20c000,SM_LavaDecal_03,indexed,3,600,1,534E3B771762AC50,F00E73816488008D,200,274,452,Game_SHARED_GAME_SHADOW_MAP_NAME; Game_SHARED_GAME_SHADOW_MAP_NAME_2; IndexRT; T_CN_YZ_FOGMASK; T_Cloud_M; T_Decal_Dirt_Puddle_10a_D; T_Decal_Dirt_Puddle_10a_NRT; T_WaterNoise03_C; clipWorldYTexArray
empire2,24,1,0x17b1c0000,SM_LavaDecal_01_LOD0,indexed,3,6,1,97C2DE9615BCB3FD,797332E8F0D8DD4E,2,344,446,CloudTex; Game_SHARED_GAME_SHADOW_MAP_NAME; Game_SHARED_GAME_SHADOW_MAP_NAME_2; IndexRT; T_CN_YZ_FOGMASK; T_Decal_Dirt_Puddle_17_D; T_Decal_Dirt_Puddle_17_NRT; _MorphTex; clipWorldYTexArray
empire2,25,1,0x17b20cc00,T2_EditableRoad_meshes,indexed,3,195,1,534E3B771762AC50,F00E73816488008D,65,273,452,Game_SHARED_GAME_SHADOW_MAP_NAME; Game_SHARED_GAME_SHADOW_MAP_NAME_2; IndexRT; T_CN_YZ_FOGMASK; T_Cloud_M; T_Decal_Dirt_Puddle_10a_D; T_Decal_Dirt_Puddle_10a_NRT; _DecalNoiseMask; clipWorldYTexArray
empire2,26,1,0x17b1c0000,SM_LavaDecal_01_LOD0,indexed,3,6,2,97C2DE9615BCB3FD,797332E8F0D8DD4E,4,344,446,CloudTex; Game_SHARED_GAME_SHADOW_MAP_NAME; Game_SHARED_GAME_SHADOW_MAP_NAME_2; IndexRT; T_CN_YZ_FOGMASK; T_Decal_Dirt_Puddle_17_D; T_Decal_Dirt_Puddle_17_NRT; _MorphTex; clipWorldYTexArray
empire2,27,1,0x17b20cc00,T2_EditableRoad_meshes,indexed,3,285,1,534E3B771762AC50,F00E73816488008D,95,273,452,Game_SHARED_GAME_SHADOW_MAP_NAME; Game_SHARED_GAME_SHADOW_MAP_NAME_2; IndexRT; T_CN_YZ_FOGMASK; T_Cloud_M; T_Decal_Dirt_Puddle_10a_D; T_Decal_Dirt_Puddle_10a_NRT; _DecalNoiseMask; clipWorldYTexArray
empire2,28,1,0x17b1c0000,SM_LavaDecal_01_LOD0,indexed,3,6,1,97C2DE9615BCB3FD,797332E8F0D8DD4E,2,344,446,CloudTex; Game_SHARED_GAME_SHADOW_MAP_NAME; Game_SHARED_GAME_SHADOW_MAP_NAME_2; IndexRT; T_CN_YZ_FOGMASK; T_Decal_Dirt_Puddle_17_D; T_Decal_Dirt_Puddle_17_NRT; _MorphTex; clipWorldYTexArray
empire2,29,1,0x17b20cc00,T2_EditableRoad_meshes,indexed,3,117,1,534E3B771762AC50,F00E73816488008D,39,273,452,Game_SHARED_GAME_SHADOW_MAP_NAME; Game_SHARED_GAME_SHADOW_MAP_NAME_2; IndexRT; T_CN_YZ_FOGMASK; T_Cloud_M; T_Decal_Dirt_Puddle_10a_D; T_Decal_Dirt_Puddle_10a_NRT; _DecalNoiseMask; clipWorldYTexArray
empire2,30,1,0x17b1c0000,SM_LavaDecal_01_LOD0,indexed,3,6,1,97C2DE9615BCB3FD,797332E8F0D8DD4E,2,344,446,CloudTex; Game_SHARED_GAME_SHADOW_MAP_NAME; Game_SHARED_GAME_SHADOW_MAP_NAME_2; IndexRT; T_CN_YZ_FOGMASK; T_Decal_Dirt_Puddle_17_D; T_Decal_Dirt_Puddle_17_NRT; _MorphTex; clipWorldYTexArray
empire2,31,1,0x17b1c0000,SM_LavaDecal_01_LOD0,indexed,3,6,1,97C2DE9615BCB3FD,797332E8F0D8DD4E,2,344,446,CloudTex; Game_SHARED_GAME_SHADOW_MAP_NAME; Game_SHARED_GAME_SHADOW_MAP_NAME_2; IndexRT; T_CN_YZ_FOGMASK; T_Decal_Dirt_Puddle_03_NRT; T_Decal_Dirt_Puddle_03b_D; _MorphTex; clipWorldYTexArray
empire2,32,1,0x17b1c0000,SM_LavaDecal_01_LOD0,indexed,3,6,1,97C2DE9615BCB3FD,797332E8F0D8DD4E,2,344,446,CloudTex; Game_SHARED_GAME_SHADOW_MAP_NAME; Game_SHARED_GAME_SHADOW_MAP_NAME_2; IndexRT; T_CN_YZ_FOGMASK; T_Decal_Dirt_Puddle_17_D; T_Decal_Dirt_Puddle_17_NRT; _MorphTex; clipWorldYTexArray
empire2,33,1,0x17b20cc00,T2_EditableRoad_meshes,indexed,3,552,1,534E3B771762AC50,F00E73816488008D,184,273,452,Game_SHARED_GAME_SHADOW_MAP_NAME; Game_SHARED_GAME_SHADOW_MAP_NAME_2; IndexRT; T_CN_YZ_FOGMASK; T_Cloud_M; T_Decal_Dirt_Puddle_10a_D; T_Decal_Dirt_Puddle_10a_NRT; _DecalNoiseMask; clipWorldYTexArray
empire2,34,1,0x17b1c0000,SM_LavaDecal_01_LOD0,indexed,3,6,1,97C2DE9615BCB3FD,797332E8F0D8DD4E,2,344,446,CloudTex; Game_SHARED_GAME_SHADOW_MAP_NAME; Game_SHARED_GAME_SHADOW_MAP_NAME_2; IndexRT; T_CN_YZ_FOGMASK; T_Decal_Dirt_Puddle_03_NRT; T_Decal_Dirt_Puddle_03b_D; _MorphTex; clipWorldYTexArray
empire2,35,1,0x17b1c0000,SM_LavaDecal_01_LOD0,indexed,3,6,2,97C2DE9615BCB3FD,797332E8F0D8DD4E,4,344,446,CloudTex; Game_SHARED_GAME_SHADOW_MAP_NAME; Game_SHARED_GAME_SHADOW_MAP_NAME_2; IndexRT; T_CN_YZ_FOGMASK; T_Decal_Dirt_Puddle_04_D; T_Decal_Dirt_Puddle_04_NRT; _MorphTex; clipWorldYTexArray
empire2,36,1,0x17b1c0000,SM_LavaDecal_01_LOD0,indexed,3,6,1,97C2DE9615BCB3FD,797332E8F0D8DD4E,2,344,446,CloudTex; Game_SHARED_GAME_SHADOW_MAP_NAME; Game_SHARED_GAME_SHADOW_MAP_NAME_2; IndexRT; T_CN_YZ_FOGMASK; T_Decal_Dirt_Puddle_17_D; T_Decal_Dirt_Puddle_17_NRT; _MorphTex; clipWorldYTexArray
empire2,37,1,0x17b20e400,M_BS_CN_PALDN_L3_H_LD02_A,indexed,3,546,1,CD61BFF2AB5FDFE5,3EFBC51F256CC4C6,182,472,579,Game_SHARED_GAME_SHADOW_MAP_NAME; IndexRT; T_BS_CN_PALDN_L3_H_DA; T_BS_CN_PALDN_L3_H_NRT; T_CN_YZ_FOGMASK; T_City_China_YZ_RP2D; T_Cloud_M; _boneTexture; clipWorldYTexArray
empire2,38,1,0x17b20e400,M_BS_CN_PALDN_L3_LD02_A,indexed,3,600,1,CD61BFF2AB5FDFE5,3EFBC51F256CC4C6,200,472,579,Game_SHARED_GAME_SHADOW_MAP_NAME; IndexRT; T_BS_CN_CHANG_L3_DA; T_BS_CN_CHANG_L3_NRT; T_CN_YZ_FOGMASK; T_City_China_YZ_RP2D; T_Cloud_M; _boneTexture; clipWorldYTexArray
empire2,39,1,0x17b20e400,M_BS_CN_PKEMN_L3_LD02_A,indexed,3,600,4,CD61BFF2AB5FDFE5,3EFBC51F256CC4C6,800,472,579,Game_SHARED_GAME_SHADOW_MAP_NAME; IndexRT; T_BS_CN_PKEMN_L3_DA; T_BS_CN_PKEMN_L3_NRT; T_CN_YZ_FOGMASK; T_City_China_YZ_RP2D; T_Cloud_M; _boneTexture; clipWorldYTexArray
empire2,40,1,0x17b238000,M_BA_HORSE1_LD02_A,indexed,3,687,2,30DC02723A6AFF2F,ACFE2168C54BAD9C,458,346,597,Game_SHARED_GAME_SHADOW_MAP_NAME; Game_SHARED_GAME_SHADOW_MAP_NAME_2; IndexRT; N_0_AT_C; N_2_AT_C; N_3_AT_C; T_BA_HORSE1_DA; T_BA_HORSE1_NRT; T_CN_YZ_FOGMASK; T_City_China_YZ_RP2D; T_Cloud_M; _vertexAnimTexture1; clipWorldYTexArray
empire2,41,1,0x17b238000,M_BA_HORSE1_LD02_A,indexed,3,687,3,30DC02723A6AFF2F,ACFE2168C54BAD9C,687,346,597,Game_SHARED_GAME_SHADOW_MAP_NAME; Game_SHARED_GAME_SHADOW_MAP_NAME_2; IndexRT; N_0_AT_C; N_2_AT_C; N_3_AT_C; T_BA_HORSE1_DA; T_BA_HORSE1_NRT; T_CN_YZ_FOGMASK; T_City_China_YZ_RP2D; T_Cloud_M; _vertexAnimTexture1; clipWorldYTexArray
empire2,42,1,0x17b239800,SM_ByzantineCityTree03_LOD1,indexed,3,468,4,4419AD67EC5DFFAF,98BC6F212AB2AB07,624,385,477,Game_SHARED_GAME_SHADOW_MAP_NAME; Game_SHARED_GAME_SHADOW_MAP_NAME_2; IndexRT; T_CN_YZ_FOGMASK; T_CityTree_D_C; T_CityTree_NRA; T_Cloud_M; clipWorldYTexArray
empire2,43,1,0x17b23b000,SM_NC_PROPS11B_A0_LOD02,indexed,3,87,36,FC5D17909A869C1A,FDA8C747A5187008,1044,287,450,Game_SHARED_GAME_SHADOW_MAP_NAME; Game_SHARED_GAME_SHADOW_MAP_NAME_2; IndexRT; T_CN_YZ_FOGMASK; T_Cloud_M; T_FR_PROPS_A2_NRT; T_NC_PROPS_A2_DA; clipWorldYTexArray
empire2,44,1,0x171322400,SM_WRE_NC_GOLDA_L01_LOD03,indexed,3,129,3,1E7EF532F18FDDAF,11B7E8526834AE51,129,247,560,Game_SHARED_GAME_SHADOW_MAP_NAME; Game_SHARED_GAME_SHADOW_MAP_NAME_2; IndexRT; T_CN_YZ_FOGMASK; T_City_China_YZ_RP2D; T_Cloud_M; T_WRE_NC_GOLDA_DA; T_WRE_NC_GOLDA_L; T_WRE_NC_GOLDA_NRT; clipWorldYTexArray
empire2,45,1,0x17b23b000,SM_NC_PROPS11D_A0_LOD02,indexed,3,108,41,FC5D17909A869C1A,FDA8C747A5187008,1476,287,450,CachedShadowMap; Game_SHARED_GAME_SHADOW_MAP_NAME_2; IndexRT; T_CN_YZ_FOGMASK; T_Cloud_M; T_FR_PROPS_A2_NRT; T_NC_PROPS_A2_DA; clipWorldYTexArray
empire2,46,1,0x17b23b000,SM_NC_PROPS11C_A0_LOD02,indexed,3,108,26,FC5D17909A869C1A,FDA8C747A5187008,936,287,450,CachedShadowMap; Game_SHARED_GAME_SHADOW_MAP_NAME_2; IndexRT; T_CN_YZ_FOGMASK; T_Cloud_M; T_FR_PROPS_A2_NRT; T_NC_PROPS_A2_DA; clipWorldYTexArray
empire2,47,1,0x17b244000,SM_MountHuangA_02_City_LOD3,indexed,3,2838,3,FC5D17909A869C1A,FDA8C747A5187008,2838,289,450,CachedShadowMap; Game_SHARED_GAME_SHADOW_MAP_NAME_2; IndexRT; T_CN_YZ_FOGMASK; T_CityMountHuangA_02_D; T_CityMountHuangA_02_NRT; T_Cloud_M; clipWorldYTexArray
empire2,48,1,0x17b245800,SM_GrasslandCircular_B_LOD0,indexed,3,108,128,E0A8D0BC44A2BF3B,B5938A74A6D4BC6,4608,310,491,CloudTex; Game_SHARED_GAME_SHADOW_MAP_NAME; Game_SHARED_GAME_SHADOW_MAP_NAME_2; IndexRT; T_CN_YZ_FOGMASK; T_CityTree_D_C; T_CityTree_NRA; T_FoliageGradient_C; _FXTex01; clipWorldYTexArray
empire2,49,1,0x17b245800,SM_GrasslandCircular_B_LOD0,indexed,3,108,128,E0A8D0BC44A2BF3B,B5938A74A6D4BC6,4608,310,491,CloudTex; Game_SHARED_GAME_SHADOW_MAP_NAME; Game_SHARED_GAME_SHADOW_MAP_NAME_2; IndexRT; T_CN_YZ_FOGMASK; T_CityTree_D_C; T_CityTree_NRA; T_FoliageGradient_C; _FXTex01; clipWorldYTexArray
empire2,50,1,0x17b245800,SM_GrasslandCircular_B_LOD0,indexed,3,108,128,E0A8D0BC44A2BF3B,B5938A74A6D4BC6,4608,310,491,CloudTex; Game_SHARED_GAME_SHADOW_MAP_NAME; Game_SHARED_GAME_SHADOW_MAP_NAME_2; IndexRT; T_CN_YZ_FOGMASK; T_CityTree_D_C; T_CityTree_NRA; T_FoliageGradient_C; _FXTex01; clipWorldYTexArray
empire2,51,1,0x17b245800,SM_GrasslandCircular_B_LOD0,indexed,3,108,128,E0A8D0BC44A2BF3B,B5938A74A6D4BC6,4608,310,491,CloudTex; Game_SHARED_GAME_SHADOW_MAP_NAME; Game_SHARED_GAME_SHADOW_MAP_NAME_2; IndexRT; T_CN_YZ_FOGMASK; T_CityTree_D_C; T_CityTree_NRA; T_FoliageGradient_C; _FXTex01; clipWorldYTexArray
empire2,52,1,0x17b245800,SM_GrasslandCircular_B_LOD0,indexed,3,108,128,E0A8D0BC44A2BF3B,B5938A74A6D4BC6,4608,310,491,CloudTex; Game_SHARED_GAME_SHADOW_MAP_NAME; Game_SHARED_GAME_SHADOW_MAP_NAME_2; IndexRT; T_CN_YZ_FOGMASK; T_CityTree_D_C; T_CityTree_NRA; T_FoliageGradient_C; _FXTex01; clipWorldYTexArray
empire2,53,1,0x17b245800,SM_GrasslandCircular_B_LOD0,indexed,3,108,123,E0A8D0BC44A2BF3B,B5938A74A6D4BC6,4428,310,491,CloudTex; Game_SHARED_GAME_SHADOW_MAP_NAME; Game_SHARED_GAME_SHADOW_MAP_NAME_2; IndexRT; T_CN_YZ_FOGMASK; T_CityTree_D_C; T_CityTree_NRA; T_FoliageGradient_C; _FXTex01; clipWorldYTexArray
empire2,54,1,0x17b244000,SM_MountHuangB_02_City_LOD3,indexed,3,1761,23,FC5D17909A869C1A,FDA8C747A5187008,13501,289,450,CachedShadowMap; Game_SHARED_GAME_SHADOW_MAP_NAME_2; IndexRT; T_CN_YZ_FOGMASK; T_CityMountHuangB_D; T_CityMountHuangB_NRT; T_Cloud_M; clipWorldYTexArray
empire2,55,1,0x17b244000,SM_MountHuangA_01_City_LOD3,indexed,3,2622,56,FC5D17909A869C1A,FDA8C747A5187008,48944,289,450,CachedShadowMap; Game_SHARED_GAME_SHADOW_MAP_NAME_2; IndexRT; T_CN_YZ_FOGMASK; T_CityMountHuangA_01_D; T_CityMountHuangA_01_NRT; T_Cloud_M; clipWorldYTexArray
empire2,56,1,0x17b244000,SM_MountHuangB_03_LOD3,indexed,3,636,2,FC5D17909A869C1A,FDA8C747A5187008,424,289,450,CachedShadowMap; Game_SHARED_GAME_SHADOW_MAP_NAME_2; IndexRT; T_CN_YZ_FOGMASK; T_CityMountHuangB_D; T_CityMountHuangB_NRT; T_Cloud_M; clipWorldYTexArray
empire2,57,1,0x171323000,SM_WRE_BG_GOLD_L04_LOD02,indexed,3,17277,1,9C1452166BD01029,537455CC7BB49C49,5759,247,548,CachedDynamicShadowMap; Game_SHARED_GAME_SHADOW_MAP_NAME; IndexRT; T_CN_YZ_FOGMASK; T_City_China_YZ_RP2D; T_Cloud_M; T_WRE_BG_WOOD_CITY_DA; T_WRE_BG_WOOD_CITY_NRT; clipWorldYTexArray
empire2,58,1,0x17b247000,SM_WRE_NC_ROCKA_L01_LOD03,indexed,3,261,7,1F05412574446FA1,6540E2867800AF53,609,283,472,Game_SHARED_GAME_SHADOW_MAP_NAME; Game_SHARED_GAME_SHADOW_MAP_NAME_2; IndexRT; T_CN_YZ_FOGMASK; T_Cloud_M; T_WRE_NC_ROCKA_DA; T_WRE_NC_ROCKA_L; T_WRE_NC_ROCKA_NRT; clipWorldYTexArray
empire2,59,1,0x171323000,SM_WRE_BG_GOLD_L02_LOD02,indexed,3,8604,1,9C1452166BD01029,537455CC7BB49C49,2868,247,548,Game_SHARED_GAME_SHADOW_MAP_NAME; Game_SHARED_GAME_SHADOW_MAP_NAME_2; IndexRT; T_CN_YZ_FOGMASK; T_City_China_YZ_RP2D; T_Cloud_M; T_WRE_BG_WOOD_CITY_DA; T_WRE_BG_WOOD_CITY_NRT; clipWorldYTexArray
empire2,60,1,0x17b274c00,SM_StonemineB_Lv2_LOD2,indexed,3,663,18,1F05412574446FA1,D42C9EF079F78D62,3978,289,460,Game_SHARED_GAME_SHADOW_MAP_NAME; Game_SHARED_GAME_SHADOW_MAP_NAME_2; IndexRT; T_CN_YZ_FOGMASK; T_Cloud_M; T_WRE_NC_ROCK01_NRT; T_WRE_NC_ROCK_D; UnityBlack; clipWorldYTexArray
empire2,61,1,0x171323000,SM_WRE_NC_GOLDA_L04_LOD01,indexed,3,7131,4,9C1452166BD01029,537455CC7BB49C49,9508,247,548,Game_SHARED_GAME_SHADOW_MAP_NAME; Game_SHARED_GAME_SHADOW_MAP_NAME_2; IndexRT; T_CN_YZ_FOGMASK; T_City_China_YZ_RP2D; T_Cloud_M; T_WRE_BG_WOOD_CITY_DA; T_WRE_BG_WOOD_CITY_NRT; clipWorldYTexArray
empire2,62,1,0x17b36cc00,SM_WRE_NC_GOLDA_L05_LOD02,indexed,3,2205,1,9C1452166BD01029,537455CC7BB49C49,735,245,548,Game_SHARED_GAME_SHADOW_MAP_NAME; Game_SHARED_GAME_SHADOW_MAP_NAME_2; IndexRT; T_CN_YZ_FOGMASK; T_City_China_YZ_RP2D; T_Cloud_M; T_WRE_NC_GOLD_D_CITY; T_WRE_NC_GOLD_NRT_CITY; clipWorldYTexArray
empire2,63,1,0x17b274c00,SM_WRE_NC_ROCKA_L05_LOD02,indexed,3,1818,1,1F05412574446FA1,D42C9EF079F78D62,606,289,460,Game_SHARED_GAME_SHADOW_MAP_NAME; Game_SHARED_GAME_SHADOW_MAP_NAME_2; IndexRT; T_CN_YZ_FOGMASK; T_Cloud_M; T_WRE_NC_ROCKA_CITY_DA; T_WRE_NC_ROCKA_CITY_L; T_WRE_NC_ROCKA_CITY_NRT; clipWorldYTexArray
empire2,64,1,0x17b275800,SM_WRE_BG_ROCK01_L04_LOD03,indexed,3,4236,1,1F05412574446FA1,D42C9EF079F78D62,1412,288,460,Game_SHARED_GAME_SHADOW_MAP_NAME; Game_SHARED_GAME_SHADOW_MAP_NAME_2; IndexRT; T_CN_YZ_FOGMASK; T_Cloud_M; T_WRE_BG_ROCK01_L01_CITY_DA; T_WRE_BG_ROCK01_L01_CITY_L; T_WRE_BG_ROCK01_L01_CITY_NRT; clipWorldYTexArray
empire2,65,1,0x17b275800,SM_WRE_BG_ROCK02_L04_LOD03,indexed,3,2310,1,1F05412574446FA1,D42C9EF079F78D62,770,288,460,Game_SHARED_GAME_SHADOW_MAP_NAME; Game_SHARED_GAME_SHADOW_MAP_NAME_2; IndexRT; T_CN_YZ_FOGMASK; T_Cloud_M; T_WRE_BG_ROCK02_L01_CITY_DA; T_WRE_BG_ROCK02_L01_CITY_L; T_WRE_BG_ROCK02_L01_CITY_NRT; clipWorldYTexArray
empire2,66,1,0x17b277000,SM_WORLDLEAFTREE_02_LOD01,indexed,3,156,6,61B6956E2898C227,89C52512CBAD6D,312,306,634,CachedShadowMap; Game_SHARED_GAME_SHADOW_MAP_NAME_2; IndexRT; T_CN_YZ_FOGMASK; T_Cloud_M; T_FX_Noise_51; T_WORLDLEAFTREE_02_DA; T_WORLDLEAFTREE_02_NRA; _VT_IndexTex; clipWorldYTexArray
empire2,67,1,0x17b298c00,SM_WORLDLEAFTREE_03_LOD01,indexed,3,93,3,7899A635D90D2E9,3763AC95B0BD53FA,93,312,650,CachedShadowMap; Game_SHARED_GAME_SHADOW_MAP_NAME_2; IndexRT; T_CN_YZ_FOGMASK; T_Cloud_M; T_FX_Noise_51; T_WORLDLEAFTREE_02_DA; T_WORLDLEAFTREE_02_NRA; _VT_IndexTex; clipWorldYTexArray
empire2,68,1,0x17b244000,SM_Rock_13,indexed,3,1758,16,FC5D17909A869C1A,FDA8C747A5187008,9376,289,450,CachedShadowMap; Game_SHARED_GAME_SHADOW_MAP_NAME_2; IndexRT; T_CN_YZ_FOGMASK; T_CityRock_DA_C; T_CityRock_NRT_C; T_Cloud_M; clipWorldYTexArray
empire2,69,1,0x17b244000,SM_pebbles_group_01,indexed,3,1170,18,FC5D17909A869C1A,FDA8C747A5187008,7020,289,450,CachedShadowMap; Game_SHARED_GAME_SHADOW_MAP_NAME_2; IndexRT; T_CN_YZ_FOGMASK; T_CityRock_DA_C; T_CityRock_NRT_C; T_Cloud_M; clipWorldYTexArray
empire2,70,1,0x17b244000,SM_Rock_15,indexed,3,1644,2,FC5D17909A869C1A,FDA8C747A5187008,1096,289,450,CachedShadowMap; Game_SHARED_GAME_SHADOW_MAP_NAME_2; IndexRT; T_CN_YZ_FOGMASK; T_CityRock_DA_C; T_CityRock_NRT_C; T_Cloud_M; clipWorldYTexArray
empire2,71,1,0x17b29a400,SM_CityLotus_CN_01_LOD01,indexed,3,405,18,E31D63387007CEC0,90DD8BBE11E20C25,2430,392,494,CachedShadowMap; Game_SHARED_GAME_SHADOW_MAP_NAME_2; IndexRT; T_CN_YZ_FOGMASK; T_CityTree_D_C; T_CityTree_NRA; T_Cloud_M; clipWorldYTexArray
empire2,72,1,0x17b29b000,SM_PVEO_DEADTREE07_L0_LOD01,indexed,3,480,13,A5471301C9A914FE,90DD8BBE11E20C25,2080,296,494,CachedShadowMap; Game_SHARED_GAME_SHADOW_MAP_NAME_2; IndexRT; T_CN_YZ_FOGMASK; T_CityTree_D_C; T_CityTree_NRA; T_Cloud_M; clipWorldYTexArray
empire2,73,1,0x17b2ec000,SM_CityDeadTree_06,indexed,3,282,26,A5471301C9A914FE,90DD8BBE11E20C25,2444,295,494,CachedShadowMap; Game_SHARED_GAME_SHADOW_MAP_NAME_2; IndexRT; T_CN_YZ_FOGMASK; T_CityTree_D_C; T_CityTree_NRA; T_Cloud_M; clipWorldYTexArray
empire2,74,1,0x17b2ec000,SM_CityDeadTree_05,indexed,3,612,5,A5471301C9A914FE,90DD8BBE11E20C25,1020,295,494,CachedShadowMap; Game_SHARED_GAME_SHADOW_MAP_NAME_2; IndexRT; T_CN_YZ_FOGMASK; T_CityTree_D_C; T_CityTree_NRA; T_Cloud_M; clipWorldYTexArray
empire2,75,1,0x17b2ed800,SM_Flowers02,indexed,3,462,112,DC308D1AF7BF025C,735A994C4DBEB7A0,17248,284,452,CachedShadowMap; Game_SHARED_GAME_SHADOW_MAP_NAME_2; IndexRT; T_CN_YZ_FOGMASK; T_CityTree_D_C; T_CityTree_NRA; clipWorldYTexArray
empire2,76,1,0x17b2ee400,SM_Grass_01,indexed,3,411,28,4419AD67EC5DFFAF,98BC6F212AB2AB07,3836,386,477,CloudTex; Game_SHARED_GAME_SHADOW_MAP_NAME; Game_SHARED_GAME_SHADOW_MAP_NAME_2; IndexRT; T_CN_YZ_FOGMASK; T_CityTree_D_C; T_CityTree_NRA; clipWorldYTexArray
empire2,77,1,0x17b2ef000,SM_CN_HOUSE01_A4_LOD03,indexed,3,10020,1,3CEB06A14A77D67F,FDA8C747A5187008,3340,279,450,CloudTex; Game_SHARED_GAME_SHADOW_MAP_NAME; Game_SHARED_GAME_SHADOW_MAP_NAME_2; IndexRT; T_CN_HOUSE01_A4_DA; T_CN_HOUSE01_A4_NRT; T_CN_YZ_FOGMASK; clipWorldYTexArray
empire2,78,1,0x17b2ef000,SM_CN_HOUSE02_A4_LOD03,indexed,3,720,1,3CEB06A14A77D67F,FDA8C747A5187008,240,279,450,CloudTex; Game_SHARED_GAME_SHADOW_MAP_NAME; Game_SHARED_GAME_SHADOW_MAP_NAME_2; IndexRT; T_CN_HOUSE02_A4_DA; T_CN_HOUSE02_A4_NRT; T_CN_YZ_FOGMASK; clipWorldYTexArray
empire2,79,1,0x171348c00,SM_WRE_NC_WOOD_L01_LOD03,indexed,3,126,6,1E7EF532F18FDDAF,B92355BC99986829,252,247,571,CloudTex; Game_SHARED_GAME_SHADOW_MAP_NAME; Game_SHARED_GAME_SHADOW_MAP_NAME_2; IndexRT; T_CN_YZ_FOGMASK; T_City_China_YZ_RP2D; T_WRE_NC_WOOD_DA; T_WRE_NC_WOOD_L; T_WRE_NC_WOOD_NRT; clipWorldYTexArray
empire2,80,1,0x17b32c000,SM_CN_IRONMINE_A4_LOD03,indexed,3,2976,3,FC5D17909A869C1A,FDA8C747A5187008,2976,286,450,CachedShadowMap; Game_SHARED_GAME_SHADOW_MAP_NAME_2; IndexRT; T_CN_IRONMINE_A4_DA; T_CN_IRONMINE_A4_NRT; T_CN_YZ_FOGMASK; T_Cloud_M; clipWorldYTexArray
empire2,81,1,0x171349800,SM_WRE_NC_FRAMLAND_B_V2_L01_LOD03,indexed,3,336,6,F5D13132E7F44A41,89C52512CBAD6D,672,271,634,CachedShadowMap; Game_SHARED_GAME_SHADOW_MAP_NAME_2; IndexRT; T_CN_YZ_FOGMASK; T_Cloud_M; T_WRE_NC_FRAMLANDA_DA; T_WRE_NC_FRAMLANDA_NRT; _FXTex01; clipWorldYTexArray
empire2,82,1,0x17b32d800,SM_FlagChinaFeudal_005_MorphUV2_MorphExport,indexed,3,96,8,C5A23A39586A6494,CAE3F95F0F0257F7,256,319,454,CachedShadowMap; Game_SHARED_GAME_SHADOW_MAP_NAME_2; IndexRT; T_CN_FLAG_A0_DA; T_CN_FLAG_A0_NRT; T_CN_YZ_FOGMASK; T_Cloud_M; _MorphTex; clipWorldYTexArray
empire2,83,1,0x17b32d800,SM_FlagChinaFeudal_012_MorphUV2_MorphExport,indexed,3,426,4,C5A23A39586A6494,CAE3F95F0F0257F7,568,319,454,CachedShadowMap; Game_SHARED_GAME_SHADOW_MAP_NAME_2; IndexRT; T_CN_FLAG_A0_DA; T_CN_FLAG_A0_NRT; T_CN_YZ_FOGMASK; T_Cloud_M; _MorphTex; clipWorldYTexArray
empire2,84,1,0x17b32d800,SM_HallOfWarChinaCastle_Flag001_MorphUV2_MorphExport,indexed,3,1464,1,C5A23A39586A6494,CAE3F95F0F0257F7,488,319,454,CachedShadowMap; Game_SHARED_GAME_SHADOW_MAP_NAME_2; IndexRT; T_CN_BARRACKFLAG_A3_DA; T_CN_BARRACKFLAG_A3_NRT; T_CN_YZ_FOGMASK; T_Cloud_M; _MorphTex; clipWorldYTexArray
empire2,85,1,0x17b32f000,SM_CN_HALLOFWAR_A4_LOD03,indexed,3,11565,1,E76E1AAEEE0FE6B3,3CAB235BF378FDC9,3855,259,555,CachedDynamicShadowMap; Game_SHARED_GAME_SHADOW_MAP_NAME; IndexRT; T_CN_HALLOFWAR_A4_DA; T_CN_HALLOFWAR_A4_NRT; T_CN_YZ_FOGMASK; T_City_China_YZ_RP2D; T_Cloud_M; clipWorldYTexArray
empire2,86,1,0x17b34c000,SM_CN_BLACKSMITH01_A4_LOD03,indexed,3,6771,1,E76E1AAEEE0FE6B3,3CAB235BF378FDC9,2257,261,555,CachedDynamicShadowMap; Game_SHARED_GAME_SHADOW_MAP_NAME; IndexRT; T_CN_BLACKSMITH01_A4_DA; T_CN_BLACKSMITH01_A4_NRT; T_CN_YZ_FOGMASK; T_City_China_YZ_RP2D; T_Cloud_M; clipWorldYTexArray
empire2,87,1,0x17b23b000,SM_NC_PROPS06_A3_LOD01,indexed,3,684,8,FC5D17909A869C1A,FDA8C747A5187008,1824,287,450,CachedDynamicShadowMap; Game_SHARED_GAME_SHADOW_MAP_NAME; IndexRT; T_CN_YZ_FOGMASK; T_Cloud_M; T_NC_PROPSC_A3_DA; T_NC_PROPSC_A3_NRT; clipWorldYTexArray
empire2,88,1,0x17b32d800,SM_StableChinaCastle_Flag001_MorphUV2_MorphExport,indexed,3,1464,1,C5A23A39586A6494,CAE3F95F0F0257F7,488,319,454,CachedDynamicShadowMap; Game_SHARED_GAME_SHADOW_MAP_NAME; IndexRT; T_CN_BARRACKFLAG_A3_DA; T_CN_BARRACKFLAG_A3_NRT; T_CN_YZ_FOGMASK; T_Cloud_M; _MorphTex; clipWorldYTexArray
empire2,89,1,0x17b32f000,SM_CN_STABLE_A4_LOD03,indexed,3,8841,1,E76E1AAEEE0FE6B3,3CAB235BF378FDC9,2947,259,555,CachedDynamicShadowMap; Game_SHARED_GAME_SHADOW_MAP_NAME; IndexRT; T_CN_STABLE_A4_DA; T_CN_STABLE_A4_NRT; T_CN_YZ_FOGMASK; T_City_China_YZ_RP2D; T_Cloud_M; clipWorldYTexArray
empire2,90,1,0x17b32f000,SM_CN_STABLE01_A4_LOD03,indexed,3,4977,1,E76E1AAEEE0FE6B3,3CAB235BF378FDC9,1659,259,555,CachedDynamicShadowMap; Game_SHARED_GAME_SHADOW_MAP_NAME; IndexRT; T_CN_STABLE01_A4_DA; T_CN_STABLE01_A4_NRT; T_CN_YZ_FOGMASK; T_City_China_YZ_RP2D; T_Cloud_M; clipWorldYTexArray
empire2,91,1,0x17b34d800,M_CN_MILL_A4_O2_LD02_A,indexed,3,516,2,AB6A7887745B5B4,29ECCBB5F84ABC85,344,536,449,CachedDynamicShadowMap; Game_SHARED_GAME_SHADOW_MAP_NAME; IndexRT; T_CN_MILL_A4_DA; T_CN_MILL_A4_NRT; T_CN_YZ_FOGMASK; T_Cloud_M; _boneTexture; clipWorldYTexArray
empire2,92,1,0x17b34f000,M_CN_MILL_A4_O1_LD02_A,indexed,3,2907,2,37291EC15CECC475,21820F54954DE970,1938,457,449,CachedDynamicShadowMap; Game_SHARED_GAME_SHADOW_MAP_NAME; IndexRT; T_CN_MILL_A4_DA; T_CN_MILL_A4_NRT; T_CN_YZ_FOGMASK; T_Cloud_M; _boneTexture; clipWorldYTexArray
empire2,93,1,0x17b32c000,SM_CN_MILL_A4_LOD03,indexed,3,3945,2,FC5D17909A869C1A,FDA8C747A5187008,2630,286,450,CachedDynamicShadowMap; Game_SHARED_GAME_SHADOW_MAP_NAME; IndexRT; T_CN_MILL_A4_DA; T_CN_MILL_A4_NRT; T_CN_YZ_FOGMASK; T_Cloud_M; clipWorldYTexArray
empire2,94,1,0x17b34f000,M_CN_LUMBERLOG_A4_LD03_A,indexed,3,489,2,37291EC15CECC475,21820F54954DE970,326,457,449,CachedDynamicShadowMap; Game_SHARED_GAME_SHADOW_MAP_NAME; IndexRT; T_CN_LUMBER_A4_DA; T_CN_LUMBER_A4_NRT; T_CN_YZ_FOGMASK; T_Cloud_M; _boneTexture; clipWorldYTexArray
empire2,95,1,0x17b244000,SM_CN_LUMBER_A4_LOD03,indexed,3,966,2,FC5D17909A869C1A,FDA8C747A5187008,644,289,450,CachedDynamicShadowMap; Game_SHARED_GAME_SHADOW_MAP_NAME; IndexRT; T_CN_LUMBER_A4_DA; T_CN_LUMBER_A4_NRT; T_CN_YZ_FOGMASK; T_Cloud_M; clipWorldYTexArray
empire2,96,1,0x17b32f000,SM_CN_CENTER_A4_LOD03,indexed,3,17952,1,E76E1AAEEE0FE6B3,3CAB235BF378FDC9,5984,259,555,CachedDynamicShadowMap; Game_SHARED_GAME_SHADOW_MAP_NAME; IndexRT; T_CN_CENTER_A4_DA; T_CN_CENTER_A4_NRT; T_CN_YZ_FOGMASK; T_City_China_YZ_RP2D; T_Cloud_M; clipWorldYTexArray
empire2,97,1,0x17b36cc00,SM_CN_QIJI01_A3_LOD03,indexed,3,2952,1,9C1452166BD01029,537455CC7BB49C49,984,245,548,CachedDynamicShadowMap; Game_SHARED_GAME_SHADOW_MAP_NAME; IndexRT; T_CN_QIJI_A3_DA; T_CN_QIJI_A3_NRT; T_CN_YZ_FOGMASK; T_City_China_YZ_RP2D; T_Cloud_M; clipWorldYTexArray
empire2,98,1,0x17b36cc00,SM_CN_QIJI02_A3_LOD03,indexed,3,11577,1,9C1452166BD01029,537455CC7BB49C49,3859,245,548,CachedDynamicShadowMap; Game_SHARED_GAME_SHADOW_MAP_NAME; IndexRT; T_CN_QIJI02_A3_DA; T_CN_QIJI02_A3_NRT; T_CN_YZ_FOGMASK; T_City_China_YZ_RP2D; T_Cloud_M; clipWorldYTexArray
empire2,99,1,0x17b36cc00,SM_CN_GOLDMINE_A4_LOD03,indexed,3,2976,2,9C1452166BD01029,537455CC7BB49C49,1984,245,548,CachedDynamicShadowMap; Game_SHARED_GAME_SHADOW_MAP_NAME; IndexRT; T_CN_GOLDMINE_A4_DA; T_CN_GOLDMINE_A4_NRT; T_CN_YZ_FOGMASK; T_City_China_YZ_RP2D; T_Cloud_M; clipWorldYTexArray
empire2,100,1,0x17b2ef000,SM_CN_MARKET_A4_LOD03,indexed,3,7572,1,3CEB06A14A77D67F,FDA8C747A5187008,2524,279,450,CachedDynamicShadowMap; Game_SHARED_GAME_SHADOW_MAP_NAME; IndexRT; T_CN_MARKET_A4_DA; T_CN_MARKET_A4_NRT; T_CN_YZ_FOGMASK; T_Cloud_M; clipWorldYTexArray
empire2,101,1,0x17b32d800,SM_FlagChinaEmpires_003_MorphUV2_MorphExport,indexed,3,462,1,C5A23A39586A6494,CAE3F95F0F0257F7,154,319,454,CachedDynamicShadowMap; Game_SHARED_GAME_SHADOW_MAP_NAME; IndexRT; T_CN_FLAG_A0_DA; T_CN_FLAG_A0_NRT; T_CN_YZ_FOGMASK; T_Cloud_M; _MorphTex; clipWorldYTexArray
empire2,102,1,0x17b32d800,SM_FlagChinaEmpires_004_MorphUV2_MorphExport,indexed,3,402,3,C5A23A39586A6494,CAE3F95F0F0257F7,402,319,454,CachedDynamicShadowMap; Game_SHARED_GAME_SHADOW_MAP_NAME; IndexRT; T_CN_FLAG_A0_DA; T_CN_FLAG_A0_NRT; T_CN_YZ_FOGMASK; T_Cloud_M; _MorphTex; clipWorldYTexArray
empire2,103,1,0x17b32c000,SM_CN_MTPROPS02_A4_LOD03,indexed,3,96,1,FC5D17909A869C1A,FDA8C747A5187008,32,286,450,CachedDynamicShadowMap; Game_SHARED_GAME_SHADOW_MAP_NAME; IndexRT; T_CN_MTPROPS02_A4_DA; T_CN_MTPROPS02_A4_NRT; T_CN_YZ_FOGMASK; T_Cloud_M; clipWorldYTexArray
empire2,104,1,0x17b36cc00,SM_CN_MTPROPS_A4_LOD03,indexed,3,7308,1,9C1452166BD01029,537455CC7BB49C49,2436,245,548,CachedDynamicShadowMap; Game_SHARED_GAME_SHADOW_MAP_NAME; IndexRT; T_CN_MTPROPS_A4_DA; T_CN_MTPROPS_A4_NRT; T_CN_YZ_FOGMASK; T_City_China_YZ_RP2D; T_Cloud_M; clipWorldYTexArray
empire2,105,1,0x17b32f000,SM_CN_DRILLG_A4_LOD03,indexed,3,4212,1,E76E1AAEEE0FE6B3,3CAB235BF378FDC9,1404,259,555,CachedDynamicShadowMap; Game_SHARED_GAME_SHADOW_MAP_NAME; IndexRT; T_CN_DRILLG_A4_DA; T_CN_DRILLG_A4_NRT; T_CN_YZ_FOGMASK; T_City_China_YZ_RP2D; T_Cloud_M; clipWorldYTexArray
empire2,106,1,0x17b244000,SM_FlagFranceFeudal_01,indexed,3,648,10,FC5D17909A869C1A,FDA8C747A5187008,2160,289,450,CachedDynamicShadowMap; Game_SHARED_GAME_SHADOW_MAP_NAME; IndexRT; T_CN_YZ_FOGMASK; T_Cloud_M; T_FR_FLAG_A0_DA; T_FR_FLAG_A0_NRT; clipWorldYTexArray
empire2,107,1,0x17b32d800,SM_FlagChinaFeudal_006_MorphUV2_MorphExport,indexed,3,192,12,C5A23A39586A6494,CAE3F95F0F0257F7,768,319,454,CachedDynamicShadowMap; Game_SHARED_GAME_SHADOW_MAP_NAME; IndexRT; T_CN_FLAG_A0_DA; T_CN_FLAG_A0_NRT; T_CN_YZ_FOGMASK; T_Cloud_M; _MorphTex; clipWorldYTexArray
empire2,108,1,0x17b32f000,SM_CN_SCHOOL_A4_LOD03,indexed,3,8922,1,E76E1AAEEE0FE6B3,3CAB235BF378FDC9,2974,259,555,CachedDynamicShadowMap; Game_SHARED_GAME_SHADOW_MAP_NAME; IndexRT; T_CN_SCHOOL_A4_DA; T_CN_SCHOOL_A4_NRT; T_CN_YZ_FOGMASK; T_City_China_YZ_RP2D; T_Cloud_M; clipWorldYTexArray
empire2,109,1,0x17b36cc00,SM_CN_SCHPROPS_A4_LOD03,indexed,3,8007,1,9C1452166BD01029,537455CC7BB49C49,2669,245,548,CachedDynamicShadowMap; Game_SHARED_GAME_SHADOW_MAP_NAME; IndexRT; T_CN_SCHPROPS_A4_DA; T_CN_SCHPROPS_A4_NRT; T_CN_YZ_FOGMASK; T_City_China_YZ_RP2D; T_Cloud_M; clipWorldYTexArray
empire2,110,1,0x17b32f000,SM_CN_CASTLE_A4_LOD03,indexed,3,14859,1,E76E1AAEEE0FE6B3,3CAB235BF378FDC9,4953,259,555,CachedDynamicShadowMap; Game_SHARED_GAME_SHADOW_MAP_NAME; IndexRT; T_CN_CASTLE01_A4_DA; T_CN_CASTLE01_A4_NRT; T_CN_YZ_FOGMASK; T_City_China_YZ_RP2D; T_Cloud_M; clipWorldYTexArray
empire2,111,1,0x17b32d800,SM_FlagChinaFeudal_014_MorphUV2_MorphExport,indexed,3,306,8,C5A23A39586A6494,CAE3F95F0F0257F7,816,319,454,CachedDynamicShadowMap; Game_SHARED_GAME_SHADOW_MAP_NAME; IndexRT; T_CN_FLAG_A0_DA; T_CN_FLAG_A0_NRT; T_CN_YZ_FOGMASK; T_Cloud_M; _MorphTex; clipWorldYTexArray
empire2,112,1,0x17b36d800,M_BChnC_01_LOD2_A,indexed,3,1803,7,AB6A7887745B5B4,29ECCBB5F84ABC85,4207,534,449,CachedDynamicShadowMap; Game_SHARED_GAME_SHADOW_MAP_NAME; IndexRT; T_CN_YZ_FOGMASK; T_Cloud_M; T_FR_PROPSC_A2_DA; T_FR_PROPS_A2_NRT; _boneTexture; clipWorldYTexArray
empire2,113,1,0x17b36d800,M_CN_PROPS04_A4_LD02_A,indexed,3,306,8,AB6A7887745B5B4,29ECCBB5F84ABC85,816,534,449,CachedDynamicShadowMap; Game_SHARED_GAME_SHADOW_MAP_NAME; IndexRT; T_CN_FLAG_A0_DA; T_CN_FLAG_A0_NRT; T_CN_YZ_FOGMASK; T_Cloud_M; _boneTexture; clipWorldYTexArray
empire2,114,1,0x17b32c000,SM_CN_PROPS03_A4_LOD02,indexed,3,456,4,FC5D17909A869C1A,FDA8C747A5187008,608,286,450,CachedDynamicShadowMap; Game_SHARED_GAME_SHADOW_MAP_NAME; IndexRT; T_CN_FLAG_A0_DA; T_CN_FLAG_A0_NRT; T_CN_YZ_FOGMASK; T_Cloud_M; clipWorldYTexArray
empire2,115,1,0x17b23b000,SM_FR_WHARF02B_A4_LOD00,indexed,3,6,16,FC5D17909A869C1A,FDA8C747A5187008,32,287,450,CachedDynamicShadowMap; Game_SHARED_GAME_SHADOW_MAP_NAME; IndexRT; T_CN_YZ_FOGMASK; T_Cloud_M; T_FR_WHARF_A4_DA; T_FR_WHARF_A4_NRT; clipWorldYTexArray
empire2,116,1,0x17b23b000,SM_FR_WHARF02_A4_LOD03,indexed,3,42,2,FC5D17909A869C1A,FDA8C747A5187008,28,287,450,CachedDynamicShadowMap; Game_SHARED_GAME_SHADOW_MAP_NAME; IndexRT; T_CN_YZ_FOGMASK; T_Cloud_M; T_FR_WHARF_A4_DA; T_FR_WHARF_A4_NRT; clipWorldYTexArray
empire2,117,1,0x17b23b000,SM_FR_WHARF04_A4_LOD03,indexed,3,405,2,FC5D17909A869C1A,FDA8C747A5187008,270,287,450,CachedDynamicShadowMap; Game_SHARED_GAME_SHADOW_MAP_NAME; IndexRT; T_CN_YZ_FOGMASK; T_Cloud_M; T_FR_WHARF_A4_DA; T_FR_WHARF_A4_NRT; clipWorldYTexArray
empire2,118,1,0x17b23b000,SM_FR_WHARF03_A4_LOD03,indexed,3,84,10,FC5D17909A869C1A,FDA8C747A5187008,280,287,450,CachedDynamicShadowMap; Game_SHARED_GAME_SHADOW_MAP_NAME; IndexRT; T_CN_YZ_FOGMASK; T_Cloud_M; T_FR_WHARF_A4_DA; T_FR_WHARF_A4_NRT; clipWorldYTexArray
empire2,119,1,0x17b23b000,SM_NC_PROPSGROUP05A_A0_LOD02,indexed,3,1059,2,FC5D17909A869C1A,FDA8C747A5187008,706,287,450,CachedDynamicShadowMap; Game_SHARED_GAME_SHADOW_MAP_NAME; IndexRT; T_CN_YZ_FOGMASK; T_Cloud_M; T_FR_PROPS_A2_NRT; T_NC_PROPS_A2_DA; clipWorldYTexArray
empire2,120,1,0x17b23b000,SM_NC_PROPSGROUP05B_A0_LOD02,indexed,3,240,2,FC5D17909A869C1A,FDA8C747A5187008,160,287,450,CachedDynamicShadowMap; Game_SHARED_GAME_SHADOW_MAP_NAME; IndexRT; T_CN_YZ_FOGMASK; T_Cloud_M; T_NC_MTPROPS_A0_DA; T_NC_MTPROPS_A0_NRT; clipWorldYTexArray
empire2,121,1,0x17b36e400,SM_NC_WHARF01_A2_LOD03,indexed,3,1272,2,3CEB06A14A77D67F,FDA8C747A5187008,848,280,450,CachedDynamicShadowMap; Game_SHARED_GAME_SHADOW_MAP_NAME; IndexRT; T_CN_YZ_FOGMASK; T_Cloud_M; T_NC_WHARF_A2_DA; T_NC_WHARF_A2_NRT; clipWorldYTexArray
empire2,122,1,0x17b36e400,SM_NC_WHARF02_A2_LOD03,indexed,3,807,2,3CEB06A14A77D67F,FDA8C747A5187008,538,280,450,CachedDynamicShadowMap; Game_SHARED_GAME_SHADOW_MAP_NAME; IndexRT; T_CN_YZ_FOGMASK; T_Cloud_M; T_NC_DOCK_A2_DA; T_NC_DOCK_A2_NRT; clipWorldYTexArray
empire2,123,1,0x17b34f000,M_FR_WHARF_A4_LD02_A,indexed,3,2679,1,37291EC15CECC475,21820F54954DE970,893,457,449,CachedDynamicShadowMap; Game_SHARED_GAME_SHADOW_MAP_NAME; IndexRT; T_CN_YZ_FOGMASK; T_Cloud_M; T_FR_WHARF_A4_DA; T_FR_WHARF_A4_NRT; _boneTexture; clipWorldYTexArray
empire2,124,1,0x17b23b000,SM_FR_WHARF07_A4_LOD03,indexed,3,648,5,FC5D17909A869C1A,FDA8C747A5187008,1080,287,450,CachedDynamicShadowMap; Game_SHARED_GAME_SHADOW_MAP_NAME; IndexRT; T_CN_YZ_FOGMASK; T_Cloud_M; T_FR_WHARF_A4_DA; T_FR_WHARF_A4_NRT; clipWorldYTexArray
empire2,125,1,0x17b23b000,SM_NC_PROPS03_A3_LOD02,indexed,3,108,29,FC5D17909A869C1A,FDA8C747A5187008,1044,287,450,CachedDynamicShadowMap; Game_SHARED_GAME_SHADOW_MAP_NAME; IndexRT; T_CN_YZ_FOGMASK; T_Cloud_M; T_NC_PROPSC_A3_DA; T_NC_PROPSC_A3_NRT; clipWorldYTexArray
empire2,126,1,0x17b23b000,SM_NC_PROPS02_A3_LOD02,indexed,3,549,9,FC5D17909A869C1A,FDA8C747A5187008,1647,287,450,CachedDynamicShadowMap; Game_SHARED_GAME_SHADOW_MAP_NAME; IndexRT; T_CN_YZ_FOGMASK; T_Cloud_M; T_NC_PROPSC_A3_DA; T_NC_PROPSC_A3_NRT; clipWorldYTexArray
empire2,127,1,0x17b32c000,SM_FR_WHARF08_A4_LOD02,indexed,3,4605,1,FC5D17909A869C1A,FDA8C747A5187008,1535,286,450,CachedDynamicShadowMap; Game_SHARED_GAME_SHADOW_MAP_NAME; IndexRT; T_CN_YZ_FOGMASK; T_Cloud_M; T_FR_WHARF_A4_DA; T_FR_WHARF_A4_NRT; clipWorldYTexArray
empire2,128,1,0x17b23b000,SM_FR_WHARF06_A4_LOD03,indexed,3,384,1,FC5D17909A869C1A,FDA8C747A5187008,128,287,450,CachedDynamicShadowMap; Game_SHARED_GAME_SHADOW_MAP_NAME; IndexRT; T_CN_YZ_FOGMASK; T_Cloud_M; T_FR_WHARF_A4_DA; T_FR_WHARF_A4_NRT; clipWorldYTexArray
empire2,129,1,0x17b23b000,SM_FR_WHARF05_A4_LOD03,indexed,3,216,5,FC5D17909A869C1A,FDA8C747A5187008,360,287,450,CachedDynamicShadowMap; Game_SHARED_GAME_SHADOW_MAP_NAME; IndexRT; T_CN_YZ_FOGMASK; T_Cloud_M; T_FR_WHARF_A4_DA; T_FR_WHARF_A4_NRT; clipWorldYTexArray
empire2,130,1,0x17b23b000,SM_CN_PROPS03_A3_LOD03,indexed,3,888,7,FC5D17909A869C1A,FDA8C747A5187008,2072,287,450,CachedDynamicShadowMap; Game_SHARED_GAME_SHADOW_MAP_NAME; IndexRT; T_CN_YZ_FOGMASK; T_Cloud_M; T_FR_PROPSC_A2_DA; T_FR_PROPS_A2_NRT; clipWorldYTexArray
empire2,131,1,0x17b23b000,SM_CN_PROPS02_A3_LOD03,indexed,3,426,6,FC5D17909A869C1A,FDA8C747A5187008,852,287,450,CachedDynamicShadowMap; Game_SHARED_GAME_SHADOW_MAP_NAME; IndexRT; T_CN_YZ_FOGMASK; T_Cloud_M; T_FR_PROPSC_A2_DA; T_FR_PROPS_A2_NRT; clipWorldYTexArray
empire2,132,1,0x17b23b000,SM_FR_MTPROPS11_A3_LOD02,indexed,3,30,81,FC5D17909A869C1A,FDA8C747A5187008,810,287,450,CachedDynamicShadowMap; Game_SHARED_GAME_SHADOW_MAP_NAME; IndexRT; T_CN_YZ_FOGMASK; T_Cloud_M; T_FR_MTPROPS_A0_DA; T_FR_MTPROPS_A0_NRT; clipWorldYTexArray
empire2,133,1,0x17b23b000,SM_FR_MTPROPS07_A0_LOD02,indexed,3,30,5,FC5D17909A869C1A,FDA8C747A5187008,50,287,450,CachedDynamicShadowMap; Game_SHARED_GAME_SHADOW_MAP_NAME; IndexRT; T_CN_YZ_FOGMASK; T_Cloud_M; T_FR_MTPROPS_A0_DA; T_FR_MTPROPS_A0_NRT; clipWorldYTexArray
empire2,134,1,0x17b23b000,SM_FR_MTPROPS12_A3_LOD02,indexed,3,30,36,FC5D17909A869C1A,FDA8C747A5187008,360,287,450,CachedDynamicShadowMap; Game_SHARED_GAME_SHADOW_MAP_NAME; IndexRT; T_CN_YZ_FOGMASK; T_Cloud_M; T_FR_MTPROPS_A0_DA; T_FR_MTPROPS_A0_NRT; clipWorldYTexArray
empire2,135,1,0x17b23b000,SM_FR_MTPROPS06_A0_LOD02,indexed,3,30,11,FC5D17909A869C1A,FDA8C747A5187008,110,287,450,CachedDynamicShadowMap; Game_SHARED_GAME_SHADOW_MAP_NAME; IndexRT; T_CN_YZ_FOGMASK; T_Cloud_M; T_FR_MTPROPS_A0_DA; T_FR_MTPROPS_A0_NRT; clipWorldYTexArray
empire2,136,1,0x17b36cc00,SM_CN_PROPS14_A3_LOD03,indexed,3,1116,1,9C1452166BD01029,537455CC7BB49C49,372,245,548,CachedDynamicShadowMap; Game_SHARED_GAME_SHADOW_MAP_NAME; IndexRT; T_CN_MTPROPS_A4_DA; T_CN_MTPROPS_A4_NRT; T_CN_YZ_FOGMASK; T_City_China_YZ_RP2D; T_Cloud_M; clipWorldYTexArray
empire2,137,1,0x17b23b000,SM_NC_PROPS07_A3_LOD02,indexed,3,336,50,FC5D17909A869C1A,FDA8C747A5187008,5600,287,450,CachedDynamicShadowMap; Game_SHARED_GAME_SHADOW_MAP_NAME; IndexRT; T_CN_YZ_FOGMASK; T_Cloud_M; T_NC_PROPSC_A3_DA; T_NC_PROPSC_A3_NRT; clipWorldYTexArray
empire2,138,1,0x17b23b000,SM_NC_PROPS01_A3_LOD02,indexed,3,270,66,FC5D17909A869C1A,FDA8C747A5187008,5940,287,450,CachedDynamicShadowMap; Game_SHARED_GAME_SHADOW_MAP_NAME; IndexRT; T_CN_YZ_FOGMASK; T_Cloud_M; T_NC_PROPSC_A3_DA; T_NC_PROPSC_A3_NRT; clipWorldYTexArray
empire2,139,1,0x17b32f000,SM_CN_CASTLE12_A3_LOD03,indexed,3,114,4,E76E1AAEEE0FE6B3,3CAB235BF378FDC9,152,259,555,CachedDynamicShadowMap; Game_SHARED_GAME_SHADOW_MAP_NAME; IndexRT; T_CN_CASTLE01_A3_DA; T_CN_CASTLE01_A3_NRT; T_CN_YZ_FOGMASK; T_City_China_YZ_RP2D; T_Cloud_M; clipWorldYTexArray
empire2,140,1,0x17b36e400,SM_FR_BARRACKTARGET_A3_LOD01,indexed,3,150,8,3CEB06A14A77D67F,FDA8C747A5187008,400,280,450,CachedDynamicShadowMap; Game_SHARED_GAME_SHADOW_MAP_NAME; IndexRT; T_CN_YZ_FOGMASK; T_Cloud_M; T_FR_BARRACK_A3_DA; T_FR_BARRACK_A3_NRT; clipWorldYTexArray
empire2,141,1,0x17b32f000,SM_CN_CENTERPORPS01_A3_LOD00,indexed,3,294,29,E76E1AAEEE0FE6B3,3CAB235BF378FDC9,2842,259,555,CachedDynamicShadowMap; Game_SHARED_GAME_SHADOW_MAP_NAME; IndexRT; T_CN_CENTER_A3_DA; T_CN_CENTER_A3_NRT; T_CN_YZ_FOGMASK; T_City_China_YZ_RP2D; T_Cloud_M; clipWorldYTexArray
empire2,142,1,0x17b32c000,SM_NC_PROPS05B_A0_LOD02,indexed,3,138,29,FC5D17909A869C1A,FDA8C747A5187008,1334,286,450,CachedDynamicShadowMap; Game_SHARED_GAME_SHADOW_MAP_NAME; IndexRT; T_CN_YZ_FOGMASK; T_Cloud_M; T_FR_PROPS_A2_NRT; T_NC_PROPS_A2_DA; clipWorldYTexArray
empire2,143,1,0x17b2ef000,SM_CN_ARCHERYTARGET_A3_LOD01,indexed,3,414,3,3CEB06A14A77D67F,FDA8C747A5187008,414,279,450,CachedDynamicShadowMap; Game_SHARED_GAME_SHADOW_MAP_NAME; IndexRT; T_CN_ARCHERY_A3_DA; T_CN_ARCHERY_A3_NRT; T_CN_YZ_FOGMASK; T_Cloud_M; clipWorldYTexArray
empire2,144,1,0x17b36f000,SM_Props10_b001_MorphUV2_MorphExport,indexed,3,1200,1,C5A23A39586A6494,CAE3F95F0F0257F7,400,320,454,CachedDynamicShadowMap; Game_SHARED_GAME_SHADOW_MAP_NAME; IndexRT; T_CN_YZ_FOGMASK; T_Cloud_M; T_FR_PROPS02_A2_DA; T_FR_PROPS02_A2_NRT; _MorphTex; clipWorldYTexArray
empire2,145,1,0x17b32d800,SM_FlagChinaFeudal_016_MorphUV2_MorphExport,indexed,3,612,8,C5A23A39586A6494,CAE3F95F0F0257F7,1632,319,454,CachedDynamicShadowMap; Game_SHARED_GAME_SHADOW_MAP_NAME; IndexRT; T_CN_FLAG_A0_DA; T_CN_FLAG_A0_NRT; T_CN_YZ_FOGMASK; T_Cloud_M; _MorphTex; clipWorldYTexArray
empire2,146,1,0x17b32d800,SM_FlagChinaFeudal_016_MorphUV2_MorphExport,indexed,3,384,8,C5A23A39586A6494,CAE3F95F0F0257F7,1024,319,454,CachedDynamicShadowMap; Game_SHARED_GAME_SHADOW_MAP_NAME; IndexRT; T_CN_FLAG_A0_DA; T_CN_FLAG_A0_NRT; T_CN_YZ_FOGMASK; T_Cloud_M; _MorphTex; clipWorldYTexArray
empire2,147,1,0x17b23b000,SM_NC_PROPS10B_A0_LOD02,indexed,3,2199,1,FC5D17909A869C1A,FDA8C747A5187008,733,287,450,CachedDynamicShadowMap; Game_SHARED_GAME_SHADOW_MAP_NAME; IndexRT; T_CN_YZ_FOGMASK; T_Cloud_M; T_FR_PROPS_A2_NRT; T_NC_PROPS_A2_DA; clipWorldYTexArray
empire2,148,1,0x17b2ef000,SM_CN_WEAPONRACK_A3_LOD01,indexed,3,768,2,3CEB06A14A77D67F,FDA8C747A5187008,512,279,450,CachedDynamicShadowMap; Game_SHARED_GAME_SHADOW_MAP_NAME; IndexRT; T_CN_SPEARB_A3_DA; T_CN_SPEARB_A3_NRT; T_CN_YZ_FOGMASK; T_Cloud_M; clipWorldYTexArray
empire2,149,1,0x17b2ef000,SM_CN_WEAPONRACK02_A3_LOD01,indexed,3,1068,1,3CEB06A14A77D67F,FDA8C747A5187008,356,279,450,CachedDynamicShadowMap; Game_SHARED_GAME_SHADOW_MAP_NAME; IndexRT; T_CN_BARRACK_A3_DA; T_CN_BARRACK_A3_NRT; T_CN_YZ_FOGMASK; T_Cloud_M; clipWorldYTexArray
empire2,150,1,0x17b36cc00,SM_CN_WALL02_A4_LOD03,indexed,3,1050,9,9C1452166BD01029,537455CC7BB49C49,3150,245,548,CachedDynamicShadowMap; Game_SHARED_GAME_SHADOW_MAP_NAME; IndexRT; T_CN_WALL_A4_DA; T_CN_WALL_A4_NRT; T_CN_YZ_FOGMASK; T_City_China_YZ_RP2D; T_Cloud_M; clipWorldYTexArray
empire2,151,1,0x17b36cc00,SM_CN_WALL05_A4_LOD02,indexed,3,222,23,9C1452166BD01029,537455CC7BB49C49,1702,245,548,CachedDynamicShadowMap; Game_SHARED_GAME_SHADOW_MAP_NAME; IndexRT; T_CN_WALL_A4_DA; T_CN_WALL_A4_NRT; T_CN_YZ_FOGMASK; T_City_China_YZ_RP2D; T_Cloud_M; clipWorldYTexArray
empire2,152,1,0x17b36cc00,SM_CN_WALL06_A4_LOD03,indexed,3,522,128,9C1452166BD01029,537455CC7BB49C49,22272,245,548,CachedDynamicShadowMap; Game_SHARED_GAME_SHADOW_MAP_NAME; IndexRT; T_CN_WALL_A4_DA; T_CN_WALL_A4_NRT; T_CN_YZ_FOGMASK; T_City_China_YZ_RP2D; T_Cloud_M; clipWorldYTexArray
empire2,153,1,0x17b36cc00,SM_CN_WALL06_A4_LOD03,indexed,3,522,33,9C1452166BD01029,537455CC7BB49C49,5742,245,548,CachedDynamicShadowMap; Game_SHARED_GAME_SHADOW_MAP_NAME; IndexRT; T_CN_WALL_A4_DA; T_CN_WALL_A4_NRT; T_CN_YZ_FOGMASK; T_City_China_YZ_RP2D; T_Cloud_M; clipWorldYTexArray
empire2,154,1,0x17b36cc00,SM_CN_WALL04_A4_LOD03,indexed,3,246,24,9C1452166BD01029,537455CC7BB49C49,1968,245,548,CachedDynamicShadowMap; Game_SHARED_GAME_SHADOW_MAP_NAME; IndexRT; T_CN_WALL_A4_DA; T_CN_WALL_A4_NRT; T_CN_YZ_FOGMASK; T_City_China_YZ_RP2D; T_Cloud_M; clipWorldYTexArray
empire2,155,1,0x17b36cc00,SM_CN_WALL08_A4_LOD03,indexed,3,963,4,9C1452166BD01029,537455CC7BB49C49,1284,245,548,CachedDynamicShadowMap; Game_SHARED_GAME_SHADOW_MAP_NAME; IndexRT; T_CN_WALL_A4_DA; T_CN_WALL_A4_NRT; T_CN_YZ_FOGMASK; T_City_China_YZ_RP2D; T_Cloud_M; clipWorldYTexArray
empire2,156,1,0x17b36cc00,SM_CN_WALL01_A4_LOD03,indexed,3,2154,11,9C1452166BD01029,537455CC7BB49C49,7898,245,548,CachedDynamicShadowMap; Game_SHARED_GAME_SHADOW_MAP_NAME; IndexRT; T_CN_WALL_A4_DA; T_CN_WALL_A4_NRT; T_CN_YZ_FOGMASK; T_City_China_YZ_RP2D; T_Cloud_M; clipWorldYTexArray
empire2,157,1,0x17b36cc00,SM_CN_WALL10_A4_LOD03,indexed,3,2694,3,9C1452166BD01029,537455CC7BB49C49,2694,245,548,CachedDynamicShadowMap; Game_SHARED_GAME_SHADOW_MAP_NAME; IndexRT; T_CN_WALL_A4_DA; T_CN_WALL_A4_NRT; T_CN_YZ_FOGMASK; T_City_China_YZ_RP2D; T_Cloud_M; clipWorldYTexArray
empire2,158,1,0x17b36cc00,SM_CN_WALL11_A4_LOD03,indexed,3,1050,1,9C1452166BD01029,537455CC7BB49C49,350,245,548,CachedDynamicShadowMap; Game_SHARED_GAME_SHADOW_MAP_NAME; IndexRT; T_CN_WALL_A4_DA; T_CN_WALL_A4_NRT; T_CN_YZ_FOGMASK; T_City_China_YZ_RP2D; T_Cloud_M; clipWorldYTexArray
empire2,159,1,0x17b36cc00,SM_CN_WALL03_A4_LOD03,indexed,3,2112,6,9C1452166BD01029,537455CC7BB49C49,4224,245,548,CachedDynamicShadowMap; Game_SHARED_GAME_SHADOW_MAP_NAME; IndexRT; T_CN_WALL_A4_DA; T_CN_WALL_A4_NRT; T_CN_YZ_FOGMASK; T_City_China_YZ_RP2D; T_Cloud_M; clipWorldYTexArray
empire2,160,1,0x17b32d800,SM_FlagChinaFeudal_015_MorphUV2_MorphExport,indexed,3,288,2,C5A23A39586A6494,CAE3F95F0F0257F7,192,319,454,CachedDynamicShadowMap; Game_SHARED_GAME_SHADOW_MAP_NAME; IndexRT; T_CN_FLAG_A0_DA; T_CN_FLAG_A0_NRT; T_CN_YZ_FOGMASK; T_Cloud_M; _MorphTex; clipWorldYTexArray
empire2,161,1,0x17b32d800,SM_FlagChinaFeudal_017_MorphUV2_MorphExport,indexed,3,708,9,C5A23A39586A6494,CAE3F95F0F0257F7,2124,319,454,CachedDynamicShadowMap; Game_SHARED_GAME_SHADOW_MAP_NAME; IndexRT; T_CN_FLAG_A0_DA; T_CN_FLAG_A0_NRT; T_CN_YZ_FOGMASK; T_Cloud_M; _MorphTex; clipWorldYTexArray
empire2,162,1,0x17b32f000,SM_CN_CASTLE03_A4_LOD03,indexed,3,204,4,E76E1AAEEE0FE6B3,3CAB235BF378FDC9,272,259,555,CachedDynamicShadowMap; Game_SHARED_GAME_SHADOW_MAP_NAME; IndexRT; T_CN_CASTLE_A4_DA; T_CN_CASTLE_A4_NRT; T_CN_YZ_FOGMASK; T_City_China_YZ_RP2D; T_Cloud_M; clipWorldYTexArray
empire2,163,1,0x17b2ef000,SM_CN_WALL06_A3_LOD03,indexed,3,480,24,3CEB06A14A77D67F,FDA8C747A5187008,3840,279,450,CachedDynamicShadowMap; Game_SHARED_GAME_SHADOW_MAP_NAME; IndexRT; T_CN_WALL_A3_DA; T_CN_WALL_A3_NRT; T_CN_YZ_FOGMASK; T_Cloud_M; clipWorldYTexArray
empire2,164,1,0x17b2ef000,SM_CN_WALL01_A3_LOD03,indexed,3,2055,3,3CEB06A14A77D67F,FDA8C747A5187008,2055,279,450,CachedDynamicShadowMap; Game_SHARED_GAME_SHADOW_MAP_NAME; IndexRT; T_CN_WALL_A3_DA; T_CN_WALL_A3_NRT; T_CN_YZ_FOGMASK; T_Cloud_M; clipWorldYTexArray
empire2,165,1,0x17b23b000,SM_PropsScaffold_LOD2,indexed,3,792,2,FC5D17909A869C1A,FDA8C747A5187008,528,287,450,CachedDynamicShadowMap; Game_SHARED_GAME_SHADOW_MAP_NAME; IndexRT; T_CN_YZ_FOGMASK; T_Cloud_M; T_FR_PROPS_A2_NRT; T_NC_PROPS_A2_DA; clipWorldYTexArray
empire2,166,1,0x17b32d800,SM_FlagChinaFeudal_003_MorphUV2_MorphExport,indexed,3,504,4,C5A23A39586A6494,CAE3F95F0F0257F7,672,319,454,CachedDynamicShadowMap; Game_SHARED_GAME_SHADOW_MAP_NAME; IndexRT; T_CN_FLAG_A0_DA; T_CN_FLAG_A0_NRT; T_CN_YZ_FOGMASK; T_Cloud_M; _MorphTex; clipWorldYTexArray
empire2,167,1,0x17b36cc00,SM_CN_WALL09_A4_LOD03,indexed,3,8556,3,9C1452166BD01029,537455CC7BB49C49,8556,245,548,CachedDynamicShadowMap; Game_SHARED_GAME_SHADOW_MAP_NAME; IndexRT; T_CN_WALL_A4_DA; T_CN_WALL_A4_NRT; T_CN_YZ_FOGMASK; T_City_China_YZ_RP2D; T_Cloud_M; clipWorldYTexArray
empire2,168,1,0x17b2ef000,SM_CN_WALL03_A3_LOD03,indexed,3,2418,3,3CEB06A14A77D67F,FDA8C747A5187008,2418,279,450,CachedDynamicShadowMap; Game_SHARED_GAME_SHADOW_MAP_NAME; IndexRT; T_CN_WALL_A3_DA; T_CN_WALL_A3_NRT; T_CN_YZ_FOGMASK; T_Cloud_M; clipWorldYTexArray
empire2,169,1,0x17b384000,SM_CN_HEROSHRINE19_A4_LOD03,indexed,3,108,14,E76E1AAEEE0FE6B3,3CAB235BF378FDC9,504,264,555,CachedDynamicShadowMap; Game_SHARED_GAME_SHADOW_MAP_NAME; IndexRT; T_CN_HEROSHRINE19_A4_DA; T_CN_HEROSHRINE19_A4_NRT; T_CN_YZ_FOGMASK; T_City_China_YZ_RP2D; T_Cloud_M; clipWorldYTexArray
empire2,170,1,0x17b32f000,SM_CN_CASTLE05_A4_LOD03,indexed,3,96,4,E76E1AAEEE0FE6B3,3CAB235BF378FDC9,128,259,555,CachedDynamicShadowMap; Game_SHARED_GAME_SHADOW_MAP_NAME; IndexRT; T_CN_CASTLE_A4_DA; T_CN_CASTLE_A4_NRT; T_CN_YZ_FOGMASK; T_City_China_YZ_RP2D; T_Cloud_M; clipWorldYTexArray
empire2,171,1,0x17b32f000,SM_CN_CASTLE02_A4_LOD03,indexed,3,1458,1,E76E1AAEEE0FE6B3,3CAB235BF378FDC9,486,259,555,CachedDynamicShadowMap; Game_SHARED_GAME_SHADOW_MAP_NAME; IndexRT; T_CN_CASTLE_A4_DA; T_CN_CASTLE_A4_NRT; T_CN_YZ_FOGMASK; T_City_China_YZ_RP2D; T_Cloud_M; clipWorldYTexArray
empire2,172,1,0x17b32f000,SM_CN_HEROSHRINE09_A4_LOD03,indexed,3,240,12,E76E1AAEEE0FE6B3,3CAB235BF378FDC9,960,259,555,CachedDynamicShadowMap; Game_SHARED_GAME_SHADOW_MAP_NAME; IndexRT; T_CN_BRIDGE_A4_DA; T_CN_BRIDGE_A4_NRT; T_CN_YZ_FOGMASK; T_City_China_YZ_RP2D; T_Cloud_M; clipWorldYTexArray
empire2,173,1,0x17b32c000,SM_CN_BRIDGE04_A4_LOD03,indexed,3,438,2,FC5D17909A869C1A,FDA8C747A5187008,292,286,450,CachedDynamicShadowMap; Game_SHARED_GAME_SHADOW_MAP_NAME; IndexRT; T_CN_BRIDGE_A4_DA; T_CN_BRIDGE_A4_NRT; T_CN_YZ_FOGMASK; T_Cloud_M; clipWorldYTexArray
empire2,174,1,0x17b32f000,SM_CN_HEROSHRINE04_A4_LOD03,indexed,3,2154,1,E76E1AAEEE0FE6B3,3CAB235BF378FDC9,718,259,555,CachedDynamicShadowMap; Game_SHARED_GAME_SHADOW_MAP_NAME; IndexRT; T_CN_HEROSHRINE02_A4_DA; T_CN_HEROSHRINE02_A4_NRT; T_CN_YZ_FOGMASK; T_City_China_YZ_RP2D; T_Cloud_M; clipWorldYTexArray
empire2,175,1,0x17b32f000,SM_CN_HEROSHRINE14_A4_LOD03,indexed,3,6,1,E76E1AAEEE0FE6B3,3CAB235BF378FDC9,2,259,555,CachedDynamicShadowMap; Game_SHARED_GAME_SHADOW_MAP_NAME; IndexRT; T_CN_BRIDGE_A4_DA; T_CN_BRIDGE_A4_NRT; T_CN_YZ_FOGMASK; T_City_China_YZ_RP2D; T_Cloud_M; clipWorldYTexArray
empire2,176,1,0x17b32f000,SM_CN_HEROSHRINE06_A4_LOD03,indexed,3,312,4,E76E1AAEEE0FE6B3,3CAB235BF378FDC9,416,259,555,CachedDynamicShadowMap; Game_SHARED_GAME_SHADOW_MAP_NAME; IndexRT; T_CN_BRIDGE_A4_DA; T_CN_BRIDGE_A4_NRT; T_CN_YZ_FOGMASK; T_City_China_YZ_RP2D; T_Cloud_M; clipWorldYTexArray
empire2,177,1,0x17b32f000,SM_CN_HEROSHRINE07_A4_LOD03,indexed,3,534,19,E76E1AAEEE0FE6B3,3CAB235BF378FDC9,3382,259,555,CachedDynamicShadowMap; Game_SHARED_GAME_SHADOW_MAP_NAME; IndexRT; T_CN_BRIDGE_A4_DA; T_CN_BRIDGE_A4_NRT; T_CN_YZ_FOGMASK; T_City_China_YZ_RP2D; T_Cloud_M; clipWorldYTexArray
empire2,178,1,0x17b32f000,SM_CN_HEROSHRINE02_A4_LOD03,indexed,3,594,4,E76E1AAEEE0FE6B3,3CAB235BF378FDC9,792,259,555,CachedDynamicShadowMap; Game_SHARED_GAME_SHADOW_MAP_NAME; IndexRT; T_CN_HEROSHRINE02_A4_DA; T_CN_HEROSHRINE02_A4_NRT; T_CN_YZ_FOGMASK; T_City_China_YZ_RP2D; T_Cloud_M; clipWorldYTexArray
empire2,179,1,0x17b32f000,SM_CN_HEROSHRINE17_A4_LOD03,indexed,3,687,2,E76E1AAEEE0FE6B3,3CAB235BF378FDC9,458,259,555,CachedDynamicShadowMap; Game_SHARED_GAME_SHADOW_MAP_NAME; IndexRT; T_CN_BRIDGE_A4_DA; T_CN_BRIDGE_A4_NRT; T_CN_YZ_FOGMASK; T_City_China_YZ_RP2D; T_Cloud_M; clipWorldYTexArray
empire2,180,1,0x17b32f000,SM_CN_HEROSHRINE11_A4_LOD03,indexed,3,588,2,E76E1AAEEE0FE6B3,3CAB235BF378FDC9,392,259,555,CachedDynamicShadowMap; Game_SHARED_GAME_SHADOW_MAP_NAME; IndexRT; T_CN_BRIDGE_A4_DA; T_CN_BRIDGE_A4_NRT; T_CN_YZ_FOGMASK; T_City_China_YZ_RP2D; T_Cloud_M; clipWorldYTexArray
empire2,181,1,0x17b32f000,SM_CN_HEROSHRINE10_A4_LOD03,indexed,3,210,4,E76E1AAEEE0FE6B3,3CAB235BF378FDC9,280,259,555,CachedDynamicShadowMap; Game_SHARED_GAME_SHADOW_MAP_NAME; IndexRT; T_CN_BRIDGE_A4_DA; T_CN_BRIDGE_A4_NRT; T_CN_YZ_FOGMASK; T_City_China_YZ_RP2D; T_Cloud_M; clipWorldYTexArray
empire2,182,1,0x17b32f000,SM_CN_HEROSHRINE15_A4_LOD03,indexed,3,84,38,E76E1AAEEE0FE6B3,3CAB235BF378FDC9,1064,259,555,CachedDynamicShadowMap; Game_SHARED_GAME_SHADOW_MAP_NAME; IndexRT; T_CN_BRIDGE_A4_DA; T_CN_BRIDGE_A4_NRT; T_CN_YZ_FOGMASK; T_City_China_YZ_RP2D; T_Cloud_M; clipWorldYTexArray
empire2,183,1,0x17b32f000,SM_CN_HEROSHRINE14_A3_LOD03,indexed,3,6,97,E76E1AAEEE0FE6B3,3CAB235BF378FDC9,194,259,555,CachedDynamicShadowMap; Game_SHARED_GAME_SHADOW_MAP_NAME; IndexRT; T_CN_BRIDGE_A3_DA; T_CN_BRIDGE_A3_NRT; T_CN_YZ_FOGMASK; T_City_China_YZ_RP2D; T_Cloud_M; clipWorldYTexArray
empire2,184,1,0x17b32f000,SM_CN_HEROSHRINE03_A4_LOD03,indexed,3,321,4,E76E1AAEEE0FE6B3,3CAB235BF378FDC9,428,259,555,CachedDynamicShadowMap; Game_SHARED_GAME_SHADOW_MAP_NAME; IndexRT; T_CN_HEROSHRINE02_A4_DA; T_CN_HEROSHRINE02_A4_NRT; T_CN_YZ_FOGMASK; T_City_China_YZ_RP2D; T_Cloud_M; clipWorldYTexArray
empire2,185,1,0x17b32f000,SM_CN_HEROSHRINE08_A4_LOD03,indexed,3,294,93,E76E1AAEEE0FE6B3,3CAB235BF378FDC9,9114,259,555,CachedDynamicShadowMap; Game_SHARED_GAME_SHADOW_MAP_NAME; IndexRT; T_CN_BRIDGE_A4_DA; T_CN_BRIDGE_A4_NRT; T_CN_YZ_FOGMASK; T_City_China_YZ_RP2D; T_Cloud_M; clipWorldYTexArray
empire2,186,1,0x17b32c000,SM_CN_BRIDGE02_A4_LOD03,indexed,3,738,2,FC5D17909A869C1A,FDA8C747A5187008,492,286,450,CachedDynamicShadowMap; Game_SHARED_GAME_SHADOW_MAP_NAME; IndexRT; T_CN_BRIDGE_A4_DA; T_CN_BRIDGE_A4_NRT; T_CN_YZ_FOGMASK; T_Cloud_M; clipWorldYTexArray
empire2,187,1,0x17b32f000,SM_CN_HEROSHRINE16_A4_LOD03,indexed,3,90,2,E76E1AAEEE0FE6B3,3CAB235BF378FDC9,60,259,555,CachedDynamicShadowMap; Game_SHARED_GAME_SHADOW_MAP_NAME; IndexRT; T_CN_BRIDGE_A4_DA; T_CN_BRIDGE_A4_NRT; T_CN_YZ_FOGMASK; T_City_China_YZ_RP2D; T_Cloud_M; clipWorldYTexArray
empire2,188,1,0x17b32c000,SM_CN_BRIDGE01_A4_LOD03,indexed,3,924,2,FC5D17909A869C1A,FDA8C747A5187008,616,286,450,CachedDynamicShadowMap; Game_SHARED_GAME_SHADOW_MAP_NAME; IndexRT; T_CN_BRIDGE_A4_DA; T_CN_BRIDGE_A4_NRT; T_CN_YZ_FOGMASK; T_Cloud_M; clipWorldYTexArray
empire2,189,1,0x17b32c000,SM_CN_BRIDGE03_A4_LOD03,indexed,3,396,2,FC5D17909A869C1A,FDA8C747A5187008,264,286,450,CachedDynamicShadowMap; Game_SHARED_GAME_SHADOW_MAP_NAME; IndexRT; T_CN_BRIDGE_A4_DA; T_CN_BRIDGE_A4_NRT; T_CN_YZ_FOGMASK; T_Cloud_M; clipWorldYTexArray
empire2,190,1,0x17b32f000,SM_CN_HEROSHRINE05_A4_LOD03,indexed,3,348,10,E76E1AAEEE0FE6B3,3CAB235BF378FDC9,1160,259,555,CachedDynamicShadowMap; Game_SHARED_GAME_SHADOW_MAP_NAME; IndexRT; T_CN_HEROSHRINE02_A4_DA; T_CN_HEROSHRINE02_A4_NRT; T_CN_YZ_FOGMASK; T_City_China_YZ_RP2D; T_Cloud_M; clipWorldYTexArray
empire2,191,1,0x17b32f000,SM_CN_HEROSHRINE12_A4_LOD03,indexed,3,180,2,E76E1AAEEE0FE6B3,3CAB235BF378FDC9,120,259,555,CachedDynamicShadowMap; Game_SHARED_GAME_SHADOW_MAP_NAME; IndexRT; T_CN_BRIDGE_A4_DA; T_CN_BRIDGE_A4_NRT; T_CN_YZ_FOGMASK; T_City_China_YZ_RP2D; T_Cloud_M; clipWorldYTexArray
empire2,192,1,0x17b32f000,SM_CN_HEROSHRINE01_A4_LOD03,indexed,3,13350,1,E76E1AAEEE0FE6B3,3CAB235BF378FDC9,4450,259,555,CachedDynamicShadowMap; Game_SHARED_GAME_SHADOW_MAP_NAME; IndexRT; T_CN_HEROSHRINE01_A4_DA; T_CN_HEROSHRINE01_A4_NRT; T_CN_YZ_FOGMASK; T_City_China_YZ_RP2D; T_Cloud_M; clipWorldYTexArray
empire2,193,1,0x17b34c000,SM_CN_HEROSHRINE02_A3_LOD03,indexed,3,1572,1,E76E1AAEEE0FE6B3,3CAB235BF378FDC9,524,261,555,CachedDynamicShadowMap; Game_SHARED_GAME_SHADOW_MAP_NAME; IndexRT; T_CN_HEROSHRINE_A3_DA; T_CN_HEROSHRINE_A3_NRT; T_CN_YZ_FOGMASK; T_City_China_YZ_RP2D; T_Cloud_M; clipWorldYTexArray
empire2,194,1,0x17b34f000,M_CN_VIPSHIP_A2_LD03_A,indexed,3,4386,1,37291EC15CECC475,21820F54954DE970,1462,457,449,CachedDynamicShadowMap; Game_SHARED_GAME_SHADOW_MAP_NAME; IndexRT; T_CN_VIPSHIP_A2_DA; T_CN_VIPSHIP_A2_NRT; T_CN_YZ_FOGMASK; T_Cloud_M; _boneTexture; clipWorldYTexArray
empire2,195,1,0x17b384c00,M_CN_VIPSHIP_A4_LD03_A,indexed,3,5931,1,37291EC15CECC475,21820F54954DE970,1977,457,449,CachedDynamicShadowMap; Game_SHARED_GAME_SHADOW_MAP_NAME; IndexRT; T_CN_VIPSHIP_A0_DA; T_CN_VIPSHIP_A0_NRT; T_CN_YZ_FOGMASK; T_Cloud_M; _boneTexture; clipWorldYTexArray
empire2,196,1,0x17b23b000,SM_NC_PROPS11A_A0_LOD02,indexed,3,57,41,FC5D17909A869C1A,FDA8C747A5187008,779,287,450,CachedDynamicShadowMap; Game_SHARED_GAME_SHADOW_MAP_NAME; IndexRT; T_CN_YZ_FOGMASK; T_Cloud_M; T_FR_PROPS_A2_NRT; T_NC_PROPS_A2_DA; clipWorldYTexArray
empire2,197,1,0x17b23b000,SM_NC_CITYROAD02_A0_LOD01,indexed,3,30,128,FC5D17909A869C1A,FDA8C747A5187008,1280,287,450,CachedDynamicShadowMap; Game_SHARED_GAME_SHADOW_MAP_NAME; IndexRT; T_CN_YZ_FOGMASK; T_Cloud_M; T_NC_PROPSC_A3_DA; T_NC_PROPSC_A3_NRT; clipWorldYTexArray
empire2,198,1,0x17b23b000,SM_NC_CITYROAD02_A0_LOD01,indexed,3,30,40,FC5D17909A869C1A,FDA8C747A5187008,400,287,450,CachedDynamicShadowMap; Game_SHARED_GAME_SHADOW_MAP_NAME; IndexRT; T_CN_YZ_FOGMASK; T_Cloud_M; T_NC_PROPSC_A3_DA; T_NC_PROPSC_A3_NRT; clipWorldYTexArray
empire2,199,1,0x17b23b000,SM_NC_CITYROAD01_A0_LOD01,indexed,3,30,128,FC5D17909A869C1A,FDA8C747A5187008,1280,287,450,CachedDynamicShadowMap; Game_SHARED_GAME_SHADOW_MAP_NAME; IndexRT; T_CN_YZ_FOGMASK; T_Cloud_M; T_NC_PROPSC_A3_DA; T_NC_PROPSC_A3_NRT; clipWorldYTexArray
empire2,200,1,0x17b23b000,SM_NC_CITYROAD01_A0_LOD01,indexed,3,30,128,FC5D17909A869C1A,FDA8C747A5187008,1280,287,450,CachedDynamicShadowMap; Game_SHARED_GAME_SHADOW_MAP_NAME; IndexRT; T_CN_YZ_FOGMASK; T_Cloud_M; T_NC_PROPSC_A3_DA; T_NC_PROPSC_A3_NRT; clipWorldYTexArray
empire2,201,1,0x17b23b000,SM_NC_CITYROAD01_A0_LOD01,indexed,3,30,26,FC5D17909A869C1A,FDA8C747A5187008,260,287,450,CachedDynamicShadowMap; Game_SHARED_GAME_SHADOW_MAP_NAME; IndexRT; T_CN_YZ_FOGMASK; T_Cloud_M; T_NC_PROPSC_A3_DA; T_NC_PROPSC_A3_NRT; clipWorldYTexArray
empire2,202,1,0x17b23b000,SM_FR_ROADF06_A4_LOD00,indexed,3,288,35,FC5D17909A869C1A,FDA8C747A5187008,3360,287,450,CachedDynamicShadowMap; Game_SHARED_GAME_SHADOW_MAP_NAME; IndexRT; T_CN_YZ_FOGMASK; T_Cloud_M; T_FR_WHARF_A4_DA; T_FR_WHARF_A4_NRT; clipWorldYTexArray
empire2,203,1,0x17b32d800,SM_FlagChinaFeudal_018_MorphUV2_MorphExport,indexed,3,708,7,C5A23A39586A6494,CAE3F95F0F0257F7,1652,319,454,CachedDynamicShadowMap; Game_SHARED_GAME_SHADOW_MAP_NAME; IndexRT; T_CN_FLAG_A0_DA; T_CN_FLAG_A0_NRT; T_CN_YZ_FOGMASK; T_Cloud_M; _MorphTex; clipWorldYTexArray
empire2,204,1,0x17b32c000,SM_CN_PROPS10_A3_LOD03,indexed,3,1401,6,FC5D17909A869C1A,FDA8C747A5187008,2802,286,450,CachedDynamicShadowMap; Game_SHARED_GAME_SHADOW_MAP_NAME; IndexRT; T_CN_MTPROPS_A3_DA; T_CN_MTPROPS_A3_NRT; T_CN_YZ_FOGMASK; T_Cloud_M; clipWorldYTexArray
empire2,205,1,0x17b32c000,SM_CN_PROPS06_A3_LOD03,indexed,3,213,24,FC5D17909A869C1A,FDA8C747A5187008,1704,286,450,CachedDynamicShadowMap; Game_SHARED_GAME_SHADOW_MAP_NAME; IndexRT; T_CN_YZ_FOGMASK; T_Cloud_M; T_FR_PROPSC_A2_DA; T_FR_PROPS_A2_NRT; clipWorldYTexArray
empire2,206,1,0x17b23b000,SM_NC_PROPS02A_A0_LOD02,indexed,3,54,11,FC5D17909A869C1A,FDA8C747A5187008,198,287,450,CachedDynamicShadowMap; Game_SHARED_GAME_SHADOW_MAP_NAME; IndexRT; T_CN_YZ_FOGMASK; T_Cloud_M; T_FR_PROPSC_A2_DA; T_FR_PROPS_A2_NRT; clipWorldYTexArray
empire2,207,1,0x17b32c000,SM_CN_PROPS09_A3_LOD03,indexed,3,684,4,FC5D17909A869C1A,FDA8C747A5187008,912,286,450,CachedDynamicShadowMap; Game_SHARED_GAME_SHADOW_MAP_NAME; IndexRT; T_CN_MTPROPS_A3_DA; T_CN_MTPROPS_A3_NRT; T_CN_YZ_FOGMASK; T_Cloud_M; clipWorldYTexArray
empire2,208,1,0x17b32c000,SM_CN_PROPS08_A3_LOD03,indexed,3,528,6,FC5D17909A869C1A,FDA8C747A5187008,1056,286,450,CachedDynamicShadowMap; Game_SHARED_GAME_SHADOW_MAP_NAME; IndexRT; T_CN_MTPROPS_A3_DA; T_CN_MTPROPS_A3_NRT; T_CN_YZ_FOGMASK; T_Cloud_M; clipWorldYTexArray
empire2,209,1,0x17b23b000,SM_CN_PROPS04_A3_LOD03,indexed,3,192,4,FC5D17909A869C1A,FDA8C747A5187008,256,287,450,CachedDynamicShadowMap; Game_SHARED_GAME_SHADOW_MAP_NAME; IndexRT; T_CN_YZ_FOGMASK; T_Cloud_M; T_FR_PROPSC_A2_DA; T_FR_PROPS_A2_NRT; clipWorldYTexArray
empire2,210,1,0x17b23b000,SM_CN_PROPS01_A4_LOD03,indexed,3,1623,2,FC5D17909A869C1A,FDA8C747A5187008,1082,287,450,CachedDynamicShadowMap; Game_SHARED_GAME_SHADOW_MAP_NAME; IndexRT; T_CN_YZ_FOGMASK; T_Cloud_M; T_FR_PROPSC_A2_DA; T_FR_PROPS_A2_NRT; clipWorldYTexArray
empire2,211,1,0x17b36cc00,SM_CN_PROPS17_A3_LOD03,indexed,3,732,2,9C1452166BD01029,537455CC7BB49C49,488,245,548,CachedDynamicShadowMap; Game_SHARED_GAME_SHADOW_MAP_NAME; IndexRT; T_CN_MTPROPS_A4_DA; T_CN_MTPROPS_A4_NRT; T_CN_YZ_FOGMASK; T_City_China_YZ_RP2D; T_Cloud_M; clipWorldYTexArray
empire2,212,1,0x17b23b000,SM_CN_TENT02_A4_LOD03,indexed,3,447,10,FC5D17909A869C1A,FDA8C747A5187008,1490,287,450,CachedDynamicShadowMap; Game_SHARED_GAME_SHADOW_MAP_NAME; IndexRT; T_CN_YZ_FOGMASK; T_Cloud_M; T_FR_PROPSC_A2_DA; T_FR_PROPS_A2_NRT; clipWorldYTexArray
empire2,213,1,0x17b23b000,SM_CN_TENT01_A4_LOD03,indexed,3,648,4,FC5D17909A869C1A,FDA8C747A5187008,864,287,450,CachedDynamicShadowMap; Game_SHARED_GAME_SHADOW_MAP_NAME; IndexRT; T_CN_YZ_FOGMASK; T_Cloud_M; T_FR_PROPSC_A2_DA; T_FR_PROPS_A2_NRT; clipWorldYTexArray
empire2,214,1,0x17b23b000,SM_NC_PROPSGROUP01_A0_LOD02,indexed,3,2037,1,FC5D17909A869C1A,FDA8C747A5187008,679,287,450,CachedDynamicShadowMap; Game_SHARED_GAME_SHADOW_MAP_NAME; IndexRT; T_CN_YZ_FOGMASK; T_Cloud_M; T_FR_PROPSC_A2_DA; T_FR_PROPS_A2_NRT; clipWorldYTexArray
empire2,215,1,0x17b23b000,SM_CN_PROPS05_A3_LOD03,indexed,3,642,2,FC5D17909A869C1A,FDA8C747A5187008,428,287,450,CachedDynamicShadowMap; Game_SHARED_GAME_SHADOW_MAP_NAME; IndexRT; T_CN_YZ_FOGMASK; T_Cloud_M; T_FR_PROPSC_A2_DA; T_FR_PROPS_A2_NRT; clipWorldYTexArray
empire2,216,1,0x17b23b000,SM_NC_PROPS04_A0_LOD02,indexed,3,111,2,FC5D17909A869C1A,FDA8C747A5187008,74,287,450,CachedDynamicShadowMap; Game_SHARED_GAME_SHADOW_MAP_NAME; IndexRT; T_CN_YZ_FOGMASK; T_Cloud_M; T_FR_PROPSC_A2_DA; T_FR_PROPS_A2_NRT; clipWorldYTexArray
empire2,217,1,0x17b23b000,SM_NC_PROPSGROUP03A_A0_LOD02,indexed,3,1113,8,FC5D17909A869C1A,FDA8C747A5187008,2968,287,450,CachedDynamicShadowMap; Game_SHARED_GAME_SHADOW_MAP_NAME; IndexRT; T_CN_YZ_FOGMASK; T_Cloud_M; T_FR_PROPSC_A2_DA; T_FR_PROPS_A2_NRT; clipWorldYTexArray
empire2,218,1,0x17b23b000,SM_NC_PROPSGROUP03B_A0_LOD02,indexed,3,390,8,FC5D17909A869C1A,FDA8C747A5187008,1040,287,450,CachedDynamicShadowMap; Game_SHARED_GAME_SHADOW_MAP_NAME; IndexRT; T_CN_YZ_FOGMASK; T_Cloud_M; T_NC_MTPROPS_A0_DA; T_NC_MTPROPS_A0_NRT; clipWorldYTexArray
empire2,219,1,0x17b32c000,SM_CN_BRIDGE01_A2_LOD03,indexed,3,642,1,FC5D17909A869C1A,FDA8C747A5187008,214,286,450,CachedDynamicShadowMap; Game_SHARED_GAME_SHADOW_MAP_NAME; IndexRT; T_CN_BRIDGE_A2_DA; T_CN_BRIDGE_A2_NRT; T_CN_YZ_FOGMASK; T_Cloud_M; clipWorldYTexArray
empire2,220,1,0x17b36cc00,SM_CN_GARDEN_A4_LOD03,indexed,3,6918,1,9C1452166BD01029,537455CC7BB49C49,2306,245,548,CachedDynamicShadowMap; Game_SHARED_GAME_SHADOW_MAP_NAME; IndexRT; T_CN_GARDEN_A4_DA; T_CN_GARDEN_A4_NRT; T_CN_YZ_FOGMASK; T_City_China_YZ_RP2D; T_Cloud_M; clipWorldYTexArray
empire2,221,1,0x17b386400,M_CN_CENTER_A3_O_LD00_A,indexed,3,1563,8,99EF5128A8DD78BE,DC296B865FA66B4C,4168,416,547,CachedDynamicShadowMap; Game_SHARED_GAME_SHADOW_MAP_NAME; IndexRT; T_CN_CENTER_A3_DA; T_CN_CENTER_A3_NRT; T_CN_YZ_FOGMASK; T_City_China_YZ_RP2D; T_Cloud_M; _boneTexture; clipWorldYTexArray
empire2,222,1,0x17b32c000,SM_CN_DOCK_A4_LOD03,indexed,3,7287,1,FC5D17909A869C1A,FDA8C747A5187008,2429,286,450,CachedDynamicShadowMap; Game_SHARED_GAME_SHADOW_MAP_NAME; IndexRT; T_CN_DOCK_A4_DA; T_CN_DOCK_A4_NRT; T_CN_YZ_FOGMASK; T_Cloud_M; clipWorldYTexArray
empire2,223,1,0x17b32c000,SM_CN_MTPROPS01_A3_LOD03,indexed,3,5355,1,FC5D17909A869C1A,FDA8C747A5187008,1785,286,450,CachedDynamicShadowMap; Game_SHARED_GAME_SHADOW_MAP_NAME; IndexRT; T_CN_MTPROPS_A3_DA; T_CN_MTPROPS_A3_NRT; T_CN_YZ_FOGMASK; T_Cloud_M; clipWorldYTexArray
empire2,224,1,0x17b36cc00,SM_CN_PROPS16_A3_LOD03,indexed,3,2292,1,9C1452166BD01029,537455CC7BB49C49,764,245,548,CachedDynamicShadowMap; Game_SHARED_GAME_SHADOW_MAP_NAME; IndexRT; T_CN_MTPROPS_A4_DA; T_CN_MTPROPS_A4_NRT; T_CN_YZ_FOGMASK; T_City_China_YZ_RP2D; T_Cloud_M; clipWorldYTexArray
empire2,225,1,0x17b32c000,SM_CN_PROPS11_A3_LOD03,indexed,3,924,1,FC5D17909A869C1A,FDA8C747A5187008,308,286,450,CachedDynamicShadowMap; Game_SHARED_GAME_SHADOW_MAP_NAME; IndexRT; T_CN_MTPROPS_A3_DA; T_CN_MTPROPS_A3_NRT; T_CN_YZ_FOGMASK; T_Cloud_M; clipWorldYTexArray
empire2,226,1,0x17b32c000,SM_CN_PROPS12_A3_LOD03,indexed,3,2928,2,FC5D17909A869C1A,FDA8C747A5187008,1952,286,450,CachedDynamicShadowMap; Game_SHARED_GAME_SHADOW_MAP_NAME; IndexRT; T_CN_MTPROPS_A3_DA; T_CN_MTPROPS_A3_NRT; T_CN_YZ_FOGMASK; T_Cloud_M; clipWorldYTexArray
empire2,227,1,0x17b36cc00,SM_CN_PROPS13_A3_LOD03,indexed,3,1884,3,9C1452166BD01029,537455CC7BB49C49,1884,245,548,CachedDynamicShadowMap; Game_SHARED_GAME_SHADOW_MAP_NAME; IndexRT; T_CN_MTPROPS_A4_DA; T_CN_MTPROPS_A4_NRT; T_CN_YZ_FOGMASK; T_City_China_YZ_RP2D; T_Cloud_M; clipWorldYTexArray
empire2,228,1,0x17b36cc00,SM_CN_PROPS15_A3_LOD03,indexed,3,2766,2,9C1452166BD01029,537455CC7BB49C49,1844,245,548,CachedDynamicShadowMap; Game_SHARED_GAME_SHADOW_MAP_NAME; IndexRT; T_CN_MTPROPS_A4_DA; T_CN_MTPROPS_A4_NRT; T_CN_YZ_FOGMASK; T_City_China_YZ_RP2D; T_Cloud_M; clipWorldYTexArray
empire2,229,1,0x17b3a8000,SM_MOUNTAINTREE_01,indexed,3,126,5,F5D13132E7F44A41,11385535CDA8BFA3,210,271,653,Game_SHARED_GAME_SHADOW_MAP_NAME; Game_SHARED_GAME_SHADOW_MAP_NAME_2; IndexRT; T_CN_YZ_FOGMASK; T_Cloud_M; T_MOUNTAINTREE_01_DA; T_MOUNTAINTREE_01_NRT; T_worldcolorHUEGreen_D; _FXTex01; clipWorldYTexArray
empire2,230,1,0x17b3a8c00,SM_TALLTREE_01_LOD01,indexed,3,162,3,E633F210C5A48E31,3763AC95B0BD53FA,162,277,650,CachedShadowMap; Game_SHARED_GAME_SHADOW_MAP_NAME_2; IndexRT; T_CN_YZ_FOGMASK; T_Cloud_M; T_TALLTREE_DA; T_TALLTREE_NRT; _FXTex01; clipWorldYTexArray
empire2,231,1,0x17b3a8c00,SM_TALLTREE_02_LOD01,indexed,3,162,2,E633F210C5A48E31,3763AC95B0BD53FA,108,277,650,CachedShadowMap; Game_SHARED_GAME_SHADOW_MAP_NAME_2; IndexRT; T_CN_YZ_FOGMASK; T_Cloud_M; T_TALLTREE_DA; T_TALLTREE_NRT; _FXTex01; clipWorldYTexArray
empire2,232,1,0x17134a400,SM_LENGSHAN_01,indexed,3,147,1,F5D13132E7F44A41,11385535CDA8BFA3,49,271,653,CloudTex; Game_SHARED_GAME_SHADOW_MAP_NAME; Game_SHARED_GAME_SHADOW_MAP_NAME_2; IndexRT; T_CN_YZ_FOGMASK; T_LENGSHAN_01_DA; T_LENGSHAN_01_NRA; T_worldcolorHUEGreen_D; _FXTex01; clipWorldYTexArray
empire2,233,1,0x17b32c000,SM_CN_BRIDGE03_A2_LOD03,indexed,3,120,5,FC5D17909A869C1A,FDA8C747A5187008,200,286,450,CachedShadowMap; Game_SHARED_GAME_SHADOW_MAP_NAME_2; IndexRT; T_CN_BRIDGE_A2_DA; T_CN_BRIDGE_A2_NRT; T_CN_YZ_FOGMASK; T_Cloud_M; clipWorldYTexArray
empire2,234,1,0x17b3a9800,SM_WORLDBUSH_01,indexed,3,120,54,E633F210C5A48E31,3763AC95B0BD53FA,2160,277,650,CachedShadowMap; Game_SHARED_GAME_SHADOW_MAP_NAME_2; IndexRT; T_CN_YZ_FOGMASK; T_Cloud_M; T_WORLDBUSH_01_DA; T_WORLDBUSH_01_NRA; _FXTex01; clipWorldYTexArray
empire2,235,1,0x17b3a9800,SM_MOUNTAINTREE_02,indexed,3,1647,31,E633F210C5A48E31,3763AC95B0BD53FA,17019,277,650,CachedShadowMap; Game_SHARED_GAME_SHADOW_MAP_NAME_2; IndexRT; T_CN_YZ_FOGMASK; T_Cloud_M; T_MOUNTAINTREE_01_DA; T_MOUNTAINTREE_01_NRT; _FXTex01; clipWorldYTexArray
empire2,236,1,0x17b36cc00,SM_CN_GARDEN_A2_LOD03,indexed,3,1743,1,9C1452166BD01029,537455CC7BB49C49,581,245,548,CachedDynamicShadowMap; Game_SHARED_GAME_SHADOW_MAP_NAME; IndexRT; T_CN_GARDEN_A4_DA; T_CN_GARDEN_A4_NRT; T_CN_YZ_FOGMASK; T_City_China_YZ_RP2D; T_Cloud_M; clipWorldYTexArray
empire2,237,1,0x17b32f000,SM_CN_HEROSHRINE01BASE_A2_LOD03,indexed,3,1032,1,E76E1AAEEE0FE6B3,3CAB235BF378FDC9,344,259,555,CachedDynamicShadowMap; Game_SHARED_GAME_SHADOW_MAP_NAME; IndexRT; T_CN_HEROSHRINE01_A2_DA; T_CN_HEROSHRINE01_A2_NRT; T_CN_YZ_FOGMASK; T_City_China_YZ_RP2D; T_Cloud_M; clipWorldYTexArray
empire2,238,1,0x17b32f000,SM_CN_HEROSHRINE14_A3_LOD03,indexed,3,6,27,E76E1AAEEE0FE6B3,3CAB235BF378FDC9,54,259,555,CachedDynamicShadowMap; Game_SHARED_GAME_SHADOW_MAP_NAME; IndexRT; T_CN_BRIDGE_A3_DA; T_CN_BRIDGE_A3_NRT; T_CN_YZ_FOGMASK; T_City_China_YZ_RP2D; T_Cloud_M; clipWorldYTexArray
empire2,239,1,0x17b2ef000,SM_CN_WALL10_A2_LOD03,indexed,3,5637,1,3CEB06A14A77D67F,FDA8C747A5187008,1879,279,450,CachedDynamicShadowMap; Game_SHARED_GAME_SHADOW_MAP_NAME; IndexRT; T_CN_WALL_A2_DA; T_CN_WALL_A2_NRT; T_CN_YZ_FOGMASK; T_Cloud_M; clipWorldYTexArray
empire2,240,1,0x17b32f000,SM_CN_HEROSHRINE01BASE_A4_LOD03,indexed,3,1506,2,E76E1AAEEE0FE6B3,3CAB235BF378FDC9,1004,259,555,CachedDynamicShadowMap; Game_SHARED_GAME_SHADOW_MAP_NAME; IndexRT; T_CN_HEROSHRINE01_A4_DA; T_CN_HEROSHRINE01_A4_NRT; T_CN_YZ_FOGMASK; T_City_China_YZ_RP2D; T_Cloud_M; clipWorldYTexArray
empire2,241,1,0x17b32f000,SM_CN_CASTLE06_A4_LOD03,indexed,3,1734,7,E76E1AAEEE0FE6B3,3CAB235BF378FDC9,4046,259,555,CachedDynamicShadowMap; Game_SHARED_GAME_SHADOW_MAP_NAME; IndexRT; T_CN_CASTLE_A4_DA; T_CN_CASTLE_A4_NRT; T_CN_YZ_FOGMASK; T_City_China_YZ_RP2D; T_Cloud_M; clipWorldYTexArray
empire2,242,1,0x17b3aa400,SM_ChinaCityTree_02,indexed,3,1848,4,E31D63387007CEC0,90DD8BBE11E20C25,2464,390,494,CachedDynamicShadowMap; Game_SHARED_GAME_SHADOW_MAP_NAME; IndexRT; T_CN_YZ_FOGMASK; T_CityTree_D_C; T_CityTree_NRA; T_Cloud_M; clipWorldYTexArray
empire2,243,1,0x17b2ed800,SM_Flowers01,indexed,3,402,23,DC308D1AF7BF025C,735A994C4DBEB7A0,3082,284,452,CachedShadowMap; Game_SHARED_GAME_SHADOW_MAP_NAME_2; IndexRT; T_CN_YZ_FOGMASK; T_CityTree_D_C; T_CityTree_NRA; clipWorldYTexArray
empire2,244,1,0x17b32c000,SM_NC_PROPS04_A3_LOD02,indexed,3,444,4,FC5D17909A869C1A,FDA8C747A5187008,592,286,450,CloudTex; Game_SHARED_GAME_SHADOW_MAP_NAME; Game_SHARED_GAME_SHADOW_MAP_NAME_2; IndexRT; T_CN_YZ_FOGMASK; T_NC_PROPSC_A3_DA; T_NC_PROPSC_A3_NRT; clipWorldYTexArray
empire2,245,1,0x17b23b000,SM_NC_PROPS05_A3_LOD02,indexed,3,270,2,FC5D17909A869C1A,FDA8C747A5187008,180,287,450,CloudTex; Game_SHARED_GAME_SHADOW_MAP_NAME; Game_SHARED_GAME_SHADOW_MAP_NAME_2; IndexRT; T_CN_YZ_FOGMASK; T_NC_PROPSC_A3_DA; T_NC_PROPSC_A3_NRT; clipWorldYTexArray
empire2,246,1,0x171353000,SM_XIAOHUA05,indexed,3,168,60,ECF84F140BD2A332,735A994C4DBEB7A0,3360,309,452,CachedShadowMap; Game_SHARED_GAME_SHADOW_MAP_NAME_2; IndexRT; T_CN_YZ_FOGMASK; T_XIAOHUA_DA; T_XIAOHUA_NRT; _FXTex01; clipWorldYTexArray
empire2,247,1,0x17b3a9800,SM_WORLDLEAFTREE_03_LOD01,indexed,3,93,69,E633F210C5A48E31,3763AC95B0BD53FA,2139,277,650,CloudTex; Game_SHARED_GAME_SHADOW_MAP_NAME; Game_SHARED_GAME_SHADOW_MAP_NAME_2; IndexRT; T_CN_YZ_FOGMASK; T_WORLDLEAFTREE_02_DA; T_WORLDLEAFTREE_02_NRA; _FXTex01; clipWorldYTexArray
empire2,248,1,0x17b245800,LOD0SG11,indexed,3,147,128,E0A8D0BC44A2BF3B,B5938A74A6D4BC6,6272,310,491,Game_SHARED_GAME_SHADOW_MAP_NAME; Game_SHARED_GAME_SHADOW_MAP_NAME_2; IndexRT; T_CN_YZ_FOGMASK; T_CityTree_D_C; T_CityTree_NRA; T_Cloud_M; T_FoliageGradient_C; _FXTex01; clipWorldYTexArray
empire2,249,1,0x17b245800,LOD0SG11,indexed,3,147,118,E0A8D0BC44A2BF3B,B5938A74A6D4BC6,5782,310,491,Game_SHARED_GAME_SHADOW_MAP_NAME; Game_SHARED_GAME_SHADOW_MAP_NAME_2; IndexRT; T_CN_YZ_FOGMASK; T_CityTree_D_C; T_CityTree_NRA; T_Cloud_M; T_FoliageGradient_C; _FXTex01; clipWorldYTexArray
empire2,250,1,0x17e019800,SM_Grass16,indexed,3,18,128,E0A8D0BC44A2BF3B,3B4BA408BF949A09,768,312,499,Game_SHARED_GAME_SHADOW_MAP_NAME; Game_SHARED_GAME_SHADOW_MAP_NAME_2; IndexRT; T_CN_YZ_FOGMASK; T_CityGrass_D; T_CityGrass_NRA; T_Cloud_M; T_Grass16_M; _FXTex01; clipWorldYTexArray
empire2,251,1,0x17e019800,SM_Grass16,indexed,3,18,128,E0A8D0BC44A2BF3B,3B4BA408BF949A09,768,312,499,Game_SHARED_GAME_SHADOW_MAP_NAME; Game_SHARED_GAME_SHADOW_MAP_NAME_2; IndexRT; T_CN_YZ_FOGMASK; T_CityGrass_D; T_CityGrass_NRA; T_Cloud_M; T_Grass16_M; _FXTex01; clipWorldYTexArray
empire2,252,1,0x17e019800,SM_Grass16,indexed,3,18,128,E0A8D0BC44A2BF3B,3B4BA408BF949A09,768,312,499,Game_SHARED_GAME_SHADOW_MAP_NAME; Game_SHARED_GAME_SHADOW_MAP_NAME_2; IndexRT; T_CN_YZ_FOGMASK; T_CityGrass_D; T_CityGrass_NRA; T_Cloud_M; T_Grass16_M; _FXTex01; clipWorldYTexArray
empire2,253,1,0x17e019800,SM_Grass16,indexed,3,18,128,E0A8D0BC44A2BF3B,3B4BA408BF949A09,768,312,499,Game_SHARED_GAME_SHADOW_MAP_NAME; Game_SHARED_GAME_SHADOW_MAP_NAME_2; IndexRT; T_CN_YZ_FOGMASK; T_CityGrass_D; T_CityGrass_NRA; T_Cloud_M; T_Grass16_M; _FXTex01; clipWorldYTexArray
empire2,254,1,0x17e019800,SM_Grass16,indexed,3,18,128,E0A8D0BC44A2BF3B,3B4BA408BF949A09,768,312,499,Game_SHARED_GAME_SHADOW_MAP_NAME; Game_SHARED_GAME_SHADOW_MAP_NAME_2; IndexRT; T_CN_YZ_FOGMASK; T_CityGrass_D; T_CityGrass_NRA; T_Cloud_M; T_Grass16_M; _FXTex01; clipWorldYTexArray
empire2,255,1,0x17e019800,SM_Grass16,indexed,3,18,128,E0A8D0BC44A2BF3B,3B4BA408BF949A09,768,312,499,Game_SHARED_GAME_SHADOW_MAP_NAME; Game_SHARED_GAME_SHADOW_MAP_NAME_2; IndexRT; T_CN_YZ_FOGMASK; T_CityGrass_D; T_CityGrass_NRA; T_Cloud_M; T_Grass16_M; _FXTex01; clipWorldYTexArray
empire2,256,1,0x17e019800,SM_Grass16,indexed,3,18,128,E0A8D0BC44A2BF3B,3B4BA408BF949A09,768,312,499,Game_SHARED_GAME_SHADOW_MAP_NAME; Game_SHARED_GAME_SHADOW_MAP_NAME_2; IndexRT; T_CN_YZ_FOGMASK; T_CityGrass_D; T_CityGrass_NRA; T_Cloud_M; T_Grass16_M; _FXTex01; clipWorldYTexArray
empire2,257,1,0x17e019800,SM_Grass16,indexed,3,18,128,E0A8D0BC44A2BF3B,3B4BA408BF949A09,768,312,499,Game_SHARED_GAME_SHADOW_MAP_NAME; Game_SHARED_GAME_SHADOW_MAP_NAME_2; IndexRT; T_CN_YZ_FOGMASK; T_CityGrass_D; T_CityGrass_NRA; T_Cloud_M; T_Grass16_M; _FXTex01; clipWorldYTexArray
empire2,258,1,0x17e019800,SM_Grass16,indexed,3,18,128,E0A8D0BC44A2BF3B,3B4BA408BF949A09,768,312,499,Game_SHARED_GAME_SHADOW_MAP_NAME; Game_SHARED_GAME_SHADOW_MAP_NAME_2; IndexRT; T_CN_YZ_FOGMASK; T_CityGrass_D; T_CityGrass_NRA; T_Cloud_M; T_Grass16_M; _FXTex01; clipWorldYTexArray
empire2,259,1,0x17e019800,SM_Grass16,indexed,3,18,128,E0A8D0BC44A2BF3B,3B4BA408BF949A09,768,312,499,Game_SHARED_GAME_SHADOW_MAP_NAME; Game_SHARED_GAME_SHADOW_MAP_NAME_2; IndexRT; T_CN_YZ_FOGMASK; T_CityGrass_D; T_CityGrass_NRA; T_Cloud_M; T_Grass16_M; _FXTex01; clipWorldYTexArray
empire2,260,1,0x17e019800,SM_Grass16,indexed,3,18,128,E0A8D0BC44A2BF3B,3B4BA408BF949A09,768,312,499,Game_SHARED_GAME_SHADOW_MAP_NAME; Game_SHARED_GAME_SHADOW_MAP_NAME_2; IndexRT; T_CN_YZ_FOGMASK; T_CityGrass_D; T_CityGrass_NRA; T_Cloud_M; T_Grass16_M; _FXTex01; clipWorldYTexArray
empire2,261,1,0x17e019800,SM_Grass16,indexed,3,18,128,E0A8D0BC44A2BF3B,3B4BA408BF949A09,768,312,499,Game_SHARED_GAME_SHADOW_MAP_NAME; Game_SHARED_GAME_SHADOW_MAP_NAME_2; IndexRT; T_CN_YZ_FOGMASK; T_CityGrass_D; T_CityGrass_NRA; T_Cloud_M; T_Grass16_M; _FXTex01; clipWorldYTexArray
empire2,262,1,0x17e019800,SM_Grass16,indexed,3,18,128,E0A8D0BC44A2BF3B,3B4BA408BF949A09,768,312,499,Game_SHARED_GAME_SHADOW_MAP_NAME; Game_SHARED_GAME_SHADOW_MAP_NAME_2; IndexRT; T_CN_YZ_FOGMASK; T_CityGrass_D; T_CityGrass_NRA; T_Cloud_M; T_Grass16_M; _FXTex01; clipWorldYTexArray
empire2,263,1,0x17e019800,SM_Grass16,indexed,3,18,56,E0A8D0BC44A2BF3B,3B4BA408BF949A09,336,312,499,Game_SHARED_GAME_SHADOW_MAP_NAME; Game_SHARED_GAME_SHADOW_MAP_NAME_2; IndexRT; T_CN_YZ_FOGMASK; T_CityGrass_D; T_CityGrass_NRA; T_Cloud_M; T_Grass16_M; _FXTex01; clipWorldYTexArray
empire2,264,1,0x171353000,SM_XIAOHUA07,indexed,3,168,62,ECF84F140BD2A332,735A994C4DBEB7A0,3472,309,452,CachedShadowMap; Game_SHARED_GAME_SHADOW_MAP_NAME_2; IndexRT; T_CN_YZ_FOGMASK; T_XIAOHUA_DA; T_XIAOHUA_NRT; _FXTex01; clipWorldYTexArray
empire2,265,1,0x17b2ec000,SM_GUANMU_01,indexed,3,24,128,A5471301C9A914FE,90DD8BBE11E20C25,1024,295,494,Game_SHARED_GAME_SHADOW_MAP_NAME; Game_SHARED_GAME_SHADOW_MAP_NAME_2; IndexRT; T_CN_YZ_FOGMASK; T_Cloud_M; T_GUANMU_01_DA; T_GUANMU_01_NRT; clipWorldYTexArray
empire2,266,1,0x17b2ec000,SM_GUANMU_01,indexed,3,24,27,A5471301C9A914FE,90DD8BBE11E20C25,216,295,494,Game_SHARED_GAME_SHADOW_MAP_NAME; Game_SHARED_GAME_SHADOW_MAP_NAME_2; IndexRT; T_CN_YZ_FOGMASK; T_Cloud_M; T_GUANMU_01_DA; T_GUANMU_01_NRT; clipWorldYTexArray
empire2,267,1,0x17e019800,SM_GrassReed_01,indexed,3,132,128,E0A8D0BC44A2BF3B,3B4BA408BF949A09,5632,312,499,Game_SHARED_GAME_SHADOW_MAP_NAME; Game_SHARED_GAME_SHADOW_MAP_NAME_2; IndexRT; T_CN_YZ_FOGMASK; T_CityGrass_D; T_CityGrass_NRA; T_Cloud_M; UnityDefault2D; _FXTex01; clipWorldYTexArray
empire2,268,1,0x17e019800,SM_GrassReed_01,indexed,3,132,99,E0A8D0BC44A2BF3B,3B4BA408BF949A09,4356,312,499,Game_SHARED_GAME_SHADOW_MAP_NAME; Game_SHARED_GAME_SHADOW_MAP_NAME_2; IndexRT; T_CN_YZ_FOGMASK; T_CityGrass_D; T_CityGrass_NRA; T_Cloud_M; UnityDefault2D; _FXTex01; clipWorldYTexArray
empire2,269,1,0x17b2ec000,SM_GUANMU_04,indexed,3,120,80,A5471301C9A914FE,90DD8BBE11E20C25,3200,295,494,Game_SHARED_GAME_SHADOW_MAP_NAME; Game_SHARED_GAME_SHADOW_MAP_NAME_2; IndexRT; T_CN_YZ_FOGMASK; T_Cloud_M; T_GUANMU_01_DA; T_GUANMU_01_NRT; clipWorldYTexArray
empire2,270,1,0x17e019800,SM_Grass10,indexed,3,438,84,E0A8D0BC44A2BF3B,3B4BA408BF949A09,12264,312,499,CloudTex; Game_SHARED_GAME_SHADOW_MAP_NAME; Game_SHARED_GAME_SHADOW_MAP_NAME_2; IndexRT; T_CN_YZ_FOGMASK; T_CityGrass_D; T_CityGrass_NRA; T_Grass16_M; _FXTex01; clipWorldYTexArray
empire2,271,1,0x17b3a8c00,SM_Zhenye03_LOD1,indexed,3,987,2,E633F210C5A48E31,3763AC95B0BD53FA,658,277,650,CachedShadowMap; Game_SHARED_GAME_SHADOW_MAP_NAME_2; IndexRT; T_CN_YZ_FOGMASK; T_CityGrass_D; T_CityGrass_NRA; T_Cloud_M; _FXTex01; clipWorldYTexArray
empire2,272,1,0x17b3a8c00,SM_WORLDLEAFTREE_01_LOD01,indexed,3,156,5,E633F210C5A48E31,3763AC95B0BD53FA,260,277,650,CachedShadowMap; Game_SHARED_GAME_SHADOW_MAP_NAME_2; IndexRT; T_CN_YZ_FOGMASK; T_Cloud_M; T_WORLDLEAFTREE_01_DA; T_WORLDLEAFTREE_01_NRA; _FXTex01; clipWorldYTexArray
empire2,273,1,0x17b3a8c00,SM_WORLDLEAFTREE_02_LOD01,indexed,3,156,30,E633F210C5A48E31,3763AC95B0BD53FA,1560,277,650,CachedShadowMap; Game_SHARED_GAME_SHADOW_MAP_NAME_2; IndexRT; T_CN_YZ_FOGMASK; T_Cloud_M; T_WORLDLEAFTREE_02_DA; T_WORLDLEAFTREE_02_NRA; _FXTex01; clipWorldYTexArray
empire2,274,1,0x17e01a400,SM_ChinaCityTree_03_LOD1,indexed,3,1230,3,E0A8D0BC44A2BF3B,3B4BA408BF949A09,1230,310,499,Game_SHARED_GAME_SHADOW_MAP_NAME; Game_SHARED_GAME_SHADOW_MAP_NAME_2; IndexRT; T_CN_YZ_FOGMASK; T_CityTree_D_C; T_CityTree_NRA; T_Cloud_M; UnityDefault2D; _FXTex01; clipWorldYTexArray
empire2,275,1,0x171353000,SM_XIAOHUA06,indexed,3,168,81,ECF84F140BD2A332,735A994C4DBEB7A0,4536,309,452,CachedShadowMap; Game_SHARED_GAME_SHADOW_MAP_NAME_2; IndexRT; T_CN_YZ_FOGMASK; T_XIAOHUA_DA; T_XIAOHUA_NRT; _FXTex01; clipWorldYTexArray
empire2,276,1,0x17e01b000,SM_Grass17_B_02,indexed,3,264,128,ECF84F140BD2A332,735A994C4DBEB7A0,11264,312,452,CachedShadowMap; Game_SHARED_GAME_SHADOW_MAP_NAME_2; IndexRT; T_CN_YZ_FOGMASK; T_CityTree_D_C; T_CityTree_NRA; _FXTex01; clipWorldYTexArray
empire2,277,1,0x17e01b000,SM_Grass17_B_02,indexed,3,264,51,ECF84F140BD2A332,735A994C4DBEB7A0,4488,312,452,CachedShadowMap; Game_SHARED_GAME_SHADOW_MAP_NAME_2; IndexRT; T_CN_YZ_FOGMASK; T_CityTree_D_C; T_CityTree_NRA; _FXTex01; clipWorldYTexArray
empire2,278,1,0x17b3c8000,Plane,indexed,3,600,1,9C1452166BD01029,5BD7ADC28BED71D0,200,257,435,Game_SHARED_GAME_SHADOW_MAP_NAME; Game_SHARED_GAME_SHADOW_MAP_NAME_2; IndexRT; T_CN_YZ_FOGMASK; T_Cloud_M; T_temp_DA; T_temp_NRT; clipWorldYTexArray
empire2,279,1,0x17b3c9800,SM_MountHuangB_03_LOD3,indexed,3,114,2,FC5D17909A869C1A,3E7759CA7E3AA058,76,283,462,Game_SHARED_GAME_SHADOW_MAP_NAME; Game_SHARED_GAME_SHADOW_MAP_NAME_2; IndexRT; T_CN_YZ_FOGMASK; T_Cloud_M; T_MountHuangB_DA; T_MountHuangB_NRT; UnityDefault2D; clipWorldYTexArray
empire2,280,1,0x17b3cb000,SM_CN_MILLWater01_A4,indexed,3,39,2,112FEB9B48CDF289,600AB73F661FDE98,26,259,221,Game_SHARED_GAME_SHADOW_MAP_NAME; T_City_China_YZ_RP2D; T_SpecularHighlights_M; T_Waterbump_C
empire2,281,1,0x17b3cb000,SM_CN_MILLWater02_A4,indexed,3,150,2,112FEB9B48CDF289,600AB73F661FDE98,100,259,221,Game_SHARED_GAME_SHADOW_MAP_NAME; T_City_China_YZ_RP2D; T_SpecularHighlights_M; T_Waterbump_C
empire2,282,1,0x17b3ecc00,SM_CN_SCHOOL_WATER_A4_LOD00,indexed,3,12,1,24B4211C998DA423,8A841B7474DF6D4E,4,270,489,Game_SHARED_GAME_SHADOW_MAP_NAME; IndexRT; T_CN_YZ_FOGMASK; T_Cloud_M; T_FoamRamp_3_C; T_Foam_C; T_SpecularHighlights_M; T_Waterbump_C; clipWorldYTexArray
empire2,283,1,0x17b3ed800,SM_CN_GARDEN_WATER_A4_LOD00,indexed,3,45,1,24B4211C998DA423,8A841B7474DF6D4E,15,267,489,Game_SHARED_GAME_SHADOW_MAP_NAME; IndexRT; T_CN_YZ_FOGMASK; T_Cloud_M; T_FoamRamp_3_C; T_Foam_C; T_SpecularHighlights_M; T_Waterbump_C; clipWorldYTexArray
empire2,284,1,0x17b3ed800,SM_CN_GARDEN_WATER_A2_LOD00,indexed,3,69,1,24B4211C998DA423,8A841B7474DF6D4E,23,267,489,Game_SHARED_GAME_SHADOW_MAP_NAME; IndexRT; T_CN_YZ_FOGMASK; T_Cloud_M; T_FoamRamp_3_C; T_Foam_C; T_SpecularHighlights_M; T_Waterbump_C; clipWorldYTexArray
empire2,285,1,0x171350000,SM_Water_Plane_LOD2,indexed,3,3456,8,278FCB7A4626D051,665FA03EBF2921A1,9216,260,732,IndexRT; T_CN_YZ_FOGMASK; T_City_China_YZ_RP2D; T_FoamRamp_1_C; T_Foam_C; T_SpecularHighlights_M; T_WaterNoise02_C; T_Waterbump_C; UnityBlack; clipWorldYTexArray
empire2,286,1,0x17c010c00,SM_COCWater_03,indexed,3,180,1,24B4211C998DA423,13EBDB9A014E1EC2,60,269,521,Game_SHARED_GAME_SHADOW_MAP_NAME; IndexRT; T_CN_YZ_FOGMASK; T_City_China_YZ_RP2D; T_Cloud_M; T_FoamRamp_3_C; T_Foam_C; T_SpecularHighlights_M; T_Waterbump_C; clipWorldYTexArray
empire2,287,1,0x171350c00,SM_CityWater_08,indexed,3,102,1,24B4211C998DA423,13EBDB9A014E1EC2,34,267,521,Game_SHARED_GAME_SHADOW_MAP_NAME; IndexRT; T_CN_YZ_FOGMASK; T_City_China_YZ_RP2D; T_Cloud_M; T_FoamRamp_3_C; T_Foam_C; T_SpecularHighlights_M; T_Waterbump_C; clipWorldYTexArray
empire2,288,1,0x171350000,SM_Water_Plane_LOD2,indexed,3,3456,3,278FCB7A4626D051,665FA03EBF2921A1,3456,260,732,IndexRT; T_CN_YZ_FOGMASK; T_City_China_YZ_RP2D; T_FoamRamp_1_C; T_Foam_C; T_SpecularHighlights_M; T_WaterNoise02_C; T_Waterbump_C; UnityBlack; clipWorldYTexArray
empire2,289,1,0x17c010c00,SM_CityWater_China_YZ_03,indexed,3,645,1,24B4211C998DA423,13EBDB9A014E1EC2,215,269,521,Game_SHARED_GAME_SHADOW_MAP_NAME; IndexRT; T_CN_YZ_FOGMASK; T_City_China_YZ_RP2D; T_Cloud_M; T_FoamRamp_3_C; T_Foam_C; T_SpecularHighlights_M; T_Waterbump_C; clipWorldYTexArray
empire2,290,1,0x17c010c00,SM_CityWater_China_YZ_05,indexed,3,507,1,24B4211C998DA423,13EBDB9A014E1EC2,169,269,521,Game_SHARED_GAME_SHADOW_MAP_NAME; IndexRT; T_CN_YZ_FOGMASK; T_City_China_YZ_RP2D; T_Cloud_M; T_FoamRamp_3_C; T_Foam_C; T_SpecularHighlights_M; T_Waterbump_C; clipWorldYTexArray
empire2,291,1,0x171350000,SM_Water_Plane_LOD2,indexed,3,3456,4,278FCB7A4626D051,665FA03EBF2921A1,4608,260,732,IndexRT; T_CN_YZ_FOGMASK; T_City_China_YZ_RP2D; T_FoamRamp_1_C; T_Foam_C; T_SpecularHighlights_M; T_WaterNoise02_C; T_Waterbump_C; UnityBlack; clipWorldYTexArray
empire2,292,1,0x17c011800,SM_CityWater_China_YZ_02,indexed,3,1032,1,24B4211C998DA423,13EBDB9A014E1EC2,344,270,521,Game_SHARED_GAME_SHADOW_MAP_NAME; IndexRT; T_CN_YZ_FOGMASK; T_City_China_YZ_RP2D; T_Cloud_M; T_FoamRamp_3_C; T_Foam_C; T_SpecularHighlights_M; T_Waterbump_C; clipWorldYTexArray
empire2,293,1,0x17c010c00,SM_CityWater_China_YZ_04,indexed,3,237,1,24B4211C998DA423,13EBDB9A014E1EC2,79,269,521,Game_SHARED_GAME_SHADOW_MAP_NAME; IndexRT; T_CN_YZ_FOGMASK; T_City_China_YZ_RP2D; T_Cloud_M; T_FoamRamp_3_C; T_Foam_C; T_SpecularHighlights_M; T_Waterbump_C; clipWorldYTexArray
empire2,294,1,0x17c013000,ScratchBuffer0_3,indexed,3,6,1,B70C9B8C3CB291A8,313951F9DAEAB9DE,2,72,93,_MainTex
empire2,295,1,0x17c013000,ScratchBuffer0_3,indexed,3,6,1,B70C9B8C3CB291A8,313951F9DAEAB9DE,2,72,93,_MainTex
empire2,296,1,0x17c013000,ScratchBuffer0_3,indexed,3,6,1,B70C9B8C3CB291A8,313951F9DAEAB9DE,2,72,93,_MainTex
empire2,297,1,0x17c013000,ScratchBuffer0_3,indexed,3,6,1,B70C9B8C3CB291A8,313951F9DAEAB9DE,2,72,93,_MainTex
empire2,298,1,0x17c013000,ScratchBuffer0_3,indexed,3,6,1,B70C9B8C3CB291A8,313951F9DAEAB9DE,2,72,93,_MainTex
empire2,299,1,0x17c013000,ScratchBuffer0_3,indexed,3,6,1,B70C9B8C3CB291A8,313951F9DAEAB9DE,2,72,93,_MainTex
empire2,300,1,0x17c013000,ScratchBuffer0_3,indexed,3,6,1,B70C9B8C3CB291A8,313951F9DAEAB9DE,2,72,93,_MainTex
empire2,301,1,0x17c013000,ScratchBuffer0_3,indexed,3,6,1,B70C9B8C3CB291A8,313951F9DAEAB9DE,2,72,93,_MainTex
empire2,302,1,0x17c030c00,ScratchBuffer0_3,indexed,3,6,1,B70C9B8C3CB291A8,A823E8B0C4DC2A2E,2,58,103,T_FX_Mask_59; T_FX_Mask_Noise16_C
empire2,303,1,0x17c013000,ScratchBuffer0_3,indexed,3,6,1,B70C9B8C3CB291A8,313951F9DAEAB9DE,2,72,93,T_FX_Mask_59
empire2,304,1,0x17c013000,ScratchBuffer0_3,indexed,3,6,1,B70C9B8C3CB291A8,313951F9DAEAB9DE,2,72,93,T_FX_Mask_59
empire2,305,1,0x17c013000,ScratchBuffer0_3,indexed,3,6,1,B70C9B8C3CB291A8,313951F9DAEAB9DE,2,72,93,T_FX_Mask_59
empire2,306,1,0x17c013000,ScratchBuffer0_3,indexed,3,6,1,B70C9B8C3CB291A8,313951F9DAEAB9DE,2,72,93,T_FX_Mask_59
empire2,307,1,0x17c013000,ScratchBuffer0_3,indexed,3,6,1,B70C9B8C3CB291A8,313951F9DAEAB9DE,2,72,93,T_FX_Mask_59
empire2,308,1,0x17c013000,ScratchBuffer0_3,indexed,3,6,1,B70C9B8C3CB291A8,313951F9DAEAB9DE,2,72,93,T_FX_Mask_59
empire2,309,1,0x17c013000,ScratchBuffer0_3,indexed,3,6,1,B70C9B8C3CB291A8,313951F9DAEAB9DE,2,72,93,T_FX_Mask_59
empire2,310,1,0x17c013000,ScratchBuffer0_3,indexed,3,6,1,B70C9B8C3CB291A8,313951F9DAEAB9DE,2,72,93,T_FX_Mask_59
empire2,311,1,0x17c032400,ScratchBuffer0_3,indexed,3,6,1,B70C9B8C3CB291A8,DDF102376784B008,2,58,70,T_FX_Mask_59
empire2,312,1,0x17c032400,ScratchBuffer0_3,indexed,3,6,1,B70C9B8C3CB291A8,DDF102376784B008,2,58,70,T_FX_Mask_59
empire2,313,1,0x17c032400,ScratchBuffer0_3,indexed,3,6,1,B70C9B8C3CB291A8,DDF102376784B008,2,58,70,T_FX_Mask_59
empire2,314,1,0x17c032400,ScratchBuffer0_3,indexed,3,6,1,B70C9B8C3CB291A8,DDF102376784B008,2,58,70,T_FX_Mask_59
empire2,315,1,0x17c032400,ScratchBuffer0_3,indexed,3,6,1,B70C9B8C3CB291A8,DDF102376784B008,2,58,70,T_FX_Mask_59
empire2,316,1,0x17c032400,ScratchBuffer0_3,indexed,3,6,1,B70C9B8C3CB291A8,DDF102376784B008,2,58,70,T_FX_Mask_59
empire2,317,1,0x17c032400,ScratchBuffer0_3,indexed,3,6,1,B70C9B8C3CB291A8,DDF102376784B008,2,58,70,T_FX_Mask_59
empire2,318,1,0x17c032400,ScratchBuffer0_3,indexed,3,6,1,B70C9B8C3CB291A8,DDF102376784B008,2,58,70,T_FX_Mask_59
empire2,319,1,0x17c032400,ScratchBuffer0_3,indexed,3,6,1,B70C9B8C3CB291A8,DDF102376784B008,2,58,70,T_FX_Mask_59
empire2,320,1,0x17c033000,ScratchBuffer0_3,indexed,3,24,1,B70C9B8C3CB291A8,DDF102376784B008,8,58,70,_MainTex
empire2,321,1,0x17c060c00,ScratchBuffer0_3,indexed,3,6,1,B70C9B8C3CB291A8,D8A2333527888AEA,2,58,119,T_FX_Mask_40; T_FX_Noise_107_cwh; _TwistTex
empire2,322,1,0x17c062400,Pubu02,indexed,3,240,1,16AA5853F5F3E209,4C1D15EA3966A13,80,69,124,T_FX_Liquid_WaterFall03; T_FX_Mask_Noise18; T_FX_Noise_67
empire2,323,1,0x17c062400,Pubu02,indexed,3,240,1,16AA5853F5F3E209,4C1D15EA3966A13,80,69,124,T_FX_Liquid_WaterFall03; T_FX_Mask_Noise18; T_FX_Noise_67
empire2,324,1,0x17c062400,Pubu02,indexed,3,240,3,16AA5853F5F3E209,4C1D15EA3966A13,240,69,124,T_FX_Liquid_WaterFall03; T_FX_Mask_Noise18; T_FX_Noise_67
empire2,325,1,0x17c062400,Pubu02,indexed,3,240,3,16AA5853F5F3E209,4C1D15EA3966A13,240,69,124,T_FX_Liquid_WaterFall03; T_FX_Mask_Noise18; T_FX_Noise_67
empire2,326,1,0x17c062400,Pubu02,indexed,3,240,1,16AA5853F5F3E209,4C1D15EA3966A13,80,69,124,T_FX_Liquid_WaterFall03; T_FX_Mask_Noise18; T_FX_Noise_67
empire2,327,1,0x17c062400,Pubu02,indexed,3,240,1,16AA5853F5F3E209,4C1D15EA3966A13,80,69,124,T_FX_Liquid_WaterFall03; T_FX_Mask_Noise18; T_FX_Noise_67
empire2,328,1,0x17c063000,ScratchBuffer0_3,indexed,3,240,1,B70C9B8C3CB291A8,D8A2333527888AEA,80,58,119,T_FX_Liquid_WaterFall03; T_FX_Noise_32; T_FX_Noise_58
empire2,329,1,0x17c063000,ScratchBuffer0_3,indexed,3,240,1,B70C9B8C3CB291A8,D8A2333527888AEA,80,58,119,T_FX_Liquid_WaterFall03; T_FX_Noise_32; T_FX_Noise_58
empire2,330,1,0x17c062400,SM_FX_City_CN_WaterFall_Combine01,indexed,3,5760,1,16AA5853F5F3E209,4C1D15EA3966A13,1920,69,124,T_FX_Liquid_WaterFall02; T_FX_Noise_56; T_FX_Shape_Square16
empire2,331,1,0x17c062400,SM_FX_City_CN_WaterFall_Combine02,indexed,3,5760,1,16AA5853F5F3E209,4C1D15EA3966A13,1920,69,124,T_FX_Liquid_WaterFall02; T_FX_Mask_Noise18; T_FX_Noise_67
empire2,332,1,0x17c062400,Plane003,indexed,3,960,4,16AA5853F5F3E209,4C1D15EA3966A13,1280,69,124,T_FX_Liquid_WaterFall01; T_FX_Noise_67; T_FX_Shape_Square16
empire2,333,1,0x17c062400,Pubu02,indexed,3,240,2,16AA5853F5F3E209,4C1D15EA3966A13,160,69,124,T_FX_Liquid_WaterFall05; T_FX_Mask_Noise18; T_FX_Noise_67
empire2,334,1,0x17c062400,SM_FX_City_CN_WaterFall_Combine03,indexed,3,1680,1,16AA5853F5F3E209,4C1D15EA3966A13,560,69,124,T_FX_Liquid_WaterFall05; T_FX_Mask_Noise18; T_FX_Noise_67
empire2,335,1,0x17c062400,Pubu02,indexed,3,240,2,16AA5853F5F3E209,4C1D15EA3966A13,160,69,124,T_FX_Liquid_WaterFall05; T_FX_Mask_Noise18; T_FX_Noise_67
empire2,336,1,0x17c07cc00,ScratchBuffer0_3,indexed,3,6,1,B70C9B8C3CB291A8,1413EF1EEFFFD4F8,2,72,168,T_FX_Mask_57; T_FX_Noise_115_cwh; T_FX_Noise_88; _FXTex
empire2,337,1,0x17c07d800,ScratchBuffer0_3,indexed,3,6,1,B70C9B8C3CB291A8,A823E8B0C4DC2A2E,2,58,103,T_FX_Mask_Noise21; T_FX_Noise_56
empire2,338,1,0x17c07d800,ScratchBuffer0_3,indexed,3,6,1,B70C9B8C3CB291A8,A823E8B0C4DC2A2E,2,58,103,T_FX_Mask_Noise21; T_FX_Noise_56
empire2,339,1,0x17c07d800,ScratchBuffer0_3,indexed,3,6,1,B70C9B8C3CB291A8,A823E8B0C4DC2A2E,2,58,103,T_FX_Mask_Noise21; T_FX_Noise_56
empire2,340,1,0x17c07d800,ScratchBuffer0_3,indexed,3,6,1,B70C9B8C3CB291A8,A823E8B0C4DC2A2E,2,58,103,T_FX_Mask_Noise21; T_FX_Noise_56
empire2,341,1,0x17c030c00,ScratchBuffer0_3,indexed,3,6,1,B70C9B8C3CB291A8,A823E8B0C4DC2A2E,2,58,103,T_FX_Flash_52_cwh; T_FX_Shape_Square16
empire2,342,1,0x17c07f000,Plane003,indexed,3,960,2,16AA5853F5F3E209,9D724AFF578D9744,640,69,108,T_FX_Liquid_01; T_FX_Mask_Noise18
empire2,343,1,0x17c0a4c00,ScratchBuffer0_3,indexed,3,24,1,B70C9B8C3CB291A8,12E0E4D166FFC495,8,58,86,T_FX_Liquid_Splash04; T_FX_Noise_58
empire2,344,1,0x17c0a4c00,ScratchBuffer0_3,indexed,3,24,1,B70C9B8C3CB291A8,12E0E4D166FFC495,8,58,86,T_FX_Liquid_Splash04; T_FX_Noise_58
empire2,345,1,0x17c0a4c00,ScratchBuffer0_3,indexed,3,30,1,B70C9B8C3CB291A8,12E0E4D166FFC495,10,58,86,T_FX_Liquid_Splash04; T_FX_Noise_58
empire2,346,1,0x17c0a4c00,ScratchBuffer0_3,indexed,3,24,1,B70C9B8C3CB291A8,12E0E4D166FFC495,8,58,86,T_FX_Liquid_Splash04; T_FX_Noise_58
empire2,347,1,0x17c013000,ScratchBuffer0_3,indexed,3,60,1,B70C9B8C3CB291A8,313951F9DAEAB9DE,20,72,93,_MainTex
empire2,348,1,0x17c013000,ScratchBuffer0_3,indexed,3,60,1,B70C9B8C3CB291A8,313951F9DAEAB9DE,20,72,93,_MainTex
empire2,349,1,0x17c013000,ScratchBuffer0_3,indexed,3,60,1,B70C9B8C3CB291A8,313951F9DAEAB9DE,20,72,93,_MainTex
empire2,350,1,0x17c013000,ScratchBuffer0_3,indexed,3,60,1,B70C9B8C3CB291A8,313951F9DAEAB9DE,20,72,93,_MainTex
empire2,351,1,0x17c013000,ScratchBuffer0_3,indexed,3,60,1,B70C9B8C3CB291A8,313951F9DAEAB9DE,20,72,93,_MainTex
empire2,352,1,0x17c013000,ScratchBuffer0_3,indexed,3,60,1,B70C9B8C3CB291A8,313951F9DAEAB9DE,20,72,93,_MainTex
empire2,353,1,0x17c013000,ScratchBuffer0_3,indexed,3,42,1,B70C9B8C3CB291A8,313951F9DAEAB9DE,14,72,93,_MainTex
empire2,354,1,0x17c013000,ScratchBuffer0_3,indexed,3,6,1,B70C9B8C3CB291A8,313951F9DAEAB9DE,2,72,93,_MainTex
empire2,355,1,0x17c0a6400,ScratchBuffer0_3,indexed,3,84,1,B70C9B8C3CB291A8,D5988DA6CDB91FD3,28,72,48,_EmissiveTex
empire2,356,1,0x17c0a6400,ScratchBuffer0_3,indexed,3,90,1,B70C9B8C3CB291A8,D5988DA6CDB91FD3,30,72,48,_EmissiveTex
empire2,357,1,0x17c0a6400,ScratchBuffer0_3,indexed,3,90,1,B70C9B8C3CB291A8,D5988DA6CDB91FD3,30,72,48,_EmissiveTex
empire2,358,1,0x17c0a6400,ScratchBuffer0_3,indexed,3,12,1,B70C9B8C3CB291A8,D5988DA6CDB91FD3,4,72,48,_EmissiveTex
empire2,359,1,0x17c0a6400,ScratchBuffer0_3,indexed,3,6,1,B70C9B8C3CB291A8,D5988DA6CDB91FD3,2,72,48,_EmissiveTex
empire2,360,1,0x17c0a6400,ScratchBuffer0_3,indexed,3,24,1,B70C9B8C3CB291A8,D5988DA6CDB91FD3,8,72,48,_EmissiveTex
empire2,361,1,0x17c0a6400,ScratchBuffer0_3,indexed,3,18,1,B70C9B8C3CB291A8,D5988DA6CDB91FD3,6,72,48,_EmissiveTex
empire2,362,1,0x17c0a6400,ScratchBuffer0_3,indexed,3,18,1,B70C9B8C3CB291A8,D5988DA6CDB91FD3,6,72,48,_EmissiveTex
empire2,363,1,0x17c0a6400,ScratchBuffer0_3,indexed,3,12,1,B70C9B8C3CB291A8,D5988DA6CDB91FD3,4,72,48,_EmissiveTex
empire2,364,1,0x17c0a7000,,nonindexed,4,210,1,B70C9B8C3CB291A8,DDF102376784B008,208,58,70,_MainTex
empire2,365,1,0x17c032400,ScratchBuffer0_3,indexed,3,6,1,B70C9B8C3CB291A8,DDF102376784B008,2,58,70,_MainTex
empire2,366,1,0x17c032400,ScratchBuffer0_3,indexed,3,36,1,B70C9B8C3CB291A8,DDF102376784B008,12,58,70,_MainTex
empire2,367,1,0x17c032400,ScratchBuffer0_3,indexed,3,18,1,B70C9B8C3CB291A8,DDF102376784B008,6,58,70,_MainTex
empire2,368,1,0x17c032400,ScratchBuffer0_3,indexed,3,18,1,B70C9B8C3CB291A8,DDF102376784B008,6,58,70,_MainTex
empire2,369,1,0x17c032400,ScratchBuffer0_3,indexed,3,18,1,B70C9B8C3CB291A8,DDF102376784B008,6,58,70,_MainTex
empire2,370,1,0x17c063000,ScratchBuffer0_3,indexed,3,1080,1,B70C9B8C3CB291A8,D8A2333527888AEA,360,58,119,T_FX_Mask_07; T_FX_Noise_32; T_FX_Noise_35
empire2,371,1,0x17c063000,ScratchBuffer0_3,indexed,3,24,1,B70C9B8C3CB291A8,D8A2333527888AEA,8,58,119,T_FX_Mask_44; T_FX_Noise_79; _TwistTex
empire2,372,1,0x17c0c4c00,ScratchBuffer0_3,indexed,3,72,1,7165489D9CC05C9D,28AB1DF27C3B3F8C,24,72,125,T_FX_Noise_37; UnityDefault2D; _EmissiveTex
empire2,373,1,0x17c032400,ScratchBuffer0_3,indexed,3,66,1,B70C9B8C3CB291A8,DDF102376784B008,22,58,70,_MainTex
empire2,374,1,0x17c0c4c00,ScratchBuffer0_3,indexed,3,72,1,7165489D9CC05C9D,28AB1DF27C3B3F8C,24,72,125,T_FX_Mask_19; UnityDefault2D; _AlphaMask
empire2,375,1,0x17c0c6400,ScratchBuffer0_3,indexed,3,1272,1,7165489D9CC05C9D,B5C0778AABCA22B2,424,72,93,T_FX_Noise_44; _EmissiveTex
empire2,376,1,0x17c108000,ScratchBuffer0_3,indexed,3,576,1,B70C9B8C3CB291A8,EF49B877F4748DC5,192,58,128,T_FX_Mask_13; T_FX_Mask_64_Zcx; _FXTex
empire2,377,1,0x17c032400,ScratchBuffer0_3,indexed,3,6,1,B70C9B8C3CB291A8,DDF102376784B008,2,58,70,T_FX_Mask_13
empire2,378,1,0x17c032400,ScratchBuffer0_3,indexed,3,54,1,B70C9B8C3CB291A8,DDF102376784B008,18,58,70,T_FX_Mask_13
empire2,379,1,0x17c062400,Plane003,indexed,3,960,2,16AA5853F5F3E209,4C1D15EA3966A13,640,69,124,T_FX_Liquid_WaterFall01; T_FX_Noise_67; T_FX_Shape_Square16
empire2,380,1,0x17c062400,Plane002,indexed,3,960,4,16AA5853F5F3E209,4C1D15EA3966A13,1280,69,124,T_FX_Liquid_WaterFall04; T_FX_Noise_67; _AlphaMask
empire2,381,1,0x17c062400,Plane003,indexed,3,960,4,16AA5853F5F3E209,4C1D15EA3966A13,1280,69,124,T_FX_Liquid_WaterFall02; T_FX_Noise_67; _AlphaMask
empire2,382,1,0x17c109800,ScratchBuffer0_3,indexed,3,24,1,B70C9B8C3CB291A8,559B5AD3FC2AA6C3,8,58,165,T_CN_YZ_FOGMASK; T_FX_Mask_Color04; T_FX_Noise_67; T_FX_Smoke_04
empire2,383,1,0x17c060c00,ScratchBuffer0_3,indexed,3,6,1,B70C9B8C3CB291A8,D8A2333527888AEA,2,58,119,T_FX_Mask_41; T_FX_Noise_109_cwh; _TwistTex
empire2,384,1,0x17c060c00,ScratchBuffer0_3,indexed,3,6,1,B70C9B8C3CB291A8,D8A2333527888AEA,2,58,119,T_FX_Mask_41; T_FX_Noise_109_cwh; _TwistTex
empire2,385,1,0x17c060c00,ScratchBuffer0_3,indexed,3,6,1,B70C9B8C3CB291A8,D8A2333527888AEA,2,58,119,T_FX_Mask_41; T_FX_Noise_67; _TwistTex
empire2,386,1,0x17c060c00,ScratchBuffer0_3,indexed,3,6,1,B70C9B8C3CB291A8,D8A2333527888AEA,2,58,119,T_FX_Mask_41; T_FX_Noise_67; _TwistTex
empire2,387,1,0x17c060c00,ScratchBuffer0_3,indexed,3,6,1,B70C9B8C3CB291A8,D8A2333527888AEA,2,58,119,T_FX_Mask_41; T_FX_Noise_67; _TwistTex
empire2,388,1,0x17c060c00,ScratchBuffer0_3,indexed,3,6,1,B70C9B8C3CB291A8,D8A2333527888AEA,2,58,119,T_FX_Mask_41; T_FX_Noise_67; _TwistTex
empire2,389,1,0x171352400,ScratchBuffer0_3,indexed,3,216,1,B70C9B8C3CB291A8,81CAFF7A2CFB6A7C,72,72,139,T_FX_Mask_Noise20; T_FX_Noise_64; T_FX_Noise_67
empire2,390,1,0x17c032400,ScratchBuffer0_3,indexed,3,60,1,B70C9B8C3CB291A8,DDF102376784B008,20,58,70,T_FX_Noise_67
empire2,391,1,0x17c032400,ScratchBuffer0_3,indexed,3,60,1,B70C9B8C3CB291A8,DDF102376784B008,20,58,70,T_FX_Noise_67
empire2,392,1,0x17c032400,ScratchBuffer0_3,indexed,3,60,1,B70C9B8C3CB291A8,DDF102376784B008,20,58,70,T_FX_Noise_67
empire2,393,1,0x17c032400,ScratchBuffer0_3,indexed,3,72,1,B70C9B8C3CB291A8,DDF102376784B008,24,58,70,T_FX_Noise_67
empire2,394,1,0x17c032400,ScratchBuffer0_3,indexed,3,42,1,B70C9B8C3CB291A8,DDF102376784B008,14,58,70,T_FX_Noise_67
empire2,395,1,0x17c032400,ScratchBuffer0_3,indexed,3,72,1,B70C9B8C3CB291A8,DDF102376784B008,24,58,70,T_FX_Noise_67
empire2,396,1,0x17c032400,ScratchBuffer0_3,indexed,3,42,1,B70C9B8C3CB291A8,DDF102376784B008,14,58,70,T_FX_Noise_67
empire2,397,1,0x17c032400,ScratchBuffer0_3,indexed,3,30,1,B70C9B8C3CB291A8,DDF102376784B008,10,58,70,T_FX_Noise_67
empire2,398,1,0x17c032400,ScratchBuffer0_3,indexed,3,54,1,B70C9B8C3CB291A8,DDF102376784B008,18,58,70,T_FX_Noise_67
empire2,399,1,0x17c032400,ScratchBuffer0_3,indexed,3,30,1,B70C9B8C3CB291A8,DDF102376784B008,10,58,70,T_FX_Noise_67
empire2,400,1,0x17c032400,ScratchBuffer0_3,indexed,3,36,1,B70C9B8C3CB291A8,DDF102376784B008,12,58,70,T_FX_Noise_67
empire2,401,1,0x17c032400,ScratchBuffer0_3,indexed,3,30,1,B70C9B8C3CB291A8,DDF102376784B008,10,58,70,T_FX_Noise_67
empire2,402,1,0x17c032400,ScratchBuffer0_3,indexed,3,30,1,B70C9B8C3CB291A8,DDF102376784B008,10,58,70,T_FX_Noise_67
empire2,403,1,0x17c032400,ScratchBuffer0_3,indexed,3,24,1,B70C9B8C3CB291A8,DDF102376784B008,8,58,70,T_FX_Noise_67
empire2,404,1,0x17c032400,ScratchBuffer0_3,indexed,3,24,1,B70C9B8C3CB291A8,DDF102376784B008,8,58,70,T_FX_Noise_67
empire2,405,1,0x17c032400,ScratchBuffer0_3,indexed,3,24,1,B70C9B8C3CB291A8,DDF102376784B008,8,58,70,T_FX_Noise_67
empire2,406,1,0x17c032400,ScratchBuffer0_3,indexed,3,24,1,B70C9B8C3CB291A8,DDF102376784B008,8,58,70,T_FX_Noise_67
empire2,407,1,0x17c032400,ScratchBuffer0_3,indexed,3,30,1,B70C9B8C3CB291A8,DDF102376784B008,10,58,70,T_FX_Noise_67
empire2,408,1,0x17c032400,ScratchBuffer0_3,indexed,3,48,1,B70C9B8C3CB291A8,DDF102376784B008,16,58,70,T_FX_Noise_67
empire2,409,1,0x17c032400,ScratchBuffer0_3,indexed,3,48,1,B70C9B8C3CB291A8,DDF102376784B008,16,58,70,T_FX_Noise_67
empire2,410,1,0x17c032400,ScratchBuffer0_3,indexed,3,48,1,B70C9B8C3CB291A8,DDF102376784B008,16,58,70,T_FX_Noise_67
empire2,411,1,0x17c032400,ScratchBuffer0_3,indexed,3,30,1,B70C9B8C3CB291A8,DDF102376784B008,10,58,70,T_FX_Noise_67
empire2,412,1,0x17c032400,ScratchBuffer0_3,indexed,3,30,1,B70C9B8C3CB291A8,DDF102376784B008,10,58,70,T_FX_Noise_67
empire2,413,1,0x17c032400,ScratchBuffer0_3,indexed,3,30,1,B70C9B8C3CB291A8,DDF102376784B008,10,58,70,T_FX_Noise_67
empire2,414,1,0x17c032400,ScratchBuffer0_3,indexed,3,30,1,B70C9B8C3CB291A8,DDF102376784B008,10,58,70,T_FX_Noise_67
empire2,415,1,0x17c032400,ScratchBuffer0_3,indexed,3,30,1,B70C9B8C3CB291A8,DDF102376784B008,10,58,70,T_FX_Noise_67
empire2,416,2,0x17c10b000,ScratchBuffer0_3,indexed,3,6,1,E2D1B6F77DE47514,A9FC0B13C9C056C3,2,45,363,Game_SCENE_COLOR_MAP_NAME
empire2,417,3,0x17c124c00,ScratchBuffer0_3,indexed,3,6,1,B0DCE88977007BE3,EC1CD231E73733A3,2,104,90,Game_RT_4
empire2,418,4,0x17c124c00,ScratchBuffer0_3,indexed,3,6,1,B0DCE88977007BE3,EC1CD231E73733A3,2,104,90,Game_TMP_RT_8
empire2,419,5,0x17c124c00,ScratchBuffer0_3,indexed,3,6,1,B0DCE88977007BE3,EC1CD231E73733A3,2,104,90,Game_TMP_RT_16
empire2,420,6,0x17c124c00,ScratchBuffer0_3,indexed,3,6,1,B0DCE88977007BE3,EC1CD231E73733A3,2,104,90,Game_TMP_RT_32
empire2,421,7,0x17c126400,ScratchBuffer0_3,indexed,3,6,1,A3B4DDAA3ED2AE38,70C4E390B5467EB4,2,104,86,Game_RT_64; Game_TMP_RT_32
empire2,422,8,0x17c126400,ScratchBuffer0_3,indexed,3,6,1,A3B4DDAA3ED2AE38,70C4E390B5467EB4,2,104,86,Game_RT_32; Game_TMP_RT_16
empire2,423,9,0x17c126400,ScratchBuffer0_3,indexed,3,6,1,A3B4DDAA3ED2AE38,70C4E390B5467EB4,2,104,86,Game_RT_16; Game_TMP_RT_8
empire2,424,10,0x17c14c000,ScratchBuffer0_3,indexed,3,6,1,BD70604646654C22,EDEB96566F435129,2,70,56,Game_RT_4; Game_RT_8
empire2,425,11,0x17c14d800,ScratchBuffer0_3,indexed,3,6,1,35E744FC2162B835,B56E04AD50E89A8,2,42,74,Game_RT_COLOR_LUT; Game_RT_SUM_MERGE; Game_SCENE_COLOR_MAP_NAME
empire2,426,11,0x14387c000,,indexed,3,3150,1,FF75455F6679637C,204082A3AA1BC90A,1050,226,94,Font_Texture_0; SmashTexture_0; UnityDefault2D
empire2,427,11,0x14387c000,,indexed,3,18,1,FF75455F6679637C,204082A3AA1BC90A,6,226,94,Font_Texture_0; SmashTexture_0; UnityDefault2D
empire2,428,11,0x17e08a400,ScratchBuffer0_3,indexed,3,6,1,2EB35058C7F2CB6C,36230B57011F2EC6,2,72,22,_EmissiveTex
empire2,429,11,0x14387c000,,indexed,3,24,1,FF75455F6679637C,204082A3AA1BC90A,8,226,94,Font_Texture_0; SmashTexture_0; UnityDefault2D
empire2,430,11,0x14387c000,,indexed,3,72,1,FF75455F6679637C,204082A3AA1BC90A,24,226,94,Font_Texture_0; SmashTexture_0; UnityDefault2D
empire2,431,11,0x14387c000,,indexed,3,12,1,FF75455F6679637C,204082A3AA1BC90A,4,226,94,Font_Texture_0; SmashTexture_0; UnityDefault2D
empire2,432,11,0x14387c000,,indexed,3,144,1,FF75455F6679637C,204082A3AA1BC90A,48,226,94,Font_Texture_0; SmashTexture_0; UnityDefault2D
empire2,433,11,0x14387c000,,indexed,3,858,1,FF75455F6679637C,204082A3AA1BC90A,286,226,94,Font_Texture_0; SmashTexture_0; UnityDefault2D
empire2,434,11,0x17e008c00,ScratchBuffer0_3,indexed,3,66,1,4A50C017BC1680B1,55D6E02D88377CC7,22,101,70,T_FX_UI_ASheet_Dust_001; T_FX_gold_01_grey; UnityDefault2D
empire2,435,11,0x17e00a400,Quad,indexed,3,6,1,16AA5853F5F3E209,D0854CE3F6003FFD,2,67,77,T_FX_Noise_101; T_FX_Noise_109_cwh; T_FX_UI_Mask_015
empire2,436,11,0x17e00a400,Quad,indexed,3,6,1,16AA5853F5F3E209,D0854CE3F6003FFD,2,67,77,T_FX_Noise_101; T_FX_UI_Mask_015; _TwistTex
empire2,437,11,0x17e018000,Quad,indexed,3,6,1,16AA5853F5F3E209,46D23D7FFA994B60,2,67,60,UnityDefault2D; _AlphaMask
empire2,438,11,0x14387f000,,indexed,3,6,1,FF75455F6679637C,204082A3AA1BC90A,2,226,47,Font_Texture_0; SmashTexture_0; UnityDefault2D
empire2,439,11,0x14387f000,,indexed,3,6,1,FF75455F6679637C,204082A3AA1BC90A,2,226,47,Font_Texture_0; SmashTexture_0; UnityDefault2D
empire2,440,11,0x14387c000,,indexed,3,726,1,FF75455F6679637C,204082A3AA1BC90A,242,226,94,Font_Texture_0; SmashTexture_0; UnityDefault2D
empire2,441,11,0x14387f000,,indexed,3,6,1,FF75455F6679637C,204082A3AA1BC90A,2,226,47,Font_Texture_0; SmashTexture_0; UnityDefault2D
empire2,442,11,0x14387f000,,indexed,3,6,1,FF75455F6679637C,204082A3AA1BC90A,2,226,47,Font_Texture_0; SmashTexture_0; UnityDefault2D
empire2,443,11,0x14387f000,,indexed,3,6,1,FF75455F6679637C,204082A3AA1BC90A,2,226,47,Font_Texture_0; SmashTexture_0; UnityDefault2D
empire2,444,11,0x14387c000,,indexed,3,1530,1,FF75455F6679637C,204082A3AA1BC90A,510,226,94,Font_Texture_0; SmashTexture_0; UnityDefault2D
empire2,445,11,0x14387f000,,indexed,3,6,1,FF75455F6679637C,204082A3AA1BC90A,2,226,47,Font_Texture_0; SmashTexture_0; UnityDefault2D
empire2,446,11,0x14387f000,,indexed,3,6,1,FF75455F6679637C,204082A3AA1BC90A,2,226,47,Font_Texture_0; SmashTexture_0; UnityDefault2D
empire2,447,11,0x14387c000,,indexed,3,924,1,FF75455F6679637C,204082A3AA1BC90A,308,226,94,Font_Texture_0; SmashTexture_0; UnityDefault2D
empire2,448,11,0x14387f000,,indexed,3,6,1,FF75455F6679637C,204082A3AA1BC90A,2,226,47,Font_Texture_0; SmashTexture_0; UnityDefault2D
empire2,449,11,0x14387c000,,indexed,3,144,1,FF75455F6679637C,204082A3AA1BC90A,48,226,94,Font_Texture_0; SmashTexture_0; UnityDefault2D
empire2,450,11,0x14387f000,,indexed,3,12,1,FF75455F6679637C,204082A3AA1BC90A,4,226,47,Font_Texture_0; SmashTexture_0; UnityDefault2D
empire2,451,11,0x14387c000,,indexed,3,54,1,FF75455F6679637C,204082A3AA1BC90A,18,226,94,Font_Texture_0; SmashTexture_0; UnityDefault2D
empire2,452,11,0x14387c000,,indexed,3,222,1,FF75455F6679637C,204082A3AA1BC90A,74,226,94,Font_Texture_0; SmashTexture_0; UnityDefault2D
empire2,453,11,0x14387c000,,indexed,3,252,1,FF75455F6679637C,204082A3AA1BC90A,84,226,94,Font_Texture_0; SmashTexture_0; UnityDefault2D
empire2,454,11,0x14387c000,,indexed,3,12,1,FF75455F6679637C,204082A3AA1BC90A,4,226,94,Font_Texture_0; SmashTexture_0; UnityDefault2D
empire2,455,11,0x14387c000,,indexed,3,48,1,FF75455F6679637C,204082A3AA1BC90A,16,226,94,Font_Texture_0; SmashTexture_0; UnityDefault2D
empire2,456,11,0x14296c000,,indexed,3,2160,1,FF75455F6679637C,204082A3AA1BC90A,720,224,94,SmashTexture_0; UnityDefault2D; _AlphaTex
