handle,label,type,source_streams,descriptor_version,texture_type,pixel_format,width,height,depth,mip_count,sample_count,array_length,descriptor_key,storage_mode_raw,storage_mode,recorded_size_bytes,size_meaning,purgeable_state_raw,cpu_access_raw,last_bound_raw,last_bound,size_mib,shader_bound_draws,is_attachment,bound_by_draw,in_used_resource_stream
0x168876080,clipWorldYTexArray,Texture,"[""device-resources-0x10a80c000""]",81,3,20,464,464,1,9,1,64,7960A6C5A03A185E,0,Shared,45793280,recorded_allocated_size,2,0,0,Now,43.671875,276,False,True,True
0x16ee18500,,Texture,"[""device-resources-0x10a80c000""]",81,3,204,464,464,1,9,1,64,420067CAB51477EF,0,Shared,23068672,recorded_allocated_size,2,0,0,Now,22.0,1,False,True,True
0x16ee18a00,,Texture,"[""device-resources-0x10a80c000""]",81,3,204,464,464,1,9,1,64,2DFA2FEABD252AF8,0,Shared,23068672,recorded_allocated_size,2,0,0,Now,22.0,1,False,True,True
0x13dc1d400,SmashTexture_0,Texture,"[""device-resources-0x10a80c000""]",81,2,70,2048,2048,1,1,1,1,EC5E1A1EEE397239,0,Shared,16908288,recorded_allocated_size,2,2,0,Now,16.125,26,False,True,True
0x1191aca00,DrawableProxy,Texture,"[""unused-device-resources-0x10a80c000""]",81,2,80,2778,1284,1,1,1,1,EAF8E36323571220,0,Shared,15400960,recorded_allocated_size,4,0,18446744073709551615,Never,14.6875,0,False,False,False
0x1191acc80,DrawableProxy,Texture,"[""unused-device-resources-0x10a80c000""]",81,2,80,2778,1284,1,1,1,1,6DB5F6E829222DA,0,Shared,15400960,recorded_allocated_size,4,0,18446744073709551615,Never,14.6875,0,False,False,False
0x13dc1d900,CAMetalLayer Display Drawable,Texture,"[""capture""]",,,,,,,,,,,,,14467072,recorded_allocated_size,2,0,,,13.796875,0,True,False,False
0x16ee49b80,Game_SCENE_DEPTH_STENCIL_NAME,Texture,"[""device-resources-0x10a80c000""]",81,2,260,1946,900,1,1,1,1,6C9E01BB2143F5EE,0,Shared,9846784,recorded_allocated_size,2,0,0,Now,9.390625,0,True,False,True
0x16ee49900,Game_SCENE_COLOR_MAP_NAME,Texture,"[""device-resources-0x10a80c000""]",81,2,92,1946,900,1,1,1,1,13FEE16B960156C6,0,Shared,7684096,recorded_allocated_size,2,0,0,Now,7.328125,2,True,True,True
0x165e1a300,N_BN_ADULTS_AT_C,Texture,"[""unused-device-resources-0x10a80c000""]",81,2,115,2048,294,1,1,1,1,6B603E4EF649B231,0,Shared,5275648,recorded_allocated_size,2,2,7600266625,Earlier,5.03125,0,False,False,False
0x17c171b80,Font_Texture_0,Texture,"[""device-resources-0x10a80c000""]",81,2,1,2048,2048,1,1,1,1,B070630DA31E9899,0,Shared,4325376,recorded_allocated_size,2,2,0,Now,4.125,25,False,True,True
0x13dc14c80,,Texture,"[""unused-device-resources-0x10a80c000""]",81,2,1,2048,2048,1,1,1,1,EE7E9A0641DF6F3F,0,Shared,4325376,recorded_allocated_size,2,0,9020059958,Earlier,4.125,0,False,False,False
0x106a16d00,ScratchBuffer0_0,Buffer,"[""device-resources-0x10a80c000""]",,,,,,,,,,,,,4194304,requested_buffer_length,2,3,0,Now,4.0,0,False,True,True
0x142924d80,ScratchBuffer0_2,Buffer,"[""device-resources-0x10a80c000""]",,,,,,,,,,,,,4194304,requested_buffer_length,2,3,0,Now,4.0,0,False,False,True
0x16ee45380,ScratchBuffer0_7,Buffer,"[""device-resources-0x10a80c000""]",,,,,,,,,,,,,4194304,requested_buffer_length,2,3,0,Now,4.0,0,False,True,True
0x16ee46100,ScratchBuffer0_8,Buffer,"[""device-resources-0x10a80c000""]",,,,,,,,,,,,,4194304,requested_buffer_length,2,3,0,Now,4.0,0,False,False,True
0x17e034480,ScratchBuffer0_3,Buffer,"[""device-resources-0x10a80c000""]",,,,,,,,,,,,,4194304,requested_buffer_length,2,3,0,Now,4.0,0,False,True,True
0x17e036880,ScratchBuffer0_9,Buffer,"[""device-resources-0x10a80c000""]",,,,,,,,,,,,,4194304,requested_buffer_length,2,3,0,Now,4.0,0,False,False,True
0x1191f2880,ScratchBuffer0_0,Buffer,"[""unused-device-resources-0x10a80c000""]",,,,,,,,,,,,,4194304,requested_buffer_length,2,3,0,Now,4.0,0,False,False,False
0x1191f3780,ScratchBuffer0_1,Buffer,"[""unused-device-resources-0x10a80c000""]",,,,,,,,,,,,,4194304,requested_buffer_length,2,3,0,Now,4.0,0,False,False,False
0x17b185c80,ScratchBuffer0_4,Buffer,"[""unused-device-resources-0x10a80c000""]",,,,,,,,,,,,,4194304,requested_buffer_length,2,3,0,Now,4.0,0,False,False,False
0x1712bf180,ScratchBuffer0_6,Buffer,"[""unused-device-resources-0x10a80c000""]",,,,,,,,,,,,,4194304,requested_buffer_length,2,3,0,Now,4.0,0,False,False,False
0x1712bdc80,ScratchBuffer0_10,Buffer,"[""unused-device-resources-0x10a80c000""]",,,,,,,,,,,,,4194304,requested_buffer_length,2,3,0,Now,4.0,0,False,False,False
0x13dc1e580,,Texture,"[""unused-device-resources-0x10a80c000""]",81,2,204,2048,2048,1,1,1,1,8580BDAFF6CB17F7,0,Shared,4194304,recorded_allocated_size,2,0,18446744073709551615,Never,4.0,0,False,False,False
0x16ee49e00,Game_SHARED_GAME_SHADOW_MAP_NAME,Texture,"[""device-resources-0x10a80c000""]",81,2,250,1946,900,1,1,1,1,55570B6FF3ECB34A,0,Shared,3997696,recorded_allocated_size,2,0,0,Now,3.8125,240,False,True,True
0x16ee4a080,Game_SHARED_GAME_SHADOW_MAP_NAME_2,Texture,"[""device-resources-0x10a80c000""]",81,2,250,1946,900,1,1,1,1,C4A806694B9F58A5,0,Shared,3997696,recorded_allocated_size,2,0,0,Now,3.8125,108,True,True,True
0x1694a7c00,N_BS_06_AT_C,Texture,"[""device-resources-0x10a80c000""]",81,2,115,1361,303,1,1,1,1,7205D1A4E91139A8,0,Shared,3637248,recorded_allocated_size,2,2,0,Now,3.46875,9,False,True,True
0x13dc1e300,BitmapFont4_0,Texture,"[""unused-device-resources-0x10a80c000""]",81,2,208,2048,2048,1,1,1,1,6CC93B534150C708,0,Shared,1982464,recorded_allocated_size,2,2,18446744073709551615,Never,1.890625,0,False,False,False
0x1694a7200,N_BS_02_AT_C,Texture,"[""unused-device-resources-0x10a80c000""]",81,2,115,1873,105,1,1,1,1,DFCF900E5D8C4A31,0,Shared,1982464,recorded_allocated_size,2,2,7668194625,Earlier,1.890625,0,False,False,False
0x1694a7480,N_BS_05_AT_C,Texture,"[""unused-device-resources-0x10a80c000""]",81,2,115,1901,105,1,1,1,1,8D4FCBDF6ED34C53,0,Shared,1982464,recorded_allocated_size,2,2,7681021291,Earlier,1.890625,0,False,False,False
0x16a370500,N_BS_04_AT_C,Texture,"[""device-resources-0x10a80c000""]",81,2,115,1823,105,1,1,1,1,D4E4F1272C2B8DF5,0,Shared,1916928,recorded_allocated_size,2,2,0,Now,1.828125,0,False,False,True
0x16e895180,N_0_AT_C,Texture,"[""device-resources-0x10a80c000""]",81,2,115,216,816,1,1,1,1,AE48C987975621B1,0,Shared,1720320,recorded_allocated_size,2,2,0,Now,1.640625,7,False,True,True
0x168875400,clipRTAlbedo,Texture,"[""unused-device-resources-0x10a80c000""]",81,2,71,464,464,1,9,1,1,E87A545F870BB61C,0,Shared,1425408,recorded_allocated_size,2,0,3941361291,Earlier,1.359375,0,False,False,False
0x168875680,clipRTNormal,Texture,"[""unused-device-resources-0x10a80c000""]",81,2,70,464,464,1,9,1,1,1292775FDA97E6E2,0,Shared,1425408,recorded_allocated_size,2,0,3941361291,Earlier,1.359375,0,False,False,False
0x16a371b80,T_HP0_TRN_CN_YZ_A4_THP,Texture,"[""unused-device-resources-0x10a80c000""]",81,2,70,512,512,1,10,1,1,B3443FB79FC0F884,0,Shared,1425408,recorded_allocated_size,2,2,3941187958,Earlier,1.359375,0,False,False,False
0x16727d900,T_AP0_TRN_CN_YZ_A4_TRP,Texture,"[""unused-device-resources-0x10a80c000""]",81,2,204,1024,1024,1,11,1,1,F07A8EBBBB98390E,0,Shared,1409024,recorded_allocated_size,2,2,3944103958,Earlier,1.34375,0,False,False,False
0x16727db80,T_NP2_TRN_CN_YZ_A4_TRP,Texture,"[""unused-device-resources-0x10a80c000""]",81,2,204,1024,1024,1,11,1,1,46893B05CB623CED,0,Shared,1409024,recorded_allocated_size,2,2,3941361291,Earlier,1.34375,0,False,False,False
0x16727e300,T_NP0_TRN_CN_YZ_A4_TRP,Texture,"[""unused-device-resources-0x10a80c000""]",81,2,204,1024,1024,1,11,1,1,EC1F193CB250674,0,Shared,1409024,recorded_allocated_size,2,2,3941361291,Earlier,1.34375,0,False,False,False
0x16727e580,T_AP1_TRN_CN_YZ_A4_TRP,Texture,"[""unused-device-resources-0x10a80c000""]",81,2,204,1024,1024,1,11,1,1,F1486E8C52442B0E,0,Shared,1409024,recorded_allocated_size,2,2,3944102625,Earlier,1.34375,0,False,False,False
0x16727e800,T_NP1_TRN_CN_YZ_A4_TRP,Texture,"[""unused-device-resources-0x10a80c000""]",81,2,204,1024,1024,1,11,1,1,EEED55C3353378DA,0,Shared,1409024,recorded_allocated_size,2,2,3941361291,Earlier,1.34375,0,False,False,False
0x16727ea80,T_AP2_TRN_CN_YZ_A4_TRP,Texture,"[""unused-device-resources-0x10a80c000""]",81,2,204,1024,1024,1,11,1,1,1A915A6EBC09548F,0,Shared,1409024,recorded_allocated_size,2,2,3941361291,Earlier,1.34375,0,False,False,False
0x16e895400,N_1_AT_C,Texture,"[""device-resources-0x10a80c000""]",81,2,115,216,504,1,1,1,1,531A3E3466259E2A,0,Shared,1064960,recorded_allocated_size,2,2,0,Now,1.015625,0,False,False,True
0x16ee4af80,Game_RT_4,Texture,"[""device-resources-0x10a80c000""]",81,2,115,486,225,1,1,1,1,FA3C401D7D88F6C,0,Shared,1064960,recorded_allocated_size,2,0,0,Now,1.015625,2,True,True,True
0x16ee4bc00,Game_RT_SUM_MERGE,Texture,"[""device-resources-0x10a80c000""]",81,2,115,486,225,1,1,1,1,211F69BEC4BA4097,0,Shared,1064960,recorded_allocated_size,2,0,0,Now,1.015625,1,True,True,True
0x165a23700,MapWeatherRT,Texture,"[""unused-device-resources-0x10a80c000""]",81,2,70,500,500,1,1,1,1,B5A3FECB46AB1912,0,Shared,1064960,recorded_allocated_size,2,0,18446744073709551615,Never,1.015625,0,False,False,False
0x165a23980,,Texture,"[""unused-device-resources-0x10a80c000""]",81,2,70,500,500,1,1,1,1,B9536F51DEC2843B,0,Shared,1064960,recorded_allocated_size,2,2,8251605291,Earlier,1.015625,0,False,False,False
0x167235400,N_0_AT_C,Texture,"[""unused-device-resources-0x10a80c000""]",81,2,115,193,472,1,1,1,1,7FE8AC5BC4B5AEAC,0,Shared,999424,recorded_allocated_size,2,2,7939713291,Earlier,0.953125,0,False,False,False
0x16ee1af80,T_CityTree_D_C,Texture,"[""device-resources-0x10a80c000""]",81,2,190,1024,1024,1,11,1,1,56DBB6EA6F6D0A1A,0,Shared,851968,recorded_allocated_size,2,2,0,Now,0.8125,20,False,True,True
0x16ee1b200,T_CityTree_NRA,Texture,"[""device-resources-0x10a80c000""]",81,2,208,1024,1024,1,11,1,1,CF300F4986369DB2,0,Shared,851968,recorded_allocated_size,2,2,0,Now,0.8125,20,False,True,True
0x16ee1bc00,T_CityRock_DA_C,Texture,"[""device-resources-0x10a80c000""]",81,2,190,1024,1024,1,11,1,1,8E12304F2B6AF1D9,0,Shared,851968,recorded_allocated_size,2,2,0,Now,0.8125,3,False,True,True
0x16ee48000,T_CityRock_NRT_C,Texture,"[""device-resources-0x10a80c000""]",81,2,208,1024,1024,1,11,1,1,4E8E7AECB2EFE096,0,Shared,851968,recorded_allocated_size,2,2,0,Now,0.8125,3,False,True,True
0x16ee48c80,T_WRE_BG_ROCK02_L01_CITY_NRT,Texture,"[""device-resources-0x10a80c000""]",81,2,208,1024,1024,1,11,1,1,D410E053C09F1CAE,0,Shared,851968,recorded_allocated_size,2,2,0,Now,0.8125,1,False,True,True
0x16ee48f00,T_WRE_BG_ROCK02_L01_CITY_DA,Texture,"[""device-resources-0x10a80c000""]",81,2,190,1024,1024,1,11,1,1,BF16F69E3B5951F1,0,Shared,851968,recorded_allocated_size,2,2,0,Now,0.8125,1,False,True,True
0x17c172a80,T_CityMountHuangA_01_NRT,Texture,"[""device-resources-0x10a80c000""]",81,2,208,1024,1024,1,11,1,1,4A7DC789251979A9,0,Shared,851968,recorded_allocated_size,2,2,0,Now,0.8125,1,False,True,True
0x13dc1e080,T_CityMountHuangA_01_D,Texture,"[""device-resources-0x10a80c000""]",81,2,190,1024,1024,1,11,1,1,960A480B77BDB707,0,Shared,851968,recorded_allocated_size,2,2,0,Now,0.8125,1,False,True,True
0x168875b80,T_CityMountHuangA_02_D,Texture,"[""device-resources-0x10a80c000""]",81,2,190,1024,1024,1,11,1,1,3F750E5E57831640,0,Shared,851968,recorded_allocated_size,2,2,0,Now,0.8125,1,False,True,True
0x168875e00,T_CityMountHuangA_02_NRT,Texture,"[""device-resources-0x10a80c000""]",81,2,208,1024,1024,1,11,1,1,F5EE9B5A91D8F6E4,0,Shared,851968,recorded_allocated_size,2,2,0,Now,0.8125,1,False,True,True
0x168874c80,T_CityMountHuangB_NRT,Texture,"[""device-resources-0x10a80c000""]",81,2,208,1024,1024,1,11,1,1,FF916CE43D2CF62F,0,Shared,851968,recorded_allocated_size,2,2,0,Now,0.8125,2,False,True,True
0x16ee38780,T_CityMountHuangB_D,Texture,"[""device-resources-0x10a80c000""]",81,2,190,1024,1024,1,11,1,1,855E91DDFC48EB0B,0,Shared,851968,recorded_allocated_size,2,2,0,Now,0.8125,2,False,True,True
0x1736f2f80,T_CN_BARRACKFLAG_A3_NRT,Texture,"[""device-resources-0x10a80c000""]",81,2,208,1024,1024,1,11,1,1,9D50968877448F61,0,Shared,851968,recorded_allocated_size,2,2,0,Now,0.8125,2,False,True,True
0x16e887c00,T_CityGrass_NRA,Texture,"[""device-resources-0x10a80c000""]",81,2,208,1024,1024,1,11,1,1,6EC0B5037A2D9225,0,Shared,851968,recorded_allocated_size,2,2,0,Now,0.8125,18,False,True,True
0x16a371400,T_WRE_BG_WOOD_CITY_DA,Texture,"[""device-resources-0x10a80c000""]",81,2,190,1024,1024,1,11,1,1,E198EB083E3F7E0,0,Shared,851968,recorded_allocated_size,2,2,0,Now,0.8125,3,False,True,True
0x167234780,T_WRE_BG_WOOD_CITY_NRT,Texture,"[""device-resources-0x10a80c000""]",81,2,208,1024,1024,1,11,1,1,1D22F21B9A10FF48,0,Shared,851968,recorded_allocated_size,2,2,0,Now,0.8125,3,False,True,True
0x167241400,N_0_AT_C,Texture,"[""unused-device-resources-0x10a80c000""]",81,2,115,158,516,1,1,1,1,F69B5CFDE3D79B60,0,Shared,851968,recorded_allocated_size,2,2,7940481291,Earlier,0.8125,0,False,False,False
0x167241900,N_0_AT_C,Texture,"[""unused-device-resources-0x10a80c000""]",81,2,115,141,541,1,1,1,1,C7A468A84A2AC640,0,Shared,851968,recorded_allocated_size,2,2,7940289291,Earlier,0.8125,0,False,False,False
0x167235680,N_1_AT_C,Texture,"[""unused-device-resources-0x10a80c000""]",81,2,115,193,356,1,1,1,1,60A58B4310456945,0,Shared,802816,recorded_allocated_size,2,2,7940579958,Earlier,0.765625,0,False,False,False
0x168875900,clipRTWorldY,Texture,"[""unused-device-resources-0x10a80c000""]",81,2,20,464,464,1,9,1,1,DEB6CA5F9A63FE89,0,Shared,720896,recorded_allocated_size,2,0,3943945291,Earlier,0.6875,0,False,False,False
0x16ee19180,T_FX_UI_LineLight_001,Texture,"[""unused-device-resources-0x10a80c000""]",81,2,166,1024,1024,1,8,1,1,14BAD195D1611EF9,0,Shared,704512,recorded_allocated_size,2,2,18446744073709551615,Never,0.671875,0,False,False,False
0x16727d680,T_WP1_TRN_CN_YZ_A4_SPM,Texture,"[""unused-device-resources-0x10a80c000""]",81,2,204,1024,512,1,11,1,1,C5C41635409E8C74,0,Shared,704512,recorded_allocated_size,2,2,3941361291,Earlier,0.671875,0,False,False,False
0x16727e080,T_WP0_TRN_CN_YZ_A4_SPM,Texture,"[""unused-device-resources-0x10a80c000""]",81,2,204,1024,512,1,11,1,1,A196E5E5CE024E0E,0,Shared,704512,recorded_allocated_size,2,2,3941361291,Earlier,0.671875,0,False,False,False
0x16e895680,N_2_AT_C,Texture,"[""device-resources-0x10a80c000""]",81,2,115,216,308,1,1,1,1,DC2EF99870118334,0,Shared,671744,recorded_allocated_size,2,2,0,Now,0.640625,4,False,True,True
0x1672a6100,TRN_CN_YZ,Buffer,"[""device-resources-0x10a80c000""]",,,,,,,,,,,,,655360,requested_buffer_length,2,3,0,Now,0.625,0,False,True,True
0x167236800,N_3_AT_C,Texture,"[""unused-device-resources-0x10a80c000""]",81,2,115,170,374,1,1,1,1,62E2A17625EACC0,0,Shared,606208,recorded_allocated_size,2,2,7940649291,Earlier,0.578125,0,False,False,False
0x167236a80,N_0_AT_C,Texture,"[""unused-device-resources-0x10a80c000""]",81,2,115,170,374,1,1,1,1,89BBC07318D6F8C5,0,Shared,606208,recorded_allocated_size,2,2,7940645291,Earlier,0.578125,0,False,False,False
0x167236d00,N_1_AT_C,Texture,"[""unused-device-resources-0x10a80c000""]",81,2,115,170,374,1,1,1,1,860D7ED49CF6B925,0,Shared,606208,recorded_allocated_size,2,2,7940641291,Earlier,0.578125,0,False,False,False
0x167236f80,N_2_AT_C,Texture,"[""unused-device-resources-0x10a80c000""]",81,2,115,170,374,1,1,1,1,A1D242343AF1082E,0,Shared,606208,recorded_allocated_size,2,2,7940638625,Earlier,0.578125,0,False,False,False
0x167237c00,N_0_AT_C,Texture,"[""unused-device-resources-0x10a80c000""]",81,2,115,170,374,1,1,1,1,AAA70758E6717261,0,Shared,606208,recorded_allocated_size,2,2,7940622625,Earlier,0.578125,0,False,False,False
0x167240000,N_2_AT_C,Texture,"[""unused-device-resources-0x10a80c000""]",81,2,115,170,374,1,1,1,1,DF0AA29409D4B548,0,Shared,606208,recorded_allocated_size,2,2,7940619958,Earlier,0.578125,0,False,False,False
0x167240280,N_3_AT_C,Texture,"[""unused-device-resources-0x10a80c000""]",81,2,115,170,374,1,1,1,1,3A740A54C3A92F06,0,Shared,606208,recorded_allocated_size,2,2,7940615958,Earlier,0.578125,0,False,False,False
0x167240500,N_1_AT_C,Texture,"[""unused-device-resources-0x10a80c000""]",81,2,115,170,374,1,1,1,1,DBC1A1C1C5481C7B,0,Shared,606208,recorded_allocated_size,2,2,7940607958,Earlier,0.578125,0,False,False,False
0x167250000,T_NC_PROPS10BUV1_A0_VA,Texture,"[""device-resources-0x10a80c000""]",81,2,115,436,151,1,1,1,1,B66B2FE2D54B37FE,0,Shared,589824,recorded_allocated_size,2,2,0,Now,0.5625,0,False,False,True
0x16ee38280,T_FX_UI_ASheet_Dust_001,Texture,"[""device-resources-0x10a80c000""]",81,2,190,1024,1024,1,1,1,1,ABC4696B408662DC,0,Shared,589824,recorded_allocated_size,2,2,0,Now,0.5625,1,False,True,True
0x164868500,T_WRE_NC_FRAMLANDA01_V2_L05_DA,Texture,"[""unused-device-resources-0x10a80c000""]",81,2,190,1024,1024,1,1,1,1,223C2C64E2008603,0,Shared,589824,recorded_allocated_size,2,2,18446744073709551615,Never,0.5625,0,False,False,False
0x164868780,T_WRE_NC_FRAMLANDA01_V2_L05_NRT,Texture,"[""unused-device-resources-0x10a80c000""]",81,2,208,1024,1024,1,1,1,1,5DBAB8188EA590C0,0,Shared,589824,recorded_allocated_size,2,2,18446744073709551615,Never,0.5625,0,False,False,False
0x164869180,T_WRE_NC_FRAMLANDA01_V2_L08_DA,Texture,"[""unused-device-resources-0x10a80c000""]",81,2,190,1024,1024,1,1,1,1,B1F2FEDC9BBD55B7,0,Shared,589824,recorded_allocated_size,2,2,18446744073709551615,Never,0.5625,0,False,False,False
0x164869400,T_WRE_NC_FRAMLANDA01_V2_L08_NRT,Texture,"[""unused-device-resources-0x10a80c000""]",81,2,208,1024,1024,1,1,1,1,F82E4BCAC01199A,0,Shared,589824,recorded_allocated_size,2,2,18446744073709551615,Never,0.5625,0,False,False,False
0x165a20a00,T_WRE_NC_FRAMLANDA01_V2_L02_DA,Texture,"[""unused-device-resources-0x10a80c000""]",81,2,190,1024,1024,1,1,1,1,66C6CEF271AAF0E3,0,Shared,589824,recorded_allocated_size,2,2,18446744073709551615,Never,0.5625,0,False,False,False
0x165a20c80,T_WRE_NC_FRAMLANDA01_V2_L02_NRT,Texture,"[""unused-device-resources-0x10a80c000""]",81,2,208,1024,1024,1,1,1,1,B4AD67AE1DCC5585,0,Shared,589824,recorded_allocated_size,2,2,18446744073709551615,Never,0.5625,0,False,False,False
0x165a21400,T_WRE_NC_FRAMLANDA01_V2_L03_DA,Texture,"[""unused-device-resources-0x10a80c000""]",81,2,190,1024,1024,1,1,1,1,EAE51DC19B59D8C,0,Shared,589824,recorded_allocated_size,2,2,18446744073709551615,Never,0.5625,0,False,False,False
0x165a21680,T_WRE_NC_FRAMLANDA01_V2_L03_NRT,Texture,"[""unused-device-resources-0x10a80c000""]",81,2,208,1024,1024,1,1,1,1,57D41B2FFAFBD92E,0,Shared,589824,recorded_allocated_size,2,2,18446744073709551615,Never,0.5625,0,False,False,False
0x167241e00,N_1_AT_C,Texture,"[""unused-device-resources-0x10a80c000""]",81,2,115,141,326,1,1,1,1,5E9CDDF2CE1E4A7B,0,Shared,557056,recorded_allocated_size,2,2,7940161291,Earlier,0.53125,0,False,False,False
0x167235900,N_2_AT_C,Texture,"[""unused-device-resources-0x10a80c000""]",81,2,115,193,235,1,1,1,1,BFD316079CDC8E37,0,Shared,540672,recorded_allocated_size,2,2,7941098625,Earlier,0.515625,0,False,False,False
0x167240c80,N_1_AT_C,Texture,"[""unused-device-resources-0x10a80c000""]",81,2,115,158,300,1,1,1,1,BC6182819C1D17E7,0,Shared,507904,recorded_allocated_size,2,2,7939993291,Earlier,0.484375,0,False,False,False
0x16fafc780,SM_CN_CASTLE_A4_LOD02,Buffer,"[""unused-device-resources-0x10a80c000""]",,,,,,,,,,,,,475136,requested_buffer_length,2,3,6383549291,Earlier,0.453125,0,False,False,False
0x167237200,N_2_AT_C,Texture,"[""unused-device-resources-0x10a80c000""]",81,2,115,162,272,1,1,1,1,9B0083BD39D222E2,0,Shared,458752,recorded_allocated_size,2,2,7940634625,Earlier,0.4375,0,False,False,False
0x167237480,N_3_AT_C,Texture,"[""unused-device-resources-0x10a80c000""]",81,2,115,162,272,1,1,1,1,3E5AC8D19226259,0,Shared,458752,recorded_allocated_size,2,2,7940631958,Earlier,0.4375,0,False,False,False
0x167237700,N_0_AT_C,Texture,"[""unused-device-resources-0x10a80c000""]",81,2,115,162,272,1,1,1,1,B5B34B1A84F34B24,0,Shared,458752,recorded_allocated_size,2,2,7940627958,Earlier,0.4375,0,False,False,False
0x167237980,N_1_AT_C,Texture,"[""unused-device-resources-0x10a80c000""]",81,2,115,162,272,1,1,1,1,2038B2FFBB5EB54B,0,Shared,458752,recorded_allocated_size,2,2,7940625291,Earlier,0.4375,0,False,False,False
0x119250780,AreaTex,Texture,"[""unused-device-resources-0x10a80c000""]",81,2,70,160,560,1,1,1,1,3B091BD4D0DDF88E,0,Shared,458752,recorded_allocated_size,2,2,75763973291,Earlier,0.4375,0,False,False,False
0x16e895900,N_3_AT_C,Texture,"[""device-resources-0x10a80c000""]",81,2,115,216,181,1,1,1,1,71E1BEA2956BF6E7,0,Shared,409600,recorded_allocated_size,2,2,0,Now,0.390625,4,False,True,True
0x169485e00,T_CN_HALLOFWARFLAGUV1_A3_VA,Texture,"[""device-resources-0x10a80c000""]",81,2,115,377,101,1,1,1,1,B8838F8D6CDE0AB5,0,Shared,409600,recorded_allocated_size,2,2,0,Now,0.390625,0,False,False,True
0x169485680,T_CN_STABLEFLAGUV1_A3_VA,Texture,"[""device-resources-0x10a80c000""]",81,2,115,377,101,1,1,1,1,78507C837C5BD7A8,0,Shared,409600,recorded_allocated_size,2,2,0,Now,0.390625,0,False,False,True
0x1647b6400,SM_CN_HALLOFWAR_A4_LOD02,Buffer,"[""unused-device-resources-0x10a80c000""]",,,,,,,,,,,,,409600,requested_buffer_length,2,3,6458342625,Earlier,0.390625,0,False,False,False
0x16e896300,T_SkyBoxCity_HDRI,Texture,"[""device-resources-0x10a80c000""]",81,5,194,512,512,1,1,1,1,EFB5D81067960680,0,Shared,393216,recorded_allocated_size,2,2,0,Now,0.375,0,False,False,True
0x16f9e1f80,SM_CN_CENTER_A4_LOD03,Buffer,"[""device-resources-0x10a80c000""]",,,,,,,,,,,,,376832,requested_buffer_length,2,3,0,Now,0.359375,0,False,True,True
0x16e885180,T_Foam_C,Texture,"[""device-resources-0x10a80c000""]",81,2,204,512,512,1,10,1,1,C8711FBE048E4211,0,Shared,360448,recorded_allocated_size,2,2,0,Now,0.34375,12,False,True,True
0x168877c00,GPU Compressor Intermediate Texture,Texture,"[""unused-device-resources-0x10a80c000""]",81,2,123,116,116,1,7,1,1,6B45C73700F515BA,0,Shared,360448,recorded_allocated_size,2,0,3944021291,Earlier,0.34375,0,False,False,False
0x16ee18000,GPU Compressor Intermediate Texture B,Texture,"[""unused-device-resources-0x10a80c000""]",81,2,123,116,116,1,7,1,1,E83CB8309CB4CB72,0,Shared,360448,recorded_allocated_size,2,0,3943965291,Earlier,0.34375,0,False,False,False
0x167241680,N_2_AT_C,Texture,"[""unused-device-resources-0x10a80c000""]",81,2,115,141,211,1,1,1,1,81E86FECCAF0EB5,0,Shared,360448,recorded_allocated_size,2,2,7940310625,Earlier,0.34375,0,False,False,False
0x169484000,T_CN_FLAG15UV1_A2_VA,Texture,"[""device-resources-0x10a80c000""]",81,2,115,291,101,1,1,1,1,FFD62316A6C77E0F,0,Shared,344064,recorded_allocated_size,2,2,0,Now,0.328125,0,False,False,True
0x16fafc180,SM_CN_SCHOOL_A4_LOD02,Buffer,"[""unused-device-resources-0x10a80c000""]",,,,,,,,,,,,,344064,requested_buffer_length,2,3,6383562625,Earlier,0.328125,0,False,False,False
0x167235b80,N_3_AT_C,Texture,"[""unused-device-resources-0x10a80c000""]",81,2,115,193,155,1,1,1,1,10899B1AFD4BE8F8,0,Shared,344064,recorded_allocated_size,2,2,7940670625,Earlier,0.328125,0,False,False,False
0x16727fc00,T_CN_FLAG05UV1_A2_VA,Texture,"[""device-resources-0x10a80c000""]",81,2,115,132,161,1,1,1,1,F8939A6D295305F6,0,Shared,311296,recorded_allocated_size,2,2,0,Now,0.296875,0,False,False,True
0x167240f00,N_2_AT_C,Texture,"[""unused-device-resources-0x10a80c000""]",81,2,115,158,190,1,1,1,1,F6ACFB501658BBCF,0,Shared,311296,recorded_allocated_size,2,2,7939894625,Earlier,0.296875,0,False,False,False
0x169566100,SM_CN_HEROSHRINE01_A4_LOD03,Buffer,"[""device-resources-0x10a80c000""]",,,,,,,,,,,,,294912,requested_buffer_length,2,3,0,Now,0.28125,0,False,True,True
0x17b187900,SM_CN_CASTLE_A4_LOD03,Buffer,"[""device-resources-0x10a80c000""]",,,,,,,,,,,,,278528,requested_buffer_length,2,3,0,Now,0.265625,0,False,True,True
0x16948f480,T_CN_FLAG12UV1_A2_VA,Texture,"[""unused-device-resources-0x10a80c000""]",81,2,115,208,101,1,1,1,1,7C2A062E137B72AC,0,Shared,278528,recorded_allocated_size,2,2,7752118625,Earlier,0.265625,0,False,False,False
0x167242080,T_NeutralLdrLut_ByzantineCastle_LUT,Texture,"[""unused-device-resources-0x10a80c000""]",81,2,115,1024,32,1,1,1,1,EE37625BC4CBA158,0,Shared,278528,recorded_allocated_size,2,2,7106091958,Earlier,0.265625,0,False,False,False
0x167243200,T_NeutralLdrLut_CN_YZ_LUT,Texture,"[""unused-device-resources-0x10a80c000""]",81,2,115,1024,32,1,1,1,1,E02CE246460E42D6,0,Shared,278528,recorded_allocated_size,2,2,7106091958,Earlier,0.265625,0,False,False,False
0x16ee3d200,SM_CN_HALLOFWAR_A4_LOD03,Buffer,"[""device-resources-0x10a80c000""]",,,,,,,,,,,,,262144,requested_buffer_length,2,3,0,Now,0.25,0,False,True,True
0x165e19900,T_FX_Mask_Noise21,Texture,"[""device-resources-0x10a80c000""]",81,2,190,512,512,1,10,1,1,FFCCAD7B1BCB49AA,0,Shared,262144,recorded_allocated_size,2,2,0,Now,0.25,4,False,True,True
0x167242580,T_FX_FB_Generic_Leaf_06_xcy,Texture,"[""device-resources-0x10a80c000""]",81,2,208,512,512,1,10,1,1,96EF1CE2B108E31A,0,Shared,262144,recorded_allocated_size,2,2,0,Now,0.25,0,False,False,True
0x16e884780,T_FX_Noise_56,Texture,"[""device-resources-0x10a80c000""]",81,2,208,512,512,1,10,1,1,5079A24EEFA9B75C,0,Shared,262144,recorded_allocated_size,2,2,0,Now,0.25,5,False,True,True
0x16e884c80,T_FX_Liquid_WaterFall03,Texture,"[""device-resources-0x10a80c000""]",81,2,208,512,512,1,10,1,1,8A815AA3138CFE30,0,Shared,262144,recorded_allocated_size,2,2,0,Now,0.25,8,False,True,True
0x16e885900,T_SpecularHighlights_M,Texture,"[""device-resources-0x10a80c000""]",81,2,208,512,512,1,10,1,1,775C967216442BFC,0,Shared,262144,recorded_allocated_size,2,2,0,Now,0.25,14,False,True,True
0x16e897200,T_Decal_Dirt_Puddle_03_NRT,Texture,"[""device-resources-0x10a80c000""]",81,2,208,512,512,1,10,1,1,3A2019E11CFB7F03,0,Shared,262144,recorded_allocated_size,2,2,0,Now,0.25,2,False,True,True
0x16e897480,T_Decal_Dirt_Puddle_03b_D,Texture,"[""device-resources-0x10a80c000""]",81,2,190,512,512,1,10,1,1,690255ED74BC5183,0,Shared,262144,recorded_allocated_size,2,2,0,Now,0.25,2,False,True,True
0x16a370a00,T_CN_MILL_A4_NRT,Texture,"[""device-resources-0x10a80c000""]",81,2,208,512,512,1,10,1,1,2683A43CF5E45F00,0,Shared,262144,recorded_allocated_size,2,2,0,Now,0.25,3,False,True,True
0x16fb01e00,T_FX_Mask_07,Texture,"[""device-resources-0x10a80c000""]",81,2,208,512,512,1,10,1,1,3EDFE5C94875D03,0,Shared,262144,recorded_allocated_size,2,2,0,Now,0.25,1,False,True,True
0x168874f00,T_FX_Smoke_Cloud07,Texture,"[""device-resources-0x10a80c000""]",81,2,208,512,512,1,10,1,1,69907573C2AD4B88,0,Shared,262144,recorded_allocated_size,2,2,0,Now,0.25,0,False,False,True
0x16e896580,T_Decal_Dirt_Puddle_04_D,Texture,"[""device-resources-0x10a80c000""]",81,2,190,512,512,1,10,1,1,1B4C40A42F4F782,0,Shared,262144,recorded_allocated_size,2,2,0,Now,0.25,2,False,True,True
0x17c170000,T_Decal_Dirt_Puddle_04_NRT,Texture,"[""device-resources-0x10a80c000""]",81,2,208,512,512,1,10,1,1,159A64BCE8E7195C,0,Shared,262144,recorded_allocated_size,2,2,0,Now,0.25,2,False,True,True
0x17c171900,T_FX_Flash_52_wt,Texture,"[""device-resources-0x10a80c000""]",81,2,190,512,512,1,10,1,1,DC28978BEEE3C417,0,Shared,262144,recorded_allocated_size,2,2,0,Now,0.25,0,False,False,True
0x16ee38f00,T_Decal_Dirt_Puddle_17_D,Texture,"[""device-resources-0x10a80c000""]",81,2,190,512,512,1,10,1,1,586472DDF36F4686,0,Shared,262144,recorded_allocated_size,2,2,0,Now,0.25,6,False,True,True
0x16ee39180,T_Decal_Dirt_Puddle_17_NRT,Texture,"[""device-resources-0x10a80c000""]",81,2,208,512,512,1,10,1,1,CCAA8FBFA10C6B8D,0,Shared,262144,recorded_allocated_size,2,2,0,Now,0.25,6,False,True,True
0x16ee38000,T_FX_gold_01_grey,Texture,"[""device-resources-0x10a80c000""]",81,2,190,512,512,1,10,1,1,FD0C6D8CA4F30895,0,Shared,262144,recorded_allocated_size,2,2,0,Now,0.25,1,False,True,True
0x16ee19e00,T_MOUNTAINTREE_01_DA,Texture,"[""device-resources-0x10a80c000""]",81,2,190,512,512,1,10,1,1,80A7F6C39A7DDDB7,0,Shared,262144,recorded_allocated_size,2,2,0,Now,0.25,2,False,True,True
0x16ee1a080,T_MOUNTAINTREE_01_NRT,Texture,"[""device-resources-0x10a80c000""]",81,2,208,512,512,1,10,1,1,28682DDAE0408BA5,0,Shared,262144,recorded_allocated_size,2,2,0,Now,0.25,2,False,True,True
0x16ee1a300,T_FX_Noise_54,Texture,"[""device-resources-0x10a80c000""]",81,2,208,512,512,1,10,1,1,E97CE96E43E483D2,0,Shared,262144,recorded_allocated_size,2,2,0,Now,0.25,0,False,False,True
0x16ee48500,T_WRE_BG_ROCK01_L01_CITY_DA,Texture,"[""device-resources-0x10a80c000""]",81,2,190,512,512,1,10,1,1,CF0B10AE8AE647A2,0,Shared,262144,recorded_allocated_size,2,2,0,Now,0.25,1,False,True,True
0x16ee48780,T_WRE_BG_ROCK01_L01_CITY_NRT,Texture,"[""device-resources-0x10a80c000""]",81,2,208,512,512,1,10,1,1,A00DC6AEF2708F4,0,Shared,262144,recorded_allocated_size,2,2,0,Now,0.25,1,False,True,True
0x16ee49400,T_WRE_NC_ROCKA_CITY_DA,Texture,"[""device-resources-0x10a80c000""]",81,2,190,512,512,1,10,1,1,D6F05212D9A59A19,0,Shared,262144,recorded_allocated_size,2,2,0,Now,0.25,1,False,True,True
0x17c173980,T_WRE_NC_ROCKA_CITY_NRT,Texture,"[""device-resources-0x10a80c000""]",81,2,208,512,512,1,10,1,1,A7D24584B43F68DF,0,Shared,262144,recorded_allocated_size,2,2,0,Now,0.25,1,False,True,True
0x17c173700,T_WORLDLEAFTREE_02_DA,Texture,"[""device-resources-0x10a80c000""]",81,2,190,512,512,1,10,1,1,CCC69BBF97D01A14,0,Shared,262144,recorded_allocated_size,2,2,0,Now,0.25,4,False,True,True
0x17c173480,T_WORLDLEAFTREE_02_NRA,Texture,"[""device-resources-0x10a80c000""]",81,2,208,512,512,1,10,1,1,DADBC5901E081210,0,Shared,262144,recorded_allocated_size,2,2,0,Now,0.25,4,False,True,True
0x17c172f80,T_Outside_Ground_NRT_C,Texture,"[""device-resources-0x10a80c000""]",81,2,208,512,512,1,10,1,1,96DBFAC59B1D7B7F,0,Shared,262144,recorded_allocated_size,2,2,0,Now,0.25,2,False,True,True
0x17c172d00,T_Outside_Ground_D_C,Texture,"[""device-resources-0x10a80c000""]",81,2,190,512,512,1,10,1,1,3F0B485F3134FBD6,0,Shared,262144,recorded_allocated_size,2,2,0,Now,0.25,2,False,True,True
0x16ee38a00,T_MountHuangB_NRT,Texture,"[""device-resources-0x10a80c000""]",81,2,208,512,512,1,10,1,1,5C5B424D411BF1AD,0,Shared,262144,recorded_allocated_size,2,2,0,Now,0.25,1,False,True,True
0x165e1b700,T_MountHuangB_DA,Texture,"[""device-resources-0x10a80c000""]",81,2,190,512,512,1,10,1,1,B391E6BCF0EE87B8,0,Shared,262144,recorded_allocated_size,2,2,0,Now,0.25,1,False,True,True
0x16e896f80,T_WRE_NC_ROCK01_NRT,Texture,"[""device-resources-0x10a80c000""]",81,2,208,512,512,1,10,1,1,F058D756B7607327,0,Shared,262144,recorded_allocated_size,2,2,0,Now,0.25,1,False,True,True
0x16e897980,T_WRE_NC_ROCKA_DA,Texture,"[""device-resources-0x10a80c000""]",81,2,190,512,512,1,10,1,1,E5C77FC7E4C3C27C,0,Shared,262144,recorded_allocated_size,2,2,0,Now,0.25,1,False,True,True
0x16fb03980,T_WRE_NC_ROCKA_NRT,Texture,"[""device-resources-0x10a80c000""]",81,2,208,512,512,1,10,1,1,82CAA2844CFC01E7,0,Shared,262144,recorded_allocated_size,2,2,0,Now,0.25,1,False,True,True
0x16fb01400,T_NC_MTPROPS_A0_NRT,Texture,"[""device-resources-0x10a80c000""]",81,2,208,512,512,1,10,1,1,15D5D33E5B3296BA,0,Shared,262144,recorded_allocated_size,2,2,0,Now,0.25,2,False,True,True
0x1736e0000,T_NC_PROPSC_A3_NRT,Texture,"[""device-resources-0x10a80c000""]",81,2,208,512,512,1,10,1,1,C966A230F79C523,0,Shared,262144,recorded_allocated_size,2,2,0,Now,0.25,7,False,True,True
0x1736e0280,T_FR_PROPS_A2_NRT,Texture,"[""device-resources-0x10a80c000""]",81,2,208,512,512,1,10,1,1,FFE1959822A7B8E6,0,Shared,262144,recorded_allocated_size,2,2,0,Now,0.25,21,False,True,True
0x1736e0780,T_CN_IRONMINE_A4_NRT,Texture,"[""device-resources-0x10a80c000""]",81,2,208,512,512,1,10,1,1,EA157A8BA4971012,0,Shared,262144,recorded_allocated_size,2,2,0,Now,0.25,1,False,True,True
0x1736e0a00,T_CN_DOCK_A4_NRT,Texture,"[""device-resources-0x10a80c000""]",81,2,208,512,512,1,10,1,1,8534E140D14EE794,0,Shared,262144,recorded_allocated_size,2,2,0,Now,0.25,1,False,True,True
0x1736e0f00,T_CN_FLAG_A0_DA,Texture,"[""device-resources-0x10a80c000""]",81,2,190,512,512,1,10,1,1,29B056821A446E3F,0,Shared,262144,recorded_allocated_size,2,2,0,Now,0.25,14,False,True,True
0x1736e1180,T_CN_FLAG_A0_NRT,Texture,"[""device-resources-0x10a80c000""]",81,2,208,512,512,1,10,1,1,5F12479D8AF04A14,0,Shared,262144,recorded_allocated_size,2,2,0,Now,0.25,14,False,True,True
0x1736e1400,T_CN_CENTER_A3_DA,Texture,"[""device-resources-0x10a80c000""]",81,2,190,512,512,1,10,1,1,3F4CE8019D3B4A75,0,Shared,262144,recorded_allocated_size,2,2,0,Now,0.25,2,False,True,True
0x1736e1900,T_CN_MTPROPS_A4_NRT,Texture,"[""device-resources-0x10a80c000""]",81,2,208,512,512,1,10,1,1,72F0E77310CBBD0B,0,Shared,262144,recorded_allocated_size,2,2,0,Now,0.25,6,False,True,True
0x1736e1b80,T_CN_MTPROPS_A3_NRT,Texture,"[""device-resources-0x10a80c000""]",81,2,208,512,512,1,10,1,1,4663506BA414F292,0,Shared,262144,recorded_allocated_size,2,2,0,Now,0.25,6,False,True,True
0x1736e2580,T_FR_WHARF_A4_DA,Texture,"[""device-resources-0x10a80c000""]",81,2,190,512,512,1,10,1,1,ACB4C20AC21FBA2,0,Shared,262144,recorded_allocated_size,2,2,0,Now,0.25,10,False,True,True
0x1736e2800,T_FR_WHARF_A4_NRT,Texture,"[""device-resources-0x10a80c000""]",81,2,208,512,512,1,10,1,1,DACEEB16A581950B,0,Shared,262144,recorded_allocated_size,2,2,0,Now,0.25,10,False,True,True
0x1736e2a80,T_CN_BRIDGE_A2_NRT,Texture,"[""device-resources-0x10a80c000""]",81,2,208,512,512,1,10,1,1,404AF31EDD7D2897,0,Shared,262144,recorded_allocated_size,2,2,0,Now,0.25,2,False,True,True
0x1736e2d00,T_CN_BRIDGE_A2_DA,Texture,"[""device-resources-0x10a80c000""]",81,2,190,512,512,1,10,1,1,746EC7DE9616A70B,0,Shared,262144,recorded_allocated_size,2,2,0,Now,0.25,2,False,True,True
0x1736e2f80,T_CN_BRIDGE_A3_NRT,Texture,"[""device-resources-0x10a80c000""]",81,2,208,512,512,1,10,1,1,D2DB3770F3274335,0,Shared,262144,recorded_allocated_size,2,2,0,Now,0.25,2,False,True,True
0x1736e3200,T_CN_BRIDGE_A3_DA,Texture,"[""device-resources-0x10a80c000""]",81,2,190,512,512,1,10,1,1,AB93EC1DAE9DDC54,0,Shared,262144,recorded_allocated_size,2,2,0,Now,0.25,2,False,True,True
0x1736e3480,T_CN_CASTLE_A4_NRT,Texture,"[""device-resources-0x10a80c000""]",81,2,208,512,512,1,10,1,1,F68BA77C21B3DF48,0,Shared,262144,recorded_allocated_size,2,2,0,Now,0.25,4,False,True,True
0x1736e3700,T_CN_CASTLE_A4_DA,Texture,"[""device-resources-0x10a80c000""]",81,2,190,512,512,1,10,1,1,E9633F758B976D09,0,Shared,262144,recorded_allocated_size,2,2,0,Now,0.25,4,False,True,True
0x1736e3c00,T_CN_GARDEN_A4_NRT,Texture,"[""device-resources-0x10a80c000""]",81,2,208,512,512,1,10,1,1,8070F1E12A0D8B11,0,Shared,262144,recorded_allocated_size,2,2,0,Now,0.25,2,False,True,True
0x1736e8000,T_CN_HEROSHRINE01_A4_NRT,Texture,"[""device-resources-0x10a80c000""]",81,2,208,512,512,1,10,1,1,D31EB93F3B0406F0,0,Shared,262144,recorded_allocated_size,2,2,0,Now,0.25,2,False,True,True
0x1736e8780,T_CN_HEROSHRINE01_A2_NRT,Texture,"[""device-resources-0x10a80c000""]",81,2,208,512,512,1,10,1,1,2961ECCD84B25965,0,Shared,262144,recorded_allocated_size,2,2,0,Now,0.25,1,False,True,True
0x1736e8a00,T_CN_HEROSHRINE02_A4_NRT,Texture,"[""device-resources-0x10a80c000""]",81,2,208,512,512,1,10,1,1,E88CF9E4DEAC6CEE,0,Shared,262144,recorded_allocated_size,2,2,0,Now,0.25,4,False,True,True
0x1736e8f00,T_CN_VIPSHIP_A0_NRT,Texture,"[""device-resources-0x10a80c000""]",81,2,208,512,512,1,10,1,1,BF9A13CBC32C548,0,Shared,262144,recorded_allocated_size,2,2,0,Now,0.25,1,False,True,True
0x1736e9400,T_CN_WALL_A4_DA,Texture,"[""device-resources-0x10a80c000""]",81,2,190,512,512,1,10,1,1,F34B473AC799F0B2,0,Shared,262144,recorded_allocated_size,2,2,0,Now,0.25,11,False,True,True
0x1736e9680,T_CN_WALL_A3_DA,Texture,"[""device-resources-0x10a80c000""]",81,2,190,512,512,1,10,1,1,CC79630C4A3B2ADB,0,Shared,262144,recorded_allocated_size,2,2,0,Now,0.25,3,False,True,True
0x1736e9900,T_CN_WALL_A4_NRT,Texture,"[""device-resources-0x10a80c000""]",81,2,208,512,512,1,10,1,1,83AA54F8C486428B,0,Shared,262144,recorded_allocated_size,2,2,0,Now,0.25,11,False,True,True
0x1736e9b80,T_CN_WALL_A3_NRT,Texture,"[""device-resources-0x10a80c000""]",81,2,208,512,512,1,10,1,1,B1163E85F192F155,0,Shared,262144,recorded_allocated_size,2,2,0,Now,0.25,3,False,True,True
0x1736e9e00,T_TALLTREE_DA,Texture,"[""device-resources-0x10a80c000""]",81,2,190,512,512,1,10,1,1,BCF03BAB7EF1FF13,0,Shared,262144,recorded_allocated_size,2,2,0,Now,0.25,2,False,True,True
0x1736ea080,T_TALLTREE_NRT,Texture,"[""device-resources-0x10a80c000""]",81,2,208,512,512,1,10,1,1,7F898D070395A06A,0,Shared,262144,recorded_allocated_size,2,2,0,Now,0.25,2,False,True,True
0x1736ea300,T_NC_DOCK_A2_NRT,Texture,"[""device-resources-0x10a80c000""]",81,2,208,512,512,1,10,1,1,FD07D4B5988D1ECB,0,Shared,262144,recorded_allocated_size,2,2,0,Now,0.25,1,False,True,True
0x1736ea800,T_NC_WHARF_A2_NRT,Texture,"[""device-resources-0x10a80c000""]",81,2,208,512,512,1,10,1,1,F00B1C0A5933D920,0,Shared,262144,recorded_allocated_size,2,2,0,Now,0.25,1,False,True,True
0x1736eb200,T_CN_BRIDGE_A4_NRT,Texture,"[""device-resources-0x10a80c000""]",81,2,208,512,512,1,10,1,1,A33EC4BCD02E3C0F,0,Shared,262144,recorded_allocated_size,2,2,0,Now,0.25,15,False,True,True
0x1736eb480,T_CN_BRIDGE_A4_DA,Texture,"[""device-resources-0x10a80c000""]",81,2,190,512,512,1,10,1,1,E1B38A5FC4CEF328,0,Shared,262144,recorded_allocated_size,2,2,0,Now,0.25,15,False,True,True
0x1736eb980,T_FR_MTPROPS_A0_NRT,Texture,"[""device-resources-0x10a80c000""]",81,2,208,512,512,1,10,1,1,D6C0FB702E3B0E01,0,Shared,262144,recorded_allocated_size,2,2,0,Now,0.25,4,False,True,True
0x1736ebc00,T_NC_PROPSC_A3_NRT,Texture,"[""device-resources-0x10a80c000""]",81,2,208,512,512,1,10,1,1,811D36C943573FC2,0,Shared,262144,recorded_allocated_size,2,2,0,Now,0.25,5,False,True,True
0x1736f0c80,T_CN_HEROSHRINE19_A4_NRT,Texture,"[""device-resources-0x10a80c000""]",81,2,208,512,512,1,10,1,1,28CADBCC2B3BA2C7,0,Shared,262144,recorded_allocated_size,2,2,0,Now,0.25,1,False,True,True
0x1736f1180,T_FR_PROPS02_A2_NRT,Texture,"[""device-resources-0x10a80c000""]",81,2,208,512,512,1,10,1,1,B9F50747CF302223,0,Shared,262144,recorded_allocated_size,2,2,0,Now,0.25,1,False,True,True
0x1736f1400,T_CN_CASTLE01_A3_NRT,Texture,"[""device-resources-0x10a80c000""]",81,2,208,512,512,1,10,1,1,BB44B462EB51E8C1,0,Shared,262144,recorded_allocated_size,2,2,0,Now,0.25,1,False,True,True
0x1736f1680,T_CN_CASTLE01_A3_DA,Texture,"[""device-resources-0x10a80c000""]",81,2,190,512,512,1,10,1,1,22BDB18E429407D,0,Shared,262144,recorded_allocated_size,2,2,0,Now,0.25,1,False,True,True
0x1736f1b80,T_CN_HEROSHRINE_A3_NRT,Texture,"[""device-resources-0x10a80c000""]",81,2,208,512,512,1,10,1,1,B4DF15A04825A8B6,0,Shared,262144,recorded_allocated_size,2,2,0,Now,0.25,1,False,True,True
0x1736f2080,T_FR_BARRACK_A3_NRT,Texture,"[""device-resources-0x10a80c000""]",81,2,208,512,512,1,10,1,1,27CFEE566DCF4E0C,0,Shared,262144,recorded_allocated_size,2,2,0,Now,0.25,1,False,True,True
0x1736f2580,T_CN_HOUSE02_A4_NRT,Texture,"[""device-resources-0x10a80c000""]",81,2,208,512,512,1,10,1,1,C338B290F5B53A6,0,Shared,262144,recorded_allocated_size,2,2,0,Now,0.25,1,False,True,True
0x1736f2a80,T_CN_HOUSE01_A4_NRT,Texture,"[""device-resources-0x10a80c000""]",81,2,208,512,512,1,10,1,1,77F1ABE82A88B039,0,Shared,262144,recorded_allocated_size,2,2,0,Now,0.25,1,False,True,True
0x1736f2d00,T_CN_BARRACKFLAG_A3_DA,Texture,"[""device-resources-0x10a80c000""]",81,2,190,512,512,1,10,1,1,9E155852766149B,0,Shared,262144,recorded_allocated_size,2,2,0,Now,0.25,2,False,True,True
0x1736f3480,T_CN_HALLOFWAR_A4_NRT,Texture,"[""device-resources-0x10a80c000""]",81,2,208,512,512,1,10,1,1,E82F0A4CE94482DC,0,Shared,262144,recorded_allocated_size,2,2,0,Now,0.25,1,False,True,True
0x1736f3980,T_CN_BLACKSMITH01_A4_NRT,Texture,"[""device-resources-0x10a80c000""]",81,2,208,512,512,1,10,1,1,DFC2ED3D9D047A6,0,Shared,262144,recorded_allocated_size,2,2,0,Now,0.25,1,False,True,True
0x1736f3c00,T_CN_CENTER_A4_DA,Texture,"[""device-resources-0x10a80c000""]",81,2,190,512,512,1,10,1,1,34E6EDC2F499001,0,Shared,262144,recorded_allocated_size,2,2,0,Now,0.25,1,False,True,True
0x1736f8000,T_CN_CENTER_A4_NRT,Texture,"[""device-resources-0x10a80c000""]",81,2,208,512,512,1,10,1,1,BBF2D210020CBD08,0,Shared,262144,recorded_allocated_size,2,2,0,Now,0.25,1,False,True,True
0x1736f8500,T_CN_QIJI02_A3_NRT,Texture,"[""device-resources-0x10a80c000""]",81,2,208,512,512,1,10,1,1,1E4BACAC1EE95A98,0,Shared,262144,recorded_allocated_size,2,2,0,Now,0.25,1,False,True,True
0x1736f8a00,T_CN_QIJI_A3_NRT,Texture,"[""device-resources-0x10a80c000""]",81,2,208,512,512,1,10,1,1,CC167C441B28E0D1,0,Shared,262144,recorded_allocated_size,2,2,0,Now,0.25,1,False,True,True
0x1736f8f00,T_CN_MARKET_A4_NRT,Texture,"[""device-resources-0x10a80c000""]",81,2,208,512,512,1,10,1,1,732C5BAEB53EA86E,0,Shared,262144,recorded_allocated_size,2,2,0,Now,0.25,1,False,True,True
0x1736f9400,T_CN_DRILLG_A4_NRT,Texture,"[""device-resources-0x10a80c000""]",81,2,208,512,512,1,10,1,1,B41B6E31CB8C442F,0,Shared,262144,recorded_allocated_size,2,2,0,Now,0.25,1,False,True,True
0x1736f9900,T_CN_SCHOOL_A4_NRT,Texture,"[""device-resources-0x10a80c000""]",81,2,208,512,512,1,10,1,1,88BF365C0F3CA7A6,0,Shared,262144,recorded_allocated_size,2,2,0,Now,0.25,1,False,True,True
0x1736f9e00,T_CN_SCHPROPS_A4_NRT,Texture,"[""device-resources-0x10a80c000""]",81,2,208,512,512,1,10,1,1,13ACCB07B992F33,0,Shared,262144,recorded_allocated_size,2,2,0,Now,0.25,1,False,True,True
0x1736fa080,T_CN_CASTLE01_A4_DA,Texture,"[""device-resources-0x10a80c000""]",81,2,190,512,512,1,10,1,1,2700387DE5EA6A4B,0,Shared,262144,recorded_allocated_size,2,2,0,Now,0.25,1,False,True,True
0x1736fa300,T_CN_CASTLE01_A4_NRT,Texture,"[""device-resources-0x10a80c000""]",81,2,208,512,512,1,10,1,1,34E70520EBF33015,0,Shared,262144,recorded_allocated_size,2,2,0,Now,0.25,1,False,True,True
0x1736fa580,T_CN_CENTER_A3_NRT,Texture,"[""device-resources-0x10a80c000""]",81,2,208,512,512,1,10,1,1,B6E1C0B4CE9DEEB0,0,Shared,262144,recorded_allocated_size,2,2,0,Now,0.25,2,False,True,True
0x1736fb700,T_CN_VIPSHIP_A2_NRT,Texture,"[""device-resources-0x10a80c000""]",81,2,208,512,512,1,10,1,1,64F9D58C6AFE6587,0,Shared,262144,recorded_allocated_size,2,2,0,Now,0.25,1,False,True,True
0x16e884f00,T_CityGrass_D,Texture,"[""device-resources-0x10a80c000""]",81,2,190,512,512,1,10,1,1,C35CB336FA791516,0,Shared,262144,recorded_allocated_size,2,2,0,Now,0.25,18,False,True,True
0x167235180,T_CN_WALL_A2_NRT,Texture,"[""device-resources-0x10a80c000""]",81,2,208,512,512,1,10,1,1,1670511516BD5631,0,Shared,262144,recorded_allocated_size,2,2,0,Now,0.25,1,False,True,True
0x167234500,T_CN_WALL_A2_DA,Texture,"[""device-resources-0x10a80c000""]",81,2,190,512,512,1,10,1,1,A56B14C9A8BCE581,0,Shared,262144,recorded_allocated_size,2,2,0,Now,0.25,1,False,True,True
0x168875180,T_LENGSHAN_01_DA,Texture,"[""device-resources-0x10a80c000""]",81,2,190,512,512,1,10,1,1,D56EAC5C2A8A715F,0,Shared,262144,recorded_allocated_size,2,2,0,Now,0.25,1,False,True,True
0x13dc1ef80,T_LENGSHAN_01_NRA,Texture,"[""device-resources-0x10a80c000""]",81,2,208,512,512,1,10,1,1,3CACB678D19F1D0C,0,Shared,262144,recorded_allocated_size,2,2,0,Now,0.25,1,False,True,True
0x13b3fbc00,T_CN_ARCHERY_A3_NRT,Texture,"[""device-resources-0x10a80c000""]",81,2,208,512,512,1,10,1,1,8840478EA9888F84,0,Shared,262144,recorded_allocated_size,2,2,0,Now,0.25,1,False,True,True
0x13b3fa800,T_CN_BARRACK_A3_NRT,Texture,"[""device-resources-0x10a80c000""]",81,2,208,512,512,1,10,1,1,A03D09BAC129839B,0,Shared,262144,recorded_allocated_size,2,2,0,Now,0.25,1,False,True,True
0x15e72ad00,T_CN_SPEARB_A3_NRT,Texture,"[""device-resources-0x10a80c000""]",81,2,208,512,512,1,10,1,1,C768FB7A511E2219,0,Shared,262144,recorded_allocated_size,2,2,0,Now,0.25,1,False,True,True
0x15e72bc00,T_WRE_NC_WOOD_DA,Texture,"[""device-resources-0x10a80c000""]",81,2,190,512,512,1,10,1,1,B9E114229B1DDB29,0,Shared,262144,recorded_allocated_size,2,2,0,Now,0.25,1,False,True,True
0x167242a80,T_WRE_NC_WOOD_NRT,Texture,"[""device-resources-0x10a80c000""]",81,2,208,512,512,1,10,1,1,F7DBB1ACA376FD0,0,Shared,262144,recorded_allocated_size,2,2,0,Now,0.25,1,False,True,True
0x16f9e9e00,T_CN_STABLE_A4_NRT,Texture,"[""device-resources-0x10a80c000""]",81,2,208,512,512,1,10,1,1,5125FD535793CFFD,0,Shared,262144,recorded_allocated_size,2,2,0,Now,0.25,1,False,True,True
0x16f9ea300,T_CN_STABLE01_A4_NRT,Texture,"[""device-resources-0x10a80c000""]",81,2,208,512,512,1,10,1,1,612B599D495B84A9,0,Shared,262144,recorded_allocated_size,2,2,0,Now,0.25,1,False,True,True
0x16fb00500,T_CN_LUMBER_A4_NRT,Texture,"[""device-resources-0x10a80c000""]",81,2,208,512,512,1,10,1,1,8CE35ED4AF1FBB4E,0,Shared,262144,recorded_allocated_size,2,2,0,Now,0.25,2,False,True,True
0x16fb00c80,T_CN_GOLDMINE_A4_NRT,Texture,"[""device-resources-0x10a80c000""]",81,2,208,512,512,1,10,1,1,730FA6802AD13D49,0,Shared,262144,recorded_allocated_size,2,2,0,Now,0.25,1,False,True,True
0x16fb00000,T_CN_MTPROPS02_A4_NRT,Texture,"[""device-resources-0x10a80c000""]",81,2,208,512,512,1,10,1,1,D129B28411CE7F60,0,Shared,262144,recorded_allocated_size,2,2,0,Now,0.25,1,False,True,True
0x164868000,T_Grass16_M,Texture,"[""device-resources-0x10a80c000""]",81,2,208,512,512,1,10,1,1,F46DD7E42AE9944E,0,Shared,262144,recorded_allocated_size,2,2,0,Now,0.25,15,False,True,True
0x16a375500,M_shuiche_A,Buffer,"[""unused-device-resources-0x10a80c000""]",,,,,,,,,,,,,262144,requested_buffer_length,2,3,18446744073709551615,Never,0.25,0,False,False,False
0x16fafc480,SM_CN_SCHPROPS_A4_LOD02,Buffer,"[""unused-device-resources-0x10a80c000""]",,,,,,,,,,,,,262144,requested_buffer_length,2,3,6383555958,Earlier,0.25,0,False,False,False
0x16e896080,T_FX_Liquid_Ripple01,Texture,"[""unused-device-resources-0x10a80c000""]",81,2,190,512,512,1,10,1,1,1FF1BB93E44C810A,0,Shared,262144,recorded_allocated_size,2,2,18446744073709551615,Never,0.25,0,False,False,False
0x13dc1c280,T_FX_Square_Line_002,Texture,"[""unused-device-resources-0x10a80c000""]",81,2,190,512,512,1,10,1,1,A9FE70AE9829A03A,0,Shared,262144,recorded_allocated_size,2,2,18446744073709551615,Never,0.25,0,False,False,False
0x15e728000,T_FX_Square_Line_003,Texture,"[""unused-device-resources-0x10a80c000""]",81,2,190,512,512,1,10,1,1,672891218E3CF817,0,Shared,262144,recorded_allocated_size,2,2,18446744073709551615,Never,0.25,0,False,False,False
0x15e72aa80,T_FX_Noise_166_kgr,Texture,"[""unused-device-resources-0x10a80c000""]",81,2,190,512,512,1,10,1,1,20BDCB2B76F449D,0,Shared,262144,recorded_allocated_size,2,2,18446744073709551615,Never,0.25,0,False,False,False
0x16ee18280,T_FX_Noise_171_wt,Texture,"[""unused-device-resources-0x10a80c000""]",81,2,190,512,512,1,10,1,1,DFED0575E2D42873,0,Shared,262144,recorded_allocated_size,2,2,18446744073709551615,Never,0.25,0,False,False,False
0x16ee18c80,T_FX_UI_gold_001,Texture,"[""unused-device-resources-0x10a80c000""]",81,2,190,512,512,1,10,1,1,5295F8EBB396BCA9,0,Shared,262144,recorded_allocated_size,2,2,18446744073709551615,Never,0.25,0,False,False,False
0x17c173200,T_WORLDTREE02_D,Texture,"[""unused-device-resources-0x10a80c000""]",81,2,190,512,512,1,10,1,1,79090E4C3D4A4F26,0,Shared,262144,recorded_allocated_size,2,2,18446744073709551615,Never,0.25,0,False,False,False
0x165e1b980,T_FX_Sand_01,Texture,"[""unused-device-resources-0x10a80c000""]",81,2,208,512,512,1,10,1,1,A674CEB7C00E1023,0,Shared,262144,recorded_allocated_size,2,2,18446744073709551615,Never,0.25,0,False,False,False
0x167241b80,N_3_AT_C,Texture,"[""unused-device-resources-0x10a80c000""]",81,2,115,141,145,1,1,1,1,AAC1203BAA9569C5,0,Shared,262144,recorded_allocated_size,2,2,7940026625,Earlier,0.25,0,False,False,False
0x1672a6280,TRN_CN_YZ,Buffer,"[""device-resources-0x10a80c000""]",,,,,,,,,,,,,245760,requested_buffer_length,2,3,0,Now,0.234375,0,False,True,True
0x16f831f80,SM_CN_HOUSE01_A4_LOD03,Buffer,"[""device-resources-0x10a80c000""]",,,,,,,,,,,,,245760,requested_buffer_length,2,3,0,Now,0.234375,0,False,True,True
0x167249b00,SM_WRE_BG_GOLD_L04_LOD02,Buffer,"[""device-resources-0x10a80c000""]",,,,,,,,,,,,,229376,requested_buffer_length,2,3,0,Now,0.21875,0,False,True,True
0x16f9e0600,SM_CN_STABLE_A4_LOD03,Buffer,"[""device-resources-0x10a80c000""]",,,,,,,,,,,,,212992,requested_buffer_length,2,3,0,Now,0.203125,0,False,True,True
0x16727f700,T_CN_FLAG16UV1_A2_VA,Texture,"[""device-resources-0x10a80c000""]",81,2,115,189,101,1,1,1,1,2267471EE30B0C9,0,Shared,212992,recorded_allocated_size,2,2,0,Now,0.203125,0,False,False,True
0x169484280,T_CN_FLAG17UV1_A2_VA,Texture,"[""device-resources-0x10a80c000""]",81,2,115,189,101,1,1,1,1,623CB32F237FA5B2,0,Shared,212992,recorded_allocated_size,2,2,0,Now,0.203125,0,False,False,True
0x16948f700,T_CN_FLAG02UV1_A2_VA,Texture,"[""device-resources-0x10a80c000""]",81,2,115,142,101,1,1,1,1,D576252A514DC93A,0,Shared,212992,recorded_allocated_size,2,2,0,Now,0.203125,0,False,False,True
0x169565380,SM_CN_WALL09_A4_LOD02,Buffer,"[""unused-device-resources-0x10a80c000""]",,,,,,,,,,,,,212992,requested_buffer_length,2,3,6266405291,Earlier,0.203125,0,False,False,False
0x167241180,N_3_AT_C,Texture,"[""unused-device-resources-0x10a80c000""]",81,2,115,158,124,1,1,1,1,64E9DAF0340ECACC,0,Shared,212992,recorded_allocated_size,2,2,7940595958,Earlier,0.203125,0,False,False,False
0x169489080,M_CN_VIPSHIP_A4_LD03_A,Buffer,"[""device-resources-0x10a80c000""]",,,,,,,,,,,,,196608,requested_buffer_length,2,3,0,Now,0.1875,0,False,True,True
0x16f9e2580,SM_CN_QIJI02_A3_LOD03,Buffer,"[""device-resources-0x10a80c000""]",,,,,,,,,,,,,196608,requested_buffer_length,2,3,0,Now,0.1875,0,False,True,True
0x1712bf300,SM_CN_SCHOOL_A4_LOD03,Buffer,"[""device-resources-0x10a80c000""]",,,,,,,,,,,,,196608,requested_buffer_length,2,3,0,Now,0.1875,0,False,True,True
0x16ee31380,SM_CN_WALL09_A4_LOD03,Buffer,"[""device-resources-0x10a80c000""]",,,,,,,,,,,,,196608,requested_buffer_length,2,3,0,Now,0.1875,0,False,True,True
0x16724a400,SM_WRE_BG_ROCK01_L04_LOD02,Buffer,"[""unused-device-resources-0x10a80c000""]",,,,,,,,,,,,,196608,requested_buffer_length,2,3,6602443958,Earlier,0.1875,0,False,False,False
0x17c172300,icon_hero_icon_hero5_001,Texture,"[""unused-device-resources-0x10a80c000""]",81,2,208,392,608,1,1,1,1,29A47BB959119DB5,0,Shared,196608,recorded_allocated_size,2,2,18446744073709551615,Never,0.1875,0,False,False,False
0x17c172800,ui_menuhero_pic_herocard_back,Texture,"[""unused-device-resources-0x10a80c000""]",81,2,208,392,608,1,1,1,1,B44B271EC0C2481E,0,Shared,196608,recorded_allocated_size,2,2,18446744073709551615,Never,0.1875,0,False,False,False
0x16f9e3780,SM_CN_MARKET_A4_LOD03,Buffer,"[""device-resources-0x10a80c000""]",,,,,,,,,,,,,180224,requested_buffer_length,2,3,0,Now,0.171875,0,False,True,True
0x16f9e3a80,SM_CN_DRILLG_A4_LOD02,Buffer,"[""unused-device-resources-0x10a80c000""]",,,,,,,,,,,,,180224,requested_buffer_length,2,3,6383582625,Earlier,0.171875,0,False,False,False
0x16ee39e00,T_FX_UI_Light_003,Texture,"[""unused-device-resources-0x10a80c000""]",81,2,166,512,512,1,7,1,1,ADE95BBAF8247A6E,0,Shared,180224,recorded_allocated_size,2,2,18446744073709551615,Never,0.171875,0,False,False,False
0x16ee3a300,T_FX_UI_Noise_005,Texture,"[""unused-device-resources-0x10a80c000""]",81,2,163,512,512,1,7,1,1,DEC561235AF4AAC7,0,Shared,180224,recorded_allocated_size,2,2,18446744073709551615,Never,0.171875,0,False,False,False
0x16ee3b480,T_FX_UI_Mask_013,Texture,"[""unused-device-resources-0x10a80c000""]",81,2,163,512,512,1,7,1,1,CE7C11AA323A35E,0,Shared,180224,recorded_allocated_size,2,2,18446744073709551615,Never,0.171875,0,False,False,False
0x169491080,SM_CN_DOCK_A4_LOD03,Buffer,"[""device-resources-0x10a80c000""]",,,,,,,,,,,,,163840,requested_buffer_length,2,3,0,Now,0.15625,0,False,True,True
0x16e89a880,SM_CN_BLACKSMITH01_A4_LOD03,Buffer,"[""device-resources-0x10a80c000""]",,,,,,,,,,,,,163840,requested_buffer_length,2,3,0,Now,0.15625,0,False,True,True
0x16f9e3480,SM_CN_MTPROPS_A4_LOD03,Buffer,"[""device-resources-0x10a80c000""]",,,,,,,,,,,,,163840,requested_buffer_length,2,3,0,Now,0.15625,0,False,True,True
0x17b187c00,SM_CN_SCHPROPS_A4_LOD03,Buffer,"[""device-resources-0x10a80c000""]",,,,,,,,,,,,,163840,requested_buffer_length,2,3,0,Now,0.15625,0,False,True,True
0x169489380,M_CN_VIPSHIP_A2_LD03_A,Buffer,"[""device-resources-0x10a80c000""]",,,,,,,,,,,,,147456,requested_buffer_length,2,3,0,Now,0.140625,0,False,True,True
0x17e036b80,,Buffer,"[""device-resources-0x10a80c000""]",,,,,,,,,,,,,147456,requested_buffer_length,2,3,0,Now,0.140625,0,False,True,True
0x15e72b480,T_Outside_LandDecal02_NRT,Texture,"[""device-resources-0x10a80c000""]",81,2,208,512,512,1,1,1,1,792F07E29D32D201,0,Shared,147456,recorded_allocated_size,2,2,0,Now,0.140625,0,False,False,True
0x165a23c00,Font Texture,Texture,"[""device-resources-0x10a80c000""]",81,2,1,256,512,1,1,1,1,43B9C930975FFC95,0,Shared,147456,recorded_allocated_size,2,2,0,Now,0.140625,0,False,False,True
0x13b3fb980,T_FX_FB_Smoke_Cloud02,Texture,"[""device-resources-0x10a80c000""]",81,2,208,512,512,1,1,1,1,F7957F0773BAEF42,0,Shared,147456,recorded_allocated_size,2,2,0,Now,0.140625,0,False,False,True
0x169484500,T_CN_FLAG14UV1_A2_VA,Texture,"[""device-resources-0x10a80c000""]",81,2,115,79,101,1,1,1,1,AA66203F0323DF1A,0,Shared,147456,recorded_allocated_size,2,2,0,Now,0.140625,0,False,False,True
0x16948f980,T_CN_FLAG03UV1_A4_VA,Texture,"[""device-resources-0x10a80c000""]",81,2,115,116,101,1,1,1,1,95BA19BB72473E48,0,Shared,147456,recorded_allocated_size,2,2,0,Now,0.140625,0,False,False,True
0x16a370780,T_CN_FLAG13UV1_A2_VA,Texture,"[""device-resources-0x10a80c000""]",81,2,115,88,101,1,1,1,1,DC06683F5F719002,0,Shared,147456,recorded_allocated_size,2,2,0,Now,0.140625,0,False,False,True
0x169486f80,T_CN_FLAG11UV1_A2_VA,Texture,"[""device-resources-0x10a80c000""]",81,2,115,106,101,1,1,1,1,A9304409CE36627D,0,Shared,147456,recorded_allocated_size,2,2,0,Now,0.140625,0,False,False,True
0x16f9eb700,T_CN_FLAG02UV1_A4_VA,Texture,"[""device-resources-0x10a80c000""]",81,2,115,128,101,1,1,1,1,7CC0C9693E9F5F3E,0,Shared,147456,recorded_allocated_size,2,2,0,Now,0.140625,0,False,False,True
0x16fb03200,T_FX_Noise_79,Texture,"[""device-resources-0x10a80c000""]",81,2,208,512,512,1,1,1,1,BC106545F05A2D0B,0,Shared,147456,recorded_allocated_size,2,2,0,Now,0.140625,1,False,True,True
0x16ee4a300,Game_RT_COLOR_LUT,Texture,"[""device-resources-0x10a80c000""]",81,2,92,1024,32,1,1,1,1,5A74BA22080D7129,0,Shared,147456,recorded_allocated_size,2,0,0,Now,0.140625,1,False,True,True
0x16ee4a800,Game_TMP_RT_8,Texture,"[""device-resources-0x10a80c000""]",81,2,92,243,112,1,1,1,1,90B580796E2E7B58,0,Shared,147456,recorded_allocated_size,2,0,0,Now,0.140625,2,True,True,True
0x16ee4b200,Game_RT_8,Texture,"[""device-resources-0x10a80c000""]",81,2,92,243,112,1,1,1,1,AF6683DCD2503E7F,0,Shared,147456,recorded_allocated_size,2,0,0,Now,0.140625,1,True,True,True
0x1191f0f00,SM_WRE_NC_GOLD_V2_L10_LOD01,Buffer,"[""unused-device-resources-0x10a80c000""]",,,,,,,,,,,,,147456,requested_buffer_length,2,3,18446744073709551615,Never,0.140625,0,False,False,False
0x1647a1200,SM_WRE_NC_ROCK_V2_L10_LOD01,Buffer,"[""unused-device-resources-0x10a80c000""]",,,,,,,,,,,,,147456,requested_buffer_length,2,3,18446744073709551615,Never,0.140625,0,False,False,False
0x17b186d00,M_CN_VIPSHIP_A4_LD04_A,Buffer,"[""unused-device-resources-0x10a80c000""]",,,,,,,,,,,,,147456,requested_buffer_length,2,3,18446744073709551615,Never,0.140625,0,False,False,False
0x16ee3fc00,,Buffer,"[""unused-device-resources-0x10a80c000""]",,,,,,,,,,,,,147456,requested_buffer_length,2,3,33598625,Earlier,0.140625,0,False,False,False
0x16ee32a00,,Buffer,"[""unused-device-resources-0x10a80c000""]",,,,,,,,,,,,,147456,requested_buffer_length,2,3,297291,Earlier,0.140625,0,False,False,False
0x13dc1d680,infinite_weather,Texture,"[""unused-device-resources-0x10a80c000""]",81,2,208,512,512,1,1,1,1,5063CBF1071A0757,0,Shared,147456,recorded_allocated_size,2,2,18446744073709551615,Never,0.140625,0,False,False,False
0x16f9eb480,T_CN_FLAG01UV1_A4_VA,Texture,"[""unused-device-resources-0x10a80c000""]",81,2,115,128,101,1,1,1,1,2E00D58FB9C123A2,0,Shared,147456,recorded_allocated_size,2,2,5733426625,Earlier,0.140625,0,False,False,False
0x15e72a800,T_FX_Liquid_WaterFall06,Texture,"[""unused-device-resources-0x10a80c000""]",81,2,190,256,512,1,10,1,1,D653027590AC374F,0,Shared,147456,recorded_allocated_size,2,2,18446744073709551615,Never,0.140625,0,False,False,False
0x15e72b200,T_Outside_LandDecal02_D,Texture,"[""unused-device-resources-0x10a80c000""]",81,2,190,512,512,1,1,1,1,3C36C89252D0AC40,0,Shared,147456,recorded_allocated_size,2,2,18446744073709551615,Never,0.140625,0,False,False,False
0x15e72b700,T_Outside_GrassDecal01_D,Texture,"[""unused-device-resources-0x10a80c000""]",81,2,190,512,512,1,1,1,1,9EE41D5855795017,0,Shared,147456,recorded_allocated_size,2,2,18446744073709551615,Never,0.140625,0,False,False,False
0x15e72b980,T_Outside_GrassDecal01_NRT,Texture,"[""unused-device-resources-0x10a80c000""]",81,2,208,512,512,1,1,1,1,3DC85E3D06CDED0,0,Shared,147456,recorded_allocated_size,2,2,18446744073709551615,Never,0.140625,0,False,False,False
0x164868c80,T_WRE_NC_FRAMLANDA01_V2_L07_DA,Texture,"[""unused-device-resources-0x10a80c000""]",81,2,190,512,512,1,1,1,1,4FA8579DCE6667C4,0,Shared,147456,recorded_allocated_size,2,2,18446744073709551615,Never,0.140625,0,False,False,False
0x164868f00,T_WRE_NC_FRAMLANDA01_V2_L07_NRT,Texture,"[""unused-device-resources-0x10a80c000""]",81,2,208,512,512,1,1,1,1,A4293AF1D6100C94,0,Shared,147456,recorded_allocated_size,2,2,18446744073709551615,Never,0.140625,0,False,False,False
0x16ee3b700,T_FX_UI_ClothParttern_001,Texture,"[""unused-device-resources-0x10a80c000""]",81,2,190,512,512,1,1,1,1,7C6E3E4A0C431074,0,Shared,147456,recorded_allocated_size,2,2,18446744073709551615,Never,0.140625,0,False,False,False
0x165a20000,T_WRE_NC_DeacalA_V2_L02_NRT,Texture,"[""unused-device-resources-0x10a80c000""]",81,2,208,512,512,1,1,1,1,F79890F0B2D72D87,0,Shared,147456,recorded_allocated_size,2,2,18446744073709551615,Never,0.140625,0,False,False,False
0x119250c80,HDR_L_0_TextureArray,Texture,"[""unused-device-resources-0x10a80c000""]",81,3,10,64,64,1,1,1,32,BD5D181F3405AA7C,0,Shared,147456,recorded_allocated_size,2,2,75763675958,Earlier,0.140625,0,False,False,False
0x16ee3d980,,Buffer,"[""capture""]",,,,,,,,,,,,,147456,requested_buffer_length,,,,,0.140625,0,False,True,False
0x16949f000,SM_CN_GARDEN_A4_LOD03,Buffer,"[""device-resources-0x10a80c000""]",,,,,,,,,,,,,131072,requested_buffer_length,2,3,0,Now,0.125,0,False,True,True
0x16f9e0300,SM_CN_STABLE01_A4_LOD03,Buffer,"[""device-resources-0x10a80c000""]",,,,,,,,,,,,,131072,requested_buffer_length,2,3,0,Now,0.125,0,False,True,True
0x1712beb80,SM_WRE_BG_ROCK01_L04_LOD03,Buffer,"[""device-resources-0x10a80c000""]",,,,,,,,,,,,,131072,requested_buffer_length,2,3,0,Now,0.125,0,False,True,True
0x1647adf80,SM_WRE_NC_FRAMLANDA01_V2_L11_LOD01,Buffer,"[""unused-device-resources-0x10a80c000""]",,,,,,,,,,,,,131072,requested_buffer_length,2,3,18446744073709551615,Never,0.125,0,False,False,False
0x17c172080,icon_herotactics_card_icon_herot_bg,Texture,"[""unused-device-resources-0x10a80c000""]",81,2,208,372,580,1,1,1,1,5DFFCB8E35AE3620,0,Shared,131072,recorded_allocated_size,2,2,18446744073709551615,Never,0.125,0,False,False,False
0x17c172580,icon_herotactics_card_icon_herot_bg3,Texture,"[""unused-device-resources-0x10a80c000""]",81,2,208,372,580,1,1,1,1,F7617BD1803F2EC4,0,Shared,131072,recorded_allocated_size,2,2,18446744073709551615,Never,0.125,0,False,False,False
0x119250500,T_IceNoise_C,Texture,"[""unused-device-resources-0x10a80c000""]",81,2,163,512,512,1,1,1,1,4D338EF7F935EB54,0,Shared,131072,recorded_allocated_size,2,2,18446744073709551615,Never,0.125,0,False,False,False
0x167249e00,SM_WRE_BG_GOLD_L02_LOD02,Buffer,"[""device-resources-0x10a80c000""]",,,,,,,,,,,,,114688,requested_buffer_length,2,3,0,Now,0.109375,0,False,True,True
0x169492d00,SM_CN_MTPROPS01_A3_LOD03,Buffer,"[""device-resources-0x10a80c000""]",,,,,,,,,,,,,114688,requested_buffer_length,2,3,0,Now,0.109375,0,False,True,True
0x1694cd680,SM_CN_WALL10_A2_LOD03,Buffer,"[""device-resources-0x10a80c000""]",,,,,,,,,,,,,114688,requested_buffer_length,2,3,0,Now,0.109375,0,False,True,True
0x16e88c480,SM_FR_WHARF08_A4_LOD02,Buffer,"[""device-resources-0x10a80c000""]",,,,,,,,,,,,,114688,requested_buffer_length,2,3,0,Now,0.109375,0,False,True,True
0x16f9e1500,M_CN_MILL_A4_O1_LD02_A,Buffer,"[""device-resources-0x10a80c000""]",,,,,,,,,,,,,114688,requested_buffer_length,2,3,0,Now,0.109375,0,False,True,True
0x1647abc00,SM_WRE_NC_ROCK_V2_L10_LOD02,Buffer,"[""unused-device-resources-0x10a80c000""]",,,,,,,,,,,,,114688,requested_buffer_length,2,3,18446744073709551615,Never,0.109375,0,False,False,False
0x169491380,SM_CN_DOCK_A3_LOD03,Buffer,"[""unused-device-resources-0x10a80c000""]",,,,,,,,,,,,,114688,requested_buffer_length,2,3,18446744073709551615,Never,0.109375,0,False,False,False
0x16f9e0f00,SM_CN_MILL_A4_LOD03,Buffer,"[""device-resources-0x10a80c000""]",,,,,,,,,,,,,98304,requested_buffer_length,2,3,0,Now,0.09375,0,False,True,True
0x1712bf900,SM_CN_DRILLG_A4_LOD03,Buffer,"[""device-resources-0x10a80c000""]",,,,,,,,,,,,,98304,requested_buffer_length,2,3,0,Now,0.09375,0,False,True,True
0x165e19b80,T_FX_Flash_52_cwh,Texture,"[""device-resources-0x10a80c000""]",81,2,190,256,256,1,9,1,1,DDFF4FC510DFC11,0,Shared,98304,recorded_allocated_size,2,2,0,Now,0.09375,1,False,True,True
0x13b3f9180,T_FX_FB_Liquid_Splash03,Texture,"[""device-resources-0x10a80c000""]",81,2,194,512,512,1,10,1,1,F664E255A7DA6B43,0,Shared,98304,recorded_allocated_size,2,2,0,Now,0.09375,0,False,False,True
0x16a371e00,T_FX_Liquid_01,Texture,"[""device-resources-0x10a80c000""]",81,2,208,256,256,1,9,1,1,A5D13AB1974FE6E3,0,Shared,98304,recorded_allocated_size,2,2,0,Now,0.09375,1,False,True,True
0x16a372300,T_FX_Noise_64,Texture,"[""device-resources-0x10a80c000""]",81,2,208,256,256,1,9,1,1,30CAF351D4B6A99C,0,Shared,98304,recorded_allocated_size,2,2,0,Now,0.09375,1,False,True,True
0x16a372a80,T_FX_Liquid_WaterFall02,Texture,"[""device-resources-0x10a80c000""]",81,2,208,256,256,1,9,1,1,AFB7EC14D19599B9,0,Shared,98304,recorded_allocated_size,2,2,0,Now,0.09375,3,False,True,True
0x16a372d00,T_FX_Mask_27,Texture,"[""device-resources-0x10a80c000""]",81,2,208,256,256,1,9,1,1,BD0ED12112BD368A,0,Shared,98304,recorded_allocated_size,2,2,0,Now,0.09375,0,False,False,True
0x16a373700,T_FX_Mask_Noise18,Texture,"[""device-resources-0x10a80c000""]",81,2,204,256,256,1,9,1,1,B893918BA4CDBD5A,0,Shared,98304,recorded_allocated_size,2,2,0,Now,0.09375,11,False,True,True
0x16e884a00,T_FX_Noise_58,Texture,"[""device-resources-0x10a80c000""]",81,2,208,256,256,1,9,1,1,FBBEE1F1C32D52EB,0,Shared,98304,recorded_allocated_size,2,2,0,Now,0.09375,6,False,True,True
0x16e885680,T_WaterNoise02_C,Texture,"[""device-resources-0x10a80c000""]",81,2,186,256,256,1,9,1,1,8A2CD87F9A3F77F8,0,Shared,98304,recorded_allocated_size,2,2,0,Now,0.09375,3,False,True,True
0x16e885e00,T_FX_Liquid_Splash03,Texture,"[""device-resources-0x10a80c000""]",81,2,208,256,256,1,9,1,1,29332B9E8CCB070F,0,Shared,98304,recorded_allocated_size,2,2,0,Now,0.09375,0,False,False,True
0x16e886300,T_FX_FB_Liquid_Splash01,Texture,"[""device-resources-0x10a80c000""]",81,2,218,512,512,1,10,1,1,DF39243065E304B3,0,Shared,98304,recorded_allocated_size,2,2,0,Now,0.09375,0,False,False,True
0x16e886580,T_FX_Smoke_04,Texture,"[""device-resources-0x10a80c000""]",81,2,208,256,256,1,9,1,1,7EBE57D6C5216FCF,0,Shared,98304,recorded_allocated_size,2,2,0,Now,0.09375,1,False,True,True
0x16e886800,T_FX_Smoke_06,Texture,"[""device-resources-0x10a80c000""]",81,2,208,256,256,1,9,1,1,17418EF5A2C31CB8,0,Shared,98304,recorded_allocated_size,2,2,0,Now,0.09375,0,False,False,True
0x16e896800,T_Cloud_M,Texture,"[""device-resources-0x10a80c000""]",81,2,208,256,256,1,9,1,1,93703CD21B37917B,0,Shared,98304,recorded_allocated_size,2,2,0,Now,0.09375,242,False,True,True
0x16727de00,T_FX_Liquid_Splash04,Texture,"[""device-resources-0x10a80c000""]",81,2,208,256,256,1,9,1,1,27343EAD73D61BD9,0,Shared,98304,recorded_allocated_size,2,2,0,Now,0.09375,4,False,True,True
0x15e729b80,T_FX_FB_Fire_06,Texture,"[""device-resources-0x10a80c000""]",81,2,212,512,512,1,10,1,1,8B878D1796DB6A2B,0,Shared,98304,recorded_allocated_size,2,2,0,Now,0.09375,0,False,False,True
0x15e72a080,T_FX_FB_Fire_07,Texture,"[""device-resources-0x10a80c000""]",81,2,218,512,512,1,10,1,1,CB021CBAE79402F7,0,Shared,98304,recorded_allocated_size,2,2,0,Now,0.09375,0,False,False,True
0x167243980,T_CN_YZ_FOGMASK,Texture,"[""device-resources-0x10a80c000""]",81,2,208,256,256,1,9,1,1,ECDA41FB344098EB,0,Shared,98304,recorded_allocated_size,2,2,0,Now,0.09375,277,False,True,True
0x167234c80,T_FX_Mask_50,Texture,"[""device-resources-0x10a80c000""]",81,2,208,256,256,1,9,1,1,5A29A7C984621B0C,0,Shared,98304,recorded_allocated_size,2,2,0,Now,0.09375,0,False,False,True
0x164868280,T_CN_MILL_A4_DA,Texture,"[""device-resources-0x10a80c000""]",81,2,190,256,256,1,9,1,1,BCE84C189E8FDB4,0,Shared,98304,recorded_allocated_size,2,2,0,Now,0.09375,3,False,True,True
0x16fb02080,T_FX_Mask_40,Texture,"[""device-resources-0x10a80c000""]",81,2,208,256,256,1,9,1,1,CC1844B237569E53,0,Shared,98304,recorded_allocated_size,2,2,0,Now,0.09375,1,False,True,True
0x16fb02a80,T_FX_Flash_61_cwh,Texture,"[""device-resources-0x10a80c000""]",81,2,208,256,256,1,9,1,1,3FD8572EF8116413,0,Shared,98304,recorded_allocated_size,2,2,0,Now,0.09375,0,False,False,True
0x16fb02d00,T_FX_Flash_44,Texture,"[""device-resources-0x10a80c000""]",81,2,190,256,256,1,9,1,1,4977FE62E633CEE,0,Shared,98304,recorded_allocated_size,2,2,0,Now,0.09375,0,False,False,True
0x168874500,T_FX_Noise_17,Texture,"[""device-resources-0x10a80c000""]",81,2,208,256,256,1,9,1,1,9B34C01B2B8EE46,0,Shared,98304,recorded_allocated_size,2,2,0,Now,0.09375,0,False,False,True
0x168874a00,T_FX_Noise_107_cwh,Texture,"[""device-resources-0x10a80c000""]",81,2,190,256,256,1,9,1,1,9ADA91FA6B4F27E1,0,Shared,98304,recorded_allocated_size,2,2,0,Now,0.09375,1,False,True,True
0x17c170500,T_FX_Noise_32,Texture,"[""device-resources-0x10a80c000""]",81,2,208,256,256,1,9,1,1,DD0DCECEB23929A7,0,Shared,98304,recorded_allocated_size,2,2,0,Now,0.09375,3,False,True,True
0x17c170a00,T_FX_Mask_Sphere09_Zcx,Texture,"[""device-resources-0x10a80c000""]",81,2,190,256,256,1,9,1,1,AFAB012CBA448C23,0,Shared,98304,recorded_allocated_size,2,2,0,Now,0.09375,0,False,False,True
0x17c170f00,T_FX_Mask_13,Texture,"[""device-resources-0x10a80c000""]",81,2,190,256,256,1,9,1,1,A9CC880920C76C4,0,Shared,98304,recorded_allocated_size,2,2,0,Now,0.09375,3,False,True,True
0x16ee19b80,T_FR_PROPSC_A2_DA,Texture,"[""device-resources-0x10a80c000""]",81,2,190,256,256,1,9,1,1,BE6E0894F5F26A50,0,Shared,98304,recorded_allocated_size,2,2,0,Now,0.09375,13,False,True,True
0x16ee1a580,T_WaterBumpSanMou_N,Texture,"[""device-resources-0x10a80c000""]",81,2,204,256,256,1,9,1,1,5400821E0CAE30FA,0,Shared,98304,recorded_allocated_size,2,2,0,Now,0.09375,1,False,True,True
0x16ee1a800,T_FX_Noise_59,Texture,"[""device-resources-0x10a80c000""]",81,2,208,256,256,1,9,1,1,80EAFA8249CAFFCD,0,Shared,98304,recorded_allocated_size,2,2,0,Now,0.09375,0,False,False,True
0x16ee1b700,T_Outside_PVEDecal01_D,Texture,"[""device-resources-0x10a80c000""]",81,2,190,256,256,1,9,1,1,BF897CCB444F35BA,0,Shared,98304,recorded_allocated_size,2,2,0,Now,0.09375,1,False,True,True
0x16ee1b980,T_Decal_Dirt_Puddle_05a_NRT,Texture,"[""device-resources-0x10a80c000""]",81,2,208,256,256,1,9,1,1,4D3EAA8CDCF89BFE,0,Shared,98304,recorded_allocated_size,2,2,0,Now,0.09375,1,False,True,True
0x16ee48280,T_worldcolorHUEGreen_D,Texture,"[""device-resources-0x10a80c000""]",81,2,190,256,256,1,9,1,1,F4F8ECC8B4174AD1,0,Shared,98304,recorded_allocated_size,2,2,0,Now,0.09375,2,False,True,True
0x16ee48a00,T_WRE_BG_ROCK01_L01_CITY_L,Texture,"[""device-resources-0x10a80c000""]",81,2,190,256,256,1,9,1,1,AE55F711A270150C,0,Shared,98304,recorded_allocated_size,2,2,0,Now,0.09375,1,False,True,True
0x16ee49180,T_WRE_BG_ROCK02_L01_CITY_L,Texture,"[""device-resources-0x10a80c000""]",81,2,190,256,256,1,9,1,1,225C2B02373A1E46,0,Shared,98304,recorded_allocated_size,2,2,0,Now,0.09375,1,False,True,True
0x17c173c00,T_WRE_NC_ROCKA_CITY_L,Texture,"[""device-resources-0x10a80c000""]",81,2,190,256,256,1,9,1,1,B16A1CBA015EBEDD,0,Shared,98304,recorded_allocated_size,2,2,0,Now,0.09375,1,False,True,True
0x16e896d00,T_WRE_NC_ROCK_D,Texture,"[""device-resources-0x10a80c000""]",81,2,190,256,256,1,9,1,1,6E3AD41E1D66CDAD,0,Shared,98304,recorded_allocated_size,2,2,0,Now,0.09375,1,False,True,True
0x16e897700,T_WRE_NC_ROCKA_L,Texture,"[""device-resources-0x10a80c000""]",81,2,190,256,256,1,9,1,1,50F49DD46A84D862,0,Shared,98304,recorded_allocated_size,2,2,0,Now,0.09375,1,False,True,True
0x16fb02800,T_Decal_Dirt_Puddle_05_D,Texture,"[""device-resources-0x10a80c000""]",81,2,190,256,256,1,9,1,1,60C3ADD24E709661,0,Shared,98304,recorded_allocated_size,2,2,0,Now,0.09375,1,False,True,True
0x16fb02580,T_NC_MTPROPS_A0_DA,Texture,"[""device-resources-0x10a80c000""]",81,2,190,256,256,1,9,1,1,CDA4F13145DE5442,0,Shared,98304,recorded_allocated_size,2,2,0,Now,0.09375,2,False,True,True
0x16fb01900,T_NC_PROPS_A2_DA,Texture,"[""device-resources-0x10a80c000""]",81,2,190,256,256,1,9,1,1,7FAE50878EF65A3B,0,Shared,98304,recorded_allocated_size,2,2,0,Now,0.09375,8,False,True,True
0x16fb02300,T_NC_PROPSC_A3_DA,Texture,"[""device-resources-0x10a80c000""]",81,2,190,256,256,1,9,1,1,3EFA8DFA994CE039,0,Shared,98304,recorded_allocated_size,2,2,0,Now,0.09375,7,False,True,True
0x1736e0500,T_CN_IRONMINE_A4_DA,Texture,"[""device-resources-0x10a80c000""]",81,2,190,256,256,1,9,1,1,412FB406E26B3F9B,0,Shared,98304,recorded_allocated_size,2,2,0,Now,0.09375,1,False,True,True
0x1736e0c80,T_CN_DOCK_A4_DA,Texture,"[""device-resources-0x10a80c000""]",81,2,190,256,256,1,9,1,1,1149F4ABF2DB2CDD,0,Shared,98304,recorded_allocated_size,2,2,0,Now,0.09375,1,False,True,True
0x1736e1680,T_CN_MTPROPS_A4_DA,Texture,"[""device-resources-0x10a80c000""]",81,2,190,256,256,1,9,1,1,3E93F99F047D3E28,0,Shared,98304,recorded_allocated_size,2,2,0,Now,0.09375,6,False,True,True
0x1736e1e00,T_CN_MTPROPS_A3_DA,Texture,"[""device-resources-0x10a80c000""]",81,2,190,256,256,1,9,1,1,4C97106E0B9CC7A4,0,Shared,98304,recorded_allocated_size,2,2,0,Now,0.09375,6,False,True,True
0x1736e2080,T_FR_FLAG_A0_DA,Texture,"[""device-resources-0x10a80c000""]",81,2,190,256,256,1,9,1,1,4A24FD3534EDC0EC,0,Shared,98304,recorded_allocated_size,2,2,0,Now,0.09375,1,False,True,True
0x1736e2300,T_FR_FLAG_A0_NRT,Texture,"[""device-resources-0x10a80c000""]",81,2,208,256,256,1,9,1,1,CCF63851FEAD1C98,0,Shared,98304,recorded_allocated_size,2,2,0,Now,0.09375,1,False,True,True
0x1736e3980,T_CN_GARDEN_A4_DA,Texture,"[""device-resources-0x10a80c000""]",81,2,190,256,256,1,9,1,1,7536C740FD22263,0,Shared,98304,recorded_allocated_size,2,2,0,Now,0.09375,2,False,True,True
0x1736e8280,T_CN_HEROSHRINE01_A4_DA,Texture,"[""device-resources-0x10a80c000""]",81,2,190,256,256,1,9,1,1,FFA5DB099E137EE,0,Shared,98304,recorded_allocated_size,2,2,0,Now,0.09375,2,False,True,True
0x1736e8500,T_CN_HEROSHRINE01_A2_DA,Texture,"[""device-resources-0x10a80c000""]",81,2,190,256,256,1,9,1,1,F67F3DA79F2B8078,0,Shared,98304,recorded_allocated_size,2,2,0,Now,0.09375,1,False,True,True
0x1736e8c80,T_CN_HEROSHRINE02_A4_DA,Texture,"[""device-resources-0x10a80c000""]",81,2,190,256,256,1,9,1,1,332395D154810D26,0,Shared,98304,recorded_allocated_size,2,2,0,Now,0.09375,4,False,True,True
0x1736e9180,T_CN_VIPSHIP_A0_DA,Texture,"[""device-resources-0x10a80c000""]",81,2,190,256,256,1,9,1,1,5C104D85EDDEB2A,0,Shared,98304,recorded_allocated_size,2,2,0,Now,0.09375,1,False,True,True
0x1736ea580,T_NC_WHARF_A2_DA,Texture,"[""device-resources-0x10a80c000""]",81,2,190,256,256,1,9,1,1,34DDD4B7157EB955,0,Shared,98304,recorded_allocated_size,2,2,0,Now,0.09375,1,False,True,True
0x1736eaa80,T_NC_DOCK_A2_DA,Texture,"[""device-resources-0x10a80c000""]",81,2,190,256,256,1,9,1,1,2F36D468E678DDC4,0,Shared,98304,recorded_allocated_size,2,2,0,Now,0.09375,1,False,True,True
0x1736eb700,T_FR_MTPROPS_A0_DA,Texture,"[""device-resources-0x10a80c000""]",81,2,190,256,256,1,9,1,1,634F57B756F89742,0,Shared,98304,recorded_allocated_size,2,2,0,Now,0.09375,4,False,True,True
0x1736f0000,T_NC_PROPSC_A3_DA,Texture,"[""device-resources-0x10a80c000""]",81,2,190,256,256,1,9,1,1,989929A41095AAD,0,Shared,98304,recorded_allocated_size,2,2,0,Now,0.09375,5,False,True,True
0x1736f0a00,T_CN_HEROSHRINE19_A4_DA,Texture,"[""device-resources-0x10a80c000""]",81,2,190,256,256,1,9,1,1,13CB0AD5073D16A,0,Shared,98304,recorded_allocated_size,2,2,0,Now,0.09375,1,False,True,True
0x1736f0f00,T_FR_PROPS02_A2_DA,Texture,"[""device-resources-0x10a80c000""]",81,2,190,256,256,1,9,1,1,745AF675385B72B9,0,Shared,98304,recorded_allocated_size,2,2,0,Now,0.09375,1,False,True,True
0x1736f1900,T_CN_HEROSHRINE_A3_DA,Texture,"[""device-resources-0x10a80c000""]",81,2,190,256,256,1,9,1,1,B03ADEF18A8ADADC,0,Shared,98304,recorded_allocated_size,2,2,0,Now,0.09375,1,False,True,True
0x1736f1e00,T_FR_BARRACK_A3_DA,Texture,"[""device-resources-0x10a80c000""]",81,2,190,256,256,1,9,1,1,83512270EF3103DA,0,Shared,98304,recorded_allocated_size,2,2,0,Now,0.09375,1,False,True,True
0x1736f2300,T_CN_HOUSE02_A4_DA,Texture,"[""device-resources-0x10a80c000""]",81,2,190,256,256,1,9,1,1,32C31D1002ACC09D,0,Shared,98304,recorded_allocated_size,2,2,0,Now,0.09375,1,False,True,True
0x1736f2800,T_CN_HOUSE01_A4_DA,Texture,"[""device-resources-0x10a80c000""]",81,2,190,256,256,1,9,1,1,ADA25FE8D82C13A8,0,Shared,98304,recorded_allocated_size,2,2,0,Now,0.09375,1,False,True,True
0x1736f3200,T_CN_HALLOFWAR_A4_DA,Texture,"[""device-resources-0x10a80c000""]",81,2,190,256,256,1,9,1,1,FD5DFF5EDFACE21E,0,Shared,98304,recorded_allocated_size,2,2,0,Now,0.09375,1,False,True,True
0x1736f3700,T_CN_BLACKSMITH01_A4_DA,Texture,"[""device-resources-0x10a80c000""]",81,2,190,256,256,1,9,1,1,5D462E5342C7B564,0,Shared,98304,recorded_allocated_size,2,2,0,Now,0.09375,1,False,True,True
0x1736f8280,T_CN_QIJI02_A3_DA,Texture,"[""device-resources-0x10a80c000""]",81,2,190,256,256,1,9,1,1,D4EA94443D41D6A5,0,Shared,98304,recorded_allocated_size,2,2,0,Now,0.09375,1,False,True,True
0x1736f8780,T_CN_QIJI_A3_DA,Texture,"[""device-resources-0x10a80c000""]",81,2,190,256,256,1,9,1,1,2B61B8FB738DBAF2,0,Shared,98304,recorded_allocated_size,2,2,0,Now,0.09375,1,False,True,True
0x1736f8c80,T_CN_MARKET_A4_DA,Texture,"[""device-resources-0x10a80c000""]",81,2,190,256,256,1,9,1,1,3BC9B6E5F31324E6,0,Shared,98304,recorded_allocated_size,2,2,0,Now,0.09375,1,False,True,True
0x1736f9180,T_CN_DRILLG_A4_DA,Texture,"[""device-resources-0x10a80c000""]",81,2,190,256,256,1,9,1,1,FE5715A899B31824,0,Shared,98304,recorded_allocated_size,2,2,0,Now,0.09375,1,False,True,True
0x1736f9680,T_CN_SCHOOL_A4_DA,Texture,"[""device-resources-0x10a80c000""]",81,2,190,256,256,1,9,1,1,89FEC2AAC21D7070,0,Shared,98304,recorded_allocated_size,2,2,0,Now,0.09375,1,False,True,True
0x1736f9b80,T_CN_SCHPROPS_A4_DA,Texture,"[""device-resources-0x10a80c000""]",81,2,190,256,256,1,9,1,1,EC5E347D1EE28C00,0,Shared,98304,recorded_allocated_size,2,2,0,Now,0.09375,1,False,True,True
0x1736faf80,T_FX_Noise_101,Texture,"[""device-resources-0x10a80c000""]",81,2,190,256,256,1,9,1,1,B2BDA1E103B50772,0,Shared,98304,recorded_allocated_size,2,2,0,Now,0.09375,2,False,True,True
0x1736fad00,T_CN_VIPSHIP_A2_DA,Texture,"[""device-resources-0x10a80c000""]",81,2,190,256,256,1,9,1,1,D6D56031044FDEBD,0,Shared,98304,recorded_allocated_size,2,2,0,Now,0.09375,1,False,True,True
0x167234280,T_WRE_NC_GOLD_D_CITY,Texture,"[""device-resources-0x10a80c000""]",81,2,190,256,256,1,9,1,1,B094EC328D7AF423,0,Shared,98304,recorded_allocated_size,2,2,0,Now,0.09375,1,False,True,True
0x167234000,T_WRE_NC_GOLD_NRT_CITY,Texture,"[""device-resources-0x10a80c000""]",81,2,208,256,256,1,9,1,1,3BCB83F5B3CD72F4,0,Shared,98304,recorded_allocated_size,2,2,0,Now,0.09375,1,False,True,True
0x1736fb200,T_BS_CN_PALDN_L3_H_DA,Texture,"[""device-resources-0x10a80c000""]",81,2,190,256,256,1,9,1,1,F7351A7D59B3148,0,Shared,98304,recorded_allocated_size,2,2,0,Now,0.09375,1,False,True,True
0x1736fb480,T_BS_CN_PALDN_L3_H_NRT,Texture,"[""device-resources-0x10a80c000""]",81,2,208,256,256,1,9,1,1,8101DE8D7CCD9003,0,Shared,98304,recorded_allocated_size,2,2,0,Now,0.09375,1,False,True,True
0x1736fbc00,T_CN_ARCHERY_A3_DA,Texture,"[""device-resources-0x10a80c000""]",81,2,190,256,256,1,9,1,1,A3FF67A27B19E092,0,Shared,98304,recorded_allocated_size,2,2,0,Now,0.09375,1,False,True,True
0x13b3f9b80,T_CN_BARRACK_A3_DA,Texture,"[""device-resources-0x10a80c000""]",81,2,190,256,256,1,9,1,1,FD64927EA76788EA,0,Shared,98304,recorded_allocated_size,2,2,0,Now,0.09375,1,False,True,True
0x13b3fad00,T_CN_SPEARB_A3_DA,Texture,"[""device-resources-0x10a80c000""]",81,2,190,256,256,1,9,1,1,23C4EA405606F515,0,Shared,98304,recorded_allocated_size,2,2,0,Now,0.09375,1,False,True,True
0x167242800,T_WRE_NC_WOOD_L,Texture,"[""device-resources-0x10a80c000""]",81,2,190,256,256,1,9,1,1,A8014E585F691FF7,0,Shared,98304,recorded_allocated_size,2,2,0,Now,0.09375,1,False,True,True
0x16f9ead00,T_WRE_NC_GOLDA_DA,Texture,"[""device-resources-0x10a80c000""]",81,2,190,256,256,1,9,1,1,72095A54BF1E59FB,0,Shared,98304,recorded_allocated_size,2,2,0,Now,0.09375,1,False,True,True
0x16f9e9900,T_WRE_NC_GOLDA_NRT,Texture,"[""device-resources-0x10a80c000""]",81,2,208,256,256,1,9,1,1,24223A7CD1C1DEE4,0,Shared,98304,recorded_allocated_size,2,2,0,Now,0.09375,1,False,True,True
0x16f9e9b80,T_WRE_NC_GOLDA_L,Texture,"[""device-resources-0x10a80c000""]",81,2,190,256,256,1,9,1,1,7039E270D3E30C91,0,Shared,98304,recorded_allocated_size,2,2,0,Now,0.09375,1,False,True,True
0x16f9ea080,T_WRE_NC_FRAMLANDA_DA,Texture,"[""device-resources-0x10a80c000""]",81,2,190,256,256,1,9,1,1,6CA25F19715954B,0,Shared,98304,recorded_allocated_size,2,2,0,Now,0.09375,2,False,True,True
0x16f9eaa80,T_WRE_NC_FRAMLANDA_NRT,Texture,"[""device-resources-0x10a80c000""]",81,2,208,256,256,1,9,1,1,899E10A0D9049CC6,0,Shared,98304,recorded_allocated_size,2,2,0,Now,0.09375,2,False,True,True
0x16f9e9680,T_CN_STABLE_A4_DA,Texture,"[""device-resources-0x10a80c000""]",81,2,190,256,256,1,9,1,1,C2260D9E77E1B4D4,0,Shared,98304,recorded_allocated_size,2,2,0,Now,0.09375,1,False,True,True
0x16f9ebc00,T_CN_STABLE01_A4_DA,Texture,"[""device-resources-0x10a80c000""]",81,2,190,256,256,1,9,1,1,DCB5CCA5BC634FAA,0,Shared,98304,recorded_allocated_size,2,2,0,Now,0.09375,1,False,True,True
0x16f9eb980,T_CN_LUMBER_A4_DA,Texture,"[""device-resources-0x10a80c000""]",81,2,190,256,256,1,9,1,1,BBF9427C9F12FA41,0,Shared,98304,recorded_allocated_size,2,2,0,Now,0.09375,2,False,True,True
0x16fb00780,T_CN_GOLDMINE_A4_DA,Texture,"[""device-resources-0x10a80c000""]",81,2,190,256,256,1,9,1,1,9FB058C2BC3D7685,0,Shared,98304,recorded_allocated_size,2,2,0,Now,0.09375,1,False,True,True
0x16fb00a00,T_CN_MTPROPS02_A4_DA,Texture,"[""device-resources-0x10a80c000""]",81,2,190,256,256,1,9,1,1,70F0477F526BDB7,0,Shared,98304,recorded_allocated_size,2,2,0,Now,0.09375,1,False,True,True
0x16fb00280,T_FX_Noise_37,Texture,"[""device-resources-0x10a80c000""]",81,2,208,256,256,1,9,1,1,A80A25634C2DDBF3,0,Shared,98304,recorded_allocated_size,2,2,0,Now,0.09375,1,False,True,True
0x106b8e080,T_XIAOHUA_NRT,Texture,"[""device-resources-0x10a80c000""]",81,2,208,256,256,1,9,1,1,9DE248F567B6C231,0,Shared,98304,recorded_allocated_size,2,2,0,Now,0.09375,3,False,True,True
0x13dc15b80,T_XIAOHUA_DA,Texture,"[""device-resources-0x10a80c000""]",81,2,190,256,256,1,9,1,1,781147BCEE4C97BF,0,Shared,98304,recorded_allocated_size,2,2,0,Now,0.09375,3,False,True,True
0x16a370280,T_GUANMU_01_DA,Texture,"[""device-resources-0x10a80c000""]",81,2,190,256,256,1,9,1,1,D4C6891C2FD94D30,0,Shared,98304,recorded_allocated_size,2,2,0,Now,0.09375,3,False,True,True
0x16a371180,T_GUANMU_01_NRT,Texture,"[""device-resources-0x10a80c000""]",81,2,208,256,256,1,9,1,1,E766FACF4F1E3690,0,Shared,98304,recorded_allocated_size,2,2,0,Now,0.09375,3,False,True,True
0x16a371900,T_WORLDLEAFTREE_01_DA,Texture,"[""device-resources-0x10a80c000""]",81,2,190,256,256,1,9,1,1,6A8373FB14E0446,0,Shared,98304,recorded_allocated_size,2,2,0,Now,0.09375,1,False,True,True
0x16a371680,T_WORLDLEAFTREE_01_NRA,Texture,"[""device-resources-0x10a80c000""]",81,2,208,256,256,1,9,1,1,103FCA135534D539,0,Shared,98304,recorded_allocated_size,2,2,0,Now,0.09375,1,False,True,True
0x16478f300,SM_WRE_NC_GOLD_V2_L09_LOD01,Buffer,"[""unused-device-resources-0x10a80c000""]",,,,,,,,,,,,,98304,requested_buffer_length,2,3,18446744073709551615,Never,0.09375,0,False,False,False
0x1647a2b80,SM_WRE_NC_ROCK_V2_L09_LOD01,Buffer,"[""unused-device-resources-0x10a80c000""]",,,,,,,,,,,,,98304,requested_buffer_length,2,3,18446744073709551615,Never,0.09375,0,False,False,False
0x1647a8480,SM_WRE_NC_WOOD_V2_L09_LOD01,Buffer,"[""unused-device-resources-0x10a80c000""]",,,,,,,,,,,,,98304,requested_buffer_length,2,3,18446744073709551615,Never,0.09375,0,False,False,False
0x169489800,SM_EAST_GROTTO_A0_LOD03,Buffer,"[""unused-device-resources-0x10a80c000""]",,,,,,,,,,,,,98304,requested_buffer_length,2,3,5733130625,Earlier,0.09375,0,False,False,False
0x16ee33300,M_BN_CN_MFARMER1_LD03_A,Buffer,"[""unused-device-resources-0x10a80c000""]",,,,,,,,,,,,,98304,requested_buffer_length,2,3,18446744073709551615,Never,0.09375,0,False,False,False
0x169491680,SM_CN_HOSPITAL_A2_LOD03,Buffer,"[""unused-device-resources-0x10a80c000""]",,,,,,,,,,,,,98304,requested_buffer_length,2,3,5733027958,Earlier,0.09375,0,False,False,False
0x169491980,SM_CN_TAVERN_A2_LOD03,Buffer,"[""unused-device-resources-0x10a80c000""]",,,,,,,,,,,,,98304,requested_buffer_length,2,3,18446744073709551615,Never,0.09375,0,False,False,False
0x13dc1c500,T_MarchLine_D3,Texture,"[""unused-device-resources-0x10a80c000""]",81,2,190,256,512,1,1,1,1,A956A35128462509,0,Shared,98304,recorded_allocated_size,2,2,18446744073709551615,Never,0.09375,0,False,False,False
0x15e729e00,T_FX_Noise_105_cwh,Texture,"[""unused-device-resources-0x10a80c000""]",81,2,190,256,256,1,9,1,1,FB187A2684F5CF6A,0,Shared,98304,recorded_allocated_size,2,2,18446744073709551615,Never,0.09375,0,False,False,False
0x164869680,T_WRE_NC_FRAMLANDA01_V2_L11_DA,Texture,"[""unused-device-resources-0x10a80c000""]",81,2,190,256,256,1,9,1,1,B5C3F38BB2E94A42,0,Shared,98304,recorded_allocated_size,2,2,18446744073709551615,Never,0.09375,0,False,False,False
0x164869900,T_WRE_NC_FRAMLANDA01_V2_L11_NRT,Texture,"[""unused-device-resources-0x10a80c000""]",81,2,208,256,256,1,9,1,1,DC2D4196ABB8ADC1,0,Shared,98304,recorded_allocated_size,2,2,18446744073709551615,Never,0.09375,0,False,False,False
0x164869e00,T_WRE_NC_GOLD_V2_L09_DA,Texture,"[""unused-device-resources-0x10a80c000""]",81,2,190,256,256,1,9,1,1,A2089322517ACF6,0,Shared,98304,recorded_allocated_size,2,2,18446744073709551615,Never,0.09375,0,False,False,False
0x16486a300,T_WRE_NC_GOLD_V2_L09_NRT,Texture,"[""unused-device-resources-0x10a80c000""]",81,2,208,256,256,1,9,1,1,F8A693D01BE1AA87,0,Shared,98304,recorded_allocated_size,2,2,18446744073709551615,Never,0.09375,0,False,False,False
0x16486a580,T_TEST_L03_DA,Texture,"[""unused-device-resources-0x10a80c000""]",81,2,190,256,256,1,9,1,1,84BD73DA68B562D2,0,Shared,98304,recorded_allocated_size,2,2,18446744073709551615,Never,0.09375,0,False,False,False
0x16486a800,T_TEST_L03_NRT,Texture,"[""unused-device-resources-0x10a80c000""]",81,2,208,256,256,1,9,1,1,3C92A8614441FE3C,0,Shared,98304,recorded_allocated_size,2,2,18446744073709551615,Never,0.09375,0,False,False,False
0x16486aa80,T_WRE_NC_GOLD_V2_L02_DA,Texture,"[""unused-device-resources-0x10a80c000""]",81,2,190,256,256,1,9,1,1,673252D56D2B21C0,0,Shared,98304,recorded_allocated_size,2,2,18446744073709551615,Never,0.09375,0,False,False,False
0x16486ad00,T_WRE_NC_GOLD_V2_L02_NRT,Texture,"[""unused-device-resources-0x10a80c000""]",81,2,208,256,256,1,9,1,1,5F08EA70C9C658CC,0,Shared,98304,recorded_allocated_size,2,2,18446744073709551615,Never,0.09375,0,False,False,False
0x16486af80,T_WRE_NC_GOLD_V2_L06_DA,Texture,"[""unused-device-resources-0x10a80c000""]",81,2,190,256,256,1,9,1,1,159F6C9382B4BCD3,0,Shared,98304,recorded_allocated_size,2,2,18446744073709551615,Never,0.09375,0,False,False,False
0x16486b200,T_WRE_NC_GOLD_V2_L06_NRT,Texture,"[""unused-device-resources-0x10a80c000""]",81,2,208,256,256,1,9,1,1,5A8F1F759337AB42,0,Shared,98304,recorded_allocated_size,2,2,18446744073709551615,Never,0.09375,0,False,False,False
0x16486b480,T_WRE_NC_GOLD_V2_L07_DA,Texture,"[""unused-device-resources-0x10a80c000""]",81,2,190,256,256,1,9,1,1,C583DD63C99AF7B6,0,Shared,98304,recorded_allocated_size,2,2,18446744073709551615,Never,0.09375,0,False,False,False
0x16486b700,T_WRE_NC_GOLD_V2_L07_NRT,Texture,"[""unused-device-resources-0x10a80c000""]",81,2,208,256,256,1,9,1,1,DB08B5A170169361,0,Shared,98304,recorded_allocated_size,2,2,18446744073709551615,Never,0.09375,0,False,False,False
0x16486b980,T_WRE_NC_GOLD_V2_L10_DA,Texture,"[""unused-device-resources-0x10a80c000""]",81,2,190,256,256,1,9,1,1,BB27FED26E3B47ED,0,Shared,98304,recorded_allocated_size,2,2,18446744073709551615,Never,0.09375,0,False,False,False
0x1659e8000,T_WRE_NC_GOLD_V2_L10_NRT,Texture,"[""unused-device-resources-0x10a80c000""]",81,2,208,256,256,1,9,1,1,9A538513CA11D906,0,Shared,98304,recorded_allocated_size,2,2,18446744073709551615,Never,0.09375,0,False,False,False
0x1659e8280,T_WRE_NC_ROCK_V2_L05_DA,Texture,"[""unused-device-resources-0x10a80c000""]",81,2,190,256,256,1,9,1,1,B6C761E60D04B614,0,Shared,98304,recorded_allocated_size,2,2,18446744073709551615,Never,0.09375,0,False,False,False
0x1659e8780,T_WRE_NC_ROCK_V2_L06_DA,Texture,"[""unused-device-resources-0x10a80c000""]",81,2,190,256,256,1,9,1,1,3B090884F90E6AB3,0,Shared,98304,recorded_allocated_size,2,2,18446744073709551615,Never,0.09375,0,False,False,False
0x1659e8a00,T_WRE_NC_ROCK_V2_L06_NRT,Texture,"[""unused-device-resources-0x10a80c000""]",81,2,208,256,256,1,9,1,1,841A0DD81DE97FF2,0,Shared,98304,recorded_allocated_size,2,2,18446744073709551615,Never,0.09375,0,False,False,False
0x16ee38c80,T_Decal_Dirt_Puddle_10_D,Texture,"[""unused-device-resources-0x10a80c000""]",81,2,190,256,256,1,9,1,1,2582ADDB4258143E,0,Shared,98304,recorded_allocated_size,2,2,18446744073709551615,Never,0.09375,0,False,False,False
0x1659e8f00,T_WRE_NC_ROCK_V2_L07_NRT,Texture,"[""unused-device-resources-0x10a80c000""]",81,2,208,256,256,1,9,1,1,B78E6B8BE094F34C,0,Shared,98304,recorded_allocated_size,2,2,18446744073709551615,Never,0.09375,0,False,False,False
0x1659e9180,T_WRE_NC_ROCK_V2_L09_DA,Texture,"[""unused-device-resources-0x10a80c000""]",81,2,190,256,256,1,9,1,1,589B97F2F25ADB7E,0,Shared,98304,recorded_allocated_size,2,2,18446744073709551615,Never,0.09375,0,False,False,False
0x1659e9400,T_WRE_NC_ROCK_V2_L09_NRT,Texture,"[""unused-device-resources-0x10a80c000""]",81,2,208,256,256,1,9,1,1,A949B66462249CBD,0,Shared,98304,recorded_allocated_size,2,2,18446744073709551615,Never,0.09375,0,False,False,False
0x16ee39400,T_FX_Flash_01_yellow,Texture,"[""unused-device-resources-0x10a80c000""]",81,2,208,256,256,1,9,1,1,5CDD9F90809C64F6,0,Shared,98304,recorded_allocated_size,2,2,18446744073709551615,Never,0.09375,0,False,False,False
0x1659e9900,T_WRE_NC_ROCK_V2_L10_NRT,Texture,"[""unused-device-resources-0x10a80c000""]",81,2,208,256,256,1,9,1,1,88005E834C2D0514,0,Shared,98304,recorded_allocated_size,2,2,18446744073709551615,Never,0.09375,0,False,False,False
0x16ee18f00,T_FX_UI_Mask_111b,Texture,"[""unused-device-resources-0x10a80c000""]",81,2,190,256,256,1,9,1,1,131FAEA1A0FF64EF,0,Shared,98304,recorded_allocated_size,2,2,18446744073709551615,Never,0.09375,0,False,False,False
0x1659e9e00,T_WRE_NC_ROCK_V2_L02_DA,Texture,"[""unused-device-resources-0x10a80c000""]",81,2,190,256,256,1,9,1,1,2D7F1B0E7B12646,0,Shared,98304,recorded_allocated_size,2,2,18446744073709551615,Never,0.09375,0,False,False,False
0x1659ea080,T_WRE_NC_ROCK_V2_L02_NRT,Texture,"[""unused-device-resources-0x10a80c000""]",81,2,208,256,256,1,9,1,1,BD5496E3C69F0F59,0,Shared,98304,recorded_allocated_size,2,2,18446744073709551615,Never,0.09375,0,False,False,False
0x1659ea800,T_WRE_NC_WOOD_V2_L02_DA,Texture,"[""unused-device-resources-0x10a80c000""]",81,2,190,256,256,1,9,1,1,74F2D1E271AE1D34,0,Shared,98304,recorded_allocated_size,2,2,18446744073709551615,Never,0.09375,0,False,False,False
0x1659eaa80,T_WRE_NC_WOOD_V2_L02_NRT,Texture,"[""unused-device-resources-0x10a80c000""]",81,2,208,256,256,1,9,1,1,AEC40287B10FD089,0,Shared,98304,recorded_allocated_size,2,2,18446744073709551615,Never,0.09375,0,False,False,False
0x1659ead00,T_WRE_NC_WOOD_V2_L04_DA,Texture,"[""unused-device-resources-0x10a80c000""]",81,2,190,256,256,1,9,1,1,AF8841504435C991,0,Shared,98304,recorded_allocated_size,2,2,18446744073709551615,Never,0.09375,0,False,False,False
0x1659eaf80,T_WRE_NC_WOOD_V2_L04_NRT,Texture,"[""unused-device-resources-0x10a80c000""]",81,2,208,256,256,1,9,1,1,869ACED014A772E,0,Shared,98304,recorded_allocated_size,2,2,18446744073709551615,Never,0.09375,0,False,False,False
0x1659eb200,T_WRE_NC_WOOD_V2_L05_DA,Texture,"[""unused-device-resources-0x10a80c000""]",81,2,190,256,256,1,9,1,1,74D6703799BD5E5A,0,Shared,98304,recorded_allocated_size,2,2,18446744073709551615,Never,0.09375,0,False,False,False
0x1659eb480,T_WRE_NC_WOOD_V2_L05_NRT,Texture,"[""unused-device-resources-0x10a80c000""]",81,2,208,256,256,1,9,1,1,5439504042A6F20D,0,Shared,98304,recorded_allocated_size,2,2,18446744073709551615,Never,0.09375,0,False,False,False
0x16ee1b480,T_worldcolorHUEGreen02_D,Texture,"[""unused-device-resources-0x10a80c000""]",81,2,190,256,256,1,9,1,1,9812702086D3EE99,0,Shared,98304,recorded_allocated_size,2,2,18446744073709551615,Never,0.09375,0,False,False,False
0x1659eb700,T_WRE_NC_WOOD_V2_L10_DA,Texture,"[""unused-device-resources-0x10a80c000""]",81,2,190,256,256,1,9,1,1,6327C43C58F93AC,0,Shared,98304,recorded_allocated_size,2,2,18446744073709551615,Never,0.09375,0,False,False,False
0x1659eb980,T_WRE_NC_WOOD_V2_L10_NRT,Texture,"[""unused-device-resources-0x10a80c000""]",81,2,208,256,256,1,9,1,1,F5DCA7C2D70CAA49,0,Shared,98304,recorded_allocated_size,2,2,18446744073709551615,Never,0.09375,0,False,False,False
0x165a20f00,T_WRE_NC_WOODDEACAL_V2_L03_DA,Texture,"[""unused-device-resources-0x10a80c000""]",81,2,190,256,256,1,9,1,1,E2F53DA974ABE7D4,0,Shared,98304,recorded_allocated_size,2,2,18446744073709551615,Never,0.09375,0,False,False,False
0x165a21180,T_WRE_NC_WOODDEACAL_V2_L03_NRT,Texture,"[""unused-device-resources-0x10a80c000""]",81,2,208,256,256,1,9,1,1,1EFDB3A4173C1B47,0,Shared,98304,recorded_allocated_size,2,2,18446744073709551615,Never,0.09375,0,False,False,False
0x165a21900,T_WRE_NC_DeacalB_V2_L02_D,Texture,"[""unused-device-resources-0x10a80c000""]",81,2,190,256,256,1,9,1,1,6AE60858ED253683,0,Shared,98304,recorded_allocated_size,2,2,18446744073709551615,Never,0.09375,0,False,False,False
0x165a21b80,T_WRE_NC_DeacalB_V2_L02_NRT,Texture,"[""unused-device-resources-0x10a80c000""]",81,2,208,256,256,1,9,1,1,4E336C499390E560,0,Shared,98304,recorded_allocated_size,2,2,18446744073709551615,Never,0.09375,0,False,False,False
0x13b3fa580,T_FX_Shape_Square22,Texture,"[""unused-device-resources-0x10a80c000""]",81,2,208,256,256,1,9,1,1,DF94D4DED82E051C,0,Shared,98304,recorded_allocated_size,2,2,18446744073709551615,Never,0.09375,0,False,False,False
0x13b3f9400,T_FX_FB_Smoke_Dust01,Texture,"[""unused-device-resources-0x10a80c000""]",81,2,218,512,512,1,10,1,1,8FF8514E0FBEC509,0,Shared,98304,recorded_allocated_size,2,2,18446744073709551615,Never,0.09375,0,False,False,False
0x13b3fb200,T_FX_FB_Generic_Bird01,Texture,"[""unused-device-resources-0x10a80c000""]",81,2,218,512,512,1,10,1,1,AA75AFBD70443F78,0,Shared,98304,recorded_allocated_size,2,2,2109758625,Earlier,0.09375,0,False,False,False
0x16a373480,T_FX_Mask_Noise11,Texture,"[""unused-device-resources-0x10a80c000""]",81,2,208,256,256,1,9,1,1,A1701A5A51252173,0,Shared,98304,recorded_allocated_size,2,2,18446744073709551615,Never,0.09375,0,False,False,False
0x16e886080,T_FX_Liquid_Splash01,Texture,"[""unused-device-resources-0x10a80c000""]",81,2,208,256,256,1,9,1,1,5FC8BAA72A430F21,0,Shared,98304,recorded_allocated_size,2,2,18446744073709551615,Never,0.09375,0,False,False,False
0x16e897c00,T_FX_Flash_05,Texture,"[""unused-device-resources-0x10a80c000""]",81,2,208,256,256,1,9,1,1,103D4A6BB5EAFB81,0,Shared,98304,recorded_allocated_size,2,2,18446744073709551615,Never,0.09375,0,False,False,False
0x16724a700,SM_WRE_NC_GOLDA_L04_LOD01,Buffer,"[""device-resources-0x10a80c000""]",,,,,,,,,,,,,81920,requested_buffer_length,2,3,0,Now,0.078125,0,False,True,True
0x16a376700,M_FR_WHARF_A4_LD02_A,Buffer,"[""device-resources-0x10a80c000""]",,,,,,,,,,,,,81920,requested_buffer_length,2,3,0,Now,0.078125,0,False,True,True
0x16948c280,N_SM_CN_VIPSHIP_A4_AT_C,Texture,"[""device-resources-0x10a80c000""]",81,2,115,82,48,1,1,1,1,36EC0A5B4260161A,0,Shared,81920,recorded_allocated_size,2,2,0,Now,0.078125,0,False,False,True
0x16948c500,N_SM_CN_VIPSHIP_A2_AT_C,Texture,"[""device-resources-0x10a80c000""]",81,2,115,82,45,1,1,1,1,D6F5889E9A864D27,0,Shared,81920,recorded_allocated_size,2,2,0,Now,0.078125,0,False,False,True
0x1647af780,SM_WRE_NC_GOLD_V2_L09_LOD02,Buffer,"[""unused-device-resources-0x10a80c000""]",,,,,,,,,,,,,81920,requested_buffer_length,2,3,18446744073709551615,Never,0.078125,0,False,False,False
0x1647a2280,SM_WRE_NC_ROCK_V2_L05_LOD01,Buffer,"[""unused-device-resources-0x10a80c000""]",,,,,,,,,,,,,81920,requested_buffer_length,2,3,18446744073709551615,Never,0.078125,0,False,False,False
0x1647aa700,SM_WRE_NC_GOLD_V2_L06_LOD01,Buffer,"[""unused-device-resources-0x10a80c000""]",,,,,,,,,,,,,81920,requested_buffer_length,2,3,18446744073709551615,Never,0.078125,0,False,False,False
0x1647ab900,SM_WRE_NC_FRAMLANDA01_V2_L07_LOD01,Buffer,"[""unused-device-resources-0x10a80c000""]",,,,,,,,,,,,,81920,requested_buffer_length,2,3,18446744073709551615,Never,0.078125,0,False,False,False
0x1647aeb80,SM_WRE_NC_GOLD_V2_L10_LOD02,Buffer,"[""unused-device-resources-0x10a80c000""]",,,,,,,,,,,,,81920,requested_buffer_length,2,3,18446744073709551615,Never,0.078125,0,False,False,False
0x13dc1de00,BitmapFont3_0,Texture,"[""unused-device-resources-0x10a80c000""]",81,2,70,128,128,1,1,1,1,8A82475C00A57E50,0,Shared,81920,recorded_allocated_size,2,2,8988546625,Earlier,0.078125,0,False,False,False
0x13dc1d180,Font Texture,Texture,"[""unused-device-resources-0x10a80c000""]",81,2,1,256,256,1,1,1,1,CCB323D788C21675,0,Shared,81920,recorded_allocated_size,2,2,75669819958,Earlier,0.078125,0,False,False,False
0x1672a5500,SM_FX_City_CN_WaterFall_Combine01,Buffer,"[""device-resources-0x10a80c000""]",,,,,,,,,,,,,65536,requested_buffer_length,2,3,0,Now,0.0625,0,False,True,True
0x1672a5800,SM_FX_City_CN_WaterFall_Combine02,Buffer,"[""device-resources-0x10a80c000""]",,,,,,,,,,,,,65536,requested_buffer_length,2,3,0,Now,0.0625,0,False,True,True
0x16948bc00,M_BChnC_01_LOD2_A,Buffer,"[""device-resources-0x10a80c000""]",,,,,,,,,,,,,65536,requested_buffer_length,2,3,0,Now,0.0625,0,False,True,True
0x169490c00,SM_CN_IRONMINE_A4_LOD03,Buffer,"[""device-resources-0x10a80c000""]",,,,,,,,,,,,,65536,requested_buffer_length,2,3,0,Now,0.0625,0,False,True,True
0x16949e400,SM_CN_WALL03_A3_LOD03,Buffer,"[""device-resources-0x10a80c000""]",,,,,,,,,,,,,65536,requested_buffer_length,2,3,0,Now,0.0625,0,False,True,True
0x1694cdf80,SM_CN_WALL10_A4_LOD03,Buffer,"[""device-resources-0x10a80c000""]",,,,,,,,,,,,,65536,requested_buffer_length,2,3,0,Now,0.0625,0,False,True,True
0x16f9e2880,SM_CN_GOLDMINE_A4_LOD03,Buffer,"[""device-resources-0x10a80c000""]",,,,,,,,,,,,,65536,requested_buffer_length,2,3,0,Now,0.0625,0,False,True,True
0x167243700,T_Waterbump_C,Texture,"[""device-resources-0x10a80c000""]",81,2,204,256,256,1,1,1,1,E2E019DC14D7DB29,0,Shared,65536,recorded_allocated_size,2,2,0,Now,0.0625,14,False,True,True
0x169485400,T_FX_Noise_109_cwh,Texture,"[""device-resources-0x10a80c000""]",81,2,190,256,256,1,1,1,1,E115239CA363B82B,0,Shared,65536,recorded_allocated_size,2,2,0,Now,0.0625,3,False,True,True
0x1647afa80,SM_WRE_NC_ROCK_V2_L09_LOD02,Buffer,"[""unused-device-resources-0x10a80c000""]",,,,,,,,,,,,,65536,requested_buffer_length,2,3,18446744073709551615,Never,0.0625,0,False,False,False
0x1647b0480,SM_WRE_NC_GOLD_V2_L06_LOD02,Buffer,"[""unused-device-resources-0x10a80c000""]",,,,,,,,,,,,,65536,requested_buffer_length,2,3,18446744073709551615,Never,0.0625,0,False,False,False
0x1694cd980,SM_CN_HEROSHRINE01BASE_A4_LOD02,Buffer,"[""unused-device-resources-0x10a80c000""]",,,,,,,,,,,,,65536,requested_buffer_length,2,3,6099370625,Earlier,0.0625,0,False,False,False
0x1694ce580,SM_CN_GARDEN_A2_LOD02,Buffer,"[""unused-device-resources-0x10a80c000""]",,,,,,,,,,,,,65536,requested_buffer_length,2,3,6099391958,Earlier,0.0625,0,False,False,False
0x16478dc80,SM_WRE_NC_WOOD_V2_L10_LOD03,Buffer,"[""unused-device-resources-0x10a80c000""]",,,,,,,,,,,,,65536,requested_buffer_length,2,3,18446744073709551615,Never,0.0625,0,False,False,False
0x16478ea00,SM_WRE_NC_FRAMLANDA01_V2_L11_LOD03,Buffer,"[""unused-device-resources-0x10a80c000""]",,,,,,,,,,,,,65536,requested_buffer_length,2,3,18446744073709551615,Never,0.0625,0,False,False,False
0x16478ed00,SM_WRE_NC_WOOD_V2_L09_LOD02,Buffer,"[""unused-device-resources-0x10a80c000""]",,,,,,,,,,,,,65536,requested_buffer_length,2,3,18446744073709551615,Never,0.0625,0,False,False,False
0x16f831800,M_BN_CN_FAT1_O_LD03_A,Buffer,"[""unused-device-resources-0x10a80c000""]",,,,,,,,,,,,,65536,requested_buffer_length,2,3,18446744073709551615,Never,0.0625,0,False,False,False
0x16fafc900,SM_CN_CASTLE_A4_LOD02,Buffer,"[""unused-device-resources-0x10a80c000""]",,,,,,,,,,,,,65536,requested_buffer_length,2,3,6383549291,Earlier,0.0625,0,False,False,False
0x16fafd800,SM_FX_GlowOffset_02,Buffer,"[""unused-device-resources-0x10a80c000""]",,,,,,,,,,,,,65536,requested_buffer_length,2,3,18446744073709551615,Never,0.0625,0,False,False,False
0x1647a9200,SM_WRE_NC_WOOD_V2_L10_LOD02,Buffer,"[""unused-device-resources-0x10a80c000""]",,,,,,,,,,,,,65536,requested_buffer_length,2,3,18446744073709551615,Never,0.0625,0,False,False,False
0x1647a9800,SM_WRE_NC_ROCK_V2_L10_LOD03,Buffer,"[""unused-device-resources-0x10a80c000""]",,,,,,,,,,,,,65536,requested_buffer_length,2,3,18446744073709551615,Never,0.0625,0,False,False,False
0x1647a9b00,SM_WRE_NC_WOOD_V2_L10_LOD01,Buffer,"[""unused-device-resources-0x10a80c000""]",,,,,,,,,,,,,65536,requested_buffer_length,2,3,18446744073709551615,Never,0.0625,0,False,False,False
0x1647a9e00,SM_WRE_NC_FRAMLANDA01_V2_L11_LOD02,Buffer,"[""unused-device-resources-0x10a80c000""]",,,,,,,,,,,,,65536,requested_buffer_length,2,3,18446744073709551615,Never,0.0625,0,False,False,False
0x17b186a00,M_CN_VIPSHIP_A2_LD04_A,Buffer,"[""unused-device-resources-0x10a80c000""]",,,,,,,,,,,,,65536,requested_buffer_length,2,3,18446744073709551615,Never,0.0625,0,False,False,False
0x17b187000,M_BChnC_01_LOD3_A,Buffer,"[""unused-device-resources-0x10a80c000""]",,,,,,,,,,,,,65536,requested_buffer_length,2,3,18446744073709551615,Never,0.0625,0,False,False,False
0x1647aad00,SM_WRE_NC_ROCK_V2_L06_LOD01,Buffer,"[""unused-device-resources-0x10a80c000""]",,,,,,,,,,,,,65536,requested_buffer_length,2,3,18446744073709551615,Never,0.0625,0,False,False,False
0x1647ab000,SM_WRE_NC_WOOD_V2_L09_LOD03,Buffer,"[""unused-device-resources-0x10a80c000""]",,,,,,,,,,,,,65536,requested_buffer_length,2,3,18446744073709551615,Never,0.0625,0,False,False,False
0x1647ad800,SM_WRE_NC_WOOD_V2_L07_LOD01,Buffer,"[""unused-device-resources-0x10a80c000""]",,,,,,,,,,,,,65536,requested_buffer_length,2,3,18446744073709551615,Never,0.0625,0,False,False,False
0x17e05df80,SM_CN_MTPROPS01_A3_LOD04,Buffer,"[""unused-device-resources-0x10a80c000""]",,,,,,,,,,,,,65536,requested_buffer_length,2,3,5733019958,Earlier,0.0625,0,False,False,False
0x17e05d980,M_BN_CN_FFARMER1_LD03_A,Buffer,"[""unused-device-resources-0x10a80c000""]",,,,,,,,,,,,,65536,requested_buffer_length,2,3,18446744073709551615,Never,0.0625,0,False,False,False
0x13dc1cf00,template_icon,Texture,"[""unused-device-resources-0x10a80c000""]",81,2,208,256,256,1,1,1,1,A4A7E8403F24E128,0,Shared,65536,recorded_allocated_size,2,2,18446744073709551615,Never,0.0625,0,False,False,False
0x17c171e00,BML_Mask1_1,Texture,"[""unused-device-resources-0x10a80c000""]",81,2,186,256,256,1,1,1,1,2870BBC6BEBA9A68,0,Shared,65536,recorded_allocated_size,2,2,18446744073709551615,Never,0.0625,0,False,False,False
0x16ee3a080,T_FX_UI_Light_006_clamp,Texture,"[""unused-device-resources-0x10a80c000""]",81,2,190,256,256,1,1,1,1,B82578A8AFDAC27,0,Shared,65536,recorded_allocated_size,2,2,18446744073709551615,Never,0.0625,0,False,False,False
0x16ee18780,T_FX_Noise_176_kgr,Texture,"[""unused-device-resources-0x10a80c000""]",81,2,190,256,256,1,1,1,1,6ABC46E122DDB3F3,0,Shared,65536,recorded_allocated_size,2,2,18446744073709551615,Never,0.0625,0,False,False,False
0x167249c80,SM_WRE_BG_GOLD_L04_LOD02,Buffer,"[""device-resources-0x10a80c000""]",,,,,,,,,,,,,49152,requested_buffer_length,2,3,0,Now,0.046875,0,False,True,True
0x16948a700,SM_NC_PROPSGROUP01_A0_LOD02,Buffer,"[""device-resources-0x10a80c000""]",,,,,,,,,,,,,49152,requested_buffer_length,2,3,0,Now,0.046875,0,False,True,True
0x169493600,M_CN_CENTER_A3_O_LD00_A,Buffer,"[""device-resources-0x10a80c000""]",,,,,,,,,,,,,49152,requested_buffer_length,2,3,0,Now,0.046875,0,False,True,True
0x16949ed00,SM_CN_CASTLE06_A4_LOD03,Buffer,"[""device-resources-0x10a80c000""]",,,,,,,,,,,,,49152,requested_buffer_length,2,3,0,Now,0.046875,0,False,True,True
0x1694cc300,SM_MOUNTAINTREE_02,Buffer,"[""device-resources-0x10a80c000""]",,,,,,,,,,,,,49152,requested_buffer_length,2,3,0,Now,0.046875,0,False,True,True
0x169567600,SM_CN_WALL01_A4_LOD03,Buffer,"[""device-resources-0x10a80c000""]",,,,,,,,,,,,,49152,requested_buffer_length,2,3,0,Now,0.046875,0,False,True,True
0x169567900,SM_CN_WALL03_A4_LOD03,Buffer,"[""device-resources-0x10a80c000""]",,,,,,,,,,,,,49152,requested_buffer_length,2,3,0,Now,0.046875,0,False,True,True
0x16a374780,SM_CN_WALL01_A3_LOD03,Buffer,"[""device-resources-0x10a80c000""]",,,,,,,,,,,,,49152,requested_buffer_length,2,3,0,Now,0.046875,0,False,True,True
0x16e88f600,SM_CN_HEROSHRINE04_A4_LOD03,Buffer,"[""device-resources-0x10a80c000""]",,,,,,,,,,,,,49152,requested_buffer_length,2,3,0,Now,0.046875,0,False,True,True
0x16e899200,SM_CN_CASTLE02_A4_LOD03,Buffer,"[""device-resources-0x10a80c000""]",,,,,,,,,,,,,49152,requested_buffer_length,2,3,0,Now,0.046875,0,False,True,True
0x16e89a580,SM_CN_HEROSHRINE02_A3_LOD03,Buffer,"[""device-resources-0x10a80c000""]",,,,,,,,,,,,,49152,requested_buffer_length,2,3,0,Now,0.046875,0,False,True,True
0x16e89b480,SM_NC_PROPS10B_A0_LOD02,Buffer,"[""device-resources-0x10a80c000""]",,,,,,,,,,,,,49152,requested_buffer_length,2,3,0,Now,0.046875,0,False,True,True
0x16f9e2100,SM_CN_CENTER_A4_LOD03,Buffer,"[""device-resources-0x10a80c000""]",,,,,,,,,,,,,49152,requested_buffer_length,2,3,0,Now,0.046875,0,False,True,True
0x16f9e2280,SM_CN_QIJI01_A3_LOD03,Buffer,"[""device-resources-0x10a80c000""]",,,,,,,,,,,,,49152,requested_buffer_length,2,3,0,Now,0.046875,0,False,True,True
0x17e05dc80,SM_CN_PROPS16_A3_LOD03,Buffer,"[""device-resources-0x10a80c000""]",,,,,,,,,,,,,49152,requested_buffer_length,2,3,0,Now,0.046875,0,False,True,True
0x17e05f780,SM_CN_PROPS12_A3_LOD03,Buffer,"[""device-resources-0x10a80c000""]",,,,,,,,,,,,,49152,requested_buffer_length,2,3,0,Now,0.046875,0,False,True,True
0x1712be580,SM_CN_PROPS15_A3_LOD03,Buffer,"[""device-resources-0x10a80c000""]",,,,,,,,,,,,,49152,requested_buffer_length,2,3,0,Now,0.046875,0,False,True,True
0x17e036e80,SM_CN_GARDEN_A2_LOD03,Buffer,"[""device-resources-0x10a80c000""]",,,,,,,,,,,,,49152,requested_buffer_length,2,3,0,Now,0.046875,0,False,True,True
0x17e035b00,SM_CN_HEROSHRINE01BASE_A4_LOD03,Buffer,"[""device-resources-0x10a80c000""]",,,,,,,,,,,,,49152,requested_buffer_length,2,3,0,Now,0.046875,0,False,True,True
0x16727f980,T_CN_FLAG04UV1_A2_VA,Texture,"[""device-resources-0x10a80c000""]",81,2,115,30,101,1,1,1,1,F9CB83A444AC663B,0,Shared,49152,recorded_allocated_size,2,2,0,Now,0.046875,0,False,False,True
0x169495900,N_CN_CENTER_A3_O_AT_C,Texture,"[""device-resources-0x10a80c000""]",81,2,115,34,45,1,1,1,1,3A243014D6F4FDAB,0,Shared,49152,recorded_allocated_size,2,2,0,Now,0.046875,0,False,False,True
0x16a373200,T_FX_Liquid_WaterFall04,Texture,"[""device-resources-0x10a80c000""]",81,2,208,128,256,1,9,1,1,3843B56E78096063,0,Shared,49152,recorded_allocated_size,2,2,0,Now,0.046875,1,False,True,True
0x16e884500,T_FX_Liquid_WaterFall05,Texture,"[""device-resources-0x10a80c000""]",81,2,208,128,256,1,9,1,1,4431B4DAC928AFB3,0,Shared,49152,recorded_allocated_size,2,2,0,Now,0.046875,3,False,True,True
0x16e886a80,T_FX_FB_Generic_Leaf03,Texture,"[""device-resources-0x10a80c000""]",81,2,218,512,256,1,10,1,1,E191DA06BF07623B,0,Shared,49152,recorded_allocated_size,2,2,0,Now,0.046875,0,False,False,True
0x16e896a80,T_WaterNoise03_C,Texture,"[""device-resources-0x10a80c000""]",81,2,163,256,256,1,6,1,1,3845B0BCC14CBBAE,0,Shared,49152,recorded_allocated_size,2,2,0,Now,0.046875,1,False,True,True
0x15e729680,T_FX_FB_Fire_10,Texture,"[""device-resources-0x10a80c000""]",81,2,212,512,256,1,10,1,1,4B0C9F268F42505F,0,Shared,49152,recorded_allocated_size,2,2,0,Now,0.046875,0,False,False,True
0x15e729400,T_FX_FB_Fire_11,Texture,"[""device-resources-0x10a80c000""]",81,2,218,512,256,1,10,1,1,3DA2727C075E123B,0,Shared,49152,recorded_allocated_size,2,2,0,Now,0.046875,0,False,False,True
0x16ee4aa80,Game_TMP_RT_16,Texture,"[""device-resources-0x10a80c000""]",81,2,92,121,56,1,1,1,1,148C5B805D5E816F,0,Shared,49152,recorded_allocated_size,2,0,0,Now,0.046875,2,True,True,True
0x16ee4b480,Game_RT_16,Texture,"[""device-resources-0x10a80c000""]",81,2,92,121,56,1,1,1,1,7D1BCF9505BEC700,0,Shared,49152,recorded_allocated_size,2,0,0,Now,0.046875,1,True,True,True
0x17c170c80,T_FX_Mask_59,Texture,"[""device-resources-0x10a80c000""]",81,2,208,128,256,1,9,1,1,424BFE3F62CEDB93,0,Shared,49152,recorded_allocated_size,2,2,0,Now,0.046875,18,False,True,True
0x17c171180,T_FX_Flash_53_cwh,Texture,"[""device-resources-0x10a80c000""]",81,2,190,256,128,1,9,1,1,DA6A2D74C015EFFF,0,Shared,49152,recorded_allocated_size,2,2,0,Now,0.046875,0,False,False,True
0x16ee3b200,T_FX_UI_Mask_015,Texture,"[""device-resources-0x10a80c000""]",81,2,163,256,256,1,6,1,1,A8D7EF151F8BF7A7,0,Shared,49152,recorded_allocated_size,2,2,0,Now,0.046875,2,False,True,True
0x1647b0180,SM_WRE_NC_ROCK_V2_L09_LOD03,Buffer,"[""unused-device-resources-0x10a80c000""]",,,,,,,,,,,,,49152,requested_buffer_length,2,3,18446744073709551615,Never,0.046875,0,False,False,False
0x1694cdc80,SM_CN_HEROSHRINE01BASE_A2_LOD02,Buffer,"[""unused-device-resources-0x10a80c000""]",,,,,,,,,,,,,49152,requested_buffer_length,2,3,6099386625,Earlier,0.046875,0,False,False,False
0x1694ceb80,SM_FR_BRIDGE_A3_LOD03,Buffer,"[""unused-device-resources-0x10a80c000""]",,,,,,,,,,,,,49152,requested_buffer_length,2,3,5733102625,Earlier,0.046875,0,False,False,False
0x1694cf780,SM_CN_TEN02B_A1_LOD02,Buffer,"[""unused-device-resources-0x10a80c000""]",,,,,,,,,,,,,49152,requested_buffer_length,2,3,18446744073709551615,Never,0.046875,0,False,False,False
0x1191f3a80,SM_WRE_NC_FRAMLANDA01_V2_L08_LOD01,Buffer,"[""unused-device-resources-0x10a80c000""]",,,,,,,,,,,,,49152,requested_buffer_length,2,3,18446744073709551615,Never,0.046875,0,False,False,False
0x16724a100,SM_WRE_BG_ROCK02_L04_LOD02,Buffer,"[""unused-device-resources-0x10a80c000""]",,,,,,,,,,,,,49152,requested_buffer_length,2,3,6602417291,Earlier,0.046875,0,False,False,False
0x16478d080,SM_WRE_NC_FRAMLANDA01_V2_L07_LOD02,Buffer,"[""unused-device-resources-0x10a80c000""]",,,,,,,,,,,,,49152,requested_buffer_length,2,3,18446744073709551615,Never,0.046875,0,False,False,False
0x16478d380,SM_WRE_NC_FRAMLANDA01_V2_L08_LOD02,Buffer,"[""unused-device-resources-0x10a80c000""]",,,,,,,,,,,,,49152,requested_buffer_length,2,3,18446744073709551615,Never,0.046875,0,False,False,False
0x16478d980,SM_WRE_NC_ROCK_V2_L07_LOD01,Buffer,"[""unused-device-resources-0x10a80c000""]",,,,,,,,,,,,,49152,requested_buffer_length,2,3,18446744073709551615,Never,0.046875,0,False,False,False
0x16e898000,SM_CN_ATOWER_A4_LOD04,Buffer,"[""unused-device-resources-0x10a80c000""]",,,,,,,,,,,,,49152,requested_buffer_length,2,3,5732990625,Earlier,0.046875,0,False,False,False
0x16478e100,SM_WRE_NC_ROCK_V2_L06_LOD02,Buffer,"[""unused-device-resources-0x10a80c000""]",,,,,,,,,,,,,49152,requested_buffer_length,2,3,18446744073709551615,Never,0.046875,0,False,False,False
0x1647a0300,SM_WRE_NC_WOOD_V2_L08_LOD03,Buffer,"[""unused-device-resources-0x10a80c000""]",,,,,,,,,,,,,49152,requested_buffer_length,2,3,18446744073709551615,Never,0.046875,0,False,False,False
0x1647b6280,SM_CN_HALLOFWAR_A4_LOD02,Buffer,"[""unused-device-resources-0x10a80c000""]",,,,,,,,,,,,,49152,requested_buffer_length,2,3,6458342625,Earlier,0.046875,0,False,False,False
0x1647a1c80,SM_WRE_NC_GOLD_V2_L09_LOD03,Buffer,"[""unused-device-resources-0x10a80c000""]",,,,,,,,,,,,,49152,requested_buffer_length,2,3,18446744073709551615,Never,0.046875,0,False,False,False
0x16fafc300,SM_CN_SCHOOL_A4_LOD02,Buffer,"[""unused-device-resources-0x10a80c000""]",,,,,,,,,,,,,49152,requested_buffer_length,2,3,6383561291,Earlier,0.046875,0,False,False,False
0x1647a9500,SM_WRE_NC_WOOD_V2_L08_LOD01,Buffer,"[""unused-device-resources-0x10a80c000""]",,,,,,,,,,,,,49152,requested_buffer_length,2,3,18446744073709551615,Never,0.046875,0,False,False,False
0x16ee47900,SM_MountHuangA_02_City_LOD2,Buffer,"[""unused-device-resources-0x10a80c000""]",,,,,,,,,,,,,49152,requested_buffer_length,2,3,7081011958,Earlier,0.046875,0,False,False,False
0x1647ab300,SM_WRE_NC_ROCK_V2_L05_LOD02,Buffer,"[""unused-device-resources-0x10a80c000""]",,,,,,,,,,,,,49152,requested_buffer_length,2,3,18446744073709551615,Never,0.046875,0,False,False,False
0x1647ac000,SM_WRE_NC_GOLD_V2_L10_LOD03,Buffer,"[""unused-device-resources-0x10a80c000""]",,,,,,,,,,,,,49152,requested_buffer_length,2,3,18446744073709551615,Never,0.046875,0,False,False,False
0x1647ac300,SM_WRE_NC_FRAMLANDA01_V2_L08_LOD03,Buffer,"[""unused-device-resources-0x10a80c000""]",,,,,,,,,,,,,49152,requested_buffer_length,2,3,18446744073709551615,Never,0.046875,0,False,False,False
0x1647acc00,SM_WRE_NC_GOLD_V2_L07_LOD01,Buffer,"[""unused-device-resources-0x10a80c000""]",,,,,,,,,,,,,49152,requested_buffer_length,2,3,18446744073709551615,Never,0.046875,0,False,False,False
0x17e034a80,SM_CN_WALL01_A4_LOD04,Buffer,"[""unused-device-resources-0x10a80c000""]",,,,,,,,,,,,,49152,requested_buffer_length,2,3,5733250625,Earlier,0.046875,0,False,False,False
0x169493900,SM_CN_PROPS16_A3_LOD02,Buffer,"[""unused-device-resources-0x10a80c000""]",,,,,,,,,,,,,49152,requested_buffer_length,2,3,6149178625,Earlier,0.046875,0,False,False,False
0x142927300,SM_CN_PROPS15_A3_LOD02,Buffer,"[""unused-device-resources-0x10a80c000""]",,,,,,,,,,,,,49152,requested_buffer_length,2,3,6123105291,Earlier,0.046875,0,False,False,False
0x16949c180,SM_CN_PROPS10_A3_LOD02,Buffer,"[""unused-device-resources-0x10a80c000""]",,,,,,,,,,,,,49152,requested_buffer_length,2,3,6198270625,Earlier,0.046875,0,False,False,False
0x16949cd80,SM_CN_PROPS11_A3_LOD02,Buffer,"[""unused-device-resources-0x10a80c000""]",,,,,,,,,,,,,49152,requested_buffer_length,2,3,6123118625,Earlier,0.046875,0,False,False,False
0x17e05c900,SM_CN_PROPS12_A3_LOD04,Buffer,"[""unused-device-resources-0x10a80c000""]",,,,,,,,,,,,,49152,requested_buffer_length,2,3,5733003958,Earlier,0.046875,0,False,False,False
0x16949d680,SM_CN_PROPS12_A3_LOD02,Buffer,"[""unused-device-resources-0x10a80c000""]",,,,,,,,,,,,,49152,requested_buffer_length,2,3,6123113291,Earlier,0.046875,0,False,False,False
0x17e037c00,SM_CN_PROPS15_A3_LOD04,Buffer,"[""unused-device-resources-0x10a80c000""]",,,,,,,,,,,,,49152,requested_buffer_length,2,3,5732993291,Earlier,0.046875,0,False,False,False
0x1647ae580,SM_WRE_NC_WOOD_V2_L04_LOD01,Buffer,"[""unused-device-resources-0x10a80c000""]",,,,,,,,,,,,,49152,requested_buffer_length,2,3,18446744073709551615,Never,0.046875,0,False,False,False
0x1647ae880,SM_WRE_NC_WOOD_V2_L08_LOD02,Buffer,"[""unused-device-resources-0x10a80c000""]",,,,,,,,,,,,,49152,requested_buffer_length,2,3,18446744073709551615,Never,0.046875,0,False,False,False
0x16ee30480,,Buffer,"[""unused-device-resources-0x10a80c000""]",,,,,,,,,,,,,49152,requested_buffer_length,2,3,33410625,Earlier,0.046875,0,False,False,False
0x16ee3e280,,Buffer,"[""unused-device-resources-0x10a80c000""]",,,,,,,,,,,,,49152,requested_buffer_length,2,3,106625,Earlier,0.046875,0,False,False,False
0x16ee3a800,T_FX_UI_Ink_001_xst,Texture,"[""unused-device-resources-0x10a80c000""]",81,2,166,256,256,1,6,1,1,E2E3BE6066BF97A6,0,Shared,49152,recorded_allocated_size,2,2,18446744073709551615,Never,0.046875,0,False,False,False
0x16ee3b980,T_FX_UI_Mask_002b,Texture,"[""unused-device-resources-0x10a80c000""]",81,2,162,256,256,1,6,1,1,4A6618A15FBBB929,0,Shared,49152,recorded_allocated_size,2,2,18446744073709551615,Never,0.046875,0,False,False,False
0x119250000,UnityNHxRoughness,Texture,"[""unused-device-resources-0x10a80c000""]",81,2,20,256,64,1,1,1,1,FE082DF7014C4EE,0,Shared,49152,recorded_allocated_size,2,2,76026539958,Earlier,0.046875,0,False,False,False
0x16ee3db00,,Buffer,"[""capture""]",,,,,,,,,,,,,49152,requested_buffer_length,,,,,0.046875,0,False,True,False
0x142927000,SM_Water_Plane_LOD2,Buffer,"[""device-resources-0x10a80c000""]",,,,,,,,,,,,,32768,requested_buffer_length,2,3,0,Now,0.03125,0,False,True,True
0x167249f80,SM_WRE_BG_GOLD_L02_LOD02,Buffer,"[""device-resources-0x10a80c000""]",,,,,,,,,,,,,32768,requested_buffer_length,2,3,0,Now,0.03125,0,False,True,True
0x16724aa00,SM_WRE_NC_GOLDA_L05_LOD02,Buffer,"[""device-resources-0x10a80c000""]",,,,,,,,,,,,,32768,requested_buffer_length,2,3,0,Now,0.03125,0,False,True,True
0x16724ad00,SM_WRE_NC_ROCKA_L05_LOD02,Buffer,"[""device-resources-0x10a80c000""]",,,,,,,,,,,,,32768,requested_buffer_length,2,3,0,Now,0.03125,0,False,True,True
0x167264a80,SM_MountHuangA_01_City_LOD3,Buffer,"[""device-resources-0x10a80c000""]",,,,,,,,,,,,,32768,requested_buffer_length,2,3,0,Now,0.03125,0,False,True,True
0x167265080,SM_MountHuangA_02_City_LOD3,Buffer,"[""device-resources-0x10a80c000""]",,,,,,,,,,,,,32768,requested_buffer_length,2,3,0,Now,0.03125,0,False,True,True
0x167265c80,SM_MountHuangB_02_City_LOD3,Buffer,"[""device-resources-0x10a80c000""]",,,,,,,,,,,,,32768,requested_buffer_length,2,3,0,Now,0.03125,0,False,True,True
0x167266880,SM_Rock_15,Buffer,"[""device-resources-0x10a80c000""]",,,,,,,,,,,,,32768,requested_buffer_length,2,3,0,Now,0.03125,0,False,True,True
0x1672a5200,SM_FX_City_CN_WaterFall_Combine03,Buffer,"[""device-resources-0x10a80c000""]",,,,,,,,,,,,,32768,requested_buffer_length,2,3,0,Now,0.03125,0,False,True,True
0x1672a5680,SM_FX_City_CN_WaterFall_Combine01,Buffer,"[""device-resources-0x10a80c000""]",,,,,,,,,,,,,32768,requested_buffer_length,2,3,0,Now,0.03125,0,False,True,True
0x1672a5980,SM_FX_City_CN_WaterFall_Combine02,Buffer,"[""device-resources-0x10a80c000""]",,,,,,,,,,,,,32768,requested_buffer_length,2,3,0,Now,0.03125,0,False,True,True
0x1672a7000,SM_FlagFranceFeudal_01,Buffer,"[""device-resources-0x10a80c000""]",,,,,,,,,,,,,32768,requested_buffer_length,2,3,0,Now,0.03125,0,False,True,True
0x1672a7d80,SM_LavaDecal_03,Buffer,"[""device-resources-0x10a80c000""]",,,,,,,,,,,,,32768,requested_buffer_length,2,3,0,Now,0.03125,0,False,True,True
0x169488780,T2_EditableRoad_meshes,Buffer,"[""device-resources-0x10a80c000""]",,,,,,,,,,,,,32768,requested_buffer_length,2,3,0,Now,0.03125,0,False,True,True
0x16948a100,SM_NC_PROPSGROUP03A_A0_LOD02,Buffer,"[""device-resources-0x10a80c000""]",,,,,,,,,,,,,32768,requested_buffer_length,2,3,0,Now,0.03125,0,False,True,True
0x16948a400,SM_NC_PROPSGROUP05A_A0_LOD02,Buffer,"[""device-resources-0x10a80c000""]",,,,,,,,,,,,,32768,requested_buffer_length,2,3,0,Now,0.03125,0,False,True,True
0x169490900,SM_ChinaCityTree_02,Buffer,"[""device-resources-0x10a80c000""]",,,,,,,,,,,,,32768,requested_buffer_length,2,3,0,Now,0.03125,0,False,True,True
0x16949f300,SM_CN_PROPS01_A4_LOD03,Buffer,"[""device-resources-0x10a80c000""]",,,,,,,,,,,,,32768,requested_buffer_length,2,3,0,Now,0.03125,0,False,True,True
0x169566280,SM_CN_HEROSHRINE01_A4_LOD03,Buffer,"[""device-resources-0x10a80c000""]",,,,,,,,,,,,,32768,requested_buffer_length,2,3,0,Now,0.03125,0,False,True,True
0x169566700,SM_PropsScaffold_LOD2,Buffer,"[""device-resources-0x10a80c000""]",,,,,,,,,,,,,32768,requested_buffer_length,2,3,0,Now,0.03125,0,False,True,True
0x169566a00,SM_CN_WALL02_A4_LOD03,Buffer,"[""device-resources-0x10a80c000""]",,,,,,,,,,,,,32768,requested_buffer_length,2,3,0,Now,0.03125,0,False,True,True
0x1672a6880,SM_CN_WALL08_A4_LOD03,Buffer,"[""device-resources-0x10a80c000""]",,,,,,,,,,,,,32768,requested_buffer_length,2,3,0,Now,0.03125,0,False,True,True
0x16a374a80,SM_NC_WHARF01_A2_LOD03,Buffer,"[""device-resources-0x10a80c000""]",,,,,,,,,,,,,32768,requested_buffer_length,2,3,0,Now,0.03125,0,False,True,True
0x16e89ae80,SM_CN_WEAPONRACK02_A3_LOD01,Buffer,"[""device-resources-0x10a80c000""]",,,,,,,,,,,,,32768,requested_buffer_length,2,3,0,Now,0.03125,0,False,True,True
0x16e89b780,SM_Props10_b001_MorphUV2_MorphExport,Buffer,"[""device-resources-0x10a80c000""]",,,,,,,,,,,,,32768,requested_buffer_length,2,3,0,Now,0.03125,0,False,True,True
0x16f831e00,SM_CN_HOUSE01_A4_LOD03,Buffer,"[""device-resources-0x10a80c000""]",,,,,,,,,,,,,32768,requested_buffer_length,2,3,0,Now,0.03125,0,False,True,True
0x16f832580,SM_CN_HOUSE02_A4_LOD03,Buffer,"[""device-resources-0x10a80c000""]",,,,,,,,,,,,,32768,requested_buffer_length,2,3,0,Now,0.03125,0,False,True,True
0x16f833c00,SM_HallOfWarChinaCastle_Flag001_MorphUV2_MorphExport,Buffer,"[""device-resources-0x10a80c000""]",,,,,,,,,,,,,32768,requested_buffer_length,2,3,0,Now,0.03125,0,False,True,True
0x16f9e0000,SM_StableChinaCastle_Flag001_MorphUV2_MorphExport,Buffer,"[""device-resources-0x10a80c000""]",,,,,,,,,,,,,32768,requested_buffer_length,2,3,0,Now,0.03125,0,False,True,True
0x16f9e0780,SM_CN_STABLE_A4_LOD03,Buffer,"[""device-resources-0x10a80c000""]",,,,,,,,,,,,,32768,requested_buffer_length,2,3,0,Now,0.03125,0,False,True,True
0x16f9e1200,M_CN_MILL_A4_O2_LD02_A,Buffer,"[""device-resources-0x10a80c000""]",,,,,,,,,,,,,32768,requested_buffer_length,2,3,0,Now,0.03125,0,False,True,True
0x16f9e1980,SM_CN_LUMBER_A4_LOD03,Buffer,"[""device-resources-0x10a80c000""]",,,,,,,,,,,,,32768,requested_buffer_length,2,3,0,Now,0.03125,0,False,True,True
0x16f9e1c80,M_CN_LUMBERLOG_A4_LD03_A,Buffer,"[""device-resources-0x10a80c000""]",,,,,,,,,,,,,32768,requested_buffer_length,2,3,0,Now,0.03125,0,False,True,True
0x16f9e2700,SM_CN_QIJI02_A3_LOD03,Buffer,"[""device-resources-0x10a80c000""]",,,,,,,,,,,,,32768,requested_buffer_length,2,3,0,Now,0.03125,0,False,True,True
0x16faffd80,SM_Zhenye03_LOD1,Buffer,"[""device-resources-0x10a80c000""]",,,,,,,,,,,,,32768,requested_buffer_length,2,3,0,Now,0.03125,0,False,True,True
0x16edec180,SM_ChinaCityTree_03_LOD1,Buffer,"[""device-resources-0x10a80c000""]",,,,,,,,,,,,,32768,requested_buffer_length,2,3,0,Now,0.03125,0,False,True,True
0x1712bee80,SM_WRE_BG_ROCK02_L04_LOD03,Buffer,"[""device-resources-0x10a80c000""]",,,,,,,,,,,,,32768,requested_buffer_length,2,3,0,Now,0.03125,0,False,True,True
0x16ee3d380,SM_CN_HALLOFWAR_A4_LOD03,Buffer,"[""device-resources-0x10a80c000""]",,,,,,,,,,,,,32768,requested_buffer_length,2,3,0,Now,0.03125,0,False,True,True
0x17b187d80,SM_CN_SCHOOL_A4_LOD03,Buffer,"[""device-resources-0x10a80c000""]",,,,,,,,,,,,,32768,requested_buffer_length,2,3,0,Now,0.03125,0,False,True,True
0x17b187780,SM_CN_CASTLE_A4_LOD03,Buffer,"[""device-resources-0x10a80c000""]",,,,,,,,,,,,,32768,requested_buffer_length,2,3,0,Now,0.03125,0,False,True,True
0x17e034780,SM_CN_WALL11_A4_LOD03,Buffer,"[""device-resources-0x10a80c000""]",,,,,,,,,,,,,32768,requested_buffer_length,2,3,0,Now,0.03125,0,False,True,True
0x16ee30600,SM_CN_WALL09_A4_LOD03,Buffer,"[""device-resources-0x10a80c000""]",,,,,,,,,,,,,32768,requested_buffer_length,2,3,0,Now,0.03125,0,False,True,True
0x16edeed00,SM_CN_BRIDGE02_A4_LOD03,Buffer,"[""device-resources-0x10a80c000""]",,,,,,,,,,,,,32768,requested_buffer_length,2,3,0,Now,0.03125,0,False,True,True
0x17e05c180,SM_CN_BRIDGE01_A4_LOD03,Buffer,"[""device-resources-0x10a80c000""]",,,,,,,,,,,,,32768,requested_buffer_length,2,3,0,Now,0.03125,0,False,True,True
0x17e05e580,SM_CN_PROPS10_A3_LOD03,Buffer,"[""device-resources-0x10a80c000""]",,,,,,,,,,,,,32768,requested_buffer_length,2,3,0,Now,0.03125,0,False,True,True
0x17e05fd80,SM_CN_PROPS11_A3_LOD03,Buffer,"[""device-resources-0x10a80c000""]",,,,,,,,,,,,,32768,requested_buffer_length,2,3,0,Now,0.03125,0,False,True,True
0x16ee44c00,SM_CN_PROPS13_A3_LOD03,Buffer,"[""device-resources-0x10a80c000""]",,,,,,,,,,,,,32768,requested_buffer_length,2,3,0,Now,0.03125,0,False,True,True
0x17e035e00,SM_CN_HEROSHRINE01BASE_A2_LOD03,Buffer,"[""device-resources-0x10a80c000""]",,,,,,,,,,,,,32768,requested_buffer_length,2,3,0,Now,0.03125,0,False,True,True
0x167242300,T_FX_FB_Generic_Leaf01,Texture,"[""device-resources-0x10a80c000""]",81,2,218,512,128,1,10,1,1,9AF793CA00E14089,0,Shared,32768,recorded_allocated_size,2,2,0,Now,0.03125,0,False,False,True
0x169486a80,T_Decal_Dirt_Puddle_10a_D,Texture,"[""device-resources-0x10a80c000""]",81,2,190,128,128,1,8,1,1,159468CC0A1A0122,0,Shared,32768,recorded_allocated_size,2,2,0,Now,0.03125,5,False,True,True
0x169486d00,T_Decal_Dirt_Puddle_10a_NRT,Texture,"[""device-resources-0x10a80c000""]",81,2,208,128,128,1,8,1,1,88CEEAC5F17FC20D,0,Shared,32768,recorded_allocated_size,2,2,0,Now,0.03125,5,False,True,True
0x1694a6080,T_WORLDBUSH_01_NRA,Texture,"[""device-resources-0x10a80c000""]",81,2,208,128,128,1,8,1,1,AA93AE5DF9B44D28,0,Shared,32768,recorded_allocated_size,2,2,0,Now,0.03125,1,False,True,True
0x1694a6300,T_WORLDBUSH_01_DA,Texture,"[""device-resources-0x10a80c000""]",81,2,190,128,128,1,8,1,1,8B68954ED9D3BAA6,0,Shared,32768,recorded_allocated_size,2,2,0,Now,0.03125,1,False,True,True
0x16a372080,T_FX_Mask_44,Texture,"[""device-resources-0x10a80c000""]",81,2,208,128,128,1,8,1,1,DDCC0FD3F2D337A8,0,Shared,32768,recorded_allocated_size,2,2,0,Now,0.03125,1,False,True,True
0x16a372580,T_FX_Shape_Square16,Texture,"[""device-resources-0x10a80c000""]",81,2,190,128,128,1,8,1,1,AD807C951E6EF8E4,0,Shared,32768,recorded_allocated_size,2,2,0,Now,0.03125,4,False,True,True
0x16a372800,T_FX_Liquid_WaterFall01,Texture,"[""device-resources-0x10a80c000""]",81,2,208,128,128,1,8,1,1,189F90D6B50AEEB1,0,Shared,32768,recorded_allocated_size,2,2,0,Now,0.03125,2,False,True,True
0x16a372f80,T_FX_Noise_67,Texture,"[""device-resources-0x10a80c000""]",81,2,212,256,256,1,9,1,1,D438F897A0E60DFD,0,Shared,32768,recorded_allocated_size,2,2,0,Now,0.03125,46,False,True,True
0x16e887480,N_SM_CN_PROPS04_A4_O_AT_C,Texture,"[""device-resources-0x10a80c000""]",81,2,115,42,18,1,1,1,1,B399F7376911EAA,0,Shared,32768,recorded_allocated_size,2,2,0,Now,0.03125,0,False,False,True
0x16f9e8c80,T_FX_Noise_08,Texture,"[""device-resources-0x10a80c000""]",81,2,190,128,128,1,8,1,1,57298CCFD4EBE284,0,Shared,32768,recorded_allocated_size,2,2,0,Now,0.03125,0,False,False,True
0x16fb00f00,T_FX_Mask_46,Texture,"[""device-resources-0x10a80c000""]",81,2,208,128,128,1,8,1,1,79E5881CC82946C7,0,Shared,32768,recorded_allocated_size,2,2,0,Now,0.03125,0,False,False,True
0x16fb01680,T_FX_Mask_57,Texture,"[""device-resources-0x10a80c000""]",81,2,208,128,128,1,8,1,1,A0951013925CA651,0,Shared,32768,recorded_allocated_size,2,2,0,Now,0.03125,1,False,True,True
0x16fb03480,T_FX_Noise_36,Texture,"[""device-resources-0x10a80c000""]",81,2,208,128,128,1,8,1,1,FE21D294BFE6F915,0,Shared,32768,recorded_allocated_size,2,2,0,Now,0.03125,0,False,False,True
0x168874000,T_FX_Noise_115_cwh,Texture,"[""device-resources-0x10a80c000""]",81,2,208,128,128,1,8,1,1,AA53E94FD1908718,0,Shared,32768,recorded_allocated_size,2,2,0,Now,0.03125,1,False,True,True
0x17c170780,T_FX_Mask_19,Texture,"[""device-resources-0x10a80c000""]",81,2,208,128,128,1,8,1,1,1C87B5BEB5BA3696,0,Shared,32768,recorded_allocated_size,2,2,0,Now,0.03125,1,False,True,True
0x17c171400,T_FX_Noise_44,Texture,"[""device-resources-0x10a80c000""]",81,2,208,128,128,1,8,1,1,375FFB3967643246,0,Shared,32768,recorded_allocated_size,2,2,0,Now,0.03125,1,False,True,True
0x16ee3bc00,T_FX_UI_Noise_131,Texture,"[""device-resources-0x10a80c000""]",81,2,194,256,256,1,9,1,1,F8C6C139E1305E58,0,Shared,32768,recorded_allocated_size,2,2,0,Now,0.03125,0,False,False,True
0x16ee1aa80,T_FX_Noise_51,Texture,"[""device-resources-0x10a80c000""]",81,2,212,256,256,1,9,1,1,D193CCAE756CAE4,0,Shared,32768,recorded_allocated_size,2,2,0,Now,0.03125,2,False,True,True
0x1736ead00,T_BS_CN_PKEMN_L3_NRT,Texture,"[""device-resources-0x10a80c000""]",81,2,208,128,128,1,8,1,1,94A6332A5FF9CD30,0,Shared,32768,recorded_allocated_size,2,2,0,Now,0.03125,1,False,True,True
0x1736eaf80,T_BS_CN_PKEMN_L3_DA,Texture,"[""device-resources-0x10a80c000""]",81,2,190,128,128,1,8,1,1,1F4FBBD61ED76949,0,Shared,32768,recorded_allocated_size,2,2,0,Now,0.03125,1,False,True,True
0x1736fa800,T_BS_CN_CHANG_L3_DA,Texture,"[""device-resources-0x10a80c000""]",81,2,190,128,128,1,8,1,1,DF802F740A87EF97,0,Shared,32768,recorded_allocated_size,2,2,0,Now,0.03125,1,False,True,True
0x1736faa80,T_BS_CN_CHANG_L3_NRT,Texture,"[""device-resources-0x10a80c000""]",81,2,208,128,128,1,8,1,1,DEBC0215A02ACEF,0,Shared,32768,recorded_allocated_size,2,2,0,Now,0.03125,1,False,True,True
0x1647b1500,SM_WRE_NC_FRAMLANDA01_V2_L06_LOD01,Buffer,"[""unused-device-resources-0x10a80c000""]",,,,,,,,,,,,,32768,requested_buffer_length,2,3,18446744073709551615,Never,0.03125,0,False,False,False
0x1647b1b00,SM_WRE_NC_ROCK_V2_L05_LOD03,Buffer,"[""unused-device-resources-0x10a80c000""]",,,,,,,,,,,,,32768,requested_buffer_length,2,3,18446744073709551615,Never,0.03125,0,False,False,False
0x169564f00,SM_CN_WALL09_A4_LOD02,Buffer,"[""unused-device-resources-0x10a80c000""]",,,,,,,,,,,,,32768,requested_buffer_length,2,3,6266402625,Earlier,0.03125,0,False,False,False
0x169567c00,SM_CN_WALL11_A4_LOD02,Buffer,"[""unused-device-resources-0x10a80c000""]",,,,,,,,,,,,,32768,requested_buffer_length,2,3,6301271958,Earlier,0.03125,0,False,False,False
0x1647b5f80,EM_WaterFall_01,Buffer,"[""unused-device-resources-0x10a80c000""]",,,,,,,,,,,,,32768,requested_buffer_length,2,3,18446744073709551615,Never,0.03125,0,False,False,False
0x1647b7300,M_BA_FISHG2_LD00_A,Buffer,"[""unused-device-resources-0x10a80c000""]",,,,,,,,,,,,,32768,requested_buffer_length,2,3,18446744073709551615,Never,0.03125,0,False,False,False
0x1647b7600,M_BA_LION_LD00_A,Buffer,"[""unused-device-resources-0x10a80c000""]",,,,,,,,,,,,,32768,requested_buffer_length,2,3,18446744073709551615,Never,0.03125,0,False,False,False
0x1647b7900,M_BA_FISHG1_LD00_A,Buffer,"[""unused-device-resources-0x10a80c000""]",,,,,,,,,,,,,32768,requested_buffer_length,2,3,18446744073709551615,Never,0.03125,0,False,False,False
0x1191f2580,M_BA_SHEEP1_LD00_A,Buffer,"[""unused-device-resources-0x10a80c000""]",,,,,,,,,,,,,32768,requested_buffer_length,2,3,18446744073709551615,Never,0.03125,0,False,False,False
0x142927180,M_BA_DEER1_LD00_A,Buffer,"[""unused-device-resources-0x10a80c000""]",,,,,,,,,,,,,32768,requested_buffer_length,2,3,18446744073709551615,Never,0.03125,0,False,False,False
0x142926d00,SM_Rock_16,Buffer,"[""unused-device-resources-0x10a80c000""]",,,,,,,,,,,,,32768,requested_buffer_length,2,3,5733529291,Earlier,0.03125,0,False,False,False
0x16e88d080,SM_CN_BRIDGE01_A4_LOD02,Buffer,"[""unused-device-resources-0x10a80c000""]",,,,,,,,,,,,,32768,requested_buffer_length,2,3,6227022625,Earlier,0.03125,0,False,False,False
0x16e88d380,SM_CN_BRIDGE02_A4_LOD02,Buffer,"[""unused-device-resources-0x10a80c000""]",,,,,,,,,,,,,32768,requested_buffer_length,2,3,6227033291,Earlier,0.03125,0,False,False,False
0x16478c480,SM_WRE_NC_FRAMLANDA01_V2_L07_LOD03,Buffer,"[""unused-device-resources-0x10a80c000""]",,,,,,,,,,,,,32768,requested_buffer_length,2,3,18446744073709551615,Never,0.03125,0,False,False,False
0x16478ca80,SM_WRE_NC_WOOD_V2_L07_LOD02,Buffer,"[""unused-device-resources-0x10a80c000""]",,,,,,,,,,,,,32768,requested_buffer_length,2,3,18446744073709551615,Never,0.03125,0,False,False,False
0x16e89a100,SM_CN_BRIDGE04_A4_LOD02,Buffer,"[""unused-device-resources-0x10a80c000""]",,,,,,,,,,,,,32768,requested_buffer_length,2,3,6246401291,Earlier,0.03125,0,False,False,False
0x16478f900,SM_WRE_NC_WOOD_V2_L03_LOD02,Buffer,"[""unused-device-resources-0x10a80c000""]",,,,,,,,,,,,,32768,requested_buffer_length,2,3,18446744073709551615,Never,0.03125,0,False,False,False
0x16478fc00,SM_WRE_NC_ROCK_V2_L06_LOD03,Buffer,"[""unused-device-resources-0x10a80c000""]",,,,,,,,,,,,,32768,requested_buffer_length,2,3,18446744073709551615,Never,0.03125,0,False,False,False
0x167266580,SM_Rock_07,Buffer,"[""unused-device-resources-0x10a80c000""]",,,,,,,,,,,,,32768,requested_buffer_length,2,3,5733522625,Earlier,0.03125,0,False,False,False
0x167267600,SM_BA_SHEEP2_LOD00,Buffer,"[""unused-device-resources-0x10a80c000""]",,,,,,,,,,,,,32768,requested_buffer_length,2,3,18446744073709551615,Never,0.03125,0,False,False,False
0x1647a0900,SM_WRE_NC_WOOD_V2_L05_LOD01,Buffer,"[""unused-device-resources-0x10a80c000""]",,,,,,,,,,,,,32768,requested_buffer_length,2,3,18446744073709551615,Never,0.03125,0,False,False,False
0x1647a0f00,SM_WRE_NC_GOLD_V2_L07_LOD02,Buffer,"[""unused-device-resources-0x10a80c000""]",,,,,,,,,,,,,32768,requested_buffer_length,2,3,18446744073709551615,Never,0.03125,0,False,False,False
0x1672a5b00,Plane003,Buffer,"[""unused-device-resources-0x10a80c000""]",,,,,,,,,,,,,32768,requested_buffer_length,2,3,18446744073709551615,Never,0.03125,0,False,False,False
0x1647a2880,SM_WRE_NC_ROCK_V2_L07_LOD03,Buffer,"[""unused-device-resources-0x10a80c000""]",,,,,,,,,,,,,32768,requested_buffer_length,2,3,18446744073709551615,Never,0.03125,0,False,False,False
0x1647b7000,T2_EditableRoad_meshes,Buffer,"[""unused-device-resources-0x10a80c000""]",,,,,,,,,,,,,32768,requested_buffer_length,2,3,18446744073709551615,Never,0.03125,0,False,False,False
0x16f9e3c00,SM_CN_DRILLG_A4_LOD02,Buffer,"[""unused-device-resources-0x10a80c000""]",,,,,,,,,,,,,32768,requested_buffer_length,2,3,6383582625,Earlier,0.03125,0,False,False,False
0x16fafc600,SM_CN_SCHPROPS_A4_LOD02,Buffer,"[""unused-device-resources-0x10a80c000""]",,,,,,,,,,,,,32768,requested_buffer_length,2,3,6383555958,Earlier,0.03125,0,False,False,False
0x1647a3780,SM_WRE_NC_ROCK_V2_L07_LOD02,Buffer,"[""unused-device-resources-0x10a80c000""]",,,,,,,,,,,,,32768,requested_buffer_length,2,3,18446744073709551615,Never,0.03125,0,False,False,False
0x1647a8780,SM_WRE_NC_WOOD_V2_L04_LOD03,Buffer,"[""unused-device-resources-0x10a80c000""]",,,,,,,,,,,,,32768,requested_buffer_length,2,3,18446744073709551615,Never,0.03125,0,False,False,False
0x1647a8d80,SM_WRE_NC_WOOD_V2_L04_LOD02,Buffer,"[""unused-device-resources-0x10a80c000""]",,,,,,,,,,,,,32768,requested_buffer_length,2,3,18446744073709551615,Never,0.03125,0,False,False,False
0x16948b000,SM_NC_PROPS07_A0_LOD02,Buffer,"[""unused-device-resources-0x10a80c000""]",,,,,,,,,,,,,32768,requested_buffer_length,2,3,5733017291,Earlier,0.03125,0,False,False,False
0x16ee47c00,SM_MountHuangA_02_City_LOD4,Buffer,"[""unused-device-resources-0x10a80c000""]",,,,,,,,,,,,,32768,requested_buffer_length,2,3,5733645291,Earlier,0.03125,0,False,False,False
0x16edee580,,Buffer,"[""unused-device-resources-0x10a80c000""]",,,,,,,,,,,,,32768,requested_buffer_length,2,3,18446744073709551615,Never,0.03125,0,False,False,False
0x142926100,,Buffer,"[""unused-device-resources-0x10a80c000""]",,,,,,,,,,,,,32768,requested_buffer_length,2,3,18446744073709551615,Never,0.03125,0,False,False,False
0x1712bc480,,Buffer,"[""unused-device-resources-0x10a80c000""]",,,,,,,,,,,,,32768,requested_buffer_length,2,3,18446744073709551615,Never,0.03125,0,False,False,False
0x1712bd380,SM_MountHuangA_01_City_LOD4,Buffer,"[""unused-device-resources-0x10a80c000""]",,,,,,,,,,,,,32768,requested_buffer_length,2,3,5733593291,Earlier,0.03125,0,False,False,False
0x1647aa400,SM_WRE_NC_GOLD_V2_L06_LOD03,Buffer,"[""unused-device-resources-0x10a80c000""]",,,,,,,,,,,,,32768,requested_buffer_length,2,3,18446744073709551615,Never,0.03125,0,False,False,False
0x17e034d80,SM_CN_WALL08_A4_LOD04,Buffer,"[""unused-device-resources-0x10a80c000""]",,,,,,,,,,,,,32768,requested_buffer_length,2,3,5733254625,Earlier,0.03125,0,False,False,False
0x1647acf00,SM_WRE_NC_WOOD_V2_L07_LOD03,Buffer,"[""unused-device-resources-0x10a80c000""]",,,,,,,,,,,,,32768,requested_buffer_length,2,3,18446744073709551615,Never,0.03125,0,False,False,False
0x17e034300,SM_CN_WALL03_A4_LOD04,Buffer,"[""unused-device-resources-0x10a80c000""]",,,,,,,,,,,,,32768,requested_buffer_length,2,3,5733238625,Earlier,0.03125,0,False,False,False
0x1712bfa80,SM_CN_WALL01_A3_LOD04,Buffer,"[""unused-device-resources-0x10a80c000""]",,,,,,,,,,,,,32768,requested_buffer_length,2,3,4207151958,Earlier,0.03125,0,False,False,False
0x1647ad500,SM_WRE_NC_WOOD_V2_L03_LOD01,Buffer,"[""unused-device-resources-0x10a80c000""]",,,,,,,,,,,,,32768,requested_buffer_length,2,3,18446744073709551615,Never,0.03125,0,False,False,False
0x16949c480,SM_CN_PROPS13_A3_LOD02,Buffer,"[""unused-device-resources-0x10a80c000""]",,,,,,,,,,,,,32768,requested_buffer_length,2,3,6123109291,Earlier,0.03125,0,False,False,False
0x17e05e880,SM_CN_PROPS10_A3_LOD04,Buffer,"[""unused-device-resources-0x10a80c000""]",,,,,,,,,,,,,32768,requested_buffer_length,2,3,5733095958,Earlier,0.03125,0,False,False,False
0x16949c780,SM_CN_PROPS09_A3_LOD02,Buffer,"[""unused-device-resources-0x10a80c000""]",,,,,,,,,,,,,32768,requested_buffer_length,2,3,6198253291,Earlier,0.03125,0,False,False,False
0x1712bf600,SM_CN_PROPS13_A3_LOD04,Buffer,"[""unused-device-resources-0x10a80c000""]",,,,,,,,,,,,,32768,requested_buffer_length,2,3,5732998625,Earlier,0.03125,0,False,False,False
0x16949de00,SM_CN_PROPS08_A3_LOD02,Buffer,"[""unused-device-resources-0x10a80c000""]",,,,,,,,,,,,,32768,requested_buffer_length,2,3,6168229291,Earlier,0.03125,0,False,False,False
0x13dc1fc00,battle_bubble,Texture,"[""unused-device-resources-0x10a80c000""]",81,2,208,256,128,1,1,1,1,E9D78FB283D403A7,0,Shared,32768,recorded_allocated_size,2,2,18446744073709551615,Never,0.03125,0,False,False,False
0x106b8de00,CustomMeshProjectorTex,Texture,"[""unused-device-resources-0x10a80c000""]",81,2,208,128,128,1,8,1,1,392DC1C007851C42,0,Shared,32768,recorded_allocated_size,2,2,18446744073709551615,Never,0.03125,0,False,False,False
0x15e728280,DemoInnerCube,Texture,"[""unused-device-resources-0x10a80c000""]",81,2,208,128,128,1,8,1,1,25B65DCC3EC2A119,0,Shared,32768,recorded_allocated_size,2,2,18446744073709551615,Never,0.03125,0,False,False,False
0x15e728500,DemoInnerCorner,Texture,"[""unused-device-resources-0x10a80c000""]",81,2,208,128,128,1,8,1,1,4CB24B9B695245EF,0,Shared,32768,recorded_allocated_size,2,2,18446744073709551615,Never,0.03125,0,False,False,False
0x15e728780,DemoInnerCubeSlc,Texture,"[""unused-device-resources-0x10a80c000""]",81,2,208,128,128,1,8,1,1,65D0B035CBFD864A,0,Shared,32768,recorded_allocated_size,2,2,18446744073709551615,Never,0.03125,0,False,False,False
0x15e728a00,DemoInnerCornerSlc,Texture,"[""unused-device-resources-0x10a80c000""]",81,2,208,128,128,1,8,1,1,44A1E5936FF87DC2,0,Shared,32768,recorded_allocated_size,2,2,18446744073709551615,Never,0.03125,0,False,False,False
0x15e728f00,T_FX_Noise_173_wt,Texture,"[""unused-device-resources-0x10a80c000""]",81,2,190,128,128,1,8,1,1,BF320E6BAC45564D,0,Shared,32768,recorded_allocated_size,2,2,18446744073709551615,Never,0.03125,0,False,False,False
0x15e729900,T_FX_Noise_96,Texture,"[""unused-device-resources-0x10a80c000""]",81,2,190,128,128,1,8,1,1,6E78369B589EE802,0,Shared,32768,recorded_allocated_size,2,2,18446744073709551615,Never,0.03125,0,False,False,False
0x15e72a580,T_FX_Noise_87_kgr,Texture,"[""unused-device-resources-0x10a80c000""]",81,2,190,128,128,1,8,1,1,34AC6D299E81104,0,Shared,32768,recorded_allocated_size,2,2,18446744073709551615,Never,0.03125,0,False,False,False
0x15e72af80,T_Decal_Dirt_Puddle_05b_NRT,Texture,"[""unused-device-resources-0x10a80c000""]",81,2,208,128,128,1,8,1,1,EDADC25206326618,0,Shared,32768,recorded_allocated_size,2,2,18446744073709551615,Never,0.03125,0,False,False,False
0x16486a080,T_WRE_NC_GOLD_V2_L09_E,Texture,"[""unused-device-resources-0x10a80c000""]",81,2,190,128,128,1,8,1,1,904602C4730F454A,0,Shared,32768,recorded_allocated_size,2,2,18446744073709551615,Never,0.03125,0,False,False,False
0x16486bc00,T_WRE_NC_GOLD_V2_L10_E,Texture,"[""unused-device-resources-0x10a80c000""]",81,2,190,128,128,1,8,1,1,62A9513D89F51A19,0,Shared,32768,recorded_allocated_size,2,2,18446744073709551615,Never,0.03125,0,False,False,False
0x1659e8500,T_WRE_NC_ROCK_V2_L05_NRT,Texture,"[""unused-device-resources-0x10a80c000""]",81,2,208,128,128,1,8,1,1,84364E9B43D18299,0,Shared,32768,recorded_allocated_size,2,2,18446744073709551615,Never,0.03125,0,False,False,False
0x1659e8c80,T_WRE_NC_ROCK_V2_L07_DA,Texture,"[""unused-device-resources-0x10a80c000""]",81,2,190,128,128,1,8,1,1,197E4AE12B6B6791,0,Shared,32768,recorded_allocated_size,2,2,18446744073709551615,Never,0.03125,0,False,False,False
0x1659e9680,T_WRE_NC_ROCK_V2_L10_DA,Texture,"[""unused-device-resources-0x10a80c000""]",81,2,190,128,128,1,8,1,1,8D74D538C1458206,0,Shared,32768,recorded_allocated_size,2,2,18446744073709551615,Never,0.03125,0,False,False,False
0x16ee39b80,T_FX_Noise_170_wt,Texture,"[""unused-device-resources-0x10a80c000""]",81,2,190,128,128,1,8,1,1,23069D697CB2F252,0,Shared,32768,recorded_allocated_size,2,2,18446744073709551615,Never,0.03125,0,False,False,False
0x1659ea580,T_NC_PROPS_A1_NRT,Texture,"[""unused-device-resources-0x10a80c000""]",81,2,208,128,128,1,8,1,1,19649863E6731026,0,Shared,32768,recorded_allocated_size,2,2,18446744073709551615,Never,0.03125,0,False,False,False
0x1659ebc00,T_WRE_NC_DeacalA_V2_L02_D,Texture,"[""unused-device-resources-0x10a80c000""]",81,2,190,128,128,1,8,1,1,15228EE0E9B806A4,0,Shared,32768,recorded_allocated_size,2,2,18446744073709551615,Never,0.03125,0,False,False,False
0x165a22300,T_Decal_Dirt_Puddle_27_D,Texture,"[""unused-device-resources-0x10a80c000""]",81,2,190,128,128,1,8,1,1,34904BCAD4D7E003,0,Shared,32768,recorded_allocated_size,2,2,18446744073709551615,Never,0.03125,0,False,False,False
0x165a22580,T_Decal_Dirt_Puddle_27_NRT,Texture,"[""unused-device-resources-0x10a80c000""]",81,2,208,128,128,1,8,1,1,B4B754F61D9BEC19,0,Shared,32768,recorded_allocated_size,2,2,18446744073709551615,Never,0.03125,0,False,False,False
0x165a22d00,T_Egypt_Camelthorn_01A_DA,Texture,"[""unused-device-resources-0x10a80c000""]",81,2,190,128,128,1,8,1,1,7DC49BF807D29D8A,0,Shared,32768,recorded_allocated_size,2,2,18446744073709551615,Never,0.03125,0,False,False,False
0x165a22f80,T_Egypt_Camelthorn_01A_NRT,Texture,"[""unused-device-resources-0x10a80c000""]",81,2,208,128,128,1,8,1,1,83FD5337F09764FD,0,Shared,32768,recorded_allocated_size,2,2,18446744073709551615,Never,0.03125,0,False,False,False
0x165e18a00,T_Number_Type01_016,Texture,"[""unused-device-resources-0x10a80c000""]",81,2,190,128,128,1,8,1,1,22447B55E9F1DDBD,0,Shared,32768,recorded_allocated_size,2,2,18446744073709551615,Never,0.03125,0,False,False,False
0x167236080,N_1_AT_C,Texture,"[""unused-device-resources-0x10a80c000""]",81,2,115,8,312,1,1,1,1,444768C290BBABDD,0,Shared,32768,recorded_allocated_size,2,2,7940655958,Earlier,0.03125,0,False,False,False
0x167236300,N_0_AT_C,Texture,"[""unused-device-resources-0x10a80c000""]",81,2,115,8,330,1,1,1,1,605C7FE4060AD0C,0,Shared,32768,recorded_allocated_size,2,2,7940653291,Earlier,0.03125,0,False,False,False
0x167236580,N_2_AT_C,Texture,"[""unused-device-resources-0x10a80c000""]",81,2,115,8,257,1,1,1,1,30370900120D777C,0,Shared,32768,recorded_allocated_size,2,2,7940651958,Earlier,0.03125,0,False,False,False
0x119250a00,T_BlueNoise_128_C,Texture,"[""unused-device-resources-0x10a80c000""]",81,2,10,128,128,1,1,1,1,A7A6E2EE8A9AFDD8,0,Shared,32768,recorded_allocated_size,2,2,75763963958,Earlier,0.03125,0,False,False,False
0x169486580,T_Decal_Dirt_Puddle_10_NRT,Texture,"[""unused-device-resources-0x10a80c000""]",81,2,208,128,128,1,8,1,1,CAE8DEAA60E0867C,0,Shared,32768,recorded_allocated_size,2,2,18446744073709551615,Never,0.03125,0,False,False,False
0x138ffc280,Soft,Texture,"[""unused-device-resources-0x10a80c000""]",81,2,1,128,128,1,8,1,1,54A6508DE32A635B,0,Shared,32768,recorded_allocated_size,2,2,75712965291,Earlier,0.03125,0,False,False,False
0x16948d180,T_EAST_GROTTO_A0_NRT,Texture,"[""unused-device-resources-0x10a80c000""]",81,2,208,128,128,1,8,1,1,1888A950E2D9D214,0,Shared,32768,recorded_allocated_size,2,2,18446744073709551615,Never,0.03125,0,False,False,False
0x16948ea80,T_CN_DOCK_A3_NRT,Texture,"[""unused-device-resources-0x10a80c000""]",81,2,208,128,128,1,8,1,1,849EC817BA579E0F,0,Shared,32768,recorded_allocated_size,2,2,18446744073709551615,Never,0.03125,0,False,False,False
0x16948ef80,T_CN_HOSPITAL_A2_NRT,Texture,"[""unused-device-resources-0x10a80c000""]",81,2,208,128,128,1,8,1,1,F52826CFF9ED0E37,0,Shared,32768,recorded_allocated_size,2,2,18446744073709551615,Never,0.03125,0,False,False,False
0x169494000,T_CN_TAVERN_A2_NRT,Texture,"[""unused-device-resources-0x10a80c000""]",81,2,208,128,128,1,8,1,1,DD6C8BBA168D911D,0,Shared,32768,recorded_allocated_size,2,2,18446744073709551615,Never,0.03125,0,False,False,False
0x169494280,T_CN_ATOWER_A4_NRT,Texture,"[""unused-device-resources-0x10a80c000""]",81,2,208,128,128,1,8,1,1,70E5ED6606D33962,0,Shared,32768,recorded_allocated_size,2,2,18446744073709551615,Never,0.03125,0,False,False,False
0x1694a5400,T_FR_BRIDGE_A3_NRT,Texture,"[""unused-device-resources-0x10a80c000""]",81,2,208,128,128,1,8,1,1,205908B3103519B8,0,Shared,32768,recorded_allocated_size,2,2,18446744073709551615,Never,0.03125,0,False,False,False
0x1736fb980,T_FX_Flash_20,Texture,"[""unused-device-resources-0x10a80c000""]",81,2,208,256,64,1,9,1,1,E7C10D851AF40452,0,Shared,32768,recorded_allocated_size,2,2,18446744073709551615,Never,0.03125,0,False,False,False
0x16e884000,T_BA_FISHG1_DA,Texture,"[""unused-device-resources-0x10a80c000""]",81,2,190,128,128,1,8,1,1,8D5AE980DD3A6EDC,0,Shared,32768,recorded_allocated_size,2,2,18446744073709551615,Never,0.03125,0,False,False,False
0x16e884280,T_BA_FISHG1_NRT,Texture,"[""unused-device-resources-0x10a80c000""]",81,2,208,128,128,1,8,1,1,EE23E12E33AE412B,0,Shared,32768,recorded_allocated_size,2,2,18446744073709551615,Never,0.03125,0,False,False,False
0x13dc1f200,T_FX_Mask_Color01,Texture,"[""unused-device-resources-0x10a80c000""]",81,2,190,128,128,1,8,1,1,E3F4F90A12DA2375,0,Shared,32768,recorded_allocated_size,2,2,18446744073709551615,Never,0.03125,0,False,False,False
0x16e887700,N_FR_WHARF_A4_AT_C,Texture,"[""device-resources-0x10a80c000""]",81,2,115,122,15,1,1,1,1,BC5936EDE66FFC5B,0,Shared,16384,recorded_allocated_size,2,2,0,Now,0.015625,0,False,False,True
0x16f9e9400,N_SM_CN_LUMBERLOG_A4_AT_C,Texture,"[""device-resources-0x10a80c000""]",81,2,115,82,15,1,1,1,1,1334EFFE434B02CC,0,Shared,16384,recorded_allocated_size,2,2,0,Now,0.015625,0,False,False,True
0x167235e00,N_3_AT_C,Texture,"[""unused-device-resources-0x10a80c000""]",81,2,115,8,168,1,1,1,1,5A3926D4DF09867D,0,Shared,16384,recorded_allocated_size,2,2,7940657291,Earlier,0.015625,0,False,False,False
0x167266b80,SM_Rock_13,Buffer,"[""device-resources-0x10a80c000""]",,,,,,,,,,,,,16360,requested_buffer_length,2,3,0,Now,0.01560211181640625,0,False,True,True
0x1191f0780,st_alphaplane01,Buffer,"[""unused-device-resources-0x10a80c000""]",,,,,,,,,,,,,16344,requested_buffer_length,2,3,18446744073709551615,Never,0.01558685302734375,0,False,False,False
0x1672a6d00,SM_FlagChinaFeudal_016_MorphUV2_MorphExport,Buffer,"[""device-resources-0x10a80c000""]",,,,,,,,,,,,,16320,requested_buffer_length,2,3,0,Now,0.01556396484375,0,False,True,True
0x16949d080,SM_CN_PROPS02_A3_LOD02,Buffer,"[""unused-device-resources-0x10a80c000""]",,,,,,,,,,,,,16032,requested_buffer_length,2,3,6336305291,Earlier,0.015289306640625,0,False,False,False
0x17b187a80,SM_CN_SCHPROPS_A4_LOD03,Buffer,"[""device-resources-0x10a80c000""]",,,,,,,,,,,,,16014,requested_buffer_length,2,3,0,Now,0.015272140502929688,0,False,True,True
0x16e88e880,SM_CN_HEROSHRINE17_A4_LOD03,Buffer,"[""device-resources-0x10a80c000""]",,,,,,,,,,,,,15912,requested_buffer_length,2,3,0,Now,0.01517486572265625,0,False,True,True
0x1191f0900,M_BA_BIRD1_LD00_A,Buffer,"[""unused-device-resources-0x10a80c000""]",,,,,,,,,,,,,15840,requested_buffer_length,2,3,18446744073709551615,Never,0.015106201171875,0,False,False,False
0x169493000,SM_CN_PROPS03_A3_LOD03,Buffer,"[""device-resources-0x10a80c000""]",,,,,,,,,,,,,15808,requested_buffer_length,2,3,0,Now,0.01507568359375,0,False,True,True
0x17e05eb80,SM_CN_PROPS09_A3_LOD03,Buffer,"[""device-resources-0x10a80c000""]",,,,,,,,,,,,,15768,requested_buffer_length,2,3,0,Now,0.01503753662109375,0,False,True,True
0x16478e700,SM_WRE_NC_FRAMLANDA01_V2_L06_LOD02,Buffer,"[""unused-device-resources-0x10a80c000""]",,,,,,,,,,,,,15548,requested_buffer_length,2,3,18446744073709551615,Never,0.014827728271484375,0,False,False,False
0x16478f600,SM_WRE_NC_FRAMLANDA01_V2_L06_LOD03,Buffer,"[""unused-device-resources-0x10a80c000""]",,,,,,,,,,,,,15548,requested_buffer_length,2,3,18446744073709551615,Never,0.014827728271484375,0,False,False,False
0x16f833900,SM_WRE_NC_FRAMLAND_D_V2_L01_LOD02,Buffer,"[""unused-device-resources-0x10a80c000""]",,,,,,,,,,,,,15312,requested_buffer_length,2,3,6458378625,Earlier,0.0146026611328125,0,False,False,False
0x1191f3c00,SM_WRE_NC_GOLD_V2_L10_LOD01,Buffer,"[""unused-device-resources-0x10a80c000""]",,,,,,,,,,,,,15264,requested_buffer_length,2,3,18446744073709551615,Never,0.014556884765625,0,False,False,False
0x16f9e3900,SM_CN_MARKET_A4_LOD03,Buffer,"[""device-resources-0x10a80c000""]",,,,,,,,,,,,,15144,requested_buffer_length,2,3,0,Now,0.01444244384765625,0,False,True,True
0x1694ccf00,SM_CN_BRIDGE01_A2_LOD03,Buffer,"[""device-resources-0x10a80c000""]",,,,,,,,,,,,,15120,requested_buffer_length,2,3,0,Now,0.0144195556640625,0,False,True,True
0x17e05e280,SM_CN_BRIDGE01_A2_LOD04,Buffer,"[""unused-device-resources-0x10a80c000""]",,,,,,,,,,,,,15120,requested_buffer_length,2,3,5733033291,Earlier,0.0144195556640625,0,False,False,False
0x1694cfa80,SM_CN_PROP01_A1_LOD02,Buffer,"[""unused-device-resources-0x10a80c000""]",,,,,,,,,,,,,14880,requested_buffer_length,2,3,18446744073709551615,Never,0.014190673828125,0,False,False,False
0x16fafca80,Plane002,Buffer,"[""unused-device-resources-0x10a80c000""]",,,,,,,,,,,,,14880,requested_buffer_length,2,3,18446744073709551615,Never,0.014190673828125,0,False,False,False
0x16e898f00,M_BA_HORSE1_LD02_A,Buffer,"[""device-resources-0x10a80c000""]",,,,,,,,,,,,,14784,requested_buffer_length,2,3,0,Now,0.01409912109375,0,False,True,True
0x16f9e3600,SM_CN_MTPROPS_A4_LOD03,Buffer,"[""device-resources-0x10a80c000""]",,,,,,,,,,,,,14616,requested_buffer_length,2,3,0,Now,0.01393890380859375,0,False,True,True
0x16ee31b00,M_BS_CN_PALDN_L3_LD02_A,Buffer,"[""device-resources-0x10a80c000""]",,,,,,,,,,,,,14616,requested_buffer_length,2,3,0,Now,0.01393890380859375,0,False,True,True
0x169491200,SM_CN_DOCK_A4_LOD03,Buffer,"[""device-resources-0x10a80c000""]",,,,,,,,,,,,,14574,requested_buffer_length,2,3,0,Now,0.013898849487304688,0,False,True,True
0x16948b300,SM_NC_PROPS06_A3_LOD01,Buffer,"[""device-resources-0x10a80c000""]",,,,,,,,,,,,,14528,requested_buffer_length,2,3,0,Now,0.01385498046875,0,False,True,True
0x16e89b180,SM_CN_WEAPONRACK_A3_LOD01,Buffer,"[""device-resources-0x10a80c000""]",,,,,,,,,,,,,14508,requested_buffer_length,2,3,0,Now,0.013835906982421875,0,False,True,True
0x16a375200,SM_NC_WHARF02_A2_LOD03,Buffer,"[""device-resources-0x10a80c000""]",,,,,,,,,,,,,14368,requested_buffer_length,2,3,0,Now,0.013702392578125,0,False,True,True
0x17e036400,SM_CN_PROPS14_A3_LOD03,Buffer,"[""device-resources-0x10a80c000""]",,,,,,,,,,,,,14328,requested_buffer_length,2,3,0,Now,0.01366424560546875,0,False,True,True
0x16a376e80,SM_CN_PROPS14_A3_LOD02,Buffer,"[""unused-device-resources-0x10a80c000""]",,,,,,,,,,,,,14328,requested_buffer_length,2,3,6336278625,Earlier,0.01366424560546875,0,False,False,False
0x16724a880,SM_WRE_NC_GOLDA_L04_LOD01,Buffer,"[""device-resources-0x10a80c000""]",,,,,,,,,,,,,14262,requested_buffer_length,2,3,0,Now,0.013601303100585938,0,False,True,True
0x16949d980,SM_CN_PROPS17_A3_LOD03,Buffer,"[""device-resources-0x10a80c000""]",,,,,,,,,,,,,14220,requested_buffer_length,2,3,0,Now,0.013561248779296875,0,False,True,True
0x16ee32280,M_BS_CN_PKEMN_L3_LD02_A,Buffer,"[""device-resources-0x10a80c000""]",,,,,,,,,,,,,14168,requested_buffer_length,2,3,0,Now,0.01351165771484375,0,False,True,True
0x1647b0a80,SM_WRE_NC_GOLDA_V2_L04_LOD01,Buffer,"[""unused-device-resources-0x10a80c000""]",,,,,,,,,,,,,14016,requested_buffer_length,2,3,18446744073709551615,Never,0.01336669921875,0,False,False,False
0x16a375680,M_shuiche_A,Buffer,"[""unused-device-resources-0x10a80c000""]",,,,,,,,,,,,,13920,requested_buffer_length,2,3,18446744073709551615,Never,0.013275146484375,0,False,False,False
0x1647a3d80,SM_WRE_NC_WOOD_V2_L02_LOD01,Buffer,"[""unused-device-resources-0x10a80c000""]",,,,,,,,,,,,,13860,requested_buffer_length,2,3,18446744073709551615,Never,0.013217926025390625,0,False,False,False
0x167265680,SM_MountHuangB_01_LOD3,Buffer,"[""unused-device-resources-0x10a80c000""]",,,,,,,,,,,,,13840,requested_buffer_length,2,3,5733586625,Earlier,0.0131988525390625,0,False,False,False
0x16949f180,SM_CN_GARDEN_A4_LOD03,Buffer,"[""device-resources-0x10a80c000""]",,,,,,,,,,,,,13836,requested_buffer_length,2,3,0,Now,0.013195037841796875,0,False,True,True
0x167264780,SM_pebbles_group_01,Buffer,"[""device-resources-0x10a80c000""]",,,,,,,,,,,,,13800,requested_buffer_length,2,3,0,Now,0.01316070556640625,0,False,True,True
0x16478f000,SM_WRE_NC_WOOD_V2_L05_LOD02,Buffer,"[""unused-device-resources-0x10a80c000""]",,,,,,,,,,,,,13596,requested_buffer_length,2,3,18446744073709551615,Never,0.012966156005859375,0,False,False,False
0x1647aee80,SM_WRE_NC_WOOD_V2_L05_LOD03,Buffer,"[""unused-device-resources-0x10a80c000""]",,,,,,,,,,,,,13596,requested_buffer_length,2,3,18446744073709551615,Never,0.012966156005859375,0,False,False,False
0x16e89a700,SM_CN_BLACKSMITH01_A4_LOD03,Buffer,"[""device-resources-0x10a80c000""]",,,,,,,,,,,,,13542,requested_buffer_length,2,3,0,Now,0.012914657592773438,0,False,True,True
0x169492580,SM_Flowers02,Buffer,"[""device-resources-0x10a80c000""]",,,,,,,,,,,,,13536,requested_buffer_length,2,3,0,Now,0.012908935546875,0,False,True,True
0x169490600,SM_FR_WHARF07_A4_LOD03,Buffer,"[""device-resources-0x10a80c000""]",,,,,,,,,,,,,13440,requested_buffer_length,2,3,0,Now,0.0128173828125,0,False,True,True
0x16f833600,SM_WRE_NC_FRAMLAND_C_V2_L01_LOD02,Buffer,"[""unused-device-resources-0x10a80c000""]",,,,,,,,,,,,,13376,requested_buffer_length,2,3,6458383958,Earlier,0.01275634765625,0,False,False,False
0x1647b1800,SM_WRE_NC_GOLD_V2_L07_LOD03,Buffer,"[""unused-device-resources-0x10a80c000""]",,,,,,,,,,,,,13120,requested_buffer_length,2,3,18446744073709551615,Never,0.01251220703125,0,False,False,False
0x1647b7c00,M_BA_FISHG3_LD00_A,Buffer,"[""unused-device-resources-0x10a80c000""]",,,,,,,,,,,,,13056,requested_buffer_length,2,3,18446744073709551615,Never,0.012451171875,0,False,False,False
0x16724a580,SM_WRE_BG_ROCK01_L04_LOD02,Buffer,"[""unused-device-resources-0x10a80c000""]",,,,,,,,,,,,,13014,requested_buffer_length,2,3,6602442625,Earlier,0.012411117553710938,0,False,False,False
0x16949ca80,SM_CN_PROPS05_A3_LOD03,Buffer,"[""device-resources-0x10a80c000""]",,,,,,,,,,,,,12992,requested_buffer_length,2,3,0,Now,0.01239013671875,0,False,True,True
0x17b184000,,Buffer,"[""device-resources-0x10a80c000""]",,,,,,,,,,,,,12864,requested_buffer_length,2,3,0,Now,0.01226806640625,0,False,True,True
0x16e88eb80,SM_CN_HEROSHRINE07_A4_LOD03,Buffer,"[""device-resources-0x10a80c000""]",,,,,,,,,,,,,12816,requested_buffer_length,2,3,0,Now,0.0122222900390625,0,False,True,True
0x1694cfd80,SM_CN_PROP03_A1_LOD02,Buffer,"[""unused-device-resources-0x10a80c000""]",,,,,,,,,,,,,12800,requested_buffer_length,2,3,18446744073709551615,Never,0.01220703125,0,False,False,False
0x16ee30c00,M_BS_CN_PALDN_L3_H_LD02_A,Buffer,"[""device-resources-0x10a80c000""]",,,,,,,,,,,,,12768,requested_buffer_length,2,3,0,Now,0.012176513671875,0,False,True,True
0x16f833300,SM_WRE_NC_FRAMLAND_B_V2_L01_LOD02,Buffer,"[""unused-device-resources-0x10a80c000""]",,,,,,,,,,,,,12496,requested_buffer_length,2,3,6458390625,Earlier,0.0119171142578125,0,False,False,False
0x1672a7600,SM_FlagChinaFeudal_017_MorphUV2_MorphExport,Buffer,"[""device-resources-0x10a80c000""]",,,,,,,,,,,,,12384,requested_buffer_length,2,3,0,Now,0.011810302734375,0,False,True,True
0x165a22800,T_EYE02_HDRI,Texture,"[""unused-device-resources-0x10a80c000""]",81,5,229,64,64,1,1,1,1,F27D97EEFEB8A4D5,0,Shared,12288,recorded_allocated_size,2,2,18446744073709551615,Never,0.01171875,0,False,False,False
0x1712be700,SM_WRE_NC_GOLDA_L05_LOD03,Buffer,"[""unused-device-resources-0x10a80c000""]",,,,,,,,,,,,,12276,requested_buffer_length,2,3,5733559958,Earlier,0.011707305908203125,0,False,False,False
0x169492880,SM_Grass_01,Buffer,"[""device-resources-0x10a80c000""]",,,,,,,,,,,,,12188,requested_buffer_length,2,3,0,Now,0.011623382568359375,0,False,True,True
0x1712bd080,SM_MountHuangB_02_City_LOD4,Buffer,"[""unused-device-resources-0x10a80c000""]",,,,,,,,,,,,,12160,requested_buffer_length,2,3,5733599958,Earlier,0.0115966796875,0,False,False,False
0x16e88ee80,SM_CN_HEROSHRINE11_A4_LOD03,Buffer,"[""device-resources-0x10a80c000""]",,,,,,,,,,,,,12096,requested_buffer_length,2,3,0,Now,0.01153564453125,0,False,True,True
0x17e05f180,SM_CN_PROPS08_A3_LOD03,Buffer,"[""device-resources-0x10a80c000""]",,,,,,,,,,,,,11988,requested_buffer_length,2,3,0,Now,0.011432647705078125,0,False,True,True
0x1647b0d80,SM_WRE_NC_ROCKA_V2_L03_LOD01,Buffer,"[""unused-device-resources-0x10a80c000""]",,,,,,,,,,,,,11952,requested_buffer_length,2,3,18446744073709551615,Never,0.0113983154296875,0,False,False,False
0x169489200,M_CN_VIPSHIP_A4_LD03_A,Buffer,"[""device-resources-0x10a80c000""]",,,,,,,,,,,,,11862,requested_buffer_length,2,3,0,Now,0.011312484741210938,0,False,True,True
0x16949f600,SM_CN_TENT01_A4_LOD03,Buffer,"[""device-resources-0x10a80c000""]",,,,,,,,,,,,,11840,requested_buffer_length,2,3,0,Now,0.01129150390625,0,False,True,True
0x169567300,SM_CN_WALL06_A4_LOD03,Buffer,"[""device-resources-0x10a80c000""]",,,,,,,,,,,,,11808,requested_buffer_length,2,3,0,Now,0.011260986328125,0,False,True,True
0x16f830000,M_BS_CN_ARCHR_L3_LD03_A,Buffer,"[""unused-device-resources-0x10a80c000""]",,,,,,,,,,,,,11704,requested_buffer_length,2,3,18446744073709551615,Never,0.01116180419921875,0,False,False,False
0x169565800,SM_NC_PROPS02_A3_LOD02,Buffer,"[""device-resources-0x10a80c000""]",,,,,,,,,,,,,11616,requested_buffer_length,2,3,0,Now,0.011077880859375,0,False,True,True
0x169488480,T2_EditableRoad_meshes,Buffer,"[""device-resources-0x10a80c000""]",,,,,,,,,,,,,11400,requested_buffer_length,2,3,0,Now,0.01087188720703125,0,False,True,True
0x16ee1ad00,T_FoliageGradient_C,Texture,"[""device-resources-0x10a80c000""]",81,2,163,128,128,1,5,1,1,93258F597C766541,0,Shared,11392,recorded_allocated_size,2,2,0,Now,0.0108642578125,8,False,True,True
0x16ee3a580,KillText_1_xst,Texture,"[""unused-device-resources-0x10a80c000""]",81,2,166,128,128,1,5,1,1,1AAC036077C46F69,0,Shared,11392,recorded_allocated_size,2,2,18446744073709551615,Never,0.0108642578125,0,False,False,False
0x16ee3aa80,KillText_2_xst,Texture,"[""unused-device-resources-0x10a80c000""]",81,2,166,128,128,1,5,1,1,DCCCFDBC397A53A5,0,Shared,11392,recorded_allocated_size,2,2,18446744073709551615,Never,0.0108642578125,0,False,False,False
0x16a373c00,T_BA_BIRD1_D,Texture,"[""unused-device-resources-0x10a80c000""]",81,2,190,64,128,1,8,1,1,15DE2F97EA7E21C,0,Shared,11392,recorded_allocated_size,2,2,18446744073709551615,Never,0.0108642578125,0,False,False,False
0x1694cd800,SM_CN_WALL10_A2_LOD03,Buffer,"[""device-resources-0x10a80c000""]",,,,,,,,,,,,,11274,requested_buffer_length,2,3,0,Now,0.010751724243164062,0,False,True,True
0x1647a2580,SM_WRE_NC_ROCKA_V2_L04_LOD01,Buffer,"[""unused-device-resources-0x10a80c000""]",,,,,,,,,,,,,11264,requested_buffer_length,2,3,18446744073709551615,Never,0.0107421875,0,False,False,False
0x1672a6a00,SM_FlagChinaFeudal_018_MorphUV2_MorphExport,Buffer,"[""device-resources-0x10a80c000""]",,,,,,,,,,,,,11232,requested_buffer_length,2,3,0,Now,0.010711669921875,0,False,True,True
0x16a374300,SM_CN_WALL06_A3_LOD03,Buffer,"[""device-resources-0x10a80c000""]",,,,,,,,,,,,,11232,requested_buffer_length,2,3,0,Now,0.010711669921875,0,False,True,True
0x1712bfd80,SM_CN_WALL06_A3_LOD03,Buffer,"[""unused-device-resources-0x10a80c000""]",,,,,,,,,,,,,11232,requested_buffer_length,2,3,5733223958,Earlier,0.010711669921875,0,False,False,False
0x1647a1380,SM_WRE_NC_ROCK_V2_L10_LOD01,Buffer,"[""unused-device-resources-0x10a80c000""]",,,,,,,,,,,,,11046,requested_buffer_length,2,3,18446744073709551615,Never,0.010534286499023438,0,False,False,False
0x169565500,SM_NC_PROPS04_A3_LOD02,Buffer,"[""device-resources-0x10a80c000""]",,,,,,,,,,,,,10944,requested_buffer_length,2,3,0,Now,0.01043701171875,0,False,True,True
0x169492e80,SM_CN_MTPROPS01_A3_LOD03,Buffer,"[""device-resources-0x10a80c000""]",,,,,,,,,,,,,10710,requested_buffer_length,2,3,0,Now,0.010213851928710938,0,False,True,True
0x16e88f900,SM_CN_HEROSHRINE02_A4_LOD03,Buffer,"[""device-resources-0x10a80c000""]",,,,,,,,,,,,,10512,requested_buffer_length,2,3,0,Now,0.0100250244140625,0,False,True,True
0x169564d80,M_BS_CN_PKEMN_L3_LD03_A,Buffer,"[""unused-device-resources-0x10a80c000""]",,,,,,,,,,,,,10472,requested_buffer_length,2,3,6527233291,Earlier,0.00998687744140625,0,False,False,False
0x17e05fa80,SM_CN_PROPS11_A3_LOD04,Buffer,"[""unused-device-resources-0x10a80c000""]",,,,,,,,,,,,,10332,requested_buffer_length,2,3,5733009291,Earlier,0.009853363037109375,0,False,False,False
0x1694cf480,SM_CN_FENCE02_A1_LOD02,Buffer,"[""unused-device-resources-0x10a80c000""]",,,,,,,,,,,,,10240,requested_buffer_length,2,3,18446744073709551615,Never,0.009765625,0,False,False,False
0x169492280,SM_FlagChinaFeudal_003_MorphUV2_MorphExport,Buffer,"[""device-resources-0x10a80c000""]",,,,,,,,,,,,,10224,requested_buffer_length,2,3,0,Now,0.0097503662109375,0,False,True,True
0x16fafe700,SM_Grass10,Buffer,"[""device-resources-0x10a80c000""]",,,,,,,,,,,,,10208,requested_buffer_length,2,3,0,Now,0.009735107421875,0,False,True,True
0x1647ab600,SM_WRE_NC_WOOD_V2_L03_LOD03,Buffer,"[""unused-device-resources-0x10a80c000""]",,,,,,,,,,,,,10208,requested_buffer_length,2,3,18446744073709551615,Never,0.009735107421875,0,False,False,False
0x1647ae100,SM_WRE_NC_FRAMLANDA01_V2_L11_LOD01,Buffer,"[""unused-device-resources-0x10a80c000""]",,,,,,,,,,,,,10200,requested_buffer_length,2,3,18446744073709551615,Never,0.00972747802734375,0,False,False,False
0x1647b5c80,SM_FX_Plane_Bend06,Buffer,"[""unused-device-resources-0x10a80c000""]",,,,,,,,,,,,,10036,requested_buffer_length,2,3,18446744073709551615,Never,0.009571075439453125,0,False,False,False
0x169491c80,SM_FlagChinaFeudal_004_MorphUV2_MorphExport,Buffer,"[""unused-device-resources-0x10a80c000""]",,,,,,,,,,,,,9984,requested_buffer_length,2,3,18446744073709551615,Never,0.009521484375,0,False,False,False
0x16f9e0480,SM_CN_STABLE01_A4_LOD03,Buffer,"[""device-resources-0x10a80c000""]",,,,,,,,,,,,,9954,requested_buffer_length,2,3,0,Now,0.009492874145507812,0,False,True,True
0x16ee32b80,,Buffer,"[""device-resources-0x10a80c000""]",,,,,,,,,,,,,9920,requested_buffer_length,2,3,0,Now,0.00946044921875,0,False,True,True
0x16edeee80,SM_WRE_NC_FRAMLAND_B_V2_L01_LOD03,Buffer,"[""device-resources-0x10a80c000""]",,,,,,,,,,,,,9856,requested_buffer_length,2,3,0,Now,0.0093994140625,0,False,True,True
0x1672a4600,Plane002,Buffer,"[""device-resources-0x10a80c000""]",,,,,,,,,,,,,9840,requested_buffer_length,2,3,0,Now,0.0093841552734375,0,False,True,True
0x1672a4900,Plane003,Buffer,"[""device-resources-0x10a80c000""]",,,,,,,,,,,,,9840,requested_buffer_length,2,3,0,Now,0.0093841552734375,0,False,True,True
0x16a377180,SM_CN_PROPS03_A4_LOD02,Buffer,"[""device-resources-0x10a80c000""]",,,,,,,,,,,,,9792,requested_buffer_length,2,3,0,Now,0.00933837890625,0,False,True,True
0x16ee44300,SM_CN_BRIDGE04_A4_LOD03,Buffer,"[""device-resources-0x10a80c000""]",,,,,,,,,,,,,9792,requested_buffer_length,2,3,0,Now,0.00933837890625,0,False,True,True
0x1647b0780,SM_WRE_NC_GOLDA_V2_L04_LOD03,Buffer,"[""unused-device-resources-0x10a80c000""]",,,,,,,,,,,,,9760,requested_buffer_length,2,3,18446744073709551615,Never,0.009307861328125,0,False,False,False
0x1647a8180,SM_WRE_NC_GOLDA_V2_L04_LOD02,Buffer,"[""unused-device-resources-0x10a80c000""]",,,,,,,,,,,,,9760,requested_buffer_length,2,3,18446744073709551615,Never,0.009307861328125,0,False,False,False
0x16949f900,SM_Flowers01,Buffer,"[""device-resources-0x10a80c000""]",,,,,,,,,,,,,9648,requested_buffer_length,2,3,0,Now,0.0092010498046875,0,False,True,True
0x17e05ee80,SM_CN_PROPS09_A3_LOD04,Buffer,"[""unused-device-resources-0x10a80c000""]",,,,,,,,,,,,,9504,requested_buffer_length,2,3,5733085291,Earlier,0.009063720703125,0,False,False,False
0x17b20e400,,RenderPipeline,"[""device-resources-0x10a80c000""]",,,,,,,,,,,,,9334,recorded_allocated_size,,,,,0.008901596069335938,0,False,False,True
0x16ee3c300,SM_WRE_NC_FRAMLAND_C_V2_L01_LOD03,Buffer,"[""unused-device-resources-0x10a80c000""]",,,,,,,,,,,,,9328,requested_buffer_length,2,3,5767005291,Earlier,0.0088958740234375,0,False,False,False
0x17b3ef000,,RenderPipeline,"[""unused-device-resources-0x10a80c000""]",,,,,,,,,,,,,9282,recorded_allocated_size,,,,,0.008852005004882812,0,False,False,False
0x17e035500,SM_CN_WALL06_A4_LOD04,Buffer,"[""unused-device-resources-0x10a80c000""]",,,,,,,,,,,,,9216,requested_buffer_length,2,3,5733265291,Earlier,0.0087890625,0,False,False,False
0x16e88c600,SM_FR_WHARF08_A4_LOD02,Buffer,"[""device-resources-0x10a80c000""]",,,,,,,,,,,,,9210,requested_buffer_length,2,3,0,Now,0.008783340454101562,0,False,True,True
0x17e05d200,,Buffer,"[""device-resources-0x10a80c000""]",,,,,,,,,,,,,9144,requested_buffer_length,2,3,0,Now,0.00872039794921875,0,False,True,True
0x143a2e400,,RenderPipeline,"[""unused-device-resources-0x10a80c000""]",,,,,,,,,,,,,9090,recorded_allocated_size,,,,,0.008668899536132812,0,False,False,False
0x171350000,,RenderPipeline,"[""device-resources-0x10a80c000""]",,,,,,,,,,,,,8996,recorded_allocated_size,,,,,0.008579254150390625,0,False,False,True
0x16e89ab80,SM_CN_ARCHERYTARGET_A3_LOD01,Buffer,"[""device-resources-0x10a80c000""]",,,,,,,,,,,,,8856,requested_buffer_length,2,3,0,Now,0.00844573974609375,0,False,True,True
0x16478c180,SM_WRE_NC_WOOD_V2_L02_LOD02,Buffer,"[""unused-device-resources-0x10a80c000""]",,,,,,,,,,,,,8800,requested_buffer_length,2,3,18446744073709551615,Never,0.008392333984375,0,False,False,False
0x169489500,M_CN_VIPSHIP_A2_LD03_A,Buffer,"[""device-resources-0x10a80c000""]",,,,,,,,,,,,,8772,requested_buffer_length,2,3,0,Now,0.008365631103515625,0,False,True,True
0x167248600,,Buffer,"[""device-resources-0x10a80c000""]",,,,,,,,,,,,,8720,requested_buffer_length,2,3,0,Now,0.0083160400390625,0,False,True,True
0x1647aed00,SM_WRE_NC_GOLD_V2_L10_LOD02,Buffer,"[""unused-device-resources-0x10a80c000""]",,,,,,,,,,,,,8682,requested_buffer_length,2,3,18446744073709551615,Never,0.008279800415039062,0,False,False,False
0x167265f80,SM_StonemineB_Lv2_LOD2,Buffer,"[""device-resources-0x10a80c000""]",,,,,,,,,,,,,8680,requested_buffer_length,2,3,0,Now,0.00827789306640625,0,False,True,True
0x17b298c00,,RenderPipeline,"[""device-resources-0x10a80c000""]",,,,,,,,,,,,,8658,recorded_allocated_size,,,,,0.008256912231445312,0,False,False,True
0x1712bca80,,Buffer,"[""unused-device-resources-0x10a80c000""]",,,,,,,,,,,,,8640,requested_buffer_length,2,3,18446744073709551615,Never,0.00823974609375,0,False,False,False
0x16724b900,SM_CityLotus_CN_01_LOD01,Buffer,"[""device-resources-0x10a80c000""]",,,,,,,,,,,,,8580,requested_buffer_length,2,3,0,Now,0.008182525634765625,0,False,True,True
0x16e88dc80,SM_CN_BRIDGE03_A4_LOD02,Buffer,"[""unused-device-resources-0x10a80c000""]",,,,,,,,,,,,,8568,requested_buffer_length,2,3,6227018625,Earlier,0.00817108154296875,0,False,False,False
0x16a375b00,SM_FR_WHARF04_A4_LOD03,Buffer,"[""device-resources-0x10a80c000""]",,,,,,,,,,,,,8544,requested_buffer_length,2,3,0,Now,0.008148193359375,0,False,True,True
0x1647b6700,M_BS_CN_CHANG_L3_LD03_A,Buffer,"[""unused-device-resources-0x10a80c000""]",,,,,,,,,,,,,8512,requested_buffer_length,2,3,18446744073709551615,Never,0.00811767578125,0,False,False,False
0x16f830600,M_BS_CN_PALDN_L3_LD03_A,Buffer,"[""unused-device-resources-0x10a80c000""]",,,,,,,,,,,,,8512,requested_buffer_length,2,3,6527238625,Earlier,0.00811767578125,0,False,False,False
0x17b277000,,RenderPipeline,"[""device-resources-0x10a80c000""]",,,,,,,,,,,,,8494,recorded_allocated_size,,,,,0.008100509643554688,0,False,False,True
0x16949e700,SM_CN_TENT02_A4_LOD03,Buffer,"[""device-resources-0x10a80c000""]",,,,,,,,,,,,,8480,requested_buffer_length,2,3,0,Now,0.008087158203125,0,False,True,True
0x1712bed00,SM_WRE_BG_ROCK01_L04_LOD03,Buffer,"[""device-resources-0x10a80c000""]",,,,,,,,,,,,,8472,requested_buffer_length,2,3,0,Now,0.00807952880859375,0,False,True,True
0x1647a3a80,SM_WRE_NC_ROCKA_V2_L02_LOD01,Buffer,"[""unused-device-resources-0x10a80c000""]",,,,,,,,,,,,,8460,requested_buffer_length,2,3,18446744073709551615,Never,0.008068084716796875,0,False,False,False
0x1712bf480,SM_CN_DRILLG_A4_LOD03,Buffer,"[""device-resources-0x10a80c000""]",,,,,,,,,,,,,8424,requested_buffer_length,2,3,0,Now,0.00803375244140625,0,False,True,True
0x16478f480,SM_WRE_NC_GOLD_V2_L09_LOD01,Buffer,"[""unused-device-resources-0x10a80c000""]",,,,,,,,,,,,,8394,requested_buffer_length,2,3,18446744073709551615,Never,0.008005142211914062,0,False,False,False
0x1647a2d00,SM_WRE_NC_ROCK_V2_L09_LOD01,Buffer,"[""unused-device-resources-0x10a80c000""]",,,,,,,,,,,,,8394,requested_buffer_length,2,3,18446744073709551615,Never,0.008005142211914062,0,False,False,False
0x17e036100,SM_CN_PROPS02_A3_LOD03,Buffer,"[""device-resources-0x10a80c000""]",,,,,,,,,,,,,8384,requested_buffer_length,2,3,0,Now,0.00799560546875,0,False,True,True
0x16948ad00,SM_NC_PROPSGROUP03B_A0_LOD02,Buffer,"[""device-resources-0x10a80c000""]",,,,,,,,,,,,,8320,requested_buffer_length,2,3,0,Now,0.0079345703125,0,False,True,True
0x16ee4ad00,Game_TMP_RT_32,Texture,"[""device-resources-0x10a80c000""]",81,2,92,60,28,1,1,1,1,8D39AA9C7BE5B61C,0,Shared,8320,recorded_allocated_size,2,0,0,Now,0.0079345703125,2,True,True,True
0x16ee4b700,Game_RT_32,Texture,"[""device-resources-0x10a80c000""]",81,2,92,60,28,1,1,1,1,B9ADD57CB831025,0,Shared,8320,recorded_allocated_size,2,0,0,Now,0.0079345703125,1,True,True,True
0x167267900,SM_BA_SHEEP2_LOD00,Buffer,"[""unused-device-resources-0x10a80c000""]",,,,,,,,,,,,,8260,requested_buffer_length,2,3,18446744073709551615,Never,0.007877349853515625,0,False,False,False
0x17b3a8c00,,RenderPipeline,"[""device-resources-0x10a80c000""]",,,,,,,,,,,,,8224,recorded_allocated_size,,,,,0.007843017578125,0,False,False,True
0x17b3a9800,,RenderPipeline,"[""device-resources-0x10a80c000""]",,,,,,,,,,,,,8224,recorded_allocated_size,,,,,0.007843017578125,0,False,False,True
0x16478d680,SM_WRE_NC_GOLDA_V2_L03_LOD01,Buffer,"[""unused-device-resources-0x10a80c000""]",,,,,,,,,,,,,8224,requested_buffer_length,2,3,18446744073709551615,Never,0.007843017578125,0,False,False,False
0x16f9e8780,N_CN_MILL_A4_O1_AT_C,Texture,"[""device-resources-0x10a80c000""]",81,2,115,146,3,1,1,1,1,E6B72BEE96BE04FD,0,Shared,8192,recorded_allocated_size,2,2,0,Now,0.0078125,0,False,False,True
0x16f9e8a00,N_CN_MILL_A4_O2_AT_C,Texture,"[""device-resources-0x10a80c000""]",81,2,115,146,3,1,1,1,1,5EB4EE57C022983,0,Shared,8192,recorded_allocated_size,2,2,0,Now,0.0078125,0,False,False,True
0x17b3a8000,,RenderPipeline,"[""device-resources-0x10a80c000""]",,,,,,,,,,,,,8184,recorded_allocated_size,,,,,0.00780487060546875,0,False,False,True
0x17134a400,,RenderPipeline,"[""device-resources-0x10a80c000""]",,,,,,,,,,,,,8184,recorded_allocated_size,,,,,0.00780487060546875,0,False,False,True
0x16ee47a80,SM_MountHuangA_02_City_LOD2,Buffer,"[""unused-device-resources-0x10a80c000""]",,,,,,,,,,,,,8148,requested_buffer_length,2,3,7081010625,Earlier,0.007770538330078125,0,False,False,False
0x17b34d800,,RenderPipeline,"[""device-resources-0x10a80c000""]",,,,,,,,,,,,,8136,recorded_allocated_size,,,,,0.00775909423828125,0,False,False,True
0x17b36d800,,RenderPipeline,"[""device-resources-0x10a80c000""]",,,,,,,,,,,,,8126,recorded_allocated_size,,,,,0.0077495574951171875,0,False,False,True
0x1647a0600,SM_WRE_NC_WOOD_V2_L02_LOD03,Buffer,"[""unused-device-resources-0x10a80c000""]",,,,,,,,,,,,,8096,requested_buffer_length,2,3,18446744073709551615,Never,0.007720947265625,0,False,False,False
0x171349800,,RenderPipeline,"[""device-resources-0x10a80c000""]",,,,,,,,,,,,,8056,recorded_allocated_size,,,,,0.00768280029296875,0,False,False,True
0x17b386400,,RenderPipeline,"[""device-resources-0x10a80c000""]",,,,,,,,,,,,,8038,recorded_allocated_size,,,,,0.0076656341552734375,0,False,False,True
0x169491500,SM_CN_DOCK_A3_LOD03,Buffer,"[""unused-device-resources-0x10a80c000""]",,,,,,,,,,,,,8004,requested_buffer_length,2,3,18446744073709551615,Never,0.007633209228515625,0,False,False,False
0x1647a2e80,SM_WRE_NC_ROCKA_V2_L04_LOD02,Buffer,"[""unused-device-resources-0x10a80c000""]",,,,,,,,,,,,,8000,requested_buffer_length,2,3,18446744073709551615,Never,0.00762939453125,0,False,False,False
0x16f830300,M_BS_CN_PALDN_L3_H_LD03_A,Buffer,"[""unused-device-resources-0x10a80c000""]",,,,,,,,,,,,,7952,requested_buffer_length,2,3,6527243958,Earlier,0.0075836181640625,0,False,False,False
0x17e05c480,SM_CN_BRIDGE03_A4_LOD03,Buffer,"[""device-resources-0x10a80c000""]",,,,,,,,,,,,,7920,requested_buffer_length,2,3,0,Now,0.0075531005859375,0,False,True,True
0x17b187300,SM_CN_PROPS17_A3_LOD04,Buffer,"[""unused-device-resources-0x10a80c000""]",,,,,,,,,,,,,7920,requested_buffer_length,2,3,5733067958,Earlier,0.0075531005859375,0,False,False,False
0x169491800,SM_CN_HOSPITAL_A2_LOD03,Buffer,"[""unused-device-resources-0x10a80c000""]",,,,,,,,,,,,,7902,requested_buffer_length,2,3,5733026625,Earlier,0.0075359344482421875,0,False,False,False
0x17b1c1800,,RenderPipeline,"[""device-resources-0x10a80c000""]",,,,,,,,,,,,,7894,recorded_allocated_size,,,,,0.0075283050537109375,0,False,False,True
0x16f9e1080,SM_CN_MILL_A4_LOD03,Buffer,"[""device-resources-0x10a80c000""]",,,,,,,,,,,,,7890,requested_buffer_length,2,3,0,Now,0.0075244903564453125,0,False,True,True
0x16fafe400,SM_Grass17_B_02,Buffer,"[""device-resources-0x10a80c000""]",,,,,,,,,,,,,7876,requested_buffer_length,2,3,0,Now,0.007511138916015625,0,False,True,True
0x17b238000,,RenderPipeline,"[""device-resources-0x10a80c000""]",,,,,,,,,,,,,7854,recorded_allocated_size,,,,,0.0074901580810546875,0,False,False,True
0x169564180,SM_CN_PROP04_A1_LOD02,Buffer,"[""unused-device-resources-0x10a80c000""]",,,,,,,,,,,,,7840,requested_buffer_length,2,3,18446744073709551615,Never,0.007476806640625,0,False,False,False
0x17b186e80,M_CN_VIPSHIP_A4_LD04_A,Buffer,"[""unused-device-resources-0x10a80c000""]",,,,,,,,,,,,,7806,requested_buffer_length,2,3,18446744073709551615,Never,0.0074443817138671875,0,False,False,False
0x167265380,SM_MountHuangB_03_LOD3,Buffer,"[""device-resources-0x10a80c000""]",,,,,,,,,,,,,7800,requested_buffer_length,2,3,0,Now,0.00743865966796875,0,False,True,True
0x1647b6d00,T2_EditableRoad_meshes,Buffer,"[""device-resources-0x10a80c000""]",,,,,,,,,,,,,7800,requested_buffer_length,2,3,0,Now,0.00743865966796875,0,False,True,True
0x1647abd80,SM_WRE_NC_ROCK_V2_L10_LOD02,Buffer,"[""unused-device-resources-0x10a80c000""]",,,,,,,,,,,,,7794,requested_buffer_length,2,3,18446744073709551615,Never,0.0074329376220703125,0,False,False,False
0x16f831200,M_BN_CN_FEMALE1_LD03_A,Buffer,"[""unused-device-resources-0x10a80c000""]",,,,,,,,,,,,,7728,requested_buffer_length,2,3,18446744073709551615,Never,0.0073699951171875,0,False,False,False
0x16f830f00,M_BN_CN_THIN1_LD03_A,Buffer,"[""unused-device-resources-0x10a80c000""]",,,,,,,,,,,,,7672,requested_buffer_length,2,3,18446744073709551615,Never,0.00731658935546875,0,False,False,False
0x16f831500,M_BN_CN_FAT1_LD03_A,Buffer,"[""unused-device-resources-0x10a80c000""]",,,,,,,,,,,,,7672,requested_buffer_length,2,3,18446744073709551615,Never,0.00731658935546875,0,False,False,False
0x17b34f000,,RenderPipeline,"[""device-resources-0x10a80c000""]",,,,,,,,,,,,,7588,recorded_allocated_size,,,,,0.007236480712890625,0,False,False,True
0x17b384c00,,RenderPipeline,"[""device-resources-0x10a80c000""]",,,,,,,,,,,,,7588,recorded_allocated_size,,,,,0.007236480712890625,0,False,False,True
0x16ee3e100,,Buffer,"[""unused-device-resources-0x10a80c000""]",,,,,,,,,,,,,7584,requested_buffer_length,2,3,33583958,Earlier,0.007232666015625,0,False,False,False
0x17b184600,,Buffer,"[""unused-device-resources-0x10a80c000""]",,,,,,,,,,,,,7584,requested_buffer_length,2,3,282625,Earlier,0.007232666015625,0,False,False,False
0x16ee3fa80,,Buffer,"[""capture""]",,,,,,,,,,,,,7584,requested_buffer_length,,,,,0.007232666015625,0,False,True,False
0x16e88f300,SM_CN_HEROSHRINE06_A4_LOD03,Buffer,"[""device-resources-0x10a80c000""]",,,,,,,,,,,,,7560,requested_buffer_length,2,3,0,Now,0.00720977783203125,0,False,True,True
0x17b29a400,,RenderPipeline,"[""device-resources-0x10a80c000""]",,,,,,,,,,,,,7560,recorded_allocated_size,,,,,0.00720977783203125,0,False,False,True
0x16478c780,TEST_L02_DA_LOD1,Buffer,"[""unused-device-resources-0x10a80c000""]",,,,,,,,,,,,,7552,requested_buffer_length,2,3,18446744073709551615,Never,0.0072021484375,0,False,False,False
0x17b3aa400,,RenderPipeline,"[""device-resources-0x10a80c000""]",,,,,,,,,,,,,7538,recorded_allocated_size,,,,,0.0071887969970703125,0,False,False,True
0x167265980,SM_MountHuangB_04_LOD3,Buffer,"[""unused-device-resources-0x10a80c000""]",,,,,,,,,,,,,7480,requested_buffer_length,2,3,18446744073709551615,Never,0.00713348388671875,0,False,False,False
0x1647a8600,SM_WRE_NC_WOOD_V2_L09_LOD01,Buffer,"[""unused-device-resources-0x10a80c000""]",,,,,,,,,,,,,7476,requested_buffer_length,2,3,18446744073709551615,Never,0.007129669189453125,0,False,False,False
0x1647aa880,SM_WRE_NC_GOLD_V2_L06_LOD01,Buffer,"[""unused-device-resources-0x10a80c000""]",,,,,,,,,,,,,7428,requested_buffer_length,2,3,18446744073709551615,Never,0.007083892822265625,0,False,False,False
0x17b239800,,RenderPipeline,"[""device-resources-0x10a80c000""]",,,,,,,,,,,,,7416,recorded_allocated_size,,,,,0.00707244873046875,0,False,False,True
0x1647b2d00,SM_WRE_NC_FRAMLANDA01A_V2_L05_LOD00,Buffer,"[""unused-device-resources-0x10a80c000""]",,,,,,,,,,,,,7400,requested_buffer_length,2,3,18446744073709551615,Never,0.00705718994140625,0,False,False,False
0x1647b3600,SM_WRE_NC_WATERJING_V2_L02_LOD00,Buffer,"[""unused-device-resources-0x10a80c000""]",,,,,,,,,,,,,7392,requested_buffer_length,2,3,18446744073709551615,Never,0.007049560546875,0,False,False,False
0x17b2ee400,,RenderPipeline,"[""device-resources-0x10a80c000""]",,,,,,,,,,,,,7362,recorded_allocated_size,,,,,0.0070209503173828125,0,False,False,True
0x169488d80,SM_CityWater_China_YZ_02,Buffer,"[""device-resources-0x10a80c000""]",,,,,,,,,,,,,7360,requested_buffer_length,2,3,0,Now,0.00701904296875,0,False,True,True
0x16724a280,SM_WRE_BG_ROCK02_L04_LOD02,Buffer,"[""unused-device-resources-0x10a80c000""]",,,,,,,,,,,,,7326,requested_buffer_length,2,3,6602417291,Earlier,0.0069866180419921875,0,False,False,False
0x16724bc00,SM_CityDeadTree_05,Buffer,"[""device-resources-0x10a80c000""]",,,,,,,,,,,,,7296,requested_buffer_length,2,3,0,Now,0.0069580078125,0,False,True,True
0x17e019800,,RenderPipeline,"[""device-resources-0x10a80c000""]",,,,,,,,,,,,,7242,recorded_allocated_size,,,,,0.0069065093994140625,0,False,False,True
0x17e01a400,,RenderPipeline,"[""device-resources-0x10a80c000""]",,,,,,,,,,,,,7224,recorded_allocated_size,,,,,0.00688934326171875,0,False,False,True
0x16724b000,SM_WORLDLEAFTREE_02_LOD01,Buffer,"[""device-resources-0x10a80c000""]",,,,,,,,,,,,,7200,requested_buffer_length,2,3,0,Now,0.006866455078125,0,False,True,True
0x1647aa100,SM_WRE_NC_ROCKA_V2_L03_LOD02,Buffer,"[""unused-device-resources-0x10a80c000""]",,,,,,,,,,,,,7200,requested_buffer_length,2,3,18446744073709551615,Never,0.006866455078125,0,False,False,False
0x1647a2400,SM_WRE_NC_ROCK_V2_L05_LOD01,Buffer,"[""unused-device-resources-0x10a80c000""]",,,,,,,,,,,,,7116,requested_buffer_length,2,3,18446744073709551615,Never,0.006786346435546875,0,False,False,False
0x169489980,SM_EAST_GROTTO_A0_LOD03,Buffer,"[""unused-device-resources-0x10a80c000""]",,,,,,,,,,,,,7116,requested_buffer_length,2,3,5733130625,Earlier,0.006786346435546875,0,False,False,False
0x17b245800,,RenderPipeline,"[""device-resources-0x10a80c000""]",,,,,,,,,,,,,7108,recorded_allocated_size,,,,,0.006778717041015625,0,False,False,True
0x17c011800,,RenderPipeline,"[""device-resources-0x10a80c000""]",,,,,,,,,,,,,7106,recorded_allocated_size,,,,,0.0067768096923828125,0,False,False,True
0x16faff780,SM_WORLDLEAFTREE_01_LOD01,Buffer,"[""device-resources-0x10a80c000""]",,,,,,,,,,,,,7104,requested_buffer_length,2,3,0,Now,0.00677490234375,0,False,True,True
0x17c010c00,,RenderPipeline,"[""device-resources-0x10a80c000""]",,,,,,,,,,,,,7104,recorded_allocated_size,,,,,0.00677490234375,0,False,False,True
0x171350c00,,RenderPipeline,"[""device-resources-0x10a80c000""]",,,,,,,,,,,,,7090,recorded_allocated_size,,,,,0.0067615509033203125,0,False,False,True
0x1647a0000,SM_WRE_NC_FRAMLANDA01_V2_L05_LOD01,Buffer,"[""unused-device-resources-0x10a80c000""]",,,,,,,,,,,,,7084,requested_buffer_length,2,3,18446744073709551615,Never,0.006755828857421875,0,False,False,False
0x17b384000,,RenderPipeline,"[""device-resources-0x10a80c000""]",,,,,,,,,,,,,7042,recorded_allocated_size,,,,,0.0067157745361328125,0,False,False,True
0x167264300,SM_PVEO_DEADTREE07_L0_LOD01,Buffer,"[""device-resources-0x10a80c000""]",,,,,,,,,,,,,7040,requested_buffer_length,2,3,0,Now,0.0067138671875,0,False,True,True
0x17b34c000,,RenderPipeline,"[""device-resources-0x10a80c000""]",,,,,,,,,,,,,7026,recorded_allocated_size,,,,,0.0067005157470703125,0,False,False,True
0x17b32f000,,RenderPipeline,"[""device-resources-0x10a80c000""]",,,,,,,,,,,,,7012,recorded_allocated_size,,,,,0.006687164306640625,0,False,False,True
0x171348c00,,RenderPipeline,"[""device-resources-0x10a80c000""]",,,,,,,,,,,,,6994,recorded_allocated_size,,,,,0.0066699981689453125,0,False,False,True
0x1694ce700,SM_CN_GARDEN_A2_LOD02,Buffer,"[""unused-device-resources-0x10a80c000""]",,,,,,,,,,,,,6972,requested_buffer_length,2,3,6099391958,Earlier,0.006649017333984375,0,False,False,False
0x1672a5e00,SM_FlagChinaFeudal_012_MorphUV2_MorphExport,Buffer,"[""device-resources-0x10a80c000""]",,,,,,,,,,,,,6960,requested_buffer_length,2,3,0,Now,0.0066375732421875,0,False,True,True
0x1694ce280,SM_CN_HEROSHRINE03_A4_LOD03,Buffer,"[""device-resources-0x10a80c000""]",,,,,,,,,,,,,6948,requested_buffer_length,2,3,0,Now,0.006626129150390625,0,False,True,True
0x17b1c2400,,RenderPipeline,"[""device-resources-0x10a80c000""]",,,,,,,,,,,,,6934,recorded_allocated_size,,,,,0.0066127777099609375,0,False,False,True
0x167248000,SM_Water_Plane_LOD2,Buffer,"[""device-resources-0x10a80c000""]",,,,,,,,,,,,,6912,requested_buffer_length,2,3,0,Now,0.006591796875,0,False,True,True
0x1647a1980,TEST_L03_DA_LOD1,Buffer,"[""unused-device-resources-0x10a80c000""]",,,,,,,,,,,,,6912,requested_buffer_length,2,3,18446744073709551615,Never,0.006591796875,0,False,False,False
0x17b1c0000,,RenderPipeline,"[""device-resources-0x10a80c000""]",,,,,,,,,,,,,6894,recorded_allocated_size,,,,,0.0065746307373046875,0,False,False,True
0x171322400,,RenderPipeline,"[""device-resources-0x10a80c000""]",,,,,,,,,,,,,6892,recorded_allocated_size,,,,,0.006572723388671875,0,False,False,True
0x16a376b80,M_CN_PROPS04_A4_LD02_A,Buffer,"[""device-resources-0x10a80c000""]",,,,,,,,,,,,,6888,requested_buffer_length,2,3,0,Now,0.00656890869140625,0,False,True,True
0x17b3ecc00,,RenderPipeline,"[""device-resources-0x10a80c000""]",,,,,,,,,,,,,6862,recorded_allocated_size,,,,,0.0065441131591796875,0,False,False,True
0x171320c00,,RenderPipeline,"[""device-resources-0x10a80c000""]",,,,,,,,,,,,,6856,recorded_allocated_size,,,,,0.00653839111328125,0,False,False,True
0x17b3ed800,,RenderPipeline,"[""device-resources-0x10a80c000""]",,,,,,,,,,,,,6846,recorded_allocated_size,,,,,0.0065288543701171875,0,False,False,True
0x171353000,,RenderPipeline,"[""device-resources-0x10a80c000""]",,,,,,,,,,,,,6846,recorded_allocated_size,,,,,0.0065288543701171875,0,False,False,True
0x17b18a400,,RenderPipeline,"[""device-resources-0x10a80c000""]",,,,,,,,,,,,,6842,recorded_allocated_size,,,,,0.0065250396728515625,0,False,False,True
0x169488180,T2_EditableRoad_meshes,Buffer,"[""unused-device-resources-0x10a80c000""]",,,,,,,,,,,,,6840,requested_buffer_length,2,3,18446744073709551615,Never,0.00652313232421875,0,False,False,False
0x17b29b000,,RenderPipeline,"[""device-resources-0x10a80c000""]",,,,,,,,,,,,,6816,recorded_allocated_size,,,,,0.006500244140625,0,False,False,True
0x17e01b000,,RenderPipeline,"[""device-resources-0x10a80c000""]",,,,,,,,,,,,,6808,recorded_allocated_size,,,,,0.00649261474609375,0,False,False,True
0x17b2ec000,,RenderPipeline,"[""device-resources-0x10a80c000""]",,,,,,,,,,,,,6806,recorded_allocated_size,,,,,0.0064907073974609375,0,False,False,True
0x171323000,,RenderPipeline,"[""device-resources-0x10a80c000""]",,,,,,,,,,,,,6792,recorded_allocated_size,,,,,0.00647735595703125,0,False,False,True
0x1647aae80,SM_WRE_NC_ROCK_V2_L06_LOD01,Buffer,"[""unused-device-resources-0x10a80c000""]",,,,,,,,,,,,,6780,requested_buffer_length,2,3,18446744073709551615,Never,0.006465911865234375,0,False,False,False
0x17b36cc00,,RenderPipeline,"[""device-resources-0x10a80c000""]",,,,,,,,,,,,,6778,recorded_allocated_size,,,,,0.0064640045166015625,0,False,False,True
0x16e88d680,SM_CN_HEROSHRINE08_A4_LOD03,Buffer,"[""device-resources-0x10a80c000""]",,,,,,,,,,,,,6768,requested_buffer_length,2,3,0,Now,0.0064544677734375,0,False,True,True
0x16fafdb00,ChamferBox02B,Buffer,"[""unused-device-resources-0x10a80c000""]",,,,,,,,,,,,,6760,requested_buffer_length,2,3,18446744073709551615,Never,0.00644683837890625,0,False,False,False
0x16faff300,SM_Rock_10_LOD2,Buffer,"[""unused-device-resources-0x10a80c000""]",,,,,,,,,,,,,6760,requested_buffer_length,2,3,18446744073709551615,Never,0.00644683837890625,0,False,False,False
0x1672a5380,SM_FX_City_CN_WaterFall_Combine03,Buffer,"[""device-resources-0x10a80c000""]",,,,,,,,,,,,,6720,requested_buffer_length,2,3,0,Now,0.00640869140625,0,False,True,True
0x17b36f000,,RenderPipeline,"[""device-resources-0x10a80c000""]",,,,,,,,,,,,,6662,recorded_allocated_size,,,,,0.0063533782958984375,0,False,False,True
0x169491f80,SM_FlagChinaEmpires_004_MorphUV2_MorphExport,Buffer,"[""device-resources-0x10a80c000""]",,,,,,,,,,,,,6624,requested_buffer_length,2,3,0,Now,0.006317138671875,0,False,True,True
0x1647aaa00,SM_WRE_NC_ROCKA_V2_L04_LOD03,Buffer,"[""unused-device-resources-0x10a80c000""]",,,,,,,,,,,,,6624,requested_buffer_length,2,3,18446744073709551615,Never,0.006317138671875,0,False,False,False
0x167248d80,SM_CityWater_China_YZ_03,Buffer,"[""device-resources-0x10a80c000""]",,,,,,,,,,,,,6600,requested_buffer_length,2,3,0,Now,0.00629425048828125,0,False,True,True
0x17b32d800,,RenderPipeline,"[""device-resources-0x10a80c000""]",,,,,,,,,,,,,6594,recorded_allocated_size,,,,,0.0062885284423828125,0,False,False,True
0x16478cd80,SM_WRE_NC_FRAMLANDA01_V2_L04_LOD03,Buffer,"[""unused-device-resources-0x10a80c000""]",,,,,,,,,,,,,6560,requested_buffer_length,2,3,18446744073709551615,Never,0.006256103515625,0,False,False,False
0x1647a3480,SM_WRE_NC_FRAMLANDA01_V2_L04_LOD02,Buffer,"[""unused-device-resources-0x10a80c000""]",,,,,,,,,,,,,6560,requested_buffer_length,2,3,18446744073709551615,Never,0.006256103515625,0,False,False,False
0x1647ac600,SM_WRE_NC_FRAMLANDA01_V2_L04_LOD01,Buffer,"[""unused-device-resources-0x10a80c000""]",,,,,,,,,,,,,6560,requested_buffer_length,2,3,18446744073709551615,Never,0.006256103515625,0,False,False,False
0x1647af900,SM_WRE_NC_GOLD_V2_L09_LOD02,Buffer,"[""unused-device-resources-0x10a80c000""]",,,,,,,,,,,,,6528,requested_buffer_length,2,3,18446744073709551615,Never,0.0062255859375,0,False,False,False
0x16ee3ca80,SM_WRE_NC_FRAMLAND_D_V2_L01_LOD03,Buffer,"[""unused-device-resources-0x10a80c000""]",,,,,,,,,,,,,6512,requested_buffer_length,2,3,5766990625,Earlier,0.0062103271484375,0,False,False,False
0x16a376100,SM_FR_WHARF06_A4_LOD03,Buffer,"[""device-resources-0x10a80c000""]",,,,,,,,,,,,,6464,requested_buffer_length,2,3,0,Now,0.00616455078125,0,False,True,True
0x17b247000,,RenderPipeline,"[""device-resources-0x10a80c000""]",,,,,,,,,,,,,6456,recorded_allocated_size,,,,,0.00615692138671875,0,False,False,True
0x17b274c00,,RenderPipeline,"[""device-resources-0x10a80c000""]",,,,,,,,,,,,,6440,recorded_allocated_size,,,,,0.00614166259765625,0,False,False,True
0x17b275800,,RenderPipeline,"[""device-resources-0x10a80c000""]",,,,,,,,,,,,,6436,recorded_allocated_size,,,,,0.006137847900390625,0,False,False,True
0x169490300,SM_ByzantineCityTree03_LOD1,Buffer,"[""device-resources-0x10a80c000""]",,,,,,,,,,,,,6400,requested_buffer_length,2,3,0,Now,0.006103515625,0,False,True,True
0x17b2ed800,,RenderPipeline,"[""device-resources-0x10a80c000""]",,,,,,,,,,,,,6398,recorded_allocated_size,,,,,0.0061016082763671875,0,False,False,True
0x17b3c9800,,RenderPipeline,"[""device-resources-0x10a80c000""]",,,,,,,,,,,,,6372,recorded_allocated_size,,,,,0.006076812744140625,0,False,False,True
0x17b244000,,RenderPipeline,"[""device-resources-0x10a80c000""]",,,,,,,,,,,,,6328,recorded_allocated_size,,,,,0.00603485107421875,0,False,False,True
0x17b23b000,,RenderPipeline,"[""device-resources-0x10a80c000""]",,,,,,,,,,,,,6314,recorded_allocated_size,,,,,0.0060214996337890625,0,False,False,True
0x17b32c000,,RenderPipeline,"[""device-resources-0x10a80c000""]",,,,,,,,,,,,,6310,recorded_allocated_size,,,,,0.0060176849365234375,0,False,False,True
0x1647b3300,SM_WRE_NC_FRAMLANDA02_V2_L03_LOD00,Buffer,"[""unused-device-resources-0x10a80c000""]",,,,,,,,,,,,,6280,requested_buffer_length,2,3,18446744073709551615,Never,0.00598907470703125,0,False,False,False
0x17b36e400,,RenderPipeline,"[""device-resources-0x10a80c000""]",,,,,,,,,,,,,6276,recorded_allocated_size,,,,,0.005985260009765625,0,False,False,True
0x17b2ef000,,RenderPipeline,"[""device-resources-0x10a80c000""]",,,,,,,,,,,,,6272,recorded_allocated_size,,,,,0.0059814453125,0,False,False,True
0x171320000,,RenderPipeline,"[""device-resources-0x10a80c000""]",,,,,,,,,,,,,6266,recorded_allocated_size,,,,,0.0059757232666015625,0,False,False,True
0x17b20c000,,RenderPipeline,"[""device-resources-0x10a80c000""]",,,,,,,,,,,,,6242,recorded_allocated_size,,,,,0.0059528350830078125,0,False,False,True
0x17b20cc00,,RenderPipeline,"[""device-resources-0x10a80c000""]",,,,,,,,,,,,,6238,recorded_allocated_size,,,,,0.0059490203857421875,0,False,False,True
0x1694cc000,SM_TALLTREE_01_LOD01,Buffer,"[""device-resources-0x10a80c000""]",,,,,,,,,,,,,6144,requested_buffer_length,2,3,0,Now,0.005859375,0,False,True,True
0x16e898900,SM_FR_ROADF06_A4_LOD00,Buffer,"[""device-resources-0x10a80c000""]",,,,,,,,,,,,,6144,requested_buffer_length,2,3,0,Now,0.005859375,0,False,True,True
0x16f9e3180,SM_FlagChinaEmpires_003_MorphUV2_MorphExport,Buffer,"[""device-resources-0x10a80c000""]",,,,,,,,,,,,,6144,requested_buffer_length,2,3,0,Now,0.005859375,0,False,True,True
0x16f9e2b80,SM_FlagChinaEmpires_002_MorphUV2_MorphExport,Buffer,"[""unused-device-resources-0x10a80c000""]",,,,,,,,,,,,,6144,requested_buffer_length,2,3,5733425291,Earlier,0.005859375,0,False,False,False
0x169564480,SM_CN_FENCE02B_A1_LOD02,Buffer,"[""unused-device-resources-0x10a80c000""]",,,,,,,,,,,,,6080,requested_buffer_length,2,3,18446744073709551615,Never,0.00579833984375,0,False,False,False
0x17c170280,T_FX_Trail_05,Texture,"[""device-resources-0x10a80c000""]",81,2,208,128,32,1,8,1,1,EE22F2D3D37C5303,0,Shared,6016,recorded_allocated_size,2,2,0,Now,0.0057373046875,0,False,False,True
0x16ee39680,T_FX_Noise_46,Texture,"[""unused-device-resources-0x10a80c000""]",81,2,212,128,128,1,8,1,1,79DCD819FC2A0723,0,Shared,6016,recorded_allocated_size,2,2,18446744073709551615,Never,0.0057373046875,0,False,False,False
0x16fafd500,Plane001,Buffer,"[""unused-device-resources-0x10a80c000""]",,,,,,,,,,,,,6000,requested_buffer_length,2,3,18446744073709551615,Never,0.0057220458984375,0,False,False,False
0x1647aba80,SM_WRE_NC_FRAMLANDA01_V2_L07_LOD01,Buffer,"[""unused-device-resources-0x10a80c000""]",,,,,,,,,,,,,5976,requested_buffer_length,2,3,18446744073709551615,Never,0.00569915771484375,0,False,False,False
0x17e05de00,SM_CN_MTPROPS01_A3_LOD04,Buffer,"[""unused-device-resources-0x10a80c000""]",,,,,,,,,,,,,5964,requested_buffer_length,2,3,5733019958,Earlier,0.005687713623046875,0,False,False,False
0x169490d80,SM_CN_IRONMINE_A4_LOD03,Buffer,"[""device-resources-0x10a80c000""]",,,,,,,,,,,,,5952,requested_buffer_length,2,3,0,Now,0.00567626953125,0,False,True,True
0x1694cc600,SM_TALLTREE_02_LOD01,Buffer,"[""device-resources-0x10a80c000""]",,,,,,,,,,,,,5952,requested_buffer_length,2,3,0,Now,0.00567626953125,0,False,True,True
0x16f9e2a00,SM_CN_GOLDMINE_A4_LOD03,Buffer,"[""device-resources-0x10a80c000""]",,,,,,,,,,,,,5952,requested_buffer_length,2,3,0,Now,0.00567626953125,0,False,True,True
0x169491b00,SM_CN_TAVERN_A2_LOD03,Buffer,"[""unused-device-resources-0x10a80c000""]",,,,,,,,,,,,,5928,requested_buffer_length,2,3,18446744073709551615,Never,0.00565338134765625,0,False,False,False
0x17b3c8000,,RenderPipeline,"[""device-resources-0x10a80c000""]",,,,,,,,,,,,,5924,recorded_allocated_size,,,,,0.005649566650390625,0,False,False,True
0x16f9e2400,SM_CN_QIJI01_A3_LOD03,Buffer,"[""device-resources-0x10a80c000""]",,,,,,,,,,,,,5904,requested_buffer_length,2,3,0,Now,0.0056304931640625,0,False,True,True
0x15e728c80,T_FX_Mask_Noise20,Texture,"[""device-resources-0x10a80c000""]",81,2,208,64,64,1,7,1,1,A6A5218663F774E6,0,Shared,5888,recorded_allocated_size,2,2,0,Now,0.005615234375,1,False,True,True
0x167242d00,T_temp_NRT,Texture,"[""device-resources-0x10a80c000""]",81,2,208,64,64,1,7,1,1,10F76F34A6B07438,0,Shared,5888,recorded_allocated_size,2,2,0,Now,0.005615234375,1,False,True,True
0x167242f80,T_temp_DA,Texture,"[""device-resources-0x10a80c000""]",81,2,190,64,64,1,7,1,1,EAC22814644F7F55,0,Shared,5888,recorded_allocated_size,2,2,0,Now,0.005615234375,1,False,True,True
0x169484c80,T_FX_Mask_41,Texture,"[""device-resources-0x10a80c000""]",81,2,208,64,64,1,7,1,1,81F58D1334A4548F,0,Shared,5888,recorded_allocated_size,2,2,0,Now,0.005615234375,6,False,True,True
0x16e885b80,T_FX_Mask_Color04,Texture,"[""device-resources-0x10a80c000""]",81,2,190,64,64,1,7,1,1,C34886BFC8F4BE8B,0,Shared,5888,recorded_allocated_size,2,2,0,Now,0.005615234375,1,False,True,True
0x16fb01180,T_FX_Mask_Noise16_C,Texture,"[""device-resources-0x10a80c000""]",81,2,186,64,64,1,7,1,1,AD4659E555096763,0,Shared,5888,recorded_allocated_size,2,2,0,Now,0.005615234375,1,False,True,True
0x16fb03c00,T_FX_Noise_34,Texture,"[""device-resources-0x10a80c000""]",81,2,208,64,64,1,7,1,1,65CE2B21407725EF,0,Shared,5888,recorded_allocated_size,2,2,0,Now,0.005615234375,0,False,False,True
0x168874280,T_FX_Noise_35,Texture,"[""device-resources-0x10a80c000""]",81,2,190,64,64,1,7,1,1,AF70581033A2D15,0,Shared,5888,recorded_allocated_size,2,2,0,Now,0.005615234375,1,False,True,True
0x168874780,T_FX_Noise_88,Texture,"[""device-resources-0x10a80c000""]",81,2,190,64,64,1,7,1,1,F2E9C9FD76FBA46B,0,Shared,5888,recorded_allocated_size,2,2,0,Now,0.005615234375,1,False,True,True
0x16fb02f80,T_FX_Noise_89,Texture,"[""unused-device-resources-0x10a80c000""]",81,2,190,64,64,1,7,1,1,3A3F557814B6293C,0,Shared,5888,recorded_allocated_size,2,2,18446744073709551615,Never,0.005615234375,0,False,False,False
0x15e72a300,T_FX_Mask_15,Texture,"[""unused-device-resources-0x10a80c000""]",81,2,208,64,64,1,7,1,1,F987D486558E6160,0,Shared,5888,recorded_allocated_size,2,2,18446744073709551615,Never,0.005615234375,0,False,False,False
0x168877200,T_BN_CN_MFARMER1_DA,Texture,"[""unused-device-resources-0x10a80c000""]",81,2,190,64,64,1,7,1,1,4C8A3280021E471D,0,Shared,5888,recorded_allocated_size,2,2,18446744073709551615,Never,0.005615234375,0,False,False,False
0x168877480,T_BN_CN_MFARMER1_NRT,Texture,"[""unused-device-resources-0x10a80c000""]",81,2,208,64,64,1,7,1,1,383B3045865F0459,0,Shared,5888,recorded_allocated_size,2,2,18446744073709551615,Never,0.005615234375,0,False,False,False
0x164868a00,T_WNB_GB_STRONGHOLD_L01_L,Texture,"[""unused-device-resources-0x10a80c000""]",81,2,190,64,64,1,7,1,1,3FF66E67AA06645A,0,Shared,5888,recorded_allocated_size,2,2,18446744073709551615,Never,0.005615234375,0,False,False,False
0x164869b80,T_WRE_NC_FRAMLANDA01_V2_L11_L,Texture,"[""unused-device-resources-0x10a80c000""]",81,2,190,64,64,1,7,1,1,289C7AC7C9C33A44,0,Shared,5888,recorded_allocated_size,2,2,18446744073709551615,Never,0.005615234375,0,False,False,False
0x16ee39900,T_FX_Noise_07,Texture,"[""unused-device-resources-0x10a80c000""]",81,2,190,64,64,1,7,1,1,E4E67732E8AF64B6,0,Shared,5888,recorded_allocated_size,2,2,18446744073709551615,Never,0.005615234375,0,False,False,False
0x16ee3ad00,T_FX_Mask_45,Texture,"[""unused-device-resources-0x10a80c000""]",81,2,208,64,64,1,7,1,1,47842F24B92A7965,0,Shared,5888,recorded_allocated_size,2,2,18446744073709551615,Never,0.005615234375,0,False,False,False
0x1659e9b80,T_WRE_NC_ROCK_V2_L10_L,Texture,"[""unused-device-resources-0x10a80c000""]",81,2,190,64,64,1,7,1,1,193349D72A5C40C8,0,Shared,5888,recorded_allocated_size,2,2,18446744073709551615,Never,0.005615234375,0,False,False,False
0x1659ea300,T_NC_PROPS_A1_DA,Texture,"[""unused-device-resources-0x10a80c000""]",81,2,190,64,64,1,7,1,1,CDA15BD20445AA0D,0,Shared,5888,recorded_allocated_size,2,2,18446744073709551615,Never,0.005615234375,0,False,False,False
0x167240780,T_BA_LION_DA,Texture,"[""unused-device-resources-0x10a80c000""]",81,2,190,64,64,1,7,1,1,468184AC82ABF8B5,0,Shared,5888,recorded_allocated_size,2,2,18446744073709551615,Never,0.005615234375,0,False,False,False
0x167240a00,T_BA_LION_NRT,Texture,"[""unused-device-resources-0x10a80c000""]",81,2,208,64,64,1,7,1,1,712BC6503E5D74,0,Shared,5888,recorded_allocated_size,2,2,18446744073709551615,Never,0.005615234375,0,False,False,False
0x16948cf00,T_EAST_GROTTO_A0_DA,Texture,"[""unused-device-resources-0x10a80c000""]",81,2,190,64,64,1,7,1,1,F1373F0C150BA341,0,Shared,5888,recorded_allocated_size,2,2,18446744073709551615,Never,0.005615234375,0,False,False,False
0x16948e800,T_CN_DOCK_A3_DA,Texture,"[""unused-device-resources-0x10a80c000""]",81,2,190,64,64,1,7,1,1,8DD99B8FA923DA0E,0,Shared,5888,recorded_allocated_size,2,2,18446744073709551615,Never,0.005615234375,0,False,False,False
0x16948f200,T_CN_HOSPITAL_A2_DA,Texture,"[""unused-device-resources-0x10a80c000""]",81,2,190,64,64,1,7,1,1,402F1DFB8F000526,0,Shared,5888,recorded_allocated_size,2,2,18446744073709551615,Never,0.005615234375,0,False,False,False
0x16948fc00,T_CN_TAVERN_A2_DA,Texture,"[""unused-device-resources-0x10a80c000""]",81,2,190,64,64,1,7,1,1,1BC027D95BCCA408,0,Shared,5888,recorded_allocated_size,2,2,18446744073709551615,Never,0.005615234375,0,False,False,False
0x169494500,T_CN_ATOWER_A4_DA,Texture,"[""unused-device-resources-0x10a80c000""]",81,2,190,64,64,1,7,1,1,F0CDAE8D3B7A7EDF,0,Shared,5888,recorded_allocated_size,2,2,18446744073709551615,Never,0.005615234375,0,False,False,False
0x1694a5180,T_FR_BRIDGE_A3_DA,Texture,"[""unused-device-resources-0x10a80c000""]",81,2,190,64,64,1,7,1,1,F361A85CD230C6B7,0,Shared,5888,recorded_allocated_size,2,2,18446744073709551615,Never,0.005615234375,0,False,False,False
0x16a370f00,T_FX_Noise_57,Texture,"[""unused-device-resources-0x10a80c000""]",81,2,208,64,64,1,7,1,1,3C6AC3F512837221,0,Shared,5888,recorded_allocated_size,2,2,18446744073709551615,Never,0.005615234375,0,False,False,False
0x16a373980,T_BA_DEER1_DA,Texture,"[""unused-device-resources-0x10a80c000""]",81,2,190,64,64,1,7,1,1,EAA1BEE4100DD630,0,Shared,5888,recorded_allocated_size,2,2,18446744073709551615,Never,0.005615234375,0,False,False,False
0x13dc15e00,date,Texture,"[""unused-device-resources-0x10a80c000""]",81,2,190,64,64,1,7,1,1,57825F8B5486E593,0,Shared,5888,recorded_allocated_size,2,2,18446744073709551615,Never,0.005615234375,0,False,False,False
0x1647b5200,SM_MOUNTAINTREE_01,Buffer,"[""device-resources-0x10a80c000""]",,,,,,,,,,,,,5856,requested_buffer_length,2,3,0,Now,0.005584716796875,0,False,True,True
0x17e05ca80,SM_CN_PROPS12_A3_LOD03,Buffer,"[""device-resources-0x10a80c000""]",,,,,,,,,,,,,5856,requested_buffer_length,2,3,0,Now,0.005584716796875,0,False,True,True
0x17e05c780,SM_CN_PROPS12_A3_LOD04,Buffer,"[""unused-device-resources-0x10a80c000""]",,,,,,,,,,,,,5856,requested_buffer_length,2,3,5733003958,Earlier,0.005584716796875,0,False,False,False
0x16949d800,SM_CN_PROPS12_A3_LOD02,Buffer,"[""unused-device-resources-0x10a80c000""]",,,,,,,,,,,,,5856,requested_buffer_length,2,3,6123113291,Earlier,0.005584716796875,0,False,False,False
0x16ee44a80,SM_CN_PROPS08_A3_LOD04,Buffer,"[""unused-device-resources-0x10a80c000""]",,,,,,,,,,,,,5832,requested_buffer_length,2,3,5733078625,Earlier,0.00556182861328125,0,False,False,False
0x16f9e1680,M_CN_MILL_A4_O1_LD02_A,Buffer,"[""device-resources-0x10a80c000""]",,,,,,,,,,,,,5814,requested_buffer_length,2,3,0,Now,0.0055446624755859375,0,False,True,True
0x1191f0480,Plane,Buffer,"[""device-resources-0x10a80c000""]",,,,,,,,,,,,,5808,requested_buffer_length,2,3,0,Now,0.0055389404296875,0,False,True,True
0x169489b00,SM_NC_PROPS01_A3_LOD02,Buffer,"[""device-resources-0x10a80c000""]",,,,,,,,,,,,,5760,requested_buffer_length,2,3,0,Now,0.0054931640625,0,False,True,True
0x169566d00,SM_CN_WALL04_A4_LOD03,Buffer,"[""device-resources-0x10a80c000""]",,,,,,,,,,,,,5760,requested_buffer_length,2,3,0,Now,0.0054931640625,0,False,True,True
0x16e899b00,SM_CN_HEROSHRINE09_A4_LOD03,Buffer,"[""device-resources-0x10a80c000""]",,,,,,,,,,,,,5760,requested_buffer_length,2,3,0,Now,0.0054931640625,0,False,True,True
0x1647a0c00,SM_WRE_NC_ROCKA_V2_L02_LOD02,Buffer,"[""unused-device-resources-0x10a80c000""]",,,,,,,,,,,,,5760,requested_buffer_length,2,3,18446744073709551615,Never,0.0054931640625,0,False,False,False
0x167265200,SM_MountHuangA_02_City_LOD3,Buffer,"[""device-resources-0x10a80c000""]",,,,,,,,,,,,,5676,requested_buffer_length,2,3,0,Now,0.005413055419921875,0,False,True,True
0x1647b1200,SM_WRE_NC_GOLDA_V2_L03_LOD02,Buffer,"[""unused-device-resources-0x10a80c000""]",,,,,,,,,,,,,5664,requested_buffer_length,2,3,18446744073709551615,Never,0.005401611328125,0,False,False,False
0x16478e400,SM_WRE_NC_GOLDA_V2_L03_LOD03,Buffer,"[""unused-device-resources-0x10a80c000""]",,,,,,,,,,,,,5664,requested_buffer_length,2,3,18446744073709551615,Never,0.005401611328125,0,False,False,False
0x1647acd80,SM_WRE_NC_GOLD_V2_L07_LOD01,Buffer,"[""unused-device-resources-0x10a80c000""]",,,,,,,,,,,,,5664,requested_buffer_length,2,3,18446744073709551615,Never,0.005401611328125,0,False,False,False
0x1647afd80,TEST_L03_DA_LOD3,Buffer,"[""unused-device-resources-0x10a80c000""]",,,,,,,,,,,,,5632,requested_buffer_length,2,3,18446744073709551615,Never,0.00537109375,0,False,False,False
0x1647a1500,TEST_L03_DA_LOD2,Buffer,"[""unused-device-resources-0x10a80c000""]",,,,,,,,,,,,,5632,requested_buffer_length,2,3,18446744073709551615,Never,0.00537109375,0,False,False,False
0x17e037d80,SM_CN_PROPS15_A3_LOD03,Buffer,"[""device-resources-0x10a80c000""]",,,,,,,,,,,,,5532,requested_buffer_length,2,3,0,Now,0.005275726318359375,0,False,True,True
0x16949c000,SM_CN_PROPS15_A3_LOD02,Buffer,"[""unused-device-resources-0x10a80c000""]",,,,,,,,,,,,,5532,requested_buffer_length,2,3,6123103958,Earlier,0.005275726318359375,0,False,False,False
0x17e037a80,SM_CN_PROPS15_A3_LOD04,Buffer,"[""unused-device-resources-0x10a80c000""]",,,,,,,,,,,,,5532,requested_buffer_length,2,3,5732993291,Earlier,0.005275726318359375,0,False,False,False
0x169565b00,SM_NC_PROPS05_A3_LOD02,Buffer,"[""device-resources-0x10a80c000""]",,,,,,,,,,,,,5504,requested_buffer_length,2,3,0,Now,0.0052490234375,0,False,True,True
0x1647b0600,SM_WRE_NC_GOLD_V2_L06_LOD02,Buffer,"[""unused-device-resources-0x10a80c000""]",,,,,,,,,,,,,5442,requested_buffer_length,2,3,18446744073709551615,Never,0.0051898956298828125,0,False,False,False
0x16949fc00,SM_LENGSHAN_01,Buffer,"[""device-resources-0x10a80c000""]",,,,,,,,,,,,,5412,requested_buffer_length,2,3,0,Now,0.005161285400390625,0,False,True,True
0x169566400,SM_CN_HEROSHRINE05_A4_LOD03,Buffer,"[""device-resources-0x10a80c000""]",,,,,,,,,,,,,5400,requested_buffer_length,2,3,0,Now,0.00514984130859375,0,False,True,True
0x1694ce100,SM_CN_WALL10_A4_LOD03,Buffer,"[""device-resources-0x10a80c000""]",,,,,,,,,,,,,5388,requested_buffer_length,2,3,0,Now,0.005138397216796875,0,False,True,True
0x16478db00,SM_WRE_NC_ROCK_V2_L07_LOD01,Buffer,"[""unused-device-resources-0x10a80c000""]",,,,,,,,,,,,,5382,requested_buffer_length,2,3,18446744073709551615,Never,0.0051326751708984375,0,False,False,False
0x169489e00,SM_NC_PROPS07_A3_LOD02,Buffer,"[""device-resources-0x10a80c000""]",,,,,,,,,,,,,5376,requested_buffer_length,2,3,0,Now,0.005126953125,0,False,True,True
0x16a376880,M_FR_WHARF_A4_LD02_A,Buffer,"[""device-resources-0x10a80c000""]",,,,,,,,,,,,,5358,requested_buffer_length,2,3,0,Now,0.0051097869873046875,0,False,True,True
0x1647ad200,SM_WRE_NC_ROCKA_V2_L03_LOD03,Buffer,"[""unused-device-resources-0x10a80c000""]",,,,,,,,,,,,,5344,requested_buffer_length,2,3,18446744073709551615,Never,0.005096435546875,0,False,False,False
0x1712be100,SM_CN_WALL05_A4_LOD02,Buffer,"[""device-resources-0x10a80c000""]",,,,,,,,,,,,,5328,requested_buffer_length,2,3,0,Now,0.0050811767578125,0,False,True,True
0x169567000,SM_CN_WALL05_A4_LOD02,Buffer,"[""unused-device-resources-0x10a80c000""]",,,,,,,,,,,,,5328,requested_buffer_length,2,3,6313946625,Earlier,0.0050811767578125,0,False,False,False
0x17b02b000,,RenderPipeline,"[""device-resources-0x10a80c000""]",,,,,,,,,,,,,5326,recorded_allocated_size,,,,,0.0050792694091796875,0,False,False,True
0x167264c00,SM_MountHuangA_01_City_LOD3,Buffer,"[""device-resources-0x10a80c000""]",,,,,,,,,,,,,5244,requested_buffer_length,2,3,0,Now,0.005001068115234375,0,False,True,True
0x1694cdb00,SM_CN_HEROSHRINE01BASE_A4_LOD02,Buffer,"[""unused-device-resources-0x10a80c000""]",,,,,,,,,,,,,5208,requested_buffer_length,2,3,6099370625,Earlier,0.00496673583984375,0,False,False,False
0x167249800,SM_CityWater_China_YZ_05,Buffer,"[""device-resources-0x10a80c000""]",,,,,,,,,,,,,5192,requested_buffer_length,2,3,0,Now,0.00495147705078125,0,False,True,True
0x1647afc00,SM_WRE_NC_ROCK_V2_L09_LOD02,Buffer,"[""unused-device-resources-0x10a80c000""]",,,,,,,,,,,,,5190,requested_buffer_length,2,3,18446744073709551615,Never,0.0049495697021484375,0,False,False,False
0x1712bcf00,Line_Plane2,Buffer,"[""unused-device-resources-0x10a80c000""]",,,,,,,,,,,,,5184,requested_buffer_length,2,3,18446744073709551615,Never,0.00494384765625,0,False,False,False
0x169493c00,SM_CN_PROPS06_A3_LOD03,Buffer,"[""device-resources-0x10a80c000""]",,,,,,,,,,,,,5148,requested_buffer_length,2,3,0,Now,0.004909515380859375,0,False,True,True
0x16948b600,SM_NC_PROPSGROUP05B_A0_LOD02,Buffer,"[""device-resources-0x10a80c000""]",,,,,,,,,,,,,5120,requested_buffer_length,2,3,0,Now,0.0048828125,0,False,True,True
0x1647a9f80,SM_WRE_NC_FRAMLANDA01_V2_L11_LOD02,Buffer,"[""unused-device-resources-0x10a80c000""]",,,,,,,,,,,,,5064,requested_buffer_length,2,3,18446744073709551615,Never,0.00482940673828125,0,False,False,False
0x16fafed00,LOD0SG11,Buffer,"[""device-resources-0x10a80c000""]",,,,,,,,,,,,,5004,requested_buffer_length,2,3,0,Now,0.004772186279296875,0,False,True,True
0x1647ac900,SM_WRE_NC_FRAMLANDA01_V2_L05_LOD02,Buffer,"[""unused-device-resources-0x10a80c000""]",,,,,,,,,,,,,4972,requested_buffer_length,2,3,18446744073709551615,Never,0.004741668701171875,0,False,False,False
0x16ee33480,M_BN_CN_MFARMER1_LD03_A,Buffer,"[""unused-device-resources-0x10a80c000""]",,,,,,,,,,,,,4968,requested_buffer_length,2,3,18446744073709551615,Never,0.00473785400390625,0,False,False,False
0x1672a7900,SM_FlagChinaFeudal_015_MorphUV2_MorphExport,Buffer,"[""device-resources-0x10a80c000""]",,,,,,,,,,,,,4944,requested_buffer_length,2,3,0,Now,0.0047149658203125,0,False,True,True
0x1647af180,TEST_L02_DA_LOD2,Buffer,"[""unused-device-resources-0x10a80c000""]",,,,,,,,,,,,,4928,requested_buffer_length,2,3,18446744073709551615,Never,0.00469970703125,0,False,False,False
0x16949e580,SM_CN_WALL03_A3_LOD03,Buffer,"[""device-resources-0x10a80c000""]",,,,,,,,,,,,,4836,requested_buffer_length,2,3,0,Now,0.004611968994140625,0,False,True,True
0x17b184180,,Buffer,"[""device-resources-0x10a80c000""]",,,,,,,,,,,,,4824,requested_buffer_length,2,3,0,Now,0.00460052490234375,0,False,True,True
0x1647b6100,EM_WaterFall_01,Buffer,"[""unused-device-resources-0x10a80c000""]",,,,,,,,,,,,,4800,requested_buffer_length,2,3,18446744073709551615,Never,0.00457763671875,0,False,False,False
0x1647a8a80,SM_CN_FENCE02B_A1_LOD01,Buffer,"[""unused-device-resources-0x10a80c000""]",,,,,,,,,,,,,4800,requested_buffer_length,2,3,18446744073709551615,Never,0.00457763671875,0,False,False,False
0x1647adc80,SM_CN_FENCE02B_A1_LOD02,Buffer,"[""unused-device-resources-0x10a80c000""]",,,,,,,,,,,,,4800,requested_buffer_length,2,3,18446744073709551615,Never,0.00457763671875,0,False,False,False
0x1647ae280,SM_CN_FENCE02B_A1_LOD03,Buffer,"[""unused-device-resources-0x10a80c000""]",,,,,,,,,,,,,4800,requested_buffer_length,2,3,18446744073709551615,Never,0.00457763671875,0,False,False,False
0x1647ad980,SM_WRE_NC_WOOD_V2_L07_LOD01,Buffer,"[""unused-device-resources-0x10a80c000""]",,,,,,,,,,,,,4752,requested_buffer_length,2,3,18446744073709551615,Never,0.0045318603515625,0,False,False,False
0x169488a80,T2_EditableRoad_meshes,Buffer,"[""device-resources-0x10a80c000""]",,,,,,,,,,,,,4680,requested_buffer_length,2,3,0,Now,0.00446319580078125,0,False,True,True
0x119252800,,ComputePipeline,"[""unused-device-resources-0x10a80c000""]",,,,,,,,,,,,,4632,recorded_allocated_size,,,,,0.00441741943359375,0,False,False,False
0x1712bf000,SM_WRE_BG_ROCK02_L04_LOD03,Buffer,"[""device-resources-0x10a80c000""]",,,,,,,,,,,,,4620,requested_buffer_length,2,3,0,Now,0.004405975341796875,0,False,True,True
0x16e885400,T_FoamRamp_1_C,Texture,"[""device-resources-0x10a80c000""]",81,2,71,512,1,1,10,1,1,519C52310ABE6FB2,0,Shared,4608,recorded_allocated_size,2,2,0,Now,0.00439453125,3,False,True,True
0x169564900,SM_CN_FENCE01E_A1_LOD02,Buffer,"[""unused-device-resources-0x10a80c000""]",,,,,,,,,,,,,4600,requested_buffer_length,2,3,18446744073709551615,Never,0.00438690185546875,0,False,False,False
0x17e05db00,SM_CN_PROPS16_A3_LOD03,Buffer,"[""device-resources-0x10a80c000""]",,,,,,,,,,,,,4584,requested_buffer_length,2,3,0,Now,0.00437164306640625,0,False,True,True
0x169493a80,SM_CN_PROPS16_A3_LOD02,Buffer,"[""unused-device-resources-0x10a80c000""]",,,,,,,,,,,,,4584,requested_buffer_length,2,3,6149177291,Earlier,0.00437164306640625,0,False,False,False
0x1647b7780,M_BA_LION_LD00_A,Buffer,"[""unused-device-resources-0x10a80c000""]",,,,,,,,,,,,,4536,requested_buffer_length,2,3,18446744073709551615,Never,0.00432586669921875,0,False,False,False
0x1647a3180,SM_WRE_NC_ROCKA_V2_L02_LOD03,Buffer,"[""unused-device-resources-0x10a80c000""]",,,,,,,,,,,,,4536,requested_buffer_length,2,3,18446744073709551615,Never,0.00432586669921875,0,False,False,False
0x1694cf900,SM_CN_TEN02B_A1_LOD02,Buffer,"[""unused-device-resources-0x10a80c000""]",,,,,,,,,,,,,4494,requested_buffer_length,2,3,18446744073709551615,Never,0.0042858123779296875,0,False,False,False
0x1694ced00,SM_FR_BRIDGE_A3_LOD03,Buffer,"[""unused-device-resources-0x10a80c000""]",,,,,,,,,,,,,4476,requested_buffer_length,2,3,5733102625,Earlier,0.004268646240234375,0,False,False,False
0x1191f0300,st_alphaplane01,Buffer,"[""unused-device-resources-0x10a80c000""]",,,,,,,,,,,,,4470,requested_buffer_length,2,3,18446744073709551615,Never,0.0042629241943359375,0,False,False,False
0x1647ae700,SM_WRE_NC_WOOD_V2_L04_LOD01,Buffer,"[""unused-device-resources-0x10a80c000""]",,,,,,,,,,,,,4440,requested_buffer_length,2,3,18446744073709551615,Never,0.00423431396484375,0,False,False,False
0x16724ab80,SM_WRE_NC_GOLDA_L05_LOD02,Buffer,"[""device-resources-0x10a80c000""]",,,,,,,,,,,,,4410,requested_buffer_length,2,3,0,Now,0.0042057037353515625,0,False,True,True
0x16e89b600,SM_NC_PROPS10B_A0_LOD02,Buffer,"[""device-resources-0x10a80c000""]",,,,,,,,,,,,,4398,requested_buffer_length,2,3,0,Now,0.0041942596435546875,0,False,True,True
0x17b187600,SM_CN_TENT02_A4_LOD04,Buffer,"[""unused-device-resources-0x10a80c000""]",,,,,,,,,,,,,4384,requested_buffer_length,2,3,5733054625,Earlier,0.004180908203125,0,False,False,False
0x17e05d800,M_BN_CN_FFARMER1_LD03_A,Buffer,"[""unused-device-resources-0x10a80c000""]",,,,,,,,,,,,,4356,requested_buffer_length,2,3,18446744073709551615,Never,0.004154205322265625,0,False,False,False
0x142926e80,M_BA_SHEEP1_LD00_A,Buffer,"[""unused-device-resources-0x10a80c000""]",,,,,,,,,,,,,4332,requested_buffer_length,2,3,18446744073709551615,Never,0.004131317138671875,0,False,False,False
0x167267a80,SM_BA_SHEEP2_LOD00,Buffer,"[""unused-device-resources-0x10a80c000""]",,,,,,,,,,,,,4332,requested_buffer_length,2,3,18446744073709551615,Never,0.004131317138671875,0,False,False,False
0x1672a4300,Pubu02,Buffer,"[""device-resources-0x10a80c000""]",,,,,,,,,,,,,4320,requested_buffer_length,2,3,0,Now,0.004119873046875,0,False,True,True
0x17e035800,SM_CN_WALL05_A4_LOD04,Buffer,"[""unused-device-resources-0x10a80c000""]",,,,,,,,,,,,,4320,requested_buffer_length,2,3,5733273291,Earlier,0.004119873046875,0,False,False,False
0x17e035200,SM_CN_WALL04_A4_LOD04,Buffer,"[""unused-device-resources-0x10a80c000""]",,,,,,,,,,,,,4320,requested_buffer_length,2,3,5733259958,Earlier,0.004119873046875,0,False,False,False
0x16ee33c00,,Buffer,"[""unused-device-resources-0x10a80c000""]",,,,,,,,,,,,,4320,requested_buffer_length,2,3,33409291,Earlier,0.004119873046875,0,False,False,False
0x16ee3f480,,Buffer,"[""unused-device-resources-0x10a80c000""]",,,,,,,,,,,,,4320,requested_buffer_length,2,3,106625,Earlier,0.004119873046875,0,False,False,False
0x16ee3eb80,,Buffer,"[""capture""]",,,,,,,,,,,,,4320,requested_buffer_length,,,,,0.004119873046875,0,False,True,False
0x169567780,SM_CN_WALL01_A4_LOD03,Buffer,"[""device-resources-0x10a80c000""]",,,,,,,,,,,,,4308,requested_buffer_length,2,3,0,Now,0.004108428955078125,0,False,True,True
0x16e88f780,SM_CN_HEROSHRINE04_A4_LOD03,Buffer,"[""device-resources-0x10a80c000""]",,,,,,,,,,,,,4308,requested_buffer_length,2,3,0,Now,0.004108428955078125,0,False,True,True
0x16a375e00,SM_FR_WHARF05_A4_LOD03,Buffer,"[""device-resources-0x10a80c000""]",,,,,,,,,,,,,4288,requested_buffer_length,2,3,0,Now,0.00408935546875,0,False,True,True
0x16e88e280,SM_CN_HEROSHRINE10_A4_LOD03,Buffer,"[""device-resources-0x10a80c000""]",,,,,,,,,,,,,4248,requested_buffer_length,2,3,0,Now,0.00405120849609375,0,False,True,True
0x17e034f00,SM_CN_HEROSHRINE03_A4_LOD04,Buffer,"[""unused-device-resources-0x10a80c000""]",,,,,,,,,,,,,4248,requested_buffer_length,2,3,5733158625,Earlier,0.00405120849609375,0,False,False,False
0x169565080,SM_FlagChinaFeudal_014_MorphUV2_MorphExport,Buffer,"[""device-resources-0x10a80c000""]",,,,,,,,,,,,,4224,requested_buffer_length,2,3,0,Now,0.0040283203125,0,False,True,True
0x169567a80,SM_CN_WALL03_A4_LOD03,Buffer,"[""device-resources-0x10a80c000""]",,,,,,,,,,,,,4224,requested_buffer_length,2,3,0,Now,0.0040283203125,0,False,True,True
0x1191ae800,UnityHalo,Texture,"[""unused-device-resources-0x10a80c000""]",81,2,1,64,64,1,1,1,1,F866AEF9DE87B006,0,Shared,4224,recorded_allocated_size,2,2,76027079958,Earlier,0.0040283203125,0,False,False,False
0x1647a9980,SM_WRE_NC_ROCK_V2_L10_LOD03,Buffer,"[""unused-device-resources-0x10a80c000""]",,,,,,,,,,,,,4212,requested_buffer_length,2,3,18446744073709551615,Never,0.004016876220703125,0,False,False,False
0x1647ac180,SM_WRE_NC_GOLD_V2_L10_LOD03,Buffer,"[""unused-device-resources-0x10a80c000""]",,,,,,,,,,,,,4182,requested_buffer_length,2,3,18446744073709551615,Never,0.0039882659912109375,0,False,False,False
0x1647b5500,SM_HcGrass03,Buffer,"[""unused-device-resources-0x10a80c000""]",,,,,,,,,,,,,4176,requested_buffer_length,2,3,18446744073709551615,Never,0.0039825439453125,0,False,False,False
0x16a374000,SM_CN_CASTLE03_A4_LOD03,Buffer,"[""device-resources-0x10a80c000""]",,,,,,,,,,,,,4140,requested_buffer_length,2,3,0,Now,0.003948211669921875,0,False,True,True
0x16478e280,SM_WRE_NC_ROCK_V2_L06_LOD02,Buffer,"[""unused-device-resources-0x10a80c000""]",,,,,,,,,,,,,4140,requested_buffer_length,2,3,18446744073709551615,Never,0.003948211669921875,0,False,False,False
0x167267780,SM_BA_SHEEP2_LOD00,Buffer,"[""unused-device-resources-0x10a80c000""]",,,,,,,,,,,,,4128,requested_buffer_length,2,3,18446744073709551615,Never,0.003936767578125,0,False,False,False
0x1647a1f80,TEST_L02_DA_LOD3,Buffer,"[""unused-device-resources-0x10a80c000""]",,,,,,,,,,,,,4128,requested_buffer_length,2,3,18446744073709551615,Never,0.003936767578125,0,False,False,False
0x17b3cb000,,RenderPipeline,"[""device-resources-0x10a80c000""]",,,,,,,,,,,,,4122,recorded_allocated_size,,,,,0.0039310455322265625,0,False,False,True
0x16a374900,SM_CN_WALL01_A3_LOD03,Buffer,"[""device-resources-0x10a80c000""]",,,,,,,,,,,,,4110,requested_buffer_length,2,3,0,Now,0.0039196014404296875,0,False,True,True
0x106b8e300,textureRopeway,Texture,"[""unused-device-resources-0x10a80c000""]",81,2,190,128,32,1,1,1,1,3A208EF3D924DC72,0,Shared,4096,recorded_allocated_size,2,2,18446744073709551615,Never,0.00390625,0,False,False,False
0x13b3f9900,clear,Texture,"[""unused-device-resources-0x10a80c000""]",81,2,190,64,64,1,1,1,1,AA50A7C7D97840FA,0,Shared,4096,recorded_allocated_size,2,2,18446744073709551615,Never,0.00390625,0,False,False,False
0x13b3fa300,info,Texture,"[""unused-device-resources-0x10a80c000""]",81,2,190,64,64,1,1,1,1,DD878BDEF84CD6F7,0,Shared,4096,recorded_allocated_size,2,2,18446744073709551615,Never,0.00390625,0,False,False,False
0x13b3faa80,user,Texture,"[""unused-device-resources-0x10a80c000""]",81,2,190,64,64,1,1,1,1,59F937A12387CA24,0,Shared,4096,recorded_allocated_size,2,2,18446744073709551615,Never,0.00390625,0,False,False,False
0x13b3faf80,clearOnSceneLoaded,Texture,"[""unused-device-resources-0x10a80c000""]",81,2,190,64,64,1,1,1,1,357A631C113C189C,0,Shared,4096,recorded_allocated_size,2,2,18446744073709551615,Never,0.00390625,0,False,False,False
0x13b3fb480,collapse,Texture,"[""unused-device-resources-0x10a80c000""]",81,2,190,64,64,1,1,1,1,288D2B238AA89FBD,0,Shared,4096,recorded_allocated_size,2,2,18446744073709551615,Never,0.00390625,0,False,False,False
0x13dc14000,software,Texture,"[""unused-device-resources-0x10a80c000""]",81,2,190,64,64,1,1,1,1,2B06B70DE993B5DC,0,Shared,4096,recorded_allocated_size,2,2,18446744073709551615,Never,0.00390625,0,False,False,False
0x13dc14f00,buildFrom,Texture,"[""unused-device-resources-0x10a80c000""]",81,2,190,64,53,1,1,1,1,BFF2872F5946AE1C,0,Shared,4096,recorded_allocated_size,2,2,18446744073709551615,Never,0.00390625,0,False,False,False
0x16e887200,N_SM_shuiche_AT_C,Texture,"[""unused-device-resources-0x10a80c000""]",81,2,115,74,3,1,1,1,1,25A277302122E5ED,0,Shared,4096,recorded_allocated_size,2,2,7664850625,Earlier,0.00390625,0,False,False,False
0x13dc15400,fps,Texture,"[""unused-device-resources-0x10a80c000""]",81,2,190,64,64,1,1,1,1,C2CE626B5C5C453E,0,Shared,4096,recorded_allocated_size,2,2,18446744073709551615,Never,0.00390625,0,False,False,False
0x13dc15680,graphicCard,Texture,"[""unused-device-resources-0x10a80c000""]",81,2,190,64,64,1,1,1,1,750F3E78A80455BF,0,Shared,4096,recorded_allocated_size,2,2,18446744073709551615,Never,0.00390625,0,False,False,False
0x13dc15900,back,Texture,"[""unused-device-resources-0x10a80c000""]",81,2,190,64,64,1,1,1,1,1C4E780A59F73532,0,Shared,4096,recorded_allocated_size,2,2,18446744073709551615,Never,0.00390625,0,False,False,False
0x13dc16300,close,Texture,"[""unused-device-resources-0x10a80c000""]",81,2,190,64,64,1,1,1,1,74F7E2BE3DE3DE3D,0,Shared,4096,recorded_allocated_size,2,2,18446744073709551615,Never,0.00390625,0,False,False,False
0x13dc16580,search,Texture,"[""unused-device-resources-0x10a80c000""]",81,2,190,64,64,1,1,1,1,E8B1ADCDEFB7A791,0,Shared,4096,recorded_allocated_size,2,2,18446744073709551615,Never,0.00390625,0,False,False,False
0x13dc16d00,ComputerIcon,Texture,"[""unused-device-resources-0x10a80c000""]",81,2,190,64,53,1,1,1,1,3A2BE15ED98904C5,0,Shared,4096,recorded_allocated_size,2,2,18446744073709551615,Never,0.00390625,0,False,False,False
0x13dc17480,UnityIcon,Texture,"[""unused-device-resources-0x10a80c000""]",81,2,190,64,64,1,1,1,1,D81BBE6496EFA5FC,0,Shared,4096,recorded_allocated_size,2,2,18446744073709551615,Never,0.00390625,0,False,False,False
0x13dc17700,memory,Texture,"[""unused-device-resources-0x10a80c000""]",81,2,190,64,64,1,1,1,1,5A64DD087DBEADE7,0,Shared,4096,recorded_allocated_size,2,2,18446744073709551615,Never,0.00390625,0,False,False,False
0x16948a880,SM_NC_PROPSGROUP01_A0_LOD02,Buffer,"[""device-resources-0x10a80c000""]",,,,,,,,,,,,,4074,requested_buffer_length,2,3,0,Now,0.0038852691650390625,0,False,True,True
0x1647ab480,SM_WRE_NC_ROCK_V2_L05_LOD02,Buffer,"[""unused-device-resources-0x10a80c000""]",,,,,,,,,,,,,4044,requested_buffer_length,2,3,18446744073709551615,Never,0.003856658935546875,0,False,False,False
0x169493300,SM_CN_CENTERPORPS01_A3_LOD00,Buffer,"[""device-resources-0x10a80c000""]",,,,,,,,,,,,,3996,requested_buffer_length,2,3,0,Now,0.003810882568359375,0,False,True,True
0x16ee47d80,SM_MountHuangA_02_City_LOD4,Buffer,"[""unused-device-resources-0x10a80c000""]",,,,,,,,,,,,,3936,requested_buffer_length,2,3,5733643958,Earlier,0.003753662109375,0,False,False,False
0x16e898180,SM_CN_ATOWER_A4_LOD04,Buffer,"[""unused-device-resources-0x10a80c000""]",,,,,,,,,,,,,3930,requested_buffer_length,2,3,5732990625,Earlier,0.0037479400634765625,0,False,False,False
0x16724b300,SM_WORLDLEAFTREE_03_LOD01,Buffer,"[""device-resources-0x10a80c000""]",,,,,,,,,,,,,3916,requested_buffer_length,2,3,0,Now,0.003734588623046875,0,False,True,True
0x16478de00,SM_WRE_NC_WOOD_V2_L10_LOD03,Buffer,"[""unused-device-resources-0x10a80c000""]",,,,,,,,,,,,,3888,requested_buffer_length,2,3,18446744073709551615,Never,0.0037078857421875,0,False,False,False
0x16478eb80,SM_WRE_NC_FRAMLANDA01_V2_L11_LOD03,Buffer,"[""unused-device-resources-0x10a80c000""]",,,,,,,,,,,,,3888,requested_buffer_length,2,3,18446744073709551615,Never,0.0037078857421875,0,False,False,False
0x1647a9380,SM_WRE_NC_WOOD_V2_L10_LOD02,Buffer,"[""unused-device-resources-0x10a80c000""]",,,,,,,,,,,,,3888,requested_buffer_length,2,3,18446744073709551615,Never,0.0037078857421875,0,False,False,False
0x1647a9c80,SM_WRE_NC_WOOD_V2_L10_LOD01,Buffer,"[""unused-device-resources-0x10a80c000""]",,,,,,,,,,,,,3888,requested_buffer_length,2,3,18446744073709551615,Never,0.0037078857421875,0,False,False,False
0x16949c300,SM_CN_PROPS10_A3_LOD02,Buffer,"[""unused-device-resources-0x10a80c000""]",,,,,,,,,,,,,3864,requested_buffer_length,2,3,6198270625,Earlier,0.00368499755859375,0,False,False,False
0x167266280,SM_WRE_NC_ROCKA_L01_LOD02,Buffer,"[""unused-device-resources-0x10a80c000""]",,,,,,,,,,,,,3840,requested_buffer_length,2,3,7077625291,Earlier,0.003662109375,0,False,False,False
0x16478d200,SM_WRE_NC_FRAMLANDA01_V2_L07_LOD02,Buffer,"[""unused-device-resources-0x10a80c000""]",,,,,,,,,,,,,3834,requested_buffer_length,2,3,18446744073709551615,Never,0.0036563873291015625,0,False,False,False
0x16ee45200,SM_CN_PROPS13_A3_LOD03,Buffer,"[""device-resources-0x10a80c000""]",,,,,,,,,,,,,3768,requested_buffer_length,2,3,0,Now,0.00359344482421875,0,False,True,True
0x16949c600,SM_CN_PROPS13_A3_LOD02,Buffer,"[""unused-device-resources-0x10a80c000""]",,,,,,,,,,,,,3768,requested_buffer_length,2,3,6123109291,Earlier,0.00359344482421875,0,False,False,False
0x1712bf780,SM_CN_PROPS13_A3_LOD04,Buffer,"[""unused-device-resources-0x10a80c000""]",,,,,,,,,,,,,3768,requested_buffer_length,2,3,5732998625,Earlier,0.00359344482421875,0,False,False,False
0x1647af480,SM_WRE_NC_FRAMLANDA01_V2_L05_LOD03,Buffer,"[""unused-device-resources-0x10a80c000""]",,,,,,,,,,,,,3740,requested_buffer_length,2,3,18446744073709551615,Never,0.003566741943359375,0,False,False,False
0x16949cf00,SM_CN_PROPS11_A3_LOD02,Buffer,"[""unused-device-resources-0x10a80c000""]",,,,,,,,,,,,,3738,requested_buffer_length,2,3,6123118625,Earlier,0.0035648345947265625,0,False,False,False
0x167266700,SM_Rock_07,Buffer,"[""unused-device-resources-0x10a80c000""]",,,,,,,,,,,,,3732,requested_buffer_length,2,3,5733522625,Earlier,0.003559112548828125,0,False,False,False
0x17b029800,,RenderPipeline,"[""unused-device-resources-0x10a80c000""]",,,,,,,,,,,,,3710,recorded_allocated_size,,,,,0.0035381317138671875,0,False,False,False
0x169490a80,SM_ChinaCityTree_02,Buffer,"[""device-resources-0x10a80c000""]",,,,,,,,,,,,,3696,requested_buffer_length,2,3,0,Now,0.0035247802734375,0,False,True,True
0x142924f00,M_BA_DEER1_LD00_A,Buffer,"[""unused-device-resources-0x10a80c000""]",,,,,,,,,,,,,3684,requested_buffer_length,2,3,18446744073709551615,Never,0.003513336181640625,0,False,False,False
0x167264000,SM_CityDeadTree_06,Buffer,"[""device-resources-0x10a80c000""]",,,,,,,,,,,,,3648,requested_buffer_length,2,3,0,Now,0.00347900390625,0,False,True,True
0x1647a1e00,SM_WRE_NC_GOLD_V2_L09_LOD03,Buffer,"[""unused-device-resources-0x10a80c000""]",,,,,,,,,,,,,3642,requested_buffer_length,2,3,18446744073709551615,Never,0.0034732818603515625,0,False,False,False
0x17b186b80,M_CN_VIPSHIP_A2_LD04_A,Buffer,"[""unused-device-resources-0x10a80c000""]",,,,,,,,,,,,,3642,requested_buffer_length,2,3,18446744073709551615,Never,0.0034732818603515625,0,False,False,False
0x16724ae80,SM_WRE_NC_ROCKA_L05_LOD02,Buffer,"[""device-resources-0x10a80c000""]",,,,,,,,,,,,,3636,requested_buffer_length,2,3,0,Now,0.003467559814453125,0,False,True,True
0x1712bd500,SM_MountHuangA_01_City_LOD4,Buffer,"[""unused-device-resources-0x10a80c000""]",,,,,,,,,,,,,3624,requested_buffer_length,2,3,5733593291,Earlier,0.00345611572265625,0,False,False,False
0x16f831980,M_BN_CN_FAT1_O_LD03_A,Buffer,"[""unused-device-resources-0x10a80c000""]",,,,,,,,,,,,,3612,requested_buffer_length,2,3,18446744073709551615,Never,0.003444671630859375,0,False,False,False
0x1647a1080,SM_WRE_NC_GOLD_V2_L07_LOD02,Buffer,"[""unused-device-resources-0x10a80c000""]",,,,,,,,,,,,,3612,requested_buffer_length,2,3,18446744073709551615,Never,0.003444671630859375,0,False,False,False
0x16948bd80,M_BChnC_01_LOD2_A,Buffer,"[""device-resources-0x10a80c000""]",,,,,,,,,,,,,3606,requested_buffer_length,2,3,0,Now,0.0034389495849609375,0,False,True,True
0x16949d380,SM_CN_PROPS04_A3_LOD03,Buffer,"[""device-resources-0x10a80c000""]",,,,,,,,,,,,,3584,requested_buffer_length,2,3,0,Now,0.00341796875,0,False,True,True
0x16478ee80,SM_WRE_NC_WOOD_V2_L09_LOD02,Buffer,"[""unused-device-resources-0x10a80c000""]",,,,,,,,,,,,,3570,requested_buffer_length,2,3,18446744073709551615,Never,0.0034046173095703125,0,False,False,False
0x1647ab180,SM_WRE_NC_WOOD_V2_L09_LOD03,Buffer,"[""unused-device-resources-0x10a80c000""]",,,,,,,,,,,,,3570,requested_buffer_length,2,3,18446744073709551615,Never,0.0034046173095703125,0,False,False,False
0x167265e00,SM_MountHuangB_02_City_LOD3,Buffer,"[""device-resources-0x10a80c000""]",,,,,,,,,,,,,3522,requested_buffer_length,2,3,0,Now,0.0033588409423828125,0,False,True,True
0x1694ccc00,SM_WORLDBUSH_01,Buffer,"[""device-resources-0x10a80c000""]",,,,,,,,,,,,,3520,requested_buffer_length,2,3,0,Now,0.00335693359375,0,False,True,True
0x167266d00,SM_Rock_13,Buffer,"[""device-resources-0x10a80c000""]",,,,,,,,,,,,,3516,requested_buffer_length,2,3,0,Now,0.003353118896484375,0,False,True,True
0x17e036d00,SM_CN_GARDEN_A2_LOD03,Buffer,"[""device-resources-0x10a80c000""]",,,,,,,,,,,,,3486,requested_buffer_length,2,3,0,Now,0.0033245086669921875,0,False,True,True
0x16f833000,SM_WRE_NC_FRAMLAND_A_V2_GROUND_LOD02,Buffer,"[""unused-device-resources-0x10a80c000""]",,,,,,,,,,,,,3480,requested_buffer_length,2,3,6418994625,Earlier,0.00331878662109375,0,False,False,False
0x16949ee80,SM_CN_CASTLE06_A4_LOD03,Buffer,"[""device-resources-0x10a80c000""]",,,,,,,,,,,,,3468,requested_buffer_length,2,3,0,Now,0.003307342529296875,0,False,True,True
0x1647b1080,SM_WRE_NC_ROCKA_V2_L03_LOD01,Buffer,"[""unused-device-resources-0x10a80c000""]",,,,,,,,,,,,,3456,requested_buffer_length,2,3,18446744073709551615,Never,0.0032958984375,0,False,False,False
0x119252580,,ComputePipeline,"[""unused-device-resources-0x10a80c000""]",,,,,,,,,,,,,3352,recorded_allocated_size,,,,,0.00319671630859375,0,False,False,False
0x1647b0300,SM_WRE_NC_ROCK_V2_L09_LOD03,Buffer,"[""unused-device-resources-0x10a80c000""]",,,,,,,,,,,,,3330,requested_buffer_length,2,3,18446744073709551615,Never,0.0031757354736328125,0,False,False,False
0x14387c000,,RenderPipeline,"[""device-resources-0x10a80c000""]",,,,,,,,,,,,,3320,recorded_allocated_size,,,,,0.00316619873046875,0,False,False,True
0x16948aa00,SM_NC_PROPS05B_A0_LOD02,Buffer,"[""device-resources-0x10a80c000""]",,,,,,,,,,,,,3312,requested_buffer_length,2,3,0,Now,0.0031585693359375,0,False,True,True
0x14296c000,,RenderPipeline,"[""device-resources-0x10a80c000""]",,,,,,,,,,,,,3310,recorded_allocated_size,,,,,0.0031566619873046875,0,False,False,True
0x1694cc480,SM_MOUNTAINTREE_02,Buffer,"[""device-resources-0x10a80c000""]",,,,,,,,,,,,,3294,requested_buffer_length,2,3,0,Now,0.0031414031982421875,0,False,True,True
0x167266a00,SM_Rock_15,Buffer,"[""device-resources-0x10a80c000""]",,,,,,,,,,,,,3288,requested_buffer_length,2,3,0,Now,0.00313568115234375,0,False,True,True
0x17b187180,M_BChnC_01_LOD3_A,Buffer,"[""unused-device-resources-0x10a80c000""]",,,,,,,,,,,,,3270,requested_buffer_length,2,3,18446744073709551615,Never,0.0031185150146484375,0,False,False,False
0x1672a7300,SM_FlagChinaFeudal_006_MorphUV2_MorphExport,Buffer,"[""device-resources-0x10a80c000""]",,,,,,,,,,,,,3264,requested_buffer_length,2,3,0,Now,0.00311279296875,0,False,True,True
0x16949f480,SM_CN_PROPS01_A4_LOD03,Buffer,"[""device-resources-0x10a80c000""]",,,,,,,,,,,,,3246,requested_buffer_length,2,3,0,Now,0.0030956268310546875,0,False,True,True
0x1647ad680,SM_WRE_NC_WOOD_V2_L03_LOD01,Buffer,"[""unused-device-resources-0x10a80c000""]",,,,,,,,,,,,,3186,requested_buffer_length,2,3,18446744073709551615,Never,0.0030384063720703125,0,False,False,False
0x1712bd680,SM_WRE_NC_ROCKA_L01_LOD03,Buffer,"[""device-resources-0x10a80c000""]",,,,,,,,,,,,,3160,requested_buffer_length,2,3,0,Now,0.00301361083984375,0,False,True,True
0x16e89a400,SM_CN_HEROSHRINE02_A3_LOD03,Buffer,"[""device-resources-0x10a80c000""]",,,,,,,,,,,,,3144,requested_buffer_length,2,3,0,Now,0.00299835205078125,0,False,True,True
0x169493780,M_CN_CENTER_A3_O_LD00_A,Buffer,"[""device-resources-0x10a80c000""]",,,,,,,,,,,,,3126,requested_buffer_length,2,3,0,Now,0.0029811859130859375,0,False,True,True
0x17c10b000,,RenderPipeline,"[""device-resources-0x10a80c000""]",,,,,,,,,,,,,3114,recorded_allocated_size,,,,,0.0029697418212890625,0,False,False,True
0x1647b1c80,SM_WRE_NC_ROCK_V2_L05_LOD03,Buffer,"[""unused-device-resources-0x10a80c000""]",,,,,,,,,,,,,3090,requested_buffer_length,2,3,18446744073709551615,Never,0.0029468536376953125,0,False,False,False
0x16e88cd80,Cylinder002,Buffer,"[""unused-device-resources-0x10a80c000""]",,,,,,,,,,,,,3072,requested_buffer_length,2,3,18446744073709551615,Never,0.0029296875,0,False,False,False
0x16e88d200,SM_CN_BRIDGE01_A4_LOD02,Buffer,"[""unused-device-resources-0x10a80c000""]",,,,,,,,,,,,,3072,requested_buffer_length,2,3,6227022625,Earlier,0.0029296875,0,False,False,False
0x1647a2700,SM_WRE_NC_ROCKA_V2_L04_LOD01,Buffer,"[""unused-device-resources-0x10a80c000""]",,,,,,,,,,,,,3072,requested_buffer_length,2,3,18446744073709551615,Never,0.0029296875,0,False,False,False
0x17e034900,SM_CN_WALL01_A4_LOD04,Buffer,"[""unused-device-resources-0x10a80c000""]",,,,,,,,,,,,,3060,requested_buffer_length,2,3,5733249291,Earlier,0.002918243408203125,0,False,False,False
0x14387f000,,RenderPipeline,"[""device-resources-0x10a80c000""]",,,,,,,,,,,,,3026,recorded_allocated_size,,,,,0.0028858184814453125,0,False,False,True
0x17e035980,SM_CN_HEROSHRINE01BASE_A4_LOD03,Buffer,"[""device-resources-0x10a80c000""]",,,,,,,,,,,,,3012,requested_buffer_length,2,3,0,Now,0.002872467041015625,0,False,True,True
0x16f832880,SM_WRE_NC_WOOD_L01_LOD03,Buffer,"[""device-resources-0x10a80c000""]",,,,,,,,,,,,,2992,requested_buffer_length,2,3,0,Now,0.0028533935546875,0,False,True,True
0x167266e80,Plane001_UV,Buffer,"[""unused-device-resources-0x10a80c000""]",,,,,,,,,,,,,2976,requested_buffer_length,2,3,18446744073709551615,Never,0.002838134765625,0,False,False,False
0x16e88df80,SM_CN_HEROSHRINE12_A4_LOD03,Buffer,"[""device-resources-0x10a80c000""]",,,,,,,,,,,,,2952,requested_buffer_length,2,3,0,Now,0.00281524658203125,0,False,True,True
0x1647aa580,SM_WRE_NC_GOLD_V2_L06_LOD03,Buffer,"[""unused-device-resources-0x10a80c000""]",,,,,,,,,,,,,2934,requested_buffer_length,2,3,18446744073709551615,Never,0.0027980804443359375,0,False,False,False
0x16f833d80,SM_HallOfWarChinaCastle_Flag001_MorphUV2_MorphExport,Buffer,"[""device-resources-0x10a80c000""]",,,,,,,,,,,,,2928,requested_buffer_length,2,3,0,Now,0.0027923583984375,0,False,True,True
0x16f9e0180,SM_StableChinaCastle_Flag001_MorphUV2_MorphExport,Buffer,"[""device-resources-0x10a80c000""]",,,,,,,,,,,,,2928,requested_buffer_length,2,3,0,Now,0.0027923583984375,0,False,True,True
0x16e899380,SM_CN_CASTLE02_A4_LOD03,Buffer,"[""device-resources-0x10a80c000""]",,,,,,,,,,,,,2916,requested_buffer_length,2,3,0,Now,0.002780914306640625,0,False,True,True
0x1647a3900,SM_WRE_NC_ROCK_V2_L07_LOD02,Buffer,"[""unused-device-resources-0x10a80c000""]",,,,,,,,,,,,,2910,requested_buffer_length,2,3,18446744073709551615,Never,0.0027751922607421875,0,False,False,False
0x16edec780,SM_GrassReed_01,Buffer,"[""device-resources-0x10a80c000""]",,,,,,,,,,,,,2904,requested_buffer_length,2,3,0,Now,0.00276947021484375,0,False,True,True
0x1647a9680,SM_WRE_NC_WOOD_V2_L08_LOD01,Buffer,"[""unused-device-resources-0x10a80c000""]",,,,,,,,,,,,,2904,requested_buffer_length,2,3,18446744073709551615,Never,0.00276947021484375,0,False,False,False
0x16e899500,SM_CN_HEROSHRINE19_A4_LOD03,Buffer,"[""device-resources-0x10a80c000""]",,,,,,,,,,,,,2880,requested_buffer_length,2,3,0,Now,0.00274658203125,0,False,True,True
0x16fafcd80,Plane002,Buffer,"[""unused-device-resources-0x10a80c000""]",,,,,,,,,,,,,2880,requested_buffer_length,2,3,18446744073709551615,Never,0.00274658203125,0,False,False,False
0x16fafd200,SM_CN_HEROSHRINE02_A3_LOD04,Buffer,"[""unused-device-resources-0x10a80c000""]",,,,,,,,,,,,,2880,requested_buffer_length,2,3,18446744073709551615,Never,0.00274658203125,0,False,False,False
0x1694cde00,SM_CN_HEROSHRINE01BASE_A2_LOD02,Buffer,"[""unused-device-resources-0x10a80c000""]",,,,,,,,,,,,,2868,requested_buffer_length,2,3,6099386625,Earlier,0.002735137939453125,0,False,False,False
0x1672a4f00,Plane001,Buffer,"[""unused-device-resources-0x10a80c000""]",,,,,,,,,,,,,2860,requested_buffer_length,2,3,18446744073709551615,Never,0.002727508544921875,0,False,False,False
0x119252080,,ComputePipeline,"[""unused-device-resources-0x10a80c000""]",,,,,,,,,,,,,2856,recorded_allocated_size,,,,,0.00272369384765625,0,False,False,False
0x1647b0c00,SM_WRE_NC_GOLDA_V2_L04_LOD01,Buffer,"[""unused-device-resources-0x10a80c000""]",,,,,,,,,,,,,2832,requested_buffer_length,2,3,18446744073709551615,Never,0.0027008056640625,0,False,False,False
0x17e05e700,SM_CN_PROPS10_A3_LOD03,Buffer,"[""device-resources-0x10a80c000""]",,,,,,,,,,,,,2802,requested_buffer_length,2,3,0,Now,0.0026721954345703125,0,False,True,True
0x16478c000,SM_WRE_NC_FRAMLANDA01_V2_L08_LOD01,Buffer,"[""unused-device-resources-0x10a80c000""]",,,,,,,,,,,,,2790,requested_buffer_length,2,3,18446744073709551615,Never,0.0026607513427734375,0,False,False,False
0x16478d500,SM_WRE_NC_FRAMLANDA01_V2_L08_LOD02,Buffer,"[""unused-device-resources-0x10a80c000""]",,,,,,,,,,,,,2790,requested_buffer_length,2,3,18446744073709551615,Never,0.0026607513427734375,0,False,False,False
0x1647ac480,SM_WRE_NC_FRAMLANDA01_V2_L08_LOD03,Buffer,"[""unused-device-resources-0x10a80c000""]",,,,,,,,,,,,,2790,requested_buffer_length,2,3,18446744073709551615,Never,0.0026607513427734375,0,False,False,False
0x17c07cc00,,RenderPipeline,"[""device-resources-0x10a80c000""]",,,,,,,,,,,,,2766,recorded_allocated_size,,,,,0.0026378631591796875,0,False,False,True
0x1712bea00,SM_WRE_NC_GOLDA_L05_LOD03,Buffer,"[""unused-device-resources-0x10a80c000""]",,,,,,,,,,,,,2688,requested_buffer_length,2,3,5733559958,Earlier,0.0025634765625,0,False,False,False
0x1647b1980,SM_WRE_NC_GOLD_V2_L07_LOD03,Buffer,"[""unused-device-resources-0x10a80c000""]",,,,,,,,,,,,,2676,requested_buffer_length,2,3,18446744073709551615,Never,0.002552032470703125,0,False,False,False
0x167248780,SM_CityWater_China_YZ_01,Buffer,"[""unused-device-resources-0x10a80c000""]",,,,,,,,,,,,,2640,requested_buffer_length,2,3,18446744073709551615,Never,0.0025177001953125,0,False,False,False
0x167267c00,st_pubukou02,Buffer,"[""unused-device-resources-0x10a80c000""]",,,,,,,,,,,,,2600,requested_buffer_length,2,3,18446744073709551615,Never,0.00247955322265625,0,False,False,False
0x1672a4000,st_pubukou003,Buffer,"[""unused-device-resources-0x10a80c000""]",,,,,,,,,,,,,2600,requested_buffer_length,2,3,18446744073709551615,Never,0.00247955322265625,0,False,False,False
0x16a374c00,SM_NC_WHARF01_A2_LOD03,Buffer,"[""device-resources-0x10a80c000""]",,,,,,,,,,,,,2544,requested_buffer_length,2,3,0,Now,0.0024261474609375,0,False,True,True
0x16fafd980,SM_FX_GlowOffset_02,Buffer,"[""unused-device-resources-0x10a80c000""]",,,,,,,,,,,,,2544,requested_buffer_length,2,3,18446744073709551615,Never,0.0024261474609375,0,False,False,False
0x169490000,SM_CN_BRIDGE03_A2_LOD03,Buffer,"[""device-resources-0x10a80c000""]",,,,,,,,,,,,,2520,requested_buffer_length,2,3,0,Now,0.00240325927734375,0,False,True,True
0x16e89ba80,SM_FR_BARRACKTARGET_A3_LOD01,Buffer,"[""device-resources-0x10a80c000""]",,,,,,,,,,,,,2496,requested_buffer_length,2,3,0,Now,0.00238037109375,0,False,True,True
0x142926700,SM_Rock_16,Buffer,"[""unused-device-resources-0x10a80c000""]",,,,,,,,,,,,,2496,requested_buffer_length,2,3,5733529291,Earlier,0.00238037109375,0,False,False,False
0x16478fd80,SM_WRE_NC_ROCK_V2_L06_LOD03,Buffer,"[""unused-device-resources-0x10a80c000""]",,,,,,,,,,,,,2484,requested_buffer_length,2,3,18446744073709551615,Never,0.002368927001953125,0,False,False,False
0x16e89bd80,SM_CN_CASTLE12_A3_LOD02,Buffer,"[""unused-device-resources-0x10a80c000""]",,,,,,,,,,,,,2484,requested_buffer_length,2,3,6314131958,Earlier,0.002368927001953125,0,False,False,False
0x16edec300,SM_ChinaCityTree_03_LOD1,Buffer,"[""device-resources-0x10a80c000""]",,,,,,,,,,,,,2460,requested_buffer_length,2,3,0,Now,0.002346038818359375,0,False,True,True
0x167264d80,SM_GrasslandCircular_B_LOD0,Buffer,"[""device-resources-0x10a80c000""]",,,,,,,,,,,,,2448,requested_buffer_length,2,3,0,Now,0.0023345947265625,0,False,True,True
0x1712be400,SM_CN_CASTLE12_A3_LOD03,Buffer,"[""device-resources-0x10a80c000""]",,,,,,,,,,,,,2448,requested_buffer_length,2,3,0,Now,0.0023345947265625,0,False,True,True
0x17e034180,SM_CN_WALL03_A4_LOD04,Buffer,"[""unused-device-resources-0x10a80c000""]",,,,,,,,,,,,,2448,requested_buffer_length,2,3,5733238625,Earlier,0.0023345947265625,0,False,False,False
0x1694cee80,SM_NC_PROPS11D_A0_LOD02,Buffer,"[""device-resources-0x10a80c000""]",,,,,,,,,,,,,2432,requested_buffer_length,2,3,0,Now,0.0023193359375,0,False,True,True
0x1694cf180,SM_NC_PROPS11C_A0_LOD02,Buffer,"[""device-resources-0x10a80c000""]",,,,,,,,,,,,,2432,requested_buffer_length,2,3,0,Now,0.0023193359375,0,False,True,True
0x16e89b900,SM_Props10_b001_MorphUV2_MorphExport,Buffer,"[""device-resources-0x10a80c000""]",,,,,,,,,,,,,2400,requested_buffer_length,2,3,0,Now,0.002288818359375,0,False,True,True
0x16478cc00,SM_WRE_NC_WOOD_V2_L07_LOD02,Buffer,"[""unused-device-resources-0x10a80c000""]",,,,,,,,,,,,,2370,requested_buffer_length,2,3,18446744073709551615,Never,0.0022602081298828125,0,False,False,False
0x1647a3c00,SM_WRE_NC_ROCKA_V2_L02_LOD01,Buffer,"[""unused-device-resources-0x10a80c000""]",,,,,,,,,,,,,2364,requested_buffer_length,2,3,18446744073709551615,Never,0.002254486083984375,0,False,False,False
0x1694cfc00,SM_CN_PROP01_A1_LOD02,Buffer,"[""unused-device-resources-0x10a80c000""]",,,,,,,,,,,,,2358,requested_buffer_length,2,3,18446744073709551615,Never,0.0022487640380859375,0,False,False,False
0x167264900,SM_pebbles_group_01,Buffer,"[""device-resources-0x10a80c000""]",,,,,,,,,,,,,2340,requested_buffer_length,2,3,0,Now,0.002231597900390625,0,False,True,True
0x119252a80,,ComputePipeline,"[""unused-device-resources-0x10a80c000""]",,,,,,,,,,,,,2338,recorded_allocated_size,,,,,0.0022296905517578125,0,False,False,False
0x167249200,SM_CityWater_China_YZ_04,Buffer,"[""device-resources-0x10a80c000""]",,,,,,,,,,,,,2332,requested_buffer_length,2,3,0,Now,0.002223968505859375,0,False,True,True
0x169565e00,SM_NC_PROPS03_A3_LOD02,Buffer,"[""device-resources-0x10a80c000""]",,,,,,,,,,,,,2304,requested_buffer_length,2,3,0,Now,0.002197265625,0,False,True,True
0x171352400,,RenderPipeline,"[""device-resources-0x10a80c000""]",,,,,,,,,,,,,2304,recorded_allocated_size,,,,,0.002197265625,0,False,False,True
0x1647aa280,SM_WRE_NC_ROCKA_V2_L03_LOD02,Buffer,"[""unused-device-resources-0x10a80c000""]",,,,,,,,,,,,,2262,requested_buffer_length,2,3,18446744073709551615,Never,0.0021572113037109375,0,False,False,False
0x1712bd200,SM_MountHuangB_02_City_LOD4,Buffer,"[""unused-device-resources-0x10a80c000""]",,,,,,,,,,,,,2256,requested_buffer_length,2,3,5733598625,Earlier,0.0021514892578125,0,False,False,False
0x16faff000,SM_XIAOHUA05,Buffer,"[""device-resources-0x10a80c000""]",,,,,,,,,,,,,2240,requested_buffer_length,2,3,0,Now,0.00213623046875,0,False,True,True
0x16faffa80,SM_XIAOHUA07,Buffer,"[""device-resources-0x10a80c000""]",,,,,,,,,,,,,2240,requested_buffer_length,2,3,0,Now,0.00213623046875,0,False,True,True
0x16edec480,SM_XIAOHUA06,Buffer,"[""device-resources-0x10a80c000""]",,,,,,,,,,,,,2240,requested_buffer_length,2,3,0,Now,0.00213623046875,0,False,True,True
0x1712bc780,,Buffer,"[""unused-device-resources-0x10a80c000""]",,,,,,,,,,,,,2240,requested_buffer_length,2,3,18446744073709551615,Never,0.00213623046875,0,False,False,False
0x17e036700,SM_CN_PROPS14_A3_LOD03,Buffer,"[""device-resources-0x10a80c000""]",,,,,,,,,,,,,2232,requested_buffer_length,2,3,0,Now,0.00212860107421875,0,False,True,True
0x16a377000,SM_CN_PROPS14_A3_LOD02,Buffer,"[""unused-device-resources-0x10a80c000""]",,,,,,,,,,,,,2232,requested_buffer_length,2,3,6336278625,Earlier,0.00212860107421875,0,False,False,False
0x16948a280,SM_NC_PROPSGROUP03A_A0_LOD02,Buffer,"[""device-resources-0x10a80c000""]",,,,,,,,,,,,,2226,requested_buffer_length,2,3,0,Now,0.0021228790283203125,0,False,True,True
0x16948b180,SM_NC_PROPS07_A0_LOD02,Buffer,"[""unused-device-resources-0x10a80c000""]",,,,,,,,,,,,,2226,requested_buffer_length,2,3,5733017291,Earlier,0.0021228790283203125,0,False,False,False
0x17c062400,,RenderPipeline,"[""device-resources-0x10a80c000""]",,,,,,,,,,,,,2220,recorded_allocated_size,,,,,0.002117156982421875,0,False,False,True
0x16478c900,TEST_L02_DA_LOD1,Buffer,"[""unused-device-resources-0x10a80c000""]",,,,,,,,,,,,,2220,requested_buffer_length,2,3,18446744073709551615,Never,0.002117156982421875,0,False,False,False
0x1694ce880,SM_NC_PROPS04_A0_LOD02,Buffer,"[""device-resources-0x10a80c000""]",,,,,,,,,,,,,2208,requested_buffer_length,2,3,0,Now,0.002105712890625,0,False,True,True
0x16478c600,SM_WRE_NC_FRAMLANDA01_V2_L07_LOD03,Buffer,"[""unused-device-resources-0x10a80c000""]",,,,,,,,,,,,,2208,requested_buffer_length,2,3,18446744073709551615,Never,0.002105712890625,0,False,False,False
0x167265800,SM_MountHuangB_01_LOD3,Buffer,"[""unused-device-resources-0x10a80c000""]",,,,,,,,,,,,,2208,requested_buffer_length,2,3,5733586625,Earlier,0.002105712890625,0,False,False,False
0x13b3f8500,window on,Texture,"[""unused-device-resources-0x10a80c000""]",81,2,42,17,27,1,1,1,1,BBD85770F8D37376,0,Shared,2176,recorded_allocated_size,2,2,75671641291,Earlier,0.0020751953125,0,False,False,False
0x13b3f8780,window,Texture,"[""unused-device-resources-0x10a80c000""]",81,2,42,17,27,1,1,1,1,C6562B8F99EED22,0,Shared,2176,recorded_allocated_size,2,2,75671566625,Earlier,0.0020751953125,0,False,False,False
0x16e88c780,SM_CN_HEROSHRINE16_A4_LOD03,Buffer,"[""device-resources-0x10a80c000""]",,,,,,,,,,,,,2160,requested_buffer_length,2,3,0,Now,0.0020599365234375,0,False,True,True
0x17c108000,,RenderPipeline,"[""device-resources-0x10a80c000""]",,,,,,,,,,,,,2146,recorded_allocated_size,,,,,0.0020465850830078125,0,False,False,True
0x16e89b000,SM_CN_WEAPONRACK02_A3_LOD01,Buffer,"[""device-resources-0x10a80c000""]",,,,,,,,,,,,,2136,requested_buffer_length,2,3,0,Now,0.00203704833984375,0,False,True,True
0x16edefc00,SM_WRE_NC_FRAMLAND_A_V2_GROUND_LOD03,Buffer,"[""device-resources-0x10a80c000""]",,,,,,,,,,,,,2120,requested_buffer_length,2,3,0,Now,0.00202178955078125,0,False,True,True
0x16948a580,SM_NC_PROPSGROUP05A_A0_LOD02,Buffer,"[""device-resources-0x10a80c000""]",,,,,,,,,,,,,2118,requested_buffer_length,2,3,0,Now,0.0020198822021484375,0,False,True,True
0x1647a0a80,SM_WRE_NC_WOOD_V2_L05_LOD01,Buffer,"[""unused-device-resources-0x10a80c000""]",,,,,,,,,,,,,2118,requested_buffer_length,2,3,18446744073709551615,Never,0.0020198822021484375,0,False,False,False
0x17c0c4c00,,RenderPipeline,"[""device-resources-0x10a80c000""]",,,,,,,,,,,,,2116,recorded_allocated_size,,,,,0.002017974853515625,0,False,False,True
0x16ee46d00,SM_WRE_NC_GOLDA_L01_LOD03,Buffer,"[""device-resources-0x10a80c000""]",,,,,,,,,,,,,2112,requested_buffer_length,2,3,0,Now,0.00201416015625,0,False,True,True
0x143a2cc00,,RenderPipeline,"[""unused-device-resources-0x10a80c000""]",,,,,,,,,,,,,2104,recorded_allocated_size,,,,,0.00200653076171875,0,False,False,False
0x169566b80,SM_CN_WALL02_A4_LOD03,Buffer,"[""device-resources-0x10a80c000""]",,,,,,,,,,,,,2100,requested_buffer_length,2,3,0,Now,0.002002716064453125,0,False,True,True
0x17e034600,SM_CN_WALL11_A4_LOD03,Buffer,"[""device-resources-0x10a80c000""]",,,,,,,,,,,,,2100,requested_buffer_length,2,3,0,Now,0.002002716064453125,0,False,True,True
0x169567d80,SM_CN_WALL11_A4_LOD02,Buffer,"[""unused-device-resources-0x10a80c000""]",,,,,,,,,,,,,2100,requested_buffer_length,2,3,6301271958,Earlier,0.002002716064453125,0,False,False,False
0x17c060c00,,RenderPipeline,"[""device-resources-0x10a80c000""]",,,,,,,,,,,,,2088,recorded_allocated_size,,,,,0.00199127197265625,0,False,False,True
0x17c063000,,RenderPipeline,"[""device-resources-0x10a80c000""]",,,,,,,,,,,,,2088,recorded_allocated_size,,,,,0.00199127197265625,0,False,False,True
0x16949d200,SM_CN_PROPS02_A3_LOD02,Buffer,"[""unused-device-resources-0x10a80c000""]",,,,,,,,,,,,,2076,requested_buffer_length,2,3,6336305291,Earlier,0.001979827880859375,0,False,False,False
0x119251180,,ComputePipeline,"[""unused-device-resources-0x10a80c000""]",,,,,,,,,,,,,2070,recorded_allocated_size,,,,,0.0019741058349609375,0,False,False,False
0x169488f00,SM_CityWater_China_YZ_02,Buffer,"[""device-resources-0x10a80c000""]",,,,,,,,,,,,,2064,requested_buffer_length,2,3,0,Now,0.0019683837890625,0,False,True,True
0x17e035c80,SM_CN_HEROSHRINE01BASE_A2_LOD03,Buffer,"[""device-resources-0x10a80c000""]",,,,,,,,,,,,,2064,requested_buffer_length,2,3,0,Now,0.0019683837890625,0,False,True,True
0x167243480,T_FoamRamp_3_C,Texture,"[""device-resources-0x10a80c000""]",81,2,71,512,1,1,1,1,1,D8AD67E866726CE1,0,Shared,2048,recorded_allocated_size,2,2,0,Now,0.001953125,9,False,True,True
0x16948cc80,N_PropsChina_AT_C,Texture,"[""device-resources-0x10a80c000""]",81,2,115,50,3,1,1,1,1,A3A41DFE99333B6B,0,Shared,2048,recorded_allocated_size,2,2,0,Now,0.001953125,0,False,False,True
0x16ee4b980,Game_RT_64,Texture,"[""device-resources-0x10a80c000""]",81,2,92,30,14,1,1,1,1,33106DDACD689AA4,0,Shared,2048,recorded_allocated_size,2,0,0,Now,0.001953125,1,True,True,True
0x1191ae580,UnityGrayscaleRamp,Texture,"[""unused-device-resources-0x10a80c000""]",81,2,70,256,2,1,1,1,1,E0E3543F98EEA3B0,0,Shared,2048,recorded_allocated_size,2,2,76027111958,Earlier,0.001953125,0,False,False,False
0x1191aea80,UnityAttenuation,Texture,"[""unused-device-resources-0x10a80c000""]",81,2,20,1024,1,1,1,1,1,4F5941CA60449190,0,Shared,2048,recorded_allocated_size,2,2,76027049291,Earlier,0.001953125,0,False,False,False
0x106b8db80,UnityDitherMask3D,Texture,"[""unused-device-resources-0x10a80c000""]",81,7,1,4,4,16,1,1,1,FBFC225C39876660,0,Shared,2048,recorded_allocated_size,2,2,76026595958,Earlier,0.001953125,0,False,False,False
0x13dc14500,timer_1,Texture,"[""unused-device-resources-0x10a80c000""]",81,2,190,39,64,1,1,1,1,688C7685C7FA16B7,0,Shared,2048,recorded_allocated_size,2,2,18446744073709551615,Never,0.001953125,0,False,False,False
0x16e899800,SM_CN_CASTLE05_A4_LOD03,Buffer,"[""device-resources-0x10a80c000""]",,,,,,,,,,,,,2016,requested_buffer_length,2,3,0,Now,0.001922607421875,0,False,True,True
0x1647a3000,SM_WRE_NC_ROCKA_V2_L04_LOD02,Buffer,"[""unused-device-resources-0x10a80c000""]",,,,,,,,,,,,,2016,requested_buffer_length,2,3,18446744073709551615,Never,0.001922607421875,0,False,False,False
0x1672a6e80,SM_FlagChinaFeudal_016_MorphUV2_MorphExport,Buffer,"[""device-resources-0x10a80c000""]",,,,,,,,,,,,,1992,requested_buffer_length,2,3,0,Now,0.00189971923828125,0,False,True,True
0x1647b7480,M_BA_FISHG2_LD00_A,Buffer,"[""unused-device-resources-0x10a80c000""]",,,,,,,,,,,,,1980,requested_buffer_length,2,3,18446744073709551615,Never,0.001888275146484375,0,False,False,False
0x1647b7a80,M_BA_FISHG1_LD00_A,Buffer,"[""unused-device-resources-0x10a80c000""]",,,,,,,,,,,,,1980,requested_buffer_length,2,3,18446744073709551615,Never,0.001888275146484375,0,False,False,False
0x1647a0480,SM_WRE_NC_WOOD_V2_L08_LOD03,Buffer,"[""unused-device-resources-0x10a80c000""]",,,,,,,,,,,,,1980,requested_buffer_length,2,3,18446744073709551615,Never,0.001888275146484375,0,False,False,False
0x1647aea00,SM_WRE_NC_WOOD_V2_L08_LOD02,Buffer,"[""unused-device-resources-0x10a80c000""]",,,,,,,,,,,,,1980,requested_buffer_length,2,3,18446744073709551615,Never,0.001888275146484375,0,False,False,False
0x17c07f000,,RenderPipeline,"[""device-resources-0x10a80c000""]",,,,,,,,,,,,,1978,recorded_allocated_size,,,,,0.0018863677978515625,0,False,False,True
0x16edec000,SM_Zhenye03_LOD1,Buffer,"[""device-resources-0x10a80c000""]",,,,,,,,,,,,,1974,requested_buffer_length,2,3,0,Now,0.0018825531005859375,0,False,True,True
0x119252300,,ComputePipeline,"[""unused-device-resources-0x10a80c000""]",,,,,,,,,,,,,1962,recorded_allocated_size,,,,,0.0018711090087890625,0,False,False,False
0x17c109800,,RenderPipeline,"[""device-resources-0x10a80c000""]",,,,,,,,,,,,,1956,recorded_allocated_size,,,,,0.001865386962890625,0,False,False,True
0x16e899e00,SM_NC_PROPS11B_A0_LOD02,Buffer,"[""device-resources-0x10a80c000""]",,,,,,,,,,,,,1952,requested_buffer_length,2,3,0,Now,0.001861572265625,0,False,True,True
0x16f9e1b00,SM_CN_LUMBER_A4_LOD03,Buffer,"[""device-resources-0x10a80c000""]",,,,,,,,,,,,,1932,requested_buffer_length,2,3,0,Now,0.001842498779296875,0,False,True,True
0x16e88d500,SM_CN_BRIDGE02_A4_LOD02,Buffer,"[""unused-device-resources-0x10a80c000""]",,,,,,,,,,,,,1932,requested_buffer_length,2,3,6227033291,Earlier,0.001842498779296875,0,False,False,False
0x16949df80,SM_CN_PROPS08_A3_LOD02,Buffer,"[""unused-device-resources-0x10a80c000""]",,,,,,,,,,,,,1932,requested_buffer_length,2,3,6168227958,Earlier,0.001842498779296875,0,False,False,False
0x17e008c00,,RenderPipeline,"[""device-resources-0x10a80c000""]",,,,,,,,,,,,,1928,recorded_allocated_size,,,,,0.00183868408203125,0,False,False,True
0x1672a6700,SM_CN_WALL08_A4_LOD03,Buffer,"[""device-resources-0x10a80c000""]",,,,,,,,,,,,,1926,requested_buffer_length,2,3,0,Now,0.0018367767333984375,0,False,True,True
0x1672a4780,Plane002,Buffer,"[""device-resources-0x10a80c000""]",,,,,,,,,,,,,1920,requested_buffer_length,2,3,0,Now,0.0018310546875,0,False,True,True
0x1672a4a80,Plane003,Buffer,"[""device-resources-0x10a80c000""]",,,,,,,,,,,,,1920,requested_buffer_length,2,3,0,Now,0.0018310546875,0,False,True,True
0x1672a5c80,Plane003,Buffer,"[""unused-device-resources-0x10a80c000""]",,,,,,,,,,,,,1920,requested_buffer_length,2,3,18446744073709551615,Never,0.0018310546875,0,False,False,False
0x1191f1380,M_BA_BIRD1_LD00_A,Buffer,"[""unused-device-resources-0x10a80c000""]",,,,,,,,,,,,,1896,requested_buffer_length,2,3,18446744073709551615,Never,0.00180816650390625,0,False,False,False
0x16478d800,SM_WRE_NC_GOLDA_V2_L03_LOD01,Buffer,"[""unused-device-resources-0x10a80c000""]",,,,,,,,,,,,,1890,requested_buffer_length,2,3,18446744073709551615,Never,0.0018024444580078125,0,False,False,False
0x1647a2a00,SM_WRE_NC_ROCK_V2_L07_LOD03,Buffer,"[""unused-device-resources-0x10a80c000""]",,,,,,,,,,,,,1884,requested_buffer_length,2,3,18446744073709551615,Never,0.001796722412109375,0,False,False,False
0x16e88e580,SM_CN_HEROSHRINE15_A4_LOD03,Buffer,"[""device-resources-0x10a80c000""]",,,,,,,,,,,,,1872,requested_buffer_length,2,3,0,Now,0.0017852783203125,0,False,True,True
0x1191f3900,SM_S1001_Camelthorn_01A_LOD01,Buffer,"[""unused-device-resources-0x10a80c000""]",,,,,,,,,,,,,1872,requested_buffer_length,2,3,18446744073709551615,Never,0.0017852783203125,0,False,False,False
0x17e05c300,SM_CN_BRIDGE01_A4_LOD03,Buffer,"[""device-resources-0x10a80c000""]",,,,,,,,,,,,,1848,requested_buffer_length,2,3,0,Now,0.00176239013671875,0,False,True,True
0x17e05fc00,SM_CN_PROPS11_A3_LOD03,Buffer,"[""device-resources-0x10a80c000""]",,,,,,,,,,,,,1848,requested_buffer_length,2,3,0,Now,0.00176239013671875,0,False,True,True
0x16edeca80,SM_GUANMU_04,Buffer,"[""device-resources-0x10a80c000""]",,,,,,,,,,,,,1824,requested_buffer_length,2,3,0,Now,0.001739501953125,0,False,True,True
0x17e05ea00,SM_CN_PROPS10_A3_LOD04,Buffer,"[""unused-device-resources-0x10a80c000""]",,,,,,,,,,,,,1800,requested_buffer_length,2,3,5733095958,Earlier,0.00171661376953125,0,False,False,False
0x167243c00,T_City_China_YZ_RP2D,Texture,"[""device-resources-0x10a80c000""]",81,2,190,32,32,1,6,1,1,FF0DCE50424C7BF3,0,Shared,1792,recorded_allocated_size,2,2,0,Now,0.001708984375,84,False,True,True
0x16fb01b80,T_FX_Mask_64_Zcx,Texture,"[""device-resources-0x10a80c000""]",81,2,208,32,32,1,6,1,1,CAE83EAA39555AEE,0,Shared,1792,recorded_allocated_size,2,2,0,Now,0.001708984375,1,False,True,True
0x1736f0280,T_BA_HORSE2_DA,Texture,"[""device-resources-0x10a80c000""]",81,2,190,32,32,1,6,1,1,F477A1343C3791F6,0,Shared,1792,recorded_allocated_size,2,2,0,Now,0.001708984375,0,False,False,True
0x1736f0500,T_BA_HORSE1_DA,Texture,"[""device-resources-0x10a80c000""]",81,2,190,32,32,1,6,1,1,8A3B2351436C30EE,0,Shared,1792,recorded_allocated_size,2,2,0,Now,0.001708984375,2,False,True,True
0x1736f0780,T_BA_HORSE1_NRT,Texture,"[""device-resources-0x10a80c000""]",81,2,208,32,32,1,6,1,1,FB1B161C0A90A8B7,0,Shared,1792,recorded_allocated_size,2,2,0,Now,0.001708984375,2,False,True,True
0x15e729180,T_FX_Mask_20_C,Texture,"[""unused-device-resources-0x10a80c000""]",81,2,204,32,32,1,6,1,1,4C259CCA15388143,0,Shared,1792,recorded_allocated_size,2,2,18446744073709551615,Never,0.001708984375,0,False,False,False
0x165a23480,T_CityGrid_D_YZ_Slc,Texture,"[""unused-device-resources-0x10a80c000""]",81,2,208,32,32,1,6,1,1,93EBD38590266B30,0,Shared,1792,recorded_allocated_size,2,2,18446744073709551615,Never,0.001708984375,0,False,False,False
0x167234a00,T_BA_SHEEP1_NRT,Texture,"[""unused-device-resources-0x10a80c000""]",81,2,208,32,32,1,6,1,1,7604B5CCA8CE5D8E,0,Shared,1792,recorded_allocated_size,2,2,18446744073709551615,Never,0.001708984375,0,False,False,False
0x167234f00,T_BA_SHEEP1_DA,Texture,"[""unused-device-resources-0x10a80c000""]",81,2,190,32,32,1,6,1,1,A936042ADA1B71F1,0,Shared,1792,recorded_allocated_size,2,2,18446744073709551615,Never,0.001708984375,0,False,False,False
0x1694a6800,T_BS_CN_ARCHR_L3_NRT,Texture,"[""unused-device-resources-0x10a80c000""]",81,2,208,32,32,1,6,1,1,FB01474A620DCCC6,0,Shared,1792,recorded_allocated_size,2,2,18446744073709551615,Never,0.001708984375,0,False,False,False
0x1694a6a80,T_BS_CN_ARCHR_L3_DA,Texture,"[""unused-device-resources-0x10a80c000""]",81,2,190,32,32,1,6,1,1,D0563F56E86D644D,0,Shared,1792,recorded_allocated_size,2,2,18446744073709551615,Never,0.001708984375,0,False,False,False
0x13dc17c00,T_shadowmask_D,Texture,"[""unused-device-resources-0x10a80c000""]",81,2,190,32,32,1,6,1,1,207C511EB46D9340,0,Shared,1792,recorded_allocated_size,2,2,18446744073709551615,Never,0.001708984375,0,False,False,False
0x165e19e00,T_BN_CN_THIN1_DA,Texture,"[""unused-device-resources-0x10a80c000""]",81,2,190,32,32,1,6,1,1,CAFB2F6028CF2581,0,Shared,1792,recorded_allocated_size,2,2,18446744073709551615,Never,0.001708984375,0,False,False,False
0x165e18f00,T_BN_CN_FAT1_NRT,Texture,"[""unused-device-resources-0x10a80c000""]",81,2,208,32,32,1,6,1,1,BAA55DF8C7DAB6CB,0,Shared,1792,recorded_allocated_size,2,2,18446744073709551615,Never,0.001708984375,0,False,False,False
0x165e1ad00,T_BN_CN_FEMALE1_DA,Texture,"[""unused-device-resources-0x10a80c000""]",81,2,190,32,32,1,6,1,1,43B2A45660590882,0,Shared,1792,recorded_allocated_size,2,2,18446744073709551615,Never,0.001708984375,0,False,False,False
0x165e19680,T_BN_CN_FEMALE1_NRT,Texture,"[""unused-device-resources-0x10a80c000""]",81,2,208,32,32,1,6,1,1,DE62A6871D0E1557,0,Shared,1792,recorded_allocated_size,2,2,18446744073709551615,Never,0.001708984375,0,False,False,False
0x165e1b480,T_BN_CN_FAT1_DA,Texture,"[""unused-device-resources-0x10a80c000""]",81,2,190,32,32,1,6,1,1,7241E178903D687,0,Shared,1792,recorded_allocated_size,2,2,18446744073709551615,Never,0.001708984375,0,False,False,False
0x165e1a080,T_BN_CN_THIN1_NRT,Texture,"[""unused-device-resources-0x10a80c000""]",81,2,208,32,32,1,6,1,1,E9C4060961B43130,0,Shared,1792,recorded_allocated_size,2,2,18446744073709551615,Never,0.001708984375,0,False,False,False
0x17c030c00,,RenderPipeline,"[""device-resources-0x10a80c000""]",,,,,,,,,,,,,1782,recorded_allocated_size,,,,,0.0016994476318359375,0,False,False,True
0x17c07d800,,RenderPipeline,"[""device-resources-0x10a80c000""]",,,,,,,,,,,,,1782,recorded_allocated_size,,,,,0.0016994476318359375,0,False,False,True
0x169493180,SM_CN_PROPS03_A3_LOD03,Buffer,"[""device-resources-0x10a80c000""]",,,,,,,,,,,,,1776,requested_buffer_length,2,3,0,Now,0.0016937255859375,0,False,True,True
0x1647a8900,SM_WRE_NC_WOOD_V2_L04_LOD03,Buffer,"[""unused-device-resources-0x10a80c000""]",,,,,,,,,,,,,1752,requested_buffer_length,2,3,18446744073709551615,Never,0.00167083740234375,0,False,False,False
0x1647a8f00,SM_WRE_NC_WOOD_V2_L04_LOD02,Buffer,"[""unused-device-resources-0x10a80c000""]",,,,,,,,,,,,,1734,requested_buffer_length,2,3,18446744073709551615,Never,0.0016536712646484375,0,False,False,False
0x16a376400,SM_FR_WHARF03_A4_LOD03,Buffer,"[""device-resources-0x10a80c000""]",,,,,,,,,,,,,1728,requested_buffer_length,2,3,0,Now,0.00164794921875,0,False,True,True
0x1647a8000,SM_WRE_NC_WOOD_V2_L02_LOD01,Buffer,"[""unused-device-resources-0x10a80c000""]",,,,,,,,,,,,,1728,requested_buffer_length,2,3,18446744073709551615,Never,0.00164794921875,0,False,False,False
0x167249500,SM_COCWater_03,Buffer,"[""device-resources-0x10a80c000""]",,,,,,,,,,,,,1716,requested_buffer_length,2,3,0,Now,0.001636505126953125,0,False,True,True
0x17c0c6400,,RenderPipeline,"[""device-resources-0x10a80c000""]",,,,,,,,,,,,,1704,recorded_allocated_size,,,,,0.00162506103515625,0,False,False,True
0x1647b0900,SM_WRE_NC_GOLDA_V2_L04_LOD03,Buffer,"[""unused-device-resources-0x10a80c000""]",,,,,,,,,,,,,1698,requested_buffer_length,2,3,18446744073709551615,Never,0.0016193389892578125,0,False,False,False
0x1647a8300,SM_WRE_NC_GOLDA_V2_L04_LOD02,Buffer,"[""unused-device-resources-0x10a80c000""]",,,,,,,,,,,,,1698,requested_buffer_length,2,3,18446744073709551615,Never,0.0016193389892578125,0,False,False,False
0x119250f00,,ComputePipeline,"[""unused-device-resources-0x10a80c000""]",,,,,,,,,,,,,1678,recorded_allocated_size,,,,,0.0016002655029296875,0,False,False,False
0x17c0a4c00,,RenderPipeline,"[""device-resources-0x10a80c000""]",,,,,,,,,,,,,1672,recorded_allocated_size,,,,,0.00159454345703125,0,False,False,True
0x16ededf80,,Buffer,"[""unused-device-resources-0x10a80c000""]",,,,,,,,,,,,,1668,requested_buffer_length,2,3,18446744073709551615,Never,0.001590728759765625,0,False,False,False
0x1712bc000,,Buffer,"[""unused-device-resources-0x10a80c000""]",,,,,,,,,,,,,1668,requested_buffer_length,2,3,18446744073709551615,Never,0.001590728759765625,0,False,False,False
0x17c013000,,RenderPipeline,"[""device-resources-0x10a80c000""]",,,,,,,,,,,,,1664,recorded_allocated_size,,,,,0.0015869140625,0,False,False,True
0x169564000,SM_CN_PROP03_A1_LOD02,Buffer,"[""unused-device-resources-0x10a80c000""]",,,,,,,,,,,,,1626,requested_buffer_length,2,3,18446744073709551615,Never,0.0015506744384765625,0,False,False,False
0x16e89a280,SM_CN_BRIDGE04_A4_LOD02,Buffer,"[""unused-device-resources-0x10a80c000""]",,,,,,,,,,,,,1620,requested_buffer_length,2,3,6246401291,Earlier,0.001544952392578125,0,False,False,False
0x1647ad380,SM_WRE_NC_ROCKA_V2_L03_LOD03,Buffer,"[""unused-device-resources-0x10a80c000""]",,,,,,,,,,,,,1620,requested_buffer_length,2,3,18446744073709551615,Never,0.001544952392578125,0,False,False,False
0x16a375380,SM_NC_WHARF02_A2_LOD03,Buffer,"[""device-resources-0x10a80c000""]",,,,,,,,,,,,,1614,requested_buffer_length,2,3,0,Now,0.0015392303466796875,0,False,True,True
0x17e037600,,Buffer,"[""device-resources-0x10a80c000""]",,,,,,,,,,,,,1600,requested_buffer_length,2,3,0,Now,0.00152587890625,0,False,True,True
0x16478fa80,SM_WRE_NC_WOOD_V2_L03_LOD02,Buffer,"[""unused-device-resources-0x10a80c000""]",,,,,,,,,,,,,1590,requested_buffer_length,2,3,18446744073709551615,Never,0.0015163421630859375,0,False,False,False
0x169566880,SM_PropsScaffold_LOD2,Buffer,"[""device-resources-0x10a80c000""]",,,,,,,,,,,,,1584,requested_buffer_length,2,3,0,Now,0.0015106201171875,0,False,True,True
0x16ee31500,SM_CN_WALL01_A3_LOD04,Buffer,"[""unused-device-resources-0x10a80c000""]",,,,,,,,,,,,,1584,requested_buffer_length,2,3,4207151958,Earlier,0.0015106201171875,0,False,False,False
0x17e00a400,,RenderPipeline,"[""device-resources-0x10a80c000""]",,,,,,,,,,,,,1576,recorded_allocated_size,,,,,0.00150299072265625,0,False,False,True
0x16949c900,SM_CN_PROPS09_A3_LOD02,Buffer,"[""unused-device-resources-0x10a80c000""]",,,,,,,,,,,,,1572,requested_buffer_length,2,3,6198253291,Earlier,0.001499176025390625,0,False,False,False
0x1672a4c00,st_pubukou01,Buffer,"[""unused-device-resources-0x10a80c000""]",,,,,,,,,,,,,1560,requested_buffer_length,2,3,18446744073709551615,Never,0.00148773193359375,0,False,False,False
0x17c124c00,,RenderPipeline,"[""device-resources-0x10a80c000""]",,,,,,,,,,,,,1550,recorded_allocated_size,,,,,0.0014781951904296875,0,False,False,True
0x16eff4c00,,RenderPipeline,"[""unused-device-resources-0x10a80c000""]",,,,,,,,,,,,,1550,recorded_allocated_size,,,,,0.0014781951904296875,0,False,False,False
0x16eff5800,,RenderPipeline,"[""unused-device-resources-0x10a80c000""]",,,,,,,,,,,,,1550,recorded_allocated_size,,,,,0.0014781951904296875,0,False,False,False
0x1647a1b00,TEST_L03_DA_LOD1,Buffer,"[""unused-device-resources-0x10a80c000""]",,,,,,,,,,,,,1548,requested_buffer_length,2,3,18446744073709551615,Never,0.001476287841796875,0,False,False,False
0x16e89b300,SM_CN_WEAPONRACK_A3_LOD01,Buffer,"[""device-resources-0x10a80c000""]",,,,,,,,,,,,,1536,requested_buffer_length,2,3,0,Now,0.00146484375,0,False,True,True
0x17b00b000,,RenderPipeline,"[""device-resources-0x10a80c000""]",,,,,,,,,,,,,1536,recorded_allocated_size,,,,,0.00146484375,0,False,False,True
0x1647aab80,SM_WRE_NC_ROCKA_V2_L04_LOD03,Buffer,"[""unused-device-resources-0x10a80c000""]",,,,,,,,,,,,,1530,requested_buffer_length,2,3,18446744073709551615,Never,0.0014591217041015625,0,False,False,False
0x17e034c00,SM_CN_WALL08_A4_LOD04,Buffer,"[""unused-device-resources-0x10a80c000""]",,,,,,,,,,,,,1530,requested_buffer_length,2,3,5733254625,Earlier,0.0014591217041015625,0,False,False,False
0x1647a0d80,SM_WRE_NC_ROCKA_V2_L02_LOD02,Buffer,"[""unused-device-resources-0x10a80c000""]",,,,,,,,,,,,,1524,requested_buffer_length,2,3,18446744073709551615,Never,0.001453399658203125,0,False,False,False
0x167265500,SM_MountHuangB_03_LOD3,Buffer,"[""device-resources-0x10a80c000""]",,,,,,,,,,,,,1500,requested_buffer_length,2,3,0,Now,0.001430511474609375,0,False,True,True
0x119251680,,ComputePipeline,"[""unused-device-resources-0x10a80c000""]",,,,,,,,,,,,,1494,recorded_allocated_size,,,,,0.0014247894287109375,0,False,False,False
0x17e05c000,SM_CN_BRIDGE02_A4_LOD03,Buffer,"[""device-resources-0x10a80c000""]",,,,,,,,,,,,,1476,requested_buffer_length,2,3,0,Now,0.001407623291015625,0,False,True,True
0x16949dc80,SM_CN_PROPS17_A3_LOD03,Buffer,"[""device-resources-0x10a80c000""]",,,,,,,,,,,,,1464,requested_buffer_length,2,3,0,Now,0.00139617919921875,0,False,True,True
0x1647b1680,SM_WRE_NC_FRAMLANDA01_V2_L06_LOD01,Buffer,"[""unused-device-resources-0x10a80c000""]",,,,,,,,,,,,,1464,requested_buffer_length,2,3,18446744073709551615,Never,0.00139617919921875,0,False,False,False
0x17c126400,,RenderPipeline,"[""device-resources-0x10a80c000""]",,,,,,,,,,,,,1454,recorded_allocated_size,,,,,0.0013866424560546875,0,False,False,True
0x1672a6580,SM_FlagChinaFeudal_005_MorphUV2_MorphExport,Buffer,"[""device-resources-0x10a80c000""]",,,,,,,,,,,,,1440,requested_buffer_length,2,3,0,Now,0.001373291015625,0,False,True,True
0x16f832700,SM_CN_HOUSE02_A4_LOD03,Buffer,"[""device-resources-0x10a80c000""]",,,,,,,,,,,,,1440,requested_buffer_length,2,3,0,Now,0.001373291015625,0,False,True,True
0x1647b7d80,M_BA_FISHG3_LD00_A,Buffer,"[""unused-device-resources-0x10a80c000""]",,,,,,,,,,,,,1440,requested_buffer_length,2,3,18446744073709551615,Never,0.001373291015625,0,False,False,False
0x106a14a80,SM_S1001_Camelthorn_01A_LOD02,Buffer,"[""unused-device-resources-0x10a80c000""]",,,,,,,,,,,,,1440,requested_buffer_length,2,3,18446744073709551615,Never,0.001373291015625,0,False,False,False
0x1647af300,TEST_L02_DA_LOD2,Buffer,"[""unused-device-resources-0x10a80c000""]",,,,,,,,,,,,,1428,requested_buffer_length,2,3,18446744073709551615,Never,0.001361846923828125,0,False,False,False
0x1672a6b80,SM_FlagChinaFeudal_018_MorphUV2_MorphExport,Buffer,"[""device-resources-0x10a80c000""]",,,,,,,,,,,,,1416,requested_buffer_length,2,3,0,Now,0.00135040283203125,0,False,True,True
0x1672a7780,SM_FlagChinaFeudal_017_MorphUV2_MorphExport,Buffer,"[""device-resources-0x10a80c000""]",,,,,,,,,,,,,1416,requested_buffer_length,2,3,0,Now,0.00135040283203125,0,False,True,True
0x16e88ea00,SM_CN_HEROSHRINE17_A4_LOD03,Buffer,"[""device-resources-0x10a80c000""]",,,,,,,,,,,,,1374,requested_buffer_length,2,3,0,Now,0.0013103485107421875,0,False,True,True
0x16e899080,M_BA_HORSE1_LD02_A,Buffer,"[""device-resources-0x10a80c000""]",,,,,,,,,,,,,1374,requested_buffer_length,2,3,0,Now,0.0013103485107421875,0,False,True,True
0x167248a80,SM_CityWater_08,Buffer,"[""device-resources-0x10a80c000""]",,,,,,,,,,,,,1368,requested_buffer_length,2,3,0,Now,0.00130462646484375,0,False,True,True
0x16948b480,SM_NC_PROPS06_A3_LOD01,Buffer,"[""device-resources-0x10a80c000""]",,,,,,,,,,,,,1368,requested_buffer_length,2,3,0,Now,0.00130462646484375,0,False,True,True
0x17e05ed00,SM_CN_PROPS09_A3_LOD03,Buffer,"[""device-resources-0x10a80c000""]",,,,,,,,,,,,,1368,requested_buffer_length,2,3,0,Now,0.00130462646484375,0,False,True,True
0x17c032400,,RenderPipeline,"[""device-resources-0x10a80c000""]",,,,,,,,,,,,,1366,recorded_allocated_size,,,,,0.0013027191162109375,0,False,False,True
0x17c033000,,RenderPipeline,"[""device-resources-0x10a80c000""]",,,,,,,,,,,,,1366,recorded_allocated_size,,,,,0.0013027191162109375,0,False,False,True
0x17c0a7000,,RenderPipeline,"[""device-resources-0x10a80c000""]",,,,,,,,,,,,,1366,recorded_allocated_size,,,,,0.0013027191162109375,0,False,False,True
0x16948b900,SM_NC_PROPS02A_A0_LOD02,Buffer,"[""device-resources-0x10a80c000""]",,,,,,,,,,,,,1344,requested_buffer_length,2,3,0,Now,0.00128173828125,0,False,True,True
0x16f9e0900,SM_CN_MILLWater02_A4,Buffer,"[""device-resources-0x10a80c000""]",,,,,,,,,,,,,1344,requested_buffer_length,2,3,0,Now,0.00128173828125,0,False,True,True
0x16e88ca80,Cube,Buffer,"[""unused-device-resources-0x10a80c000""]",,,,,,,,,,,,,1344,requested_buffer_length,2,3,18446744073709551615,Never,0.00128173828125,0,False,False,False
0x17e018000,,RenderPipeline,"[""device-resources-0x10a80c000""]",,,,,,,,,,,,,1332,recorded_allocated_size,,,,,0.001270294189453125,0,False,False,True
0x1647b2e80,SM_WRE_NC_FRAMLANDA01A_V2_L05_LOD00,Buffer,"[""unused-device-resources-0x10a80c000""]",,,,,,,,,,,,,1332,requested_buffer_length,2,3,18446744073709551615,Never,0.001270294189453125,0,False,False,False
0x167266100,SM_StonemineB_Lv2_LOD2,Buffer,"[""device-resources-0x10a80c000""]",,,,,,,,,,,,,1326,requested_buffer_length,2,3,0,Now,0.0012645721435546875,0,False,True,True
0x1672a7180,SM_FlagFranceFeudal_01,Buffer,"[""device-resources-0x10a80c000""]",,,,,,,,,,,,,1296,requested_buffer_length,2,3,0,Now,0.0012359619140625,0,False,True,True
0x169490780,SM_FR_WHARF07_A4_LOD03,Buffer,"[""device-resources-0x10a80c000""]",,,,,,,,,,,,,1296,requested_buffer_length,2,3,0,Now,0.0012359619140625,0,False,True,True
0x16949f780,SM_CN_TENT01_A4_LOD03,Buffer,"[""device-resources-0x10a80c000""]",,,,,,,,,,,,,1296,requested_buffer_length,2,3,0,Now,0.0012359619140625,0,False,True,True
0x167249080,SM_CityWater_China_YZ_03,Buffer,"[""device-resources-0x10a80c000""]",,,,,,,,,,,,,1290,requested_buffer_length,2,3,0,Now,0.0012302398681640625,0,False,True,True
0x16949cc00,SM_CN_PROPS05_A3_LOD03,Buffer,"[""device-resources-0x10a80c000""]",,,,,,,,,,,,,1284,requested_buffer_length,2,3,0,Now,0.001224517822265625,0,False,True,True
0x1694cd200,SM_CN_BRIDGE01_A2_LOD03,Buffer,"[""device-resources-0x10a80c000""]",,,,,,,,,,,,,1284,requested_buffer_length,2,3,0,Now,0.001224517822265625,0,False,True,True
0x17e05e100,SM_CN_BRIDGE01_A2_LOD04,Buffer,"[""unused-device-resources-0x10a80c000""]",,,,,,,,,,,,,1284,requested_buffer_length,2,3,5733031958,Earlier,0.001224517822265625,0,False,False,False
0x167265b00,SM_MountHuangB_04_LOD3,Buffer,"[""unused-device-resources-0x10a80c000""]",,,,,,,,,,,,,1254,requested_buffer_length,2,3,18446744073709551615,Never,0.0011959075927734375,0,False,False,False
0x16e898c00,SM_NC_PROPS11A_A0_LOD02,Buffer,"[""device-resources-0x10a80c000""]",,,,,,,,,,,,,1248,requested_buffer_length,2,3,0,Now,0.001190185546875,0,False,True,True
0x16724bd80,SM_CityDeadTree_05,Buffer,"[""device-resources-0x10a80c000""]",,,,,,,,,,,,,1224,requested_buffer_length,2,3,0,Now,0.00116729736328125,0,False,True,True
0x169491e00,SM_FlagChinaFeudal_004_MorphUV2_MorphExport,Buffer,"[""unused-device-resources-0x10a80c000""]",,,,,,,,,,,,,1224,requested_buffer_length,2,3,18446744073709551615,Never,0.00116729736328125,0,False,False,False
0x1647ad080,SM_WRE_NC_WOOD_V2_L07_LOD03,Buffer,"[""unused-device-resources-0x10a80c000""]",,,,,,,,,,,,,1212,requested_buffer_length,2,3,18446744073709551615,Never,0.001155853271484375,0,False,False,False
0x1191f2700,Plane,Buffer,"[""device-resources-0x10a80c000""]",,,,,,,,,,,,,1200,requested_buffer_length,2,3,0,Now,0.0011444091796875,0,False,True,True
0x1647b6e80,SM_LavaDecal_03,Buffer,"[""device-resources-0x10a80c000""]",,,,,,,,,,,,,1200,requested_buffer_length,2,3,0,Now,0.0011444091796875,0,False,True,True
0x16ee31c80,M_BS_CN_PALDN_L3_LD02_A,Buffer,"[""device-resources-0x10a80c000""]",,,,,,,,,,,,,1200,requested_buffer_length,2,3,0,Now,0.0011444091796875,0,False,True,True
0x16ee32400,M_BS_CN_PKEMN_L3_LD02_A,Buffer,"[""device-resources-0x10a80c000""]",,,,,,,,,,,,,1200,requested_buffer_length,2,3,0,Now,0.0011444091796875,0,False,True,True
0x16e88fa80,SM_CN_HEROSHRINE02_A4_LOD03,Buffer,"[""device-resources-0x10a80c000""]",,,,,,,,,,,,,1188,requested_buffer_length,2,3,0,Now,0.001132965087890625,0,False,True,True
0x17b002400,,RenderPipeline,"[""unused-device-resources-0x10a80c000""]",,,,,,,,,,,,,1180,recorded_allocated_size,,,,,0.001125335693359375,0,False,False,False
0x17b003000,,RenderPipeline,"[""unused-device-resources-0x10a80c000""]",,,,,,,,,,,,,1180,recorded_allocated_size,,,,,0.001125335693359375,0,False,False,False
0x16e88f180,SM_CN_HEROSHRINE11_A4_LOD03,Buffer,"[""device-resources-0x10a80c000""]",,,,,,,,,,,,,1176,requested_buffer_length,2,3,0,Now,0.00112152099609375,0,False,True,True
0x16f9e2e80,SM_CN_MTPROPS02_A4_LOD03,Buffer,"[""device-resources-0x10a80c000""]",,,,,,,,,,,,,1152,requested_buffer_length,2,3,0,Now,0.0010986328125,0,False,True,True
0x1191aef80,UnityDefault2D,Texture,"[""device-resources-0x10a80c000""]",81,2,71,16,16,1,1,1,1,A20E9DD80B65C5B0,0,Shared,1152,recorded_allocated_size,2,2,0,Now,0.0010986328125,35,False,True,True
0x168876300,IndexRT,Texture,"[""device-resources-0x10a80c000""]",81,2,10,32,32,1,1,1,1,B2AA89D8071BD73,0,Shared,1152,recorded_allocated_size,2,0,0,Now,0.0010986328125,276,False,True,True
0x1191f1080,SM_S1001_Camelthorn_01A_LOD03,Buffer,"[""unused-device-resources-0x10a80c000""]",,,,,,,,,,,,,1152,requested_buffer_length,2,3,18446744073709551615,Never,0.0010986328125,0,False,False,False
0x1647a2100,TEST_L02_DA_LOD3,Buffer,"[""unused-device-resources-0x10a80c000""]",,,,,,,,,,,,,1152,requested_buffer_length,2,3,18446744073709551615,Never,0.0010986328125,0,False,False,False
0x16fafd680,Plane001,Buffer,"[""unused-device-resources-0x10a80c000""]",,,,,,,,,,,,,1152,requested_buffer_length,2,3,18446744073709551615,Never,0.0010986328125,0,False,False,False
0x119250280,SearchTex,Texture,"[""unused-device-resources-0x10a80c000""]",81,2,1,64,16,1,1,1,1,6D48D36D95F2D64F,0,Shared,1152,recorded_allocated_size,2,2,75764498625,Earlier,0.0010986328125,0,False,False,False
0x1191ad900,UnityRandomRotation,Texture,"[""unused-device-resources-0x10a80c000""]",81,2,70,16,16,1,1,1,1,17FD883C046C9BB0,0,Shared,1152,recorded_allocated_size,2,2,76029335958,Earlier,0.0010986328125,0,False,False,False
0x17b008c00,,RenderPipeline,"[""device-resources-0x10a80c000""]",,,,,,,,,,,,,1148,recorded_allocated_size,,,,,0.001094818115234375,0,False,False,True
0x17b009800,,RenderPipeline,"[""device-resources-0x10a80c000""]",,,,,,,,,,,,,1148,recorded_allocated_size,,,,,0.001094818115234375,0,False,False,True
0x17b00a400,,RenderPipeline,"[""device-resources-0x10a80c000""]",,,,,,,,,,,,,1148,recorded_allocated_size,,,,,0.001094818115234375,0,False,False,True
0x17b028000,,RenderPipeline,"[""device-resources-0x10a80c000""]",,,,,,,,,,,,,1148,recorded_allocated_size,,,,,0.001094818115234375,0,False,False,True
0x1647a3300,SM_WRE_NC_ROCKA_V2_L02_LOD03,Buffer,"[""unused-device-resources-0x10a80c000""]",,,,,,,,,,,,,1146,requested_buffer_length,2,3,18446744073709551615,Never,0.0010929107666015625,0,False,False,False
0x17b000000,,RenderPipeline,"[""unused-device-resources-0x10a80c000""]",,,,,,,,,,,,,1144,recorded_allocated_size,,,,,0.00109100341796875,0,False,False,False
0x17b000c00,,RenderPipeline,"[""unused-device-resources-0x10a80c000""]",,,,,,,,,,,,,1144,recorded_allocated_size,,,,,0.00109100341796875,0,False,False,False
0x1647b1380,SM_WRE_NC_GOLDA_V2_L03_LOD02,Buffer,"[""unused-device-resources-0x10a80c000""]",,,,,,,,,,,,,1134,requested_buffer_length,2,3,18446744073709551615,Never,0.0010814666748046875,0,False,False,False
0x16478e580,SM_WRE_NC_GOLDA_V2_L03_LOD03,Buffer,"[""unused-device-resources-0x10a80c000""]",,,,,,,,,,,,,1134,requested_buffer_length,2,3,18446744073709551615,Never,0.0010814666748046875,0,False,False,False
0x1647b3480,SM_WRE_NC_FRAMLANDA02_V2_L03_LOD00,Buffer,"[""unused-device-resources-0x10a80c000""]",,,,,,,,,,,,,1122,requested_buffer_length,2,3,18446744073709551615,Never,0.0010700225830078125,0,False,False,False
0x1647b0000,TEST_L03_DA_LOD3,Buffer,"[""unused-device-resources-0x10a80c000""]",,,,,,,,,,,,,1116,requested_buffer_length,2,3,18446744073709551615,Never,0.001064300537109375,0,False,False,False
0x1647a1680,TEST_L03_DA_LOD2,Buffer,"[""unused-device-resources-0x10a80c000""]",,,,,,,,,,,,,1116,requested_buffer_length,2,3,18446744073709551615,Never,0.001064300537109375,0,False,False,False
0x169488900,T2_EditableRoad_meshes,Buffer,"[""device-resources-0x10a80c000""]",,,,,,,,,,,,,1104,requested_buffer_length,2,3,0,Now,0.0010528564453125,0,False,True,True
0x16478e880,SM_WRE_NC_FRAMLANDA01_V2_L06_LOD02,Buffer,"[""unused-device-resources-0x10a80c000""]",,,,,,,,,,,,,1104,requested_buffer_length,2,3,18446744073709551615,Never,0.0010528564453125,0,False,False,False
0x16478f780,SM_WRE_NC_FRAMLANDA01_V2_L06_LOD03,Buffer,"[""unused-device-resources-0x10a80c000""]",,,,,,,,,,,,,1104,requested_buffer_length,2,3,18446744073709551615,Never,0.0010528564453125,0,False,False,False
0x169565980,SM_NC_PROPS02_A3_LOD02,Buffer,"[""device-resources-0x10a80c000""]",,,,,,,,,,,,,1098,requested_buffer_length,2,3,0,Now,0.0010471343994140625,0,False,True,True
0x16ee30d80,M_BS_CN_PALDN_L3_H_LD02_A,Buffer,"[""device-resources-0x10a80c000""]",,,,,,,,,,,,,1092,requested_buffer_length,2,3,0,Now,0.001041412353515625,0,False,True,True
0x1647b5e00,SM_FX_Plane_Bend06,Buffer,"[""unused-device-resources-0x10a80c000""]",,,,,,,,,,,,,1080,requested_buffer_length,2,3,18446744073709551615,Never,0.00102996826171875,0,False,False,False
0x17c0a6400,,RenderPipeline,"[""device-resources-0x10a80c000""]",,,,,,,,,,,,,1074,recorded_allocated_size,,,,,0.0010242462158203125,0,False,False,True
0x16e88ed00,SM_CN_HEROSHRINE07_A4_LOD03,Buffer,"[""device-resources-0x10a80c000""]",,,,,,,,,,,,,1068,requested_buffer_length,2,3,0,Now,0.001018524169921875,0,False,True,True
0x17c14c000,,RenderPipeline,"[""device-resources-0x10a80c000""]",,,,,,,,,,,,,1060,recorded_allocated_size,,,,,0.001010894775390625,0,False,False,True
0x17e05f300,SM_CN_PROPS08_A3_LOD03,Buffer,"[""device-resources-0x10a80c000""]",,,,,,,,,,,,,1056,requested_buffer_length,2,3,0,Now,0.001007080078125,0,False,True,True
0x17e08a400,,RenderPipeline,"[""device-resources-0x10a80c000""]",,,,,,,,,,,,,1056,recorded_allocated_size,,,,,0.001007080078125,0,False,False,True
0x169567480,SM_CN_WALL06_A4_LOD03,Buffer,"[""device-resources-0x10a80c000""]",,,,,,,,,,,,,1044,requested_buffer_length,2,3,0,Now,0.000995635986328125,0,False,True,True
0x16f833a80,SM_WRE_NC_FRAMLAND_D_V2_L01_LOD02,Buffer,"[""unused-device-resources-0x10a80c000""]",,,,,,,,,,,,,1044,requested_buffer_length,2,3,6458378625,Earlier,0.000995635986328125,0,False,False,False
0x1647b5980,Plane001,Buffer,"[""unused-device-resources-0x10a80c000""]",,,,,,,,,,,,,1040,requested_buffer_length,2,3,18446744073709551615,Never,0.0009918212890625,0,False,False,False
0x16f9e1380,M_CN_MILL_A4_O2_LD02_A,Buffer,"[""device-resources-0x10a80c000""]",,,,,,,,,,,,,1032,requested_buffer_length,2,3,0,Now,0.00098419189453125,0,False,True,True
0x1694cf600,SM_CN_FENCE02_A1_LOD02,Buffer,"[""unused-device-resources-0x10a80c000""]",,,,,,,,,,,,,1032,requested_buffer_length,2,3,18446744073709551615,Never,0.00098419189453125,0,False,False,False
0x138ffd900,button active,Texture,"[""unused-device-resources-0x10a80c000""]",81,2,71,12,12,1,1,1,1,886F8FAB1CB415D,0,Shared,1024,recorded_allocated_size,2,2,75671775958,Earlier,0.0009765625,0,False,False,False
0x13b3f9680,warning_icon,Texture,"[""unused-device-resources-0x10a80c000""]",81,2,190,32,32,1,1,1,1,162042366E9DC690,0,Shared,1024,recorded_allocated_size,2,2,18446744073709551615,Never,0.0009765625,0,False,False,False
0x13b3fa080,button_active,Texture,"[""unused-device-resources-0x10a80c000""]",81,2,190,32,31,1,1,1,1,5029285E9FCF193A,0,Shared,1024,recorded_allocated_size,2,2,18446744073709551615,Never,0.0009765625,0,False,False,False
0x13dc14280,error_icon,Texture,"[""unused-device-resources-0x10a80c000""]",81,2,190,32,32,1,1,1,1,3FDB025181E56B0,0,Shared,1024,recorded_allocated_size,2,2,18446744073709551615,Never,0.0009765625,0,False,False,False
0x13dc14a00,bar,Texture,"[""unused-device-resources-0x10a80c000""]",81,2,190,32,31,1,1,1,1,651756DDE0F27F77,0,Shared,1024,recorded_allocated_size,2,2,18446744073709551615,Never,0.0009765625,0,False,False,False
0x13dc16a80,log_icon,Texture,"[""unused-device-resources-0x10a80c000""]",81,2,190,32,32,1,1,1,1,83025A024DF0C635,0,Shared,1024,recorded_allocated_size,2,2,18446744073709551615,Never,0.0009765625,0,False,False,False
0x167249980,SM_CityWater_China_YZ_05,Buffer,"[""device-resources-0x10a80c000""]",,,,,,,,,,,,,1014,requested_buffer_length,2,3,0,Now,0.0009670257568359375,0,False,True,True
0x169492400,SM_FlagChinaFeudal_003_MorphUV2_MorphExport,Buffer,"[""device-resources-0x10a80c000""]",,,,,,,,,,,,,1008,requested_buffer_length,2,3,0,Now,0.0009613037109375,0,False,True,True
0x169488000,T2_EditableRoad_meshes,Buffer,"[""unused-device-resources-0x10a80c000""]",,,,,,,,,,,,,996,requested_buffer_length,2,3,18446744073709551615,Never,0.000949859619140625,0,False,False,False
0x16faff600,SM_Rock_10_LOD2,Buffer,"[""unused-device-resources-0x10a80c000""]",,,,,,,,,,,,,990,requested_buffer_length,2,3,18446744073709551615,Never,0.0009441375732421875,0,False,False,False
0x16f9e1e00,M_CN_LUMBERLOG_A4_LD03_A,Buffer,"[""device-resources-0x10a80c000""]",,,,,,,,,,,,,978,requested_buffer_length,2,3,0,Now,0.0009326934814453125,0,False,True,True
0x16f833180,SM_WRE_NC_FRAMLAND_A_V2_GROUND_LOD02,Buffer,"[""unused-device-resources-0x10a80c000""]",,,,,,,,,,,,,978,requested_buffer_length,2,3,6418993291,Earlier,0.0009326934814453125,0,False,False,False
0x16478f180,SM_WRE_NC_WOOD_V2_L05_LOD02,Buffer,"[""unused-device-resources-0x10a80c000""]",,,,,,,,,,,,,972,requested_buffer_length,2,3,18446744073709551615,Never,0.000926971435546875,0,False,False,False
0x1647af000,SM_WRE_NC_WOOD_V2_L05_LOD03,Buffer,"[""unused-device-resources-0x10a80c000""]",,,,,,,,,,,,,972,requested_buffer_length,2,3,18446744073709551615,Never,0.000926971435546875,0,False,False,False
0x16ee4d800,,RenderPipeline,"[""unused-device-resources-0x10a80c000""]",,,,,,,,,,,,,966,recorded_allocated_size,,,,,0.0009212493896484375,0,False,False,False
0x16eff1800,,RenderPipeline,"[""unused-device-resources-0x10a80c000""]",,,,,,,,,,,,,966,recorded_allocated_size,,,,,0.0009212493896484375,0,False,False,False
0x16eff6400,,RenderPipeline,"[""unused-device-resources-0x10a80c000""]",,,,,,,,,,,,,966,recorded_allocated_size,,,,,0.0009212493896484375,0,False,False,False
0x17b008000,,RenderPipeline,"[""unused-device-resources-0x10a80c000""]",,,,,,,,,,,,,966,recorded_allocated_size,,,,,0.0009212493896484375,0,False,False,False
0x167264600,SM_PVEO_DEADTREE07_L0_LOD01,Buffer,"[""device-resources-0x10a80c000""]",,,,,,,,,,,,,960,requested_buffer_length,2,3,0,Now,0.00091552734375,0,False,True,True
0x16a374600,SM_CN_WALL06_A3_LOD03,Buffer,"[""device-resources-0x10a80c000""]",,,,,,,,,,,,,960,requested_buffer_length,2,3,0,Now,0.00091552734375,0,False,True,True
0x1712bc600,,Buffer,"[""unused-device-resources-0x10a80c000""]",,,,,,,,,,,,,960,requested_buffer_length,2,3,18446744073709551615,Never,0.00091552734375,0,False,False,False
0x1712bfc00,SM_CN_WALL06_A3_LOD03,Buffer,"[""unused-device-resources-0x10a80c000""]",,,,,,,,,,,,,960,requested_buffer_length,2,3,5733222625,Earlier,0.00091552734375,0,False,False,False
0x16478c300,SM_WRE_NC_WOOD_V2_L02_LOD02,Buffer,"[""unused-device-resources-0x10a80c000""]",,,,,,,,,,,,,954,requested_buffer_length,2,3,18446744073709551615,Never,0.0009098052978515625,0,False,False,False
0x119251400,,ComputePipeline,"[""unused-device-resources-0x10a80c000""]",,,,,,,,,,,,,942,recorded_allocated_size,,,,,0.0008983612060546875,0,False,False,False
0x169490480,SM_ByzantineCityTree03_LOD1,Buffer,"[""device-resources-0x10a80c000""]",,,,,,,,,,,,,936,requested_buffer_length,2,3,0,Now,0.00089263916015625,0,False,True,True
0x169492700,SM_Flowers02,Buffer,"[""device-resources-0x10a80c000""]",,,,,,,,,,,,,924,requested_buffer_length,2,3,0,Now,0.000881195068359375,0,False,True,True
0x16f9e3300,SM_FlagChinaEmpires_003_MorphUV2_MorphExport,Buffer,"[""device-resources-0x10a80c000""]",,,,,,,,,,,,,924,requested_buffer_length,2,3,0,Now,0.000881195068359375,0,False,True,True
0x16f9e2d00,SM_FlagChinaEmpires_002_MorphUV2_MorphExport,Buffer,"[""unused-device-resources-0x10a80c000""]",,,,,,,,,,,,,924,requested_buffer_length,2,3,5733425291,Earlier,0.000881195068359375,0,False,False,False
0x169564300,SM_CN_PROP04_A1_LOD02,Buffer,"[""unused-device-resources-0x10a80c000""]",,,,,,,,,,,,,918,requested_buffer_length,2,3,18446744073709551615,Never,0.0008754730224609375,0,False,False,False
0x16a377300,SM_CN_PROPS03_A4_LOD02,Buffer,"[""device-resources-0x10a80c000""]",,,,,,,,,,,,,912,requested_buffer_length,2,3,0,Now,0.0008697509765625,0,False,True,True
0x16f833780,SM_WRE_NC_FRAMLAND_C_V2_L01_LOD02,Buffer,"[""unused-device-resources-0x10a80c000""]",,,,,,,,,,,,,912,requested_buffer_length,2,3,6458383958,Earlier,0.0008697509765625,0,False,False,False
0x1647a0780,SM_WRE_NC_WOOD_V2_L02_LOD03,Buffer,"[""unused-device-resources-0x10a80c000""]",,,,,,,,,,,,,906,requested_buffer_length,2,3,18446744073709551615,Never,0.0008640289306640625,0,False,False,False
0x119253700,,ComputePipeline,"[""unused-device-resources-0x10a80c000""]",,,,,,,,,,,,,904,recorded_allocated_size,,,,,0.00086212158203125,0,False,False,False
0x119253480,,ComputePipeline,"[""unused-device-resources-0x10a80c000""]",,,,,,,,,,,,,898,recorded_allocated_size,,,,,0.0008563995361328125,0,False,False,False
0x16a375800,SM_FR_WHARF02_A4_LOD03,Buffer,"[""device-resources-0x10a80c000""]",,,,,,,,,,,,,896,requested_buffer_length,2,3,0,Now,0.0008544921875,0,False,True,True
0x106b8e800,textureRopeway01,Texture,"[""unused-device-resources-0x10a80c000""]",81,2,190,32,8,1,6,1,1,9204F6FA1ACD2C14,0,Shared,896,recorded_allocated_size,2,2,18446744073709551615,Never,0.0008544921875,0,False,False,False
0x16727d400,T_MipLUT_C,Texture,"[""unused-device-resources-0x10a80c000""]",81,2,1,16,16,1,5,1,1,7FAA3706EA52C3F,0,Shared,896,recorded_allocated_size,2,2,3941187958,Earlier,0.0008544921875,0,False,False,False
0x16949e880,SM_CN_TENT02_A4_LOD03,Buffer,"[""device-resources-0x10a80c000""]",,,,,,,,,,,,,894,requested_buffer_length,2,3,0,Now,0.0008525848388671875,0,False,True,True
0x169565680,SM_NC_PROPS04_A3_LOD02,Buffer,"[""device-resources-0x10a80c000""]",,,,,,,,,,,,,888,requested_buffer_length,2,3,0,Now,0.00084686279296875,0,False,True,True
0x16e88de00,SM_CN_BRIDGE03_A4_LOD02,Buffer,"[""unused-device-resources-0x10a80c000""]",,,,,,,,,,,,,888,requested_buffer_length,2,3,6227018625,Earlier,0.00084686279296875,0,False,False,False
0x17e05f900,SM_CN_PROPS11_A3_LOD04,Buffer,"[""unused-device-resources-0x10a80c000""]",,,,,,,,,,,,,888,requested_buffer_length,2,3,5733009291,Earlier,0.00084686279296875,0,False,False,False
0x169564c00,M_BS_CN_PKEMN_L3_LD03_A,Buffer,"[""unused-device-resources-0x10a80c000""]",,,,,,,,,,,,,882,requested_buffer_length,2,3,6527233291,Earlier,0.0008411407470703125,0,False,False,False
0x16fafe880,SM_Grass10,Buffer,"[""device-resources-0x10a80c000""]",,,,,,,,,,,,,876,requested_buffer_length,2,3,0,Now,0.000835418701171875,0,False,True,True
0x16ee44480,SM_CN_BRIDGE04_A4_LOD03,Buffer,"[""device-resources-0x10a80c000""]",,,,,,,,,,,,,876,requested_buffer_length,2,3,0,Now,0.000835418701171875,0,False,True,True
0x16ee4f000,,RenderPipeline,"[""unused-device-resources-0x10a80c000""]",,,,,,,,,,,,,876,recorded_allocated_size,,,,,0.000835418701171875,0,False,False,False
0x16eff0000,,RenderPipeline,"[""unused-device-resources-0x10a80c000""]",,,,,,,,,,,,,876,recorded_allocated_size,,,,,0.000835418701171875,0,False,False,False
0x16eff2400,,RenderPipeline,"[""unused-device-resources-0x10a80c000""]",,,,,,,,,,,,,876,recorded_allocated_size,,,,,0.000835418701171875,0,False,False,False
0x16eff3000,,RenderPipeline,"[""unused-device-resources-0x10a80c000""]",,,,,,,,,,,,,876,recorded_allocated_size,,,,,0.000835418701171875,0,False,False,False
0x16eff7000,,RenderPipeline,"[""unused-device-resources-0x10a80c000""]",,,,,,,,,,,,,876,recorded_allocated_size,,,,,0.000835418701171875,0,False,False,False
0x17c14e400,,RenderPipeline,"[""unused-device-resources-0x10a80c000""]",,,,,,,,,,,,,876,recorded_allocated_size,,,,,0.000835418701171875,0,False,False,False
0x16949e100,SM_CN_GARDEN_WATER_A2_LOD00,Buffer,"[""device-resources-0x10a80c000""]",,,,,,,,,,,,,864,requested_buffer_length,2,3,0,Now,0.000823974609375,0,False,True,True
0x1647b3780,SM_WRE_NC_WATERJING_V2_L02_LOD00,Buffer,"[""unused-device-resources-0x10a80c000""]",,,,,,,,,,,,,864,requested_buffer_length,2,3,18446744073709551615,Never,0.000823974609375,0,False,False,False
0x1672a5f80,SM_FlagChinaFeudal_012_MorphUV2_MorphExport,Buffer,"[""device-resources-0x10a80c000""]",,,,,,,,,,,,,852,requested_buffer_length,2,3,0,Now,0.000812530517578125,0,False,True,True
0x17e036280,SM_CN_PROPS02_A3_LOD03,Buffer,"[""device-resources-0x10a80c000""]",,,,,,,,,,,,,852,requested_buffer_length,2,3,0,Now,0.000812530517578125,0,False,True,True
0x16f833480,SM_WRE_NC_FRAMLAND_B_V2_L01_LOD02,Buffer,"[""unused-device-resources-0x10a80c000""]",,,,,,,,,,,,,852,requested_buffer_length,2,3,6458390625,Earlier,0.000812530517578125,0,False,False,False
0x16e89ad00,SM_CN_ARCHERYTARGET_A3_LOD01,Buffer,"[""device-resources-0x10a80c000""]",,,,,,,,,,,,,828,requested_buffer_length,2,3,0,Now,0.000789642333984375,0,False,True,True
0x169492a00,SM_Grass_01,Buffer,"[""device-resources-0x10a80c000""]",,,,,,,,,,,,,822,requested_buffer_length,2,3,0,Now,0.0007839202880859375,0,False,True,True
0x16724ba80,SM_CityLotus_CN_01_LOD01,Buffer,"[""device-resources-0x10a80c000""]",,,,,,,,,,,,,810,requested_buffer_length,2,3,0,Now,0.0007724761962890625,0,False,True,True
0x16a375c80,SM_FR_WHARF04_A4_LOD03,Buffer,"[""device-resources-0x10a80c000""]",,,,,,,,,,,,,810,requested_buffer_length,2,3,0,Now,0.0007724761962890625,0,False,True,True
0x16f830180,M_BS_CN_ARCHR_L3_LD03_A,Buffer,"[""unused-device-resources-0x10a80c000""]",,,,,,,,,,,,,810,requested_buffer_length,2,3,18446744073709551615,Never,0.0007724761962890625,0,False,False,False
0x169492100,SM_FlagChinaEmpires_004_MorphUV2_MorphExport,Buffer,"[""device-resources-0x10a80c000""]",,,,,,,,,,,,,804,requested_buffer_length,2,3,0,Now,0.000766754150390625,0,False,True,True
0x16949fa80,SM_Flowers01,Buffer,"[""device-resources-0x10a80c000""]",,,,,,,,,,,,,804,requested_buffer_length,2,3,0,Now,0.000766754150390625,0,False,True,True
0x17e035380,SM_CN_WALL06_A4_LOD04,Buffer,"[""unused-device-resources-0x10a80c000""]",,,,,,,,,,,,,804,requested_buffer_length,2,3,5733265291,Earlier,0.000766754150390625,0,False,False,False
0x17e05f000,SM_CN_PROPS09_A3_LOD04,Buffer,"[""unused-device-resources-0x10a80c000""]",,,,,,,,,,,,,804,requested_buffer_length,2,3,5733083958,Earlier,0.000766754150390625,0,False,False,False
0x17c14d800,,RenderPipeline,"[""device-resources-0x10a80c000""]",,,,,,,,,,,,,800,recorded_allocated_size,,,,,0.000762939453125,0,False,False,True
0x16edede00,,Buffer,"[""unused-device-resources-0x10a80c000""]",,,,,,,,,,,,,800,requested_buffer_length,2,3,18446744073709551615,Never,0.000762939453125,0,False,False,False
0x1712bc180,,Buffer,"[""unused-device-resources-0x10a80c000""]",,,,,,,,,,,,,800,requested_buffer_length,2,3,18446744073709551615,Never,0.000762939453125,0,False,False,False
0x17e05c600,SM_CN_BRIDGE03_A4_LOD03,Buffer,"[""device-resources-0x10a80c000""]",,,,,,,,,,,,,792,requested_buffer_length,2,3,0,Now,0.00075531005859375,0,False,True,True
0x1647ab780,SM_WRE_NC_WOOD_V2_L03_LOD03,Buffer,"[""unused-device-resources-0x10a80c000""]",,,,,,,,,,,,,792,requested_buffer_length,2,3,18446744073709551615,Never,0.00075531005859375,0,False,False,False
0x16948ae80,SM_NC_PROPSGROUP03B_A0_LOD02,Buffer,"[""device-resources-0x10a80c000""]",,,,,,,,,,,,,780,requested_buffer_length,2,3,0,Now,0.000743865966796875,0,False,True,True
0x1647a0180,SM_WRE_NC_FRAMLANDA01_V2_L05_LOD01,Buffer,"[""unused-device-resources-0x10a80c000""]",,,,,,,,,,,,,774,requested_buffer_length,2,3,18446744073709551615,Never,0.0007381439208984375,0,False,False,False
0x17e088c00,,RenderPipeline,"[""unused-device-resources-0x10a80c000""]",,,,,,,,,,,,,772,recorded_allocated_size,,,,,0.000736236572265625,0,False,False,False
0x16a376280,SM_FR_WHARF06_A4_LOD03,Buffer,"[""device-resources-0x10a80c000""]",,,,,,,,,,,,,768,requested_buffer_length,2,3,0,Now,0.000732421875,0,False,True,True
0x1191aed00,UnityBlackCube,Texture,"[""device-resources-0x10a80c000""]",81,5,71,1,1,1,1,1,1,33E63C2174969971,0,Shared,768,recorded_allocated_size,2,2,0,Now,0.000732421875,1,False,True,True
0x16fafcf00,SM_Box_UV_01,Buffer,"[""unused-device-resources-0x10a80c000""]",,,,,,,,,,,,,768,requested_buffer_length,2,3,18446744073709551615,Never,0.000732421875,0,False,False,False
0x1191af700,UnityDefaultCubeArray,Texture,"[""unused-device-resources-0x10a80c000""]",81,6,71,1,1,1,1,1,1,D25EB9C8892E3EC3,0,Shared,768,recorded_allocated_size,2,2,76026625291,Earlier,0.000732421875,0,False,False,False
0x1191af980,UnityDefaultCube,Texture,"[""unused-device-resources-0x10a80c000""]",81,5,71,1,1,1,1,1,1,4BFB1A32DCB672CF,0,Shared,768,recorded_allocated_size,2,2,76026615958,Earlier,0.000732421875,0,False,False,False
0x17b187480,SM_CN_PROPS17_A3_LOD04,Buffer,"[""unused-device-resources-0x10a80c000""]",,,,,,,,,,,,,732,requested_buffer_length,2,3,5733059958,Earlier,0.000698089599609375,0,False,False,False
0x16fafdc80,ChamferBox02B,Buffer,"[""unused-device-resources-0x10a80c000""]",,,,,,,,,,,,,720,requested_buffer_length,2,3,18446744073709551615,Never,0.0006866455078125,0,False,False,False
0x1647b6880,M_BS_CN_CHANG_L3_LD03_A,Buffer,"[""unused-device-resources-0x10a80c000""]",,,,,,,,,,,,,714,requested_buffer_length,2,3,18446744073709551615,Never,0.0006809234619140625,0,False,False,False
0x16f830780,M_BS_CN_PALDN_L3_LD03_A,Buffer,"[""unused-device-resources-0x10a80c000""]",,,,,,,,,,,,,714,requested_buffer_length,2,3,6527238625,Earlier,0.0006809234619140625,0,False,False,False
0x167266400,SM_WRE_NC_ROCKA_L01_LOD02,Buffer,"[""unused-device-resources-0x10a80c000""]",,,,,,,,,,,,,708,requested_buffer_length,2,3,7077625291,Earlier,0.000675201416015625,0,False,False,False
0x16478cf00,SM_WRE_NC_FRAMLANDA01_V2_L04_LOD03,Buffer,"[""unused-device-resources-0x10a80c000""]",,,,,,,,,,,,,702,requested_buffer_length,2,3,18446744073709551615,Never,0.0006694793701171875,0,False,False,False
0x1647a3600,SM_WRE_NC_FRAMLANDA01_V2_L04_LOD02,Buffer,"[""unused-device-resources-0x10a80c000""]",,,,,,,,,,,,,702,requested_buffer_length,2,3,18446744073709551615,Never,0.0006694793701171875,0,False,False,False
0x1647ac780,SM_WRE_NC_FRAMLANDA01_V2_L04_LOD01,Buffer,"[""unused-device-resources-0x10a80c000""]",,,,,,,,,,,,,702,requested_buffer_length,2,3,18446744073709551615,Never,0.0006694793701171875,0,False,False,False
0x169566580,SM_CN_HEROSHRINE05_A4_LOD03,Buffer,"[""device-resources-0x10a80c000""]",,,,,,,,,,,,,696,requested_buffer_length,2,3,0,Now,0.00066375732421875,0,False,True,True
0x16f831380,M_BN_CN_FEMALE1_LD03_A,Buffer,"[""unused-device-resources-0x10a80c000""]",,,,,,,,,,,,,696,requested_buffer_length,2,3,18446744073709551615,Never,0.00066375732421875,0,False,False,False
0x17b188c00,,RenderPipeline,"[""device-resources-0x10a80c000""]",,,,,,,,,,,,,690,recorded_allocated_size,,,,,0.0006580352783203125,0,False,False,True
0x119252f80,,ComputePipeline,"[""unused-device-resources-0x10a80c000""]",,,,,,,,,,,,,680,recorded_allocated_size,,,,,0.00064849853515625,0,False,False,False
0x119253200,,ComputePipeline,"[""unused-device-resources-0x10a80c000""]",,,,,,,,,,,,,680,recorded_allocated_size,,,,,0.00064849853515625,0,False,False,False
0x16f831080,M_BN_CN_THIN1_LD03_A,Buffer,"[""unused-device-resources-0x10a80c000""]",,,,,,,,,,,,,678,requested_buffer_length,2,3,18446744073709551615,Never,0.0006465911865234375,0,False,False,False
0x169489f80,SM_NC_PROPS07_A3_LOD02,Buffer,"[""device-resources-0x10a80c000""]",,,,,,,,,,,,,672,requested_buffer_length,2,3,0,Now,0.000640869140625,0,False,True,True
0x16edef480,SM_WRE_NC_FRAMLAND_B_V2_L01_LOD03,Buffer,"[""device-resources-0x10a80c000""]",,,,,,,,,,,,,672,requested_buffer_length,2,3,0,Now,0.000640869140625,0,False,True,True
0x16f831680,M_BN_CN_FAT1_LD03_A,Buffer,"[""unused-device-resources-0x10a80c000""]",,,,,,,,,,,,,672,requested_buffer_length,2,3,18446744073709551615,Never,0.000640869140625,0,False,False,False
0x1694ce400,SM_CN_HEROSHRINE03_A4_LOD03,Buffer,"[""device-resources-0x10a80c000""]",,,,,,,,,,,,,642,requested_buffer_length,2,3,0,Now,0.0006122589111328125,0,False,True,True
0x16a377780,SM_FR_MTPROPS11_A3_LOD02,Buffer,"[""device-resources-0x10a80c000""]",,,,,,,,,,,,,640,requested_buffer_length,2,3,0,Now,0.0006103515625,0,False,True,True
0x16a377d80,SM_FR_MTPROPS07_A0_LOD02,Buffer,"[""device-resources-0x10a80c000""]",,,,,,,,,,,,,640,requested_buffer_length,2,3,0,Now,0.0006103515625,0,False,True,True
0x16e898300,SM_NC_CITYROAD02_A0_LOD01,Buffer,"[""device-resources-0x10a80c000""]",,,,,,,,,,,,,640,requested_buffer_length,2,3,0,Now,0.0006103515625,0,False,True,True
0x16e898600,SM_NC_CITYROAD01_A0_LOD01,Buffer,"[""device-resources-0x10a80c000""]",,,,,,,,,,,,,640,requested_buffer_length,2,3,0,Now,0.0006103515625,0,False,True,True
0x16eded200,,Buffer,"[""unused-device-resources-0x10a80c000""]",,,,,,,,,,,,,640,requested_buffer_length,2,3,18446744073709551615,Never,0.0006103515625,0,False,False,False
0x169564780,SM_CN_FENCE02B_A1_LOD02,Buffer,"[""unused-device-resources-0x10a80c000""]",,,,,,,,,,,,,636,requested_buffer_length,2,3,18446744073709551615,Never,0.000606536865234375,0,False,False,False
0x16ee3c480,SM_WRE_NC_FRAMLAND_C_V2_L01_LOD03,Buffer,"[""unused-device-resources-0x10a80c000""]",,,,,,,,,,,,,636,requested_buffer_length,2,3,5767003958,Earlier,0.000606536865234375,0,False,False,False
0x16e88f480,SM_CN_HEROSHRINE06_A4_LOD03,Buffer,"[""device-resources-0x10a80c000""]",,,,,,,,,,,,,624,requested_buffer_length,2,3,0,Now,0.0005950927734375,0,False,True,True
0x169565200,SM_FlagChinaFeudal_014_MorphUV2_MorphExport,Buffer,"[""device-resources-0x10a80c000""]",,,,,,,,,,,,,612,requested_buffer_length,2,3,0,Now,0.000583648681640625,0,False,True,True
0x16a376d00,M_CN_PROPS04_A4_LD02_A,Buffer,"[""device-resources-0x10a80c000""]",,,,,,,,,,,,,612,requested_buffer_length,2,3,0,Now,0.000583648681640625,0,False,True,True
0x169493480,SM_CN_CENTERPORPS01_A3_LOD00,Buffer,"[""device-resources-0x10a80c000""]",,,,,,,,,,,,,588,requested_buffer_length,2,3,0,Now,0.000560760498046875,0,False,True,True
0x16e88d800,SM_CN_HEROSHRINE08_A4_LOD03,Buffer,"[""device-resources-0x10a80c000""]",,,,,,,,,,,,,588,requested_buffer_length,2,3,0,Now,0.000560760498046875,0,False,True,True
0x16edef600,SM_WRE_NC_FRAMLAND_A_V2_GROUND_LOD03,Buffer,"[""device-resources-0x10a80c000""]",,,,,,,,,,,,,588,requested_buffer_length,2,3,0,Now,0.000560760498046875,0,False,True,True
0x16f830480,M_BS_CN_PALDN_L3_H_LD03_A,Buffer,"[""unused-device-resources-0x10a80c000""]",,,,,,,,,,,,,588,requested_buffer_length,2,3,6527243958,Earlier,0.000560760498046875,0,False,False,False
0x1672a7a80,SM_FlagChinaFeudal_015_MorphUV2_MorphExport,Buffer,"[""device-resources-0x10a80c000""]",,,,,,,,,,,,,576,requested_buffer_length,2,3,0,Now,0.00054931640625,0,False,True,True
0x16949ea00,SM_CN_GARDEN_WATER_A4_LOD00,Buffer,"[""device-resources-0x10a80c000""]",,,,,,,,,,,,,576,requested_buffer_length,2,3,0,Now,0.00054931640625,0,False,True,True
0x16a377a80,SM_FR_MTPROPS12_A3_LOD02,Buffer,"[""device-resources-0x10a80c000""]",,,,,,,,,,,,,576,requested_buffer_length,2,3,0,Now,0.00054931640625,0,False,True,True
0x16e88c180,SM_FR_MTPROPS06_A0_LOD02,Buffer,"[""device-resources-0x10a80c000""]",,,,,,,,,,,,,576,requested_buffer_length,2,3,0,Now,0.00054931640625,0,False,True,True
0x16e898a80,SM_FR_ROADF06_A4_LOD00,Buffer,"[""device-resources-0x10a80c000""]",,,,,,,,,,,,,576,requested_buffer_length,2,3,0,Now,0.00054931640625,0,False,True,True
0x169488600,T2_EditableRoad_meshes,Buffer,"[""device-resources-0x10a80c000""]",,,,,,,,,,,,,570,requested_buffer_length,2,3,0,Now,0.0005435943603515625,0,False,True,True
0x106987000,,RenderPipeline,"[""unused-device-resources-0x10a80c000""]",,,,,,,,,,,,,570,recorded_allocated_size,,,,,0.0005435943603515625,0,False,False,False
0x167264180,SM_CityDeadTree_06,Buffer,"[""device-resources-0x10a80c000""]",,,,,,,,,,,,,564,requested_buffer_length,2,3,0,Now,0.000537872314453125,0,False,True,True
0x1647b4300,Plane001,Buffer,"[""unused-device-resources-0x10a80c000""]",,,,,,,,,,,,,544,requested_buffer_length,2,3,18446744073709551615,Never,0.000518798828125,0,False,False,False
0x169489c80,SM_NC_PROPS01_A3_LOD02,Buffer,"[""device-resources-0x10a80c000""]",,,,,,,,,,,,,540,requested_buffer_length,2,3,0,Now,0.000514984130859375,0,False,True,True
0x169565c80,SM_NC_PROPS05_A3_LOD02,Buffer,"[""device-resources-0x10a80c000""]",,,,,,,,,,,,,540,requested_buffer_length,2,3,0,Now,0.000514984130859375,0,False,True,True
0x169564a80,SM_CN_FENCE01E_A1_LOD02,Buffer,"[""unused-device-resources-0x10a80c000""]",,,,,,,,,,,,,540,requested_buffer_length,2,3,18446744073709551615,Never,0.000514984130859375,0,False,False,False
0x16fafe100,SM_Grass16,Buffer,"[""device-resources-0x10a80c000""]",,,,,,,,,,,,,528,requested_buffer_length,2,3,0,Now,0.0005035400390625,0,False,True,True
0x16fafe580,SM_Grass17_B_02,Buffer,"[""device-resources-0x10a80c000""]",,,,,,,,,,,,,528,requested_buffer_length,2,3,0,Now,0.0005035400390625,0,False,True,True
0x1712bd800,SM_WRE_NC_ROCKA_L01_LOD03,Buffer,"[""device-resources-0x10a80c000""]",,,,,,,,,,,,,522,requested_buffer_length,2,3,0,Now,0.0004978179931640625,0,False,True,True
0x16ee4c000,,RenderPipeline,"[""unused-device-resources-0x10a80c000""]",,,,,,,,,,,,,520,recorded_allocated_size,,,,,0.00049591064453125,0,False,False,False
0x119253980,,ComputePipeline,"[""unused-device-resources-0x10a80c000""]",,,,,,,,,,,,,520,recorded_allocated_size,,,,,0.00049591064453125,0,False,False,False
0x138ffdb80,box,Texture,"[""unused-device-resources-0x10a80c000""]",81,2,42,12,12,1,1,1,1,A6389505EE799CC0,0,Shared,512,recorded_allocated_size,2,2,75671794625,Earlier,0.00048828125,0,False,False,False
0x138ffde00,button hover,Texture,"[""unused-device-resources-0x10a80c000""]",81,2,42,12,12,1,1,1,1,8D66440E8B0B36A7,0,Shared,512,recorded_allocated_size,2,2,75671765291,Earlier,0.00048828125,0,False,False,False
0x138ffe080,button on hover,Texture,"[""unused-device-resources-0x10a80c000""]",81,2,42,12,12,1,1,1,1,18AEC97FB4471334,0,Shared,512,recorded_allocated_size,2,2,75671755958,Earlier,0.00048828125,0,False,False,False
0x138ffe300,button on,Texture,"[""unused-device-resources-0x10a80c000""]",81,2,42,12,12,1,1,1,1,FC84CCCFE3D708F5,0,Shared,512,recorded_allocated_size,2,2,75671747958,Earlier,0.00048828125,0,False,False,False
0x138ffe580,button,Texture,"[""unused-device-resources-0x10a80c000""]",81,2,42,12,12,1,1,1,1,F2E4A9A54E6CDE52,0,Shared,512,recorded_allocated_size,2,2,75671737291,Earlier,0.00048828125,0,False,False,False
0x138fff200,toggle active,Texture,"[""unused-device-resources-0x10a80c000""]",81,2,42,14,14,1,1,1,1,8A317959072A1C53,0,Shared,512,recorded_allocated_size,2,2,75671698625,Earlier,0.00048828125,0,False,False,False
0x138fff480,toggle hover,Texture,"[""unused-device-resources-0x10a80c000""]",81,2,42,14,14,1,1,1,1,E494353919FE0599,0,Shared,512,recorded_allocated_size,2,2,75671691958,Earlier,0.00048828125,0,False,False,False
0x138fff700,toggle on hover,Texture,"[""unused-device-resources-0x10a80c000""]",81,2,42,14,14,1,1,1,1,1508623096A022E1,0,Shared,512,recorded_allocated_size,2,2,75671683958,Earlier,0.00048828125,0,False,False,False
0x138fff980,toggle on,Texture,"[""unused-device-resources-0x10a80c000""]",81,2,42,14,14,1,1,1,1,BB0F35694714E927,0,Shared,512,recorded_allocated_size,2,2,75671677291,Earlier,0.00048828125,0,False,False,False
0x138fffc00,toggle on active,Texture,"[""unused-device-resources-0x10a80c000""]",81,2,42,14,14,1,1,1,1,420BC0E1467B268B,0,Shared,512,recorded_allocated_size,2,2,75671670625,Earlier,0.00048828125,0,False,False,False
0x13b3f8000,toggle,Texture,"[""unused-device-resources-0x10a80c000""]",81,2,42,14,14,1,1,1,1,193A5AC37377B0EA,0,Shared,512,recorded_allocated_size,2,2,75671659958,Earlier,0.00048828125,0,False,False,False
0x13b3f8a00,textfield,Texture,"[""unused-device-resources-0x10a80c000""]",81,2,42,12,12,1,1,1,1,F16D9D4C4C6F87F3,0,Shared,512,recorded_allocated_size,2,2,75671549291,Earlier,0.00048828125,0,False,False,False
0x13b3f8c80,textfield on,Texture,"[""unused-device-resources-0x10a80c000""]",81,2,42,12,12,1,1,1,1,A5D8C0D20F217EFB,0,Shared,512,recorded_allocated_size,2,2,75671541291,Earlier,0.00048828125,0,False,False,False
0x13b3f8f00,textfield hover,Texture,"[""unused-device-resources-0x10a80c000""]",81,2,42,12,12,1,1,1,1,2293C2B3B4A2B954,0,Shared,512,recorded_allocated_size,2,2,75671519958,Earlier,0.00048828125,0,False,False,False
0x16ee33a80,,Buffer,"[""device-resources-0x10a80c000""]",,,,,,,,,,,,,504,requested_buffer_length,2,3,0,Now,0.00048065185546875,0,False,True,True
0x167248900,SM_CityWater_China_YZ_01,Buffer,"[""unused-device-resources-0x10a80c000""]",,,,,,,,,,,,,504,requested_buffer_length,2,3,18446744073709551615,Never,0.00048065185546875,0,False,False,False
0x142924000,SM_CN_PROPS08_A3_LOD04,Buffer,"[""unused-device-resources-0x10a80c000""]",,,,,,,,,,,,,504,requested_buffer_length,2,3,5733078625,Earlier,0.00048065185546875,0,False,False,False
0x169566e80,SM_CN_WALL04_A4_LOD03,Buffer,"[""device-resources-0x10a80c000""]",,,,,,,,,,,,,492,requested_buffer_length,2,3,0,Now,0.000469207763671875,0,False,True,True
0x14387e400,,RenderPipeline,"[""unused-device-resources-0x10a80c000""]",,,,,,,,,,,,,490,recorded_allocated_size,,,,,0.0004673004150390625,0,False,False,False
0x1191af480,,ComputePipeline,"[""unused-device-resources-0x10a80c000""]",,,,,,,,,,,,,488,recorded_allocated_size,,,,,0.00046539306640625,0,False,False,False
0x1672a4480,Pubu02,Buffer,"[""device-resources-0x10a80c000""]",,,,,,,,,,,,,480,requested_buffer_length,2,3,0,Now,0.000457763671875,0,False,True,True
0x16948b780,SM_NC_PROPSGROUP05B_A0_LOD02,Buffer,"[""device-resources-0x10a80c000""]",,,,,,,,,,,,,480,requested_buffer_length,2,3,0,Now,0.000457763671875,0,False,True,True
0x16e899c80,SM_CN_HEROSHRINE09_A4_LOD03,Buffer,"[""device-resources-0x10a80c000""]",,,,,,,,,,,,,480,requested_buffer_length,2,3,0,Now,0.000457763671875,0,False,True,True
0x16f9e0c00,SM_CN_MILLWater01_A4,Buffer,"[""device-resources-0x10a80c000""]",,,,,,,,,,,,,480,requested_buffer_length,2,3,0,Now,0.000457763671875,0,False,True,True
0x1672a5080,Plane001,Buffer,"[""unused-device-resources-0x10a80c000""]",,,,,,,,,,,,,480,requested_buffer_length,2,3,18446744073709551615,Never,0.000457763671875,0,False,False,False
0x167249380,SM_CityWater_China_YZ_04,Buffer,"[""device-resources-0x10a80c000""]",,,,,,,,,,,,,474,requested_buffer_length,2,3,0,Now,0.0004520416259765625,0,False,True,True
0x1647aca80,SM_WRE_NC_FRAMLANDA01_V2_L05_LOD02,Buffer,"[""unused-device-resources-0x10a80c000""]",,,,,,,,,,,,,474,requested_buffer_length,2,3,18446744073709551615,Never,0.0004520416259765625,0,False,False,False
0x16ee3ea00,SM_CN_TENT02_A4_LOD04,Buffer,"[""unused-device-resources-0x10a80c000""]",,,,,,,,,,,,,462,requested_buffer_length,2,3,5733054625,Earlier,0.0004405975341796875,0,False,False,False
0x1712bdf80,SM_CN_WALL05_A4_LOD02,Buffer,"[""device-resources-0x10a80c000""]",,,,,,,,,,,,,444,requested_buffer_length,2,3,0,Now,0.000423431396484375,0,False,True,True
0x167248480,,Buffer,"[""device-resources-0x10a80c000""]",,,,,,,,,,,,,444,requested_buffer_length,2,3,0,Now,0.000423431396484375,0,False,True,True
0x169567180,SM_CN_WALL05_A4_LOD02,Buffer,"[""unused-device-resources-0x10a80c000""]",,,,,,,,,,,,,444,requested_buffer_length,2,3,6313943958,Earlier,0.000423431396484375,0,False,False,False
0x16ee3cc00,SM_WRE_NC_FRAMLAND_D_V2_L01_LOD03,Buffer,"[""unused-device-resources-0x10a80c000""]",,,,,,,,,,,,,444,requested_buffer_length,2,3,5766989291,Earlier,0.000423431396484375,0,False,False,False
0x16a375f80,SM_FR_WHARF05_A4_LOD03,Buffer,"[""device-resources-0x10a80c000""]",,,,,,,,,,,,,432,requested_buffer_length,2,3,0,Now,0.0004119873046875,0,False,True,True
0x167267000,Plane001_UV,Buffer,"[""unused-device-resources-0x10a80c000""]",,,,,,,,,,,,,432,requested_buffer_length,2,3,18446744073709551615,Never,0.0004119873046875,0,False,False,False
0x167267d80,st_pubukou02,Buffer,"[""unused-device-resources-0x10a80c000""]",,,,,,,,,,,,,432,requested_buffer_length,2,3,18446744073709551615,Never,0.0004119873046875,0,False,False,False
0x1672a4180,st_pubukou003,Buffer,"[""unused-device-resources-0x10a80c000""]",,,,,,,,,,,,,432,requested_buffer_length,2,3,18446744073709551615,Never,0.0004119873046875,0,False,False,False
0x1712bcc00,,Buffer,"[""unused-device-resources-0x10a80c000""]",,,,,,,,,,,,,432,requested_buffer_length,2,3,18446744073709551615,Never,0.0004119873046875,0,False,False,False
0x169493d80,SM_CN_PROPS06_A3_LOD03,Buffer,"[""device-resources-0x10a80c000""]",,,,,,,,,,,,,426,requested_buffer_length,2,3,0,Now,0.0004062652587890625,0,False,True,True
0x16e88e400,SM_CN_HEROSHRINE10_A4_LOD03,Buffer,"[""device-resources-0x10a80c000""]",,,,,,,,,,,,,420,requested_buffer_length,2,3,0,Now,0.000400543212890625,0,False,True,True
0x1647a8c00,SM_CN_FENCE02B_A1_LOD01,Buffer,"[""unused-device-resources-0x10a80c000""]",,,,,,,,,,,,,420,requested_buffer_length,2,3,18446744073709551615,Never,0.000400543212890625,0,False,False,False
0x1647ade00,SM_CN_FENCE02B_A1_LOD02,Buffer,"[""unused-device-resources-0x10a80c000""]",,,,,,,,,,,,,420,requested_buffer_length,2,3,18446744073709551615,Never,0.000400543212890625,0,False,False,False
0x1647ae400,SM_CN_FENCE02B_A1_LOD03,Buffer,"[""unused-device-resources-0x10a80c000""]",,,,,,,,,,,,,420,requested_buffer_length,2,3,18446744073709551615,Never,0.000400543212890625,0,False,False,False
0x16a374180,SM_CN_CASTLE03_A4_LOD03,Buffer,"[""device-resources-0x10a80c000""]",,,,,,,,,,,,,408,requested_buffer_length,2,3,0,Now,0.00038909912109375,0,False,True,True
0x16edee700,SM_CN_HEROSHRINE03_A4_LOD04,Buffer,"[""unused-device-resources-0x10a80c000""]",,,,,,,,,,,,,408,requested_buffer_length,2,3,5733157291,Earlier,0.00038909912109375,0,False,False,False
0x1647b7180,T2_EditableRoad_meshes,Buffer,"[""device-resources-0x10a80c000""]",,,,,,,,,,,,,390,requested_buffer_length,2,3,0,Now,0.0003719329833984375,0,False,True,True
0x1672a7480,SM_FlagChinaFeudal_006_MorphUV2_MorphExport,Buffer,"[""device-resources-0x10a80c000""]",,,,,,,,,,,,,384,requested_buffer_length,2,3,0,Now,0.0003662109375,0,False,True,True
0x16949d500,SM_CN_PROPS04_A3_LOD03,Buffer,"[""device-resources-0x10a80c000""]",,,,,,,,,,,,,384,requested_buffer_length,2,3,0,Now,0.0003662109375,0,False,True,True
0x1191ade00,UnityRed,Texture,"[""unused-device-resources-0x10a80c000""]",81,2,71,4,4,1,3,1,1,AA7A1FAB6D359378,0,Shared,384,recorded_allocated_size,2,2,76027139958,Earlier,0.0003662109375,0,False,False,False
0x138ffc000,,ComputePipeline,"[""unused-device-resources-0x10a80c000""]",,,,,,,,,,,,,370,recorded_allocated_size,,,,,0.0003528594970703125,0,False,False,False
0x167249680,SM_COCWater_03,Buffer,"[""device-resources-0x10a80c000""]",,,,,,,,,,,,,360,requested_buffer_length,2,3,0,Now,0.00034332275390625,0,False,True,True
0x16e88e100,SM_CN_HEROSHRINE12_A4_LOD03,Buffer,"[""device-resources-0x10a80c000""]",,,,,,,,,,,,,360,requested_buffer_length,2,3,0,Now,0.00034332275390625,0,False,True,True
0x16e88cf00,Cylinder002,Buffer,"[""unused-device-resources-0x10a80c000""]",,,,,,,,,,,,,360,requested_buffer_length,2,3,18446744073709551615,Never,0.00034332275390625,0,False,False,False
0x17e035680,SM_CN_WALL05_A4_LOD04,Buffer,"[""unused-device-resources-0x10a80c000""]",,,,,,,,,,,,,360,requested_buffer_length,2,3,5733273291,Earlier,0.00034332275390625,0,False,False,False
0x17e035080,SM_CN_WALL04_A4_LOD04,Buffer,"[""unused-device-resources-0x10a80c000""]",,,,,,,,,,,,,360,requested_buffer_length,2,3,5733259958,Earlier,0.00034332275390625,0,False,False,False
0x119251b80,,ComputePipeline,"[""unused-device-resources-0x10a80c000""]",,,,,,,,,,,,,344,recorded_allocated_size,,,,,0.00032806396484375,0,False,False,False
0x169488300,T2_EditableRoad_meshes,Buffer,"[""unused-device-resources-0x10a80c000""]",,,,,,,,,,,,,342,requested_buffer_length,2,3,18446744073709551615,Never,0.0003261566162109375,0,False,False,False
0x16faff180,SM_XIAOHUA05,Buffer,"[""device-resources-0x10a80c000""]",,,,,,,,,,,,,336,requested_buffer_length,2,3,0,Now,0.0003204345703125,0,False,True,True
0x16faffc00,SM_XIAOHUA07,Buffer,"[""device-resources-0x10a80c000""]",,,,,,,,,,,,,336,requested_buffer_length,2,3,0,Now,0.0003204345703125,0,False,True,True
0x16edec600,SM_XIAOHUA06,Buffer,"[""device-resources-0x10a80c000""]",,,,,,,,,,,,,336,requested_buffer_length,2,3,0,Now,0.0003204345703125,0,False,True,True
0x1694cc180,SM_TALLTREE_01_LOD01,Buffer,"[""device-resources-0x10a80c000""]",,,,,,,,,,,,,324,requested_buffer_length,2,3,0,Now,0.000308990478515625,0,False,True,True
0x1694cc780,SM_TALLTREE_02_LOD01,Buffer,"[""device-resources-0x10a80c000""]",,,,,,,,,,,,,324,requested_buffer_length,2,3,0,Now,0.000308990478515625,0,False,True,True
0x1712bcd80,Line_Plane2,Buffer,"[""unused-device-resources-0x10a80c000""]",,,,,,,,,,,,,324,requested_buffer_length,2,3,18446744073709551615,Never,0.000308990478515625,0,False,False,False
0x16724b180,SM_WORLDLEAFTREE_02_LOD01,Buffer,"[""device-resources-0x10a80c000""]",,,,,,,,,,,,,312,requested_buffer_length,2,3,0,Now,0.00029754638671875,0,False,True,True
0x16faff900,SM_WORLDLEAFTREE_01_LOD01,Buffer,"[""device-resources-0x10a80c000""]",,,,,,,,,,,,,312,requested_buffer_length,2,3,0,Now,0.00029754638671875,0,False,True,True
0x16e89bc00,SM_FR_BARRACKTARGET_A3_LOD01,Buffer,"[""device-resources-0x10a80c000""]",,,,,,,,,,,,,300,requested_buffer_length,2,3,0,Now,0.000286102294921875,0,False,True,True
0x16f9e0a80,SM_CN_MILLWater02_A4,Buffer,"[""device-resources-0x10a80c000""]",,,,,,,,,,,,,300,requested_buffer_length,2,3,0,Now,0.000286102294921875,0,False,True,True
0x16949fd80,SM_LENGSHAN_01,Buffer,"[""device-resources-0x10a80c000""]",,,,,,,,,,,,,294,requested_buffer_length,2,3,0,Now,0.0002803802490234375,0,False,True,True
0x16fafee80,LOD0SG11,Buffer,"[""device-resources-0x10a80c000""]",,,,,,,,,,,,,294,requested_buffer_length,2,3,0,Now,0.0002803802490234375,0,False,True,True
0x16fafea00,SM_GUANMU_01,Buffer,"[""device-resources-0x10a80c000""]",,,,,,,,,,,,,288,requested_buffer_length,2,3,0,Now,0.000274658203125,0,False,True,True
0x1647af600,SM_WRE_NC_FRAMLANDA01_V2_L05_LOD03,Buffer,"[""unused-device-resources-0x10a80c000""]",,,,,,,,,,,,,282,requested_buffer_length,2,3,18446744073709551615,Never,0.0002689361572265625,0,False,False,False
0x16948ab80,SM_NC_PROPS05B_A0_LOD02,Buffer,"[""device-resources-0x10a80c000""]",,,,,,,,,,,,,276,requested_buffer_length,2,3,0,Now,0.000263214111328125,0,False,True,True
0x16edec900,SM_GrassReed_01,Buffer,"[""device-resources-0x10a80c000""]",,,,,,,,,,,,,264,requested_buffer_length,2,3,0,Now,0.00025177001953125,0,False,True,True
0x1647b5680,SM_HcGrass03,Buffer,"[""unused-device-resources-0x10a80c000""]",,,,,,,,,,,,,264,requested_buffer_length,2,3,18446744073709551615,Never,0.00025177001953125,0,False,False,False
0x16ee46e80,SM_WRE_NC_GOLDA_L01_LOD03,Buffer,"[""device-resources-0x10a80c000""]",,,,,,,,,,,,,258,requested_buffer_length,2,3,0,Now,0.0002460479736328125,0,False,True,True
0x1647b3900,SM_PuddleDecal_V2_27c,Buffer,"[""unused-device-resources-0x10a80c000""]",,,,,,,,,,,,,256,requested_buffer_length,2,3,18446744073709551615,Never,0.000244140625,0,False,False,False
0x106b8cf00,UnityDitherMask2D,Texture,"[""unused-device-resources-0x10a80c000""]",81,2,1,4,64,1,1,1,1,C26B7CD3647FCB10,0,Shared,256,recorded_allocated_size,2,2,76026575958,Earlier,0.000244140625,0,False,False,False
0x138ffea80,slider thumb active,Texture,"[""unused-device-resources-0x10a80c000""]",81,2,42,8,12,1,1,1,1,4AEA0B308437384C,0,Shared,256,recorded_allocated_size,2,2,75671721291,Earlier,0.000244140625,0,False,False,False
0x138ffed00,slider thumb,Texture,"[""unused-device-resources-0x10a80c000""]",81,2,42,8,12,1,1,1,1,8F387C5327B26B3A,0,Shared,256,recorded_allocated_size,2,2,75671713291,Earlier,0.000244140625,0,False,False,False
0x138ffef80,slidert humb hover,Texture,"[""unused-device-resources-0x10a80c000""]",81,2,42,8,12,1,1,1,1,6FB15CC1A2B2F323,0,Shared,256,recorded_allocated_size,2,2,75671705291,Earlier,0.000244140625,0,False,False,False
0x13b3f9e00,selected,Texture,"[""unused-device-resources-0x10a80c000""]",81,2,190,16,16,1,1,1,1,F195FF505AFD31C8,0,Shared,256,recorded_allocated_size,2,2,18446744073709551615,Never,0.000244140625,0,False,False,False
0x13dc15180,odd_log,Texture,"[""unused-device-resources-0x10a80c000""]",81,2,190,16,16,1,1,1,1,91F7486365B6099B,0,Shared,256,recorded_allocated_size,2,2,18446744073709551615,Never,0.000244140625,0,False,False,False
0x13dc16800,even_log,Texture,"[""unused-device-resources-0x10a80c000""]",81,2,190,16,16,1,1,1,1,AB38566E2BF58577,0,Shared,256,recorded_allocated_size,2,2,18446744073709551615,Never,0.000244140625,0,False,False,False
0x1647b5380,SM_MOUNTAINTREE_01,Buffer,"[""device-resources-0x10a80c000""]",,,,,,,,,,,,,252,requested_buffer_length,2,3,0,Now,0.000240325927734375,0,False,True,True
0x16f832a00,SM_WRE_NC_WOOD_L01_LOD03,Buffer,"[""device-resources-0x10a80c000""]",,,,,,,,,,,,,252,requested_buffer_length,2,3,0,Now,0.000240325927734375,0,False,True,True
0x169490180,SM_CN_BRIDGE03_A2_LOD03,Buffer,"[""device-resources-0x10a80c000""]",,,,,,,,,,,,,240,requested_buffer_length,2,3,0,Now,0.0002288818359375,0,False,True,True
0x1694ccd80,SM_WORLDBUSH_01,Buffer,"[""device-resources-0x10a80c000""]",,,,,,,,,,,,,240,requested_buffer_length,2,3,0,Now,0.0002288818359375,0,False,True,True
0x16edecc00,SM_GUANMU_04,Buffer,"[""device-resources-0x10a80c000""]",,,,,,,,,,,,,240,requested_buffer_length,2,3,0,Now,0.0002288818359375,0,False,True,True
0x1647b6580,SM_CN_CASTLE12_A3_LOD02,Buffer,"[""unused-device-resources-0x10a80c000""]",,,,,,,,,,,,,240,requested_buffer_length,2,3,6314130625,Earlier,0.0002288818359375,0,False,False,False
0x1672a4d80,st_pubukou01,Buffer,"[""unused-device-resources-0x10a80c000""]",,,,,,,,,,,,,240,requested_buffer_length,2,3,18446744073709551615,Never,0.0002288818359375,0,False,False,False
0x169488c00,T2_EditableRoad_meshes,Buffer,"[""device-resources-0x10a80c000""]",,,,,,,,,,,,,234,requested_buffer_length,2,3,0,Now,0.0002231597900390625,0,False,True,True
0x1712be280,SM_CN_CASTLE12_A3_LOD03,Buffer,"[""device-resources-0x10a80c000""]",,,,,,,,,,,,,228,requested_buffer_length,2,3,0,Now,0.000217437744140625,0,False,True,True
0x1694cea00,SM_NC_PROPS04_A0_LOD02,Buffer,"[""device-resources-0x10a80c000""]",,,,,,,,,,,,,222,requested_buffer_length,2,3,0,Now,0.0002117156982421875,0,False,True,True
0x167264f00,SM_GrasslandCircular_B_LOD0,Buffer,"[""device-resources-0x10a80c000""]",,,,,,,,,,,,,216,requested_buffer_length,2,3,0,Now,0.00020599365234375,0,False,True,True
0x1694cf000,SM_NC_PROPS11D_A0_LOD02,Buffer,"[""device-resources-0x10a80c000""]",,,,,,,,,,,,,216,requested_buffer_length,2,3,0,Now,0.00020599365234375,0,False,True,True
0x1694cf300,SM_NC_PROPS11C_A0_LOD02,Buffer,"[""device-resources-0x10a80c000""]",,,,,,,,,,,,,216,requested_buffer_length,2,3,0,Now,0.00020599365234375,0,False,True,True
0x169565f80,SM_NC_PROPS03_A3_LOD02,Buffer,"[""device-resources-0x10a80c000""]",,,,,,,,,,,,,216,requested_buffer_length,2,3,0,Now,0.00020599365234375,0,False,True,True
0x16e899680,SM_CN_HEROSHRINE19_A4_LOD03,Buffer,"[""device-resources-0x10a80c000""]",,,,,,,,,,,,,216,requested_buffer_length,2,3,0,Now,0.00020599365234375,0,False,True,True
0x167248c00,SM_CityWater_08,Buffer,"[""device-resources-0x10a80c000""]",,,,,,,,,,,,,204,requested_buffer_length,2,3,0,Now,0.000194549560546875,0,False,True,True
0x1191f0a80,Quad,Buffer,"[""device-resources-0x10a80c000""]",,,,,,,,,,,,,192,requested_buffer_length,2,3,0,Now,0.00018310546875,0,False,True,True
0x1672a6400,SM_FlagChinaFeudal_005_MorphUV2_MorphExport,Buffer,"[""device-resources-0x10a80c000""]",,,,,,,,,,,,,192,requested_buffer_length,2,3,0,Now,0.00018310546875,0,False,True,True
0x16e899980,SM_CN_CASTLE05_A4_LOD03,Buffer,"[""device-resources-0x10a80c000""]",,,,,,,,,,,,,192,requested_buffer_length,2,3,0,Now,0.00018310546875,0,False,True,True
0x16f9e3000,SM_CN_MTPROPS02_A4_LOD03,Buffer,"[""device-resources-0x10a80c000""]",,,,,,,,,,,,,192,requested_buffer_length,2,3,0,Now,0.00018310546875,0,False,True,True
0x16f9e3d80,SM_CN_SCHOOL_WATER_A4_LOD00,Buffer,"[""device-resources-0x10a80c000""]",,,,,,,,,,,,,192,requested_buffer_length,2,3,0,Now,0.00018310546875,0,False,True,True
0x1694cc900,Plane002,Buffer,"[""unused-device-resources-0x10a80c000""]",,,,,,,,,,,,,192,requested_buffer_length,2,3,18446744073709551615,Never,0.00018310546875,0,False,False,False
0x167267300,Plane001,Buffer,"[""unused-device-resources-0x10a80c000""]",,,,,,,,,,,,,192,requested_buffer_length,2,3,18446744073709551615,Never,0.00018310546875,0,False,False,False
0x16724b480,SM_WORLDLEAFTREE_03_LOD01,Buffer,"[""device-resources-0x10a80c000""]",,,,,,,,,,,,,186,requested_buffer_length,2,3,0,Now,0.0001773834228515625,0,False,True,True
0x16e88c900,SM_CN_HEROSHRINE16_A4_LOD03,Buffer,"[""device-resources-0x10a80c000""]",,,,,,,,,,,,,180,requested_buffer_length,2,3,0,Now,0.000171661376953125,0,False,True,True
0x16e899f80,SM_NC_PROPS11B_A0_LOD02,Buffer,"[""device-resources-0x10a80c000""]",,,,,,,,,,,,,174,requested_buffer_length,2,3,0,Now,0.0001659393310546875,0,False,True,True
0x106985800,,RenderPipeline,"[""unused-device-resources-0x10a80c000""]",,,,,,,,,,,,,174,recorded_allocated_size,,,,,0.0001659393310546875,0,False,False,False
0x16a376580,SM_FR_WHARF03_A4_LOD03,Buffer,"[""device-resources-0x10a80c000""]",,,,,,,,,,,,,168,requested_buffer_length,2,3,0,Now,0.00016021728515625,0,False,True,True
0x16e88e700,SM_CN_HEROSHRINE15_A4_LOD03,Buffer,"[""device-resources-0x10a80c000""]",,,,,,,,,,,,,168,requested_buffer_length,2,3,0,Now,0.00016021728515625,0,False,True,True
0x1712bc900,,Buffer,"[""unused-device-resources-0x10a80c000""]",,,,,,,,,,,,,168,requested_buffer_length,2,3,18446744073709551615,Never,0.00016021728515625,0,False,False,False
0x16f832b80,SM_AdventureVillageG_LOD1,Buffer,"[""device-resources-0x10a80c000""]",,,,,,,,,,,,,160,requested_buffer_length,2,3,0,Now,0.000152587890625,0,False,True,True
0x1647b1e00,SM_WRE_NC_DecalB_V2_L02_LOD00,Buffer,"[""unused-device-resources-0x10a80c000""]",,,,,,,,,,,,,160,requested_buffer_length,2,3,18446744073709551615,Never,0.000152587890625,0,False,False,False
0x1647b3000,SM_WRE_NC_FRAMLANDA02_V2_L02,Buffer,"[""unused-device-resources-0x10a80c000""]",,,,,,,,,,,,,160,requested_buffer_length,2,3,18446744073709551615,Never,0.000152587890625,0,False,False,False
0x1191f1200,SM_S1001_Camelthorn_01A_LOD01,Buffer,"[""unused-device-resources-0x10a80c000""]",,,,,,,,,,,,,156,requested_buffer_length,2,3,18446744073709551615,Never,0.000148773193359375,0,False,False,False
0x119251e00,,ComputePipeline,"[""unused-device-resources-0x10a80c000""]",,,,,,,,,,,,,148,recorded_allocated_size,,,,,0.000141143798828125,0,False,False,False
0x119252d00,,ComputePipeline,"[""unused-device-resources-0x10a80c000""]",,,,,,,,,,,,,148,recorded_allocated_size,,,,,0.000141143798828125,0,False,False,False
0x16e88d980,SM_CN_HEROSHRINE14_A3_LOD03,Buffer,"[""device-resources-0x10a80c000""]",,,,,,,,,,,,,144,requested_buffer_length,2,3,0,Now,0.0001373291015625,0,False,True,True
0x16e88fc00,SM_CN_HEROSHRINE14_A4_LOD03,Buffer,"[""device-resources-0x10a80c000""]",,,,,,,,,,,,,144,requested_buffer_length,2,3,0,Now,0.0001373291015625,0,False,True,True
0x1694cd380,SM_CN_HEROSHRINE14_A3_LOD02,Buffer,"[""unused-device-resources-0x10a80c000""]",,,,,,,,,,,,,144,requested_buffer_length,2,3,6226715958,Earlier,0.0001373291015625,0,False,False,False
0x1647b4480,Plane001,Buffer,"[""unused-device-resources-0x10a80c000""]",,,,,,,,,,,,,144,requested_buffer_length,2,3,18446744073709551615,Never,0.0001373291015625,0,False,False,False
0x1647b4600,SM_WRE_NC_ROCK_V2_L02_LOD00,Buffer,"[""unused-device-resources-0x10a80c000""]",,,,,,,,,,,,,144,requested_buffer_length,2,3,18446744073709551615,Never,0.0001373291015625,0,False,False,False
0x1647b4900,SM_WRE_NC_ROCK_V2_L03_LOD00,Buffer,"[""unused-device-resources-0x10a80c000""]",,,,,,,,,,,,,144,requested_buffer_length,2,3,18446744073709551615,Never,0.0001373291015625,0,False,False,False
0x1647b4f00,SM_WRE_NC_ROCK_V2_L02_LOD00,Buffer,"[""unused-device-resources-0x10a80c000""]",,,,,,,,,,,,,144,requested_buffer_length,2,3,18446744073709551615,Never,0.0001373291015625,0,False,False,False
0x16fafd380,SM_CN_HEROSHRINE02_A3_LOD04,Buffer,"[""unused-device-resources-0x10a80c000""]",,,,,,,,,,,,,144,requested_buffer_length,2,3,18446744073709551615,Never,0.0001373291015625,0,False,False,False
0x16949e280,SM_CN_GARDEN_WATER_A2_LOD00,Buffer,"[""device-resources-0x10a80c000""]",,,,,,,,,,,,,138,requested_buffer_length,2,3,0,Now,0.0001316070556640625,0,False,True,True
0x1647b3c00,SM_LavaDecal_01_LOD0,Buffer,"[""device-resources-0x10a80c000""]",,,,,,,,,,,,,128,requested_buffer_length,2,3,0,Now,0.0001220703125,0,False,True,True
0x16724b600,SM_StonemineA_G,Buffer,"[""device-resources-0x10a80c000""]",,,,,,,,,,,,,128,requested_buffer_length,2,3,0,Now,0.0001220703125,0,False,True,True
0x16a377480,SM_FR_WHARF02B_A4_LOD00,Buffer,"[""device-resources-0x10a80c000""]",,,,,,,,,,,,,128,requested_buffer_length,2,3,0,Now,0.0001220703125,0,False,True,True
0x1191ad400,UnityWhite,Texture,"[""device-resources-0x10a80c000""]",81,2,71,4,4,1,1,1,1,27E3D179FC2F3635,0,Shared,128,recorded_allocated_size,2,2,0,Now,0.0001220703125,0,False,False,True
0x1191ad680,UnityBlack,Texture,"[""device-resources-0x10a80c000""]",81,2,71,4,4,1,1,1,1,613AA0F73FE6C4A9,0,Shared,128,recorded_allocated_size,2,2,0,Now,0.0001220703125,4,False,True,True
0x1647b2100,SM_WRE_NC_DecalA_V2_L02_LOD00,Buffer,"[""unused-device-resources-0x10a80c000""]",,,,,,,,,,,,,128,requested_buffer_length,2,3,18446744073709551615,Never,0.0001220703125,0,False,False,False
0x1647b2400,SM_LavaDecal_01_LOD0,Buffer,"[""unused-device-resources-0x10a80c000""]",,,,,,,,,,,,,128,requested_buffer_length,2,3,18446744073709551615,Never,0.0001220703125,0,False,False,False
0x1647b2700,SM_LavaDecal_01_LOD0,Buffer,"[""unused-device-resources-0x10a80c000""]",,,,,,,,,,,,,128,requested_buffer_length,2,3,18446744073709551615,Never,0.0001220703125,0,False,False,False
0x1647b2a00,SM_LavaDecal_01_LOD0,Buffer,"[""unused-device-resources-0x10a80c000""]",,,,,,,,,,,,,128,requested_buffer_length,2,3,18446744073709551615,Never,0.0001220703125,0,False,False,False
0x1647b4000,SM_WRE_NC_GOLD_V2_L03_LOD00,Buffer,"[""unused-device-resources-0x10a80c000""]",,,,,,,,,,,,,128,requested_buffer_length,2,3,18446744073709551615,Never,0.0001220703125,0,False,False,False
0x1647b4c00,SM_WRE_NC_ROCK_V2_L04_LOD00,Buffer,"[""unused-device-resources-0x10a80c000""]",,,,,,,,,,,,,128,requested_buffer_length,2,3,18446744073709551615,Never,0.0001220703125,0,False,False,False
0x1191ae080,UnityGrey,Texture,"[""unused-device-resources-0x10a80c000""]",81,2,71,4,4,1,1,1,1,B827FF7D7EB62B89,0,Shared,128,recorded_allocated_size,2,2,76027129291,Earlier,0.0001220703125,0,False,False,False
0x16ee49680,DefaltBlackTexture,Texture,"[""unused-device-resources-0x10a80c000""]",81,2,71,1,1,1,1,1,1,C6442203A4A94CB3,0,Shared,128,recorded_allocated_size,2,2,7133375958,Earlier,0.0001220703125,0,False,False,False
0x1191ae300,UnityLinearGrey,Texture,"[""unused-device-resources-0x10a80c000""]",81,2,70,4,4,1,1,1,1,E26608DB0C609F47,0,Shared,128,recorded_allocated_size,2,2,76027119958,Earlier,0.0001220703125,0,False,False,False
0x1191ac780,,Texture,"[""unused-device-resources-0x10a80c000""]",81,2,70,4,4,1,1,1,1,23016F3E816048B8,0,Shared,128,recorded_allocated_size,2,2,18446744073709551615,Never,0.0001220703125,0,False,False,False
0x1191ad180,UnityNormalMap,Texture,"[""unused-device-resources-0x10a80c000""]",81,2,70,4,4,1,1,1,1,164A65CBC9E0EC44,0,Shared,128,recorded_allocated_size,2,2,76029387958,Earlier,0.0001220703125,0,False,False,False
0x1191adb80,UnityDefault3D,Texture,"[""unused-device-resources-0x10a80c000""]",81,7,71,1,1,1,1,1,1,A662A51164E18B5C,0,Shared,128,recorded_allocated_size,2,2,76026793291,Earlier,0.0001220703125,0,False,False,False
0x1191af200,UnityDefault2DArray,Texture,"[""unused-device-resources-0x10a80c000""]",81,3,71,1,1,1,1,1,1,4BA38E61F9CAE80A,0,Shared,128,recorded_allocated_size,2,2,76026670625,Earlier,0.0001220703125,0,False,False,False
0x1191afc00,UnityDitherMask,Texture,"[""unused-device-resources-0x10a80c000""]",81,2,1,4,4,1,1,1,1,DB8276F421CC6E59,0,Shared,128,recorded_allocated_size,2,2,76026606625,Earlier,0.0001220703125,0,False,False,False
0x138ffe800,horizontalslider,Texture,"[""unused-device-resources-0x10a80c000""]",81,2,42,8,7,1,1,1,1,39D61F0B9ED5E8B5,0,Shared,128,recorded_allocated_size,2,2,75671729291,Earlier,0.0001220703125,0,False,False,False
0x13b3f8280,verticalslider,Texture,"[""unused-device-resources-0x10a80c000""]",81,2,42,7,8,1,1,1,1,DAB7E6572DC893D0,0,Shared,128,recorded_allocated_size,2,2,75671653291,Earlier,0.0001220703125,0,False,False,False
0x119253c00,,ComputePipeline,"[""unused-device-resources-0x10a80c000""]",,,,,,,,,,,,,122,recorded_allocated_size,,,,,0.0001163482666015625,0,False,False,False
0x17e036a00,,Buffer,"[""device-resources-0x10a80c000""]",,,,,,,,,,,,,120,requested_buffer_length,2,3,0,Now,0.00011444091796875,0,False,True,True
0x106a14480,SM_S1001_Camelthorn_01A_LOD02,Buffer,"[""unused-device-resources-0x10a80c000""]",,,,,,,,,,,,,120,requested_buffer_length,2,3,18446744073709551615,Never,0.00011444091796875,0,False,False,False
0x16e898d80,SM_NC_PROPS11A_A0_LOD02,Buffer,"[""device-resources-0x10a80c000""]",,,,,,,,,,,,,114,requested_buffer_length,2,3,0,Now,0.0001087188720703125,0,False,True,True
0x16948ba80,SM_NC_PROPS02A_A0_LOD02,Buffer,"[""device-resources-0x10a80c000""]",,,,,,,,,,,,,108,requested_buffer_length,2,3,0,Now,0.000102996826171875,0,False,True,True
0x1647b5b00,Plane001,Buffer,"[""unused-device-resources-0x10a80c000""]",,,,,,,,,,,,,108,requested_buffer_length,2,3,18446744073709551615,Never,0.000102996826171875,0,False,False,False
0x1191f0d80,SM_S1001_Camelthorn_01A_LOD03,Buffer,"[""unused-device-resources-0x10a80c000""]",,,,,,,,,,,,,96,requested_buffer_length,2,3,18446744073709551615,Never,9.1552734375e-05,0,False,False,False
0x16949eb80,SM_CN_GARDEN_WATER_A4_LOD00,Buffer,"[""device-resources-0x10a80c000""]",,,,,,,,,,,,,90,requested_buffer_length,2,3,0,Now,8.58306884765625e-05,0,False,True,True
0x16a375980,SM_FR_WHARF02_A4_LOD03,Buffer,"[""device-resources-0x10a80c000""]",,,,,,,,,,,,,84,requested_buffer_length,2,3,0,Now,8.0108642578125e-05,0,False,True,True
0x16fafde00,Fullscreen Quad,Buffer,"[""unused-device-resources-0x10a80c000""]",,,,,,,,,,,,,80,requested_buffer_length,2,3,3943901291,Earlier,7.62939453125e-05,0,False,False,False
0x17e035f80,,Buffer,"[""unused-device-resources-0x10a80c000""]",,,,,,,,,,,,,80,requested_buffer_length,2,3,4207197291,Earlier,7.62939453125e-05,0,False,False,False
0x16f9e0d80,SM_CN_MILLWater01_A4,Buffer,"[""device-resources-0x10a80c000""]",,,,,,,,,,,,,78,requested_buffer_length,2,3,0,Now,7.43865966796875e-05,0,False,True,True
0x14296e400,,RenderPipeline,"[""unused-device-resources-0x10a80c000""]",,,,,,,,,,,,,76,recorded_allocated_size,,,,,7.2479248046875e-05,0,False,False,False
0x16e88cc00,Cube,Buffer,"[""unused-device-resources-0x10a80c000""]",,,,,,,,,,,,,72,requested_buffer_length,2,3,18446744073709551615,Never,6.866455078125e-05,0,False,False,False
0x119251900,,ComputePipeline,"[""unused-device-resources-0x10a80c000""]",,,,,,,,,,,,,66,recorded_allocated_size,,,,,6.29425048828125e-05,0,False,False,False
0x16a377900,SM_FR_MTPROPS11_A3_LOD02,Buffer,"[""device-resources-0x10a80c000""]",,,,,,,,,,,,,60,requested_buffer_length,2,3,0,Now,5.7220458984375e-05,0,False,True,True
0x16a377c00,SM_FR_MTPROPS12_A3_LOD02,Buffer,"[""device-resources-0x10a80c000""]",,,,,,,,,,,,,60,requested_buffer_length,2,3,0,Now,5.7220458984375e-05,0,False,True,True
0x16e88c000,SM_FR_MTPROPS07_A0_LOD02,Buffer,"[""device-resources-0x10a80c000""]",,,,,,,,,,,,,60,requested_buffer_length,2,3,0,Now,5.7220458984375e-05,0,False,True,True
0x16e88c300,SM_FR_MTPROPS06_A0_LOD02,Buffer,"[""device-resources-0x10a80c000""]",,,,,,,,,,,,,60,requested_buffer_length,2,3,0,Now,5.7220458984375e-05,0,False,True,True
0x16e898480,SM_NC_CITYROAD02_A0_LOD01,Buffer,"[""device-resources-0x10a80c000""]",,,,,,,,,,,,,60,requested_buffer_length,2,3,0,Now,5.7220458984375e-05,0,False,True,True
0x16e898780,SM_NC_CITYROAD01_A0_LOD01,Buffer,"[""device-resources-0x10a80c000""]",,,,,,,,,,,,,60,requested_buffer_length,2,3,0,Now,5.7220458984375e-05,0,False,True,True
0x16eded680,,Buffer,"[""unused-device-resources-0x10a80c000""]",,,,,,,,,,,,,60,requested_buffer_length,2,3,18446744073709551615,Never,5.7220458984375e-05,0,False,False,False
0x1712bc300,,Buffer,"[""unused-device-resources-0x10a80c000""]",,,,,,,,,,,,,60,requested_buffer_length,2,3,18446744073709551615,Never,5.7220458984375e-05,0,False,False,False
0x16fafeb80,SM_GUANMU_01,Buffer,"[""device-resources-0x10a80c000""]",,,,,,,,,,,,,48,requested_buffer_length,2,3,0,Now,4.57763671875e-05,0,False,True,True
0x16fafd080,SM_Box_UV_01,Buffer,"[""unused-device-resources-0x10a80c000""]",,,,,,,,,,,,,48,requested_buffer_length,2,3,18446744073709551615,Never,4.57763671875e-05,0,False,False,False
0x142924180,,Buffer,"[""unused-device-resources-0x10a80c000""]",,,,,,,,,,,,,48,requested_buffer_length,2,3,18446744073709551615,Never,4.57763671875e-05,0,False,False,False
0x16fafe280,SM_Grass16,Buffer,"[""device-resources-0x10a80c000""]",,,,,,,,,,,,,36,requested_buffer_length,2,3,0,Now,3.4332275390625e-05,0,False,True,True
0x1647b3a80,SM_PuddleDecal_V2_27c,Buffer,"[""unused-device-resources-0x10a80c000""]",,,,,,,,,,,,,36,requested_buffer_length,2,3,18446744073709551615,Never,3.4332275390625e-05,0,False,False,False
0x16edecd80,,Buffer,"[""unused-device-resources-0x10a80c000""]",,,,,,,,,,,,,36,requested_buffer_length,2,3,3944067958,Earlier,3.4332275390625e-05,0,False,False,False
0x106a17000,,Buffer,"[""unused-device-resources-0x10a80c000""]",,,,,,,,,,,,,28,requested_buffer_length,2,3,18446744073709551615,Never,2.6702880859375e-05,0,False,False,False
0x16fafc000,SM_CN_SCHOOL_WATER_A4_LOD00,Buffer,"[""device-resources-0x10a80c000""]",,,,,,,,,,,,,24,requested_buffer_length,2,3,0,Now,2.288818359375e-05,0,False,True,True
0x106a16e80,,Buffer,"[""device-resources-0x10a80c000""]",,,,,,,,,,,,,20,requested_buffer_length,2,3,0,Now,1.9073486328125e-05,0,False,True,True
0x1191f0c00,Quad,Buffer,"[""device-resources-0x10a80c000""]",,,,,,,,,,,,,12,requested_buffer_length,2,3,0,Now,1.1444091796875e-05,0,False,True,True
0x1647b3d80,SM_LavaDecal_01_LOD0,Buffer,"[""device-resources-0x10a80c000""]",,,,,,,,,,,,,12,requested_buffer_length,2,3,0,Now,1.1444091796875e-05,0,False,True,True
0x16724b780,SM_StonemineA_G,Buffer,"[""device-resources-0x10a80c000""]",,,,,,,,,,,,,12,requested_buffer_length,2,3,0,Now,1.1444091796875e-05,0,False,True,True
0x16a377600,SM_FR_WHARF02B_A4_LOD00,Buffer,"[""device-resources-0x10a80c000""]",,,,,,,,,,,,,12,requested_buffer_length,2,3,0,Now,1.1444091796875e-05,0,False,True,True
0x16e88db00,SM_CN_HEROSHRINE14_A3_LOD03,Buffer,"[""device-resources-0x10a80c000""]",,,,,,,,,,,,,12,requested_buffer_length,2,3,0,Now,1.1444091796875e-05,0,False,True,True
0x16e88fd80,SM_CN_HEROSHRINE14_A4_LOD03,Buffer,"[""device-resources-0x10a80c000""]",,,,,,,,,,,,,12,requested_buffer_length,2,3,0,Now,1.1444091796875e-05,0,False,True,True
0x16f832d00,SM_AdventureVillageG_LOD1,Buffer,"[""device-resources-0x10a80c000""]",,,,,,,,,,,,,12,requested_buffer_length,2,3,0,Now,1.1444091796875e-05,0,False,True,True
0x1694cca80,Plane002,Buffer,"[""unused-device-resources-0x10a80c000""]",,,,,,,,,,,,,12,requested_buffer_length,2,3,18446744073709551615,Never,1.1444091796875e-05,0,False,False,False
0x1694cd500,SM_CN_HEROSHRINE14_A3_LOD02,Buffer,"[""unused-device-resources-0x10a80c000""]",,,,,,,,,,,,,12,requested_buffer_length,2,3,6226715958,Earlier,1.1444091796875e-05,0,False,False,False
0x1647b1f80,SM_WRE_NC_DecalB_V2_L02_LOD00,Buffer,"[""unused-device-resources-0x10a80c000""]",,,,,,,,,,,,,12,requested_buffer_length,2,3,18446744073709551615,Never,1.1444091796875e-05,0,False,False,False
0x1647b2280,SM_WRE_NC_DecalA_V2_L02_LOD00,Buffer,"[""unused-device-resources-0x10a80c000""]",,,,,,,,,,,,,12,requested_buffer_length,2,3,18446744073709551615,Never,1.1444091796875e-05,0,False,False,False
0x1647b2580,SM_LavaDecal_01_LOD0,Buffer,"[""unused-device-resources-0x10a80c000""]",,,,,,,,,,,,,12,requested_buffer_length,2,3,18446744073709551615,Never,1.1444091796875e-05,0,False,False,False
0x1647b2880,SM_LavaDecal_01_LOD0,Buffer,"[""unused-device-resources-0x10a80c000""]",,,,,,,,,,,,,12,requested_buffer_length,2,3,18446744073709551615,Never,1.1444091796875e-05,0,False,False,False
0x1647b2b80,SM_LavaDecal_01_LOD0,Buffer,"[""unused-device-resources-0x10a80c000""]",,,,,,,,,,,,,12,requested_buffer_length,2,3,18446744073709551615,Never,1.1444091796875e-05,0,False,False,False
0x1647b3180,SM_WRE_NC_FRAMLANDA02_V2_L02,Buffer,"[""unused-device-resources-0x10a80c000""]",,,,,,,,,,,,,12,requested_buffer_length,2,3,18446744073709551615,Never,1.1444091796875e-05,0,False,False,False
0x1647b4180,SM_WRE_NC_GOLD_V2_L03_LOD00,Buffer,"[""unused-device-resources-0x10a80c000""]",,,,,,,,,,,,,12,requested_buffer_length,2,3,18446744073709551615,Never,1.1444091796875e-05,0,False,False,False
0x1647b4780,SM_WRE_NC_ROCK_V2_L02_LOD00,Buffer,"[""unused-device-resources-0x10a80c000""]",,,,,,,,,,,,,12,requested_buffer_length,2,3,18446744073709551615,Never,1.1444091796875e-05,0,False,False,False
0x1647b4a80,SM_WRE_NC_ROCK_V2_L03_LOD00,Buffer,"[""unused-device-resources-0x10a80c000""]",,,,,,,,,,,,,12,requested_buffer_length,2,3,18446744073709551615,Never,1.1444091796875e-05,0,False,False,False
0x1647b4d80,SM_WRE_NC_ROCK_V2_L04_LOD00,Buffer,"[""unused-device-resources-0x10a80c000""]",,,,,,,,,,,,,12,requested_buffer_length,2,3,18446744073709551615,Never,1.1444091796875e-05,0,False,False,False
0x1647b5080,SM_WRE_NC_ROCK_V2_L02_LOD00,Buffer,"[""unused-device-resources-0x10a80c000""]",,,,,,,,,,,,,12,requested_buffer_length,2,3,18446744073709551615,Never,1.1444091796875e-05,0,False,False,False
0x167267480,Plane001,Buffer,"[""unused-device-resources-0x10a80c000""]",,,,,,,,,,,,,12,requested_buffer_length,2,3,18446744073709551615,Never,1.1444091796875e-05,0,False,False,False
0x16fafdf80,Fullscreen Quad,Buffer,"[""unused-device-resources-0x10a80c000""]",,,,,,,,,,,,,12,requested_buffer_length,2,3,3943899958,Earlier,1.1444091796875e-05,0,False,False,False
0x17e037000,,Buffer,"[""unused-device-resources-0x10a80c000""]",,,,,,,,,,,,,12,requested_buffer_length,2,3,4207197291,Earlier,1.1444091796875e-05,0,False,False,False
0x16edecf00,,Buffer,"[""unused-device-resources-0x10a80c000""]",,,,,,,,,,,,,6,requested_buffer_length,2,3,3944067958,Earlier,5.7220458984375e-06,0,False,False,False
0x1191acf00,,Texture,"[""device-resources-0x10a80c000""]",81,2,260,2778,1284,1,1,1,1,4E79A1A2D9735E30,3,Memoryless,0,recorded_allocated_size,2,0,0,Now,0.0,0,True,False,True
0x16ee4a580,Game_SCENE_IMAGEBLOCK_DEPTH_NAME,Texture,"[""device-resources-0x10a80c000""]",81,2,55,1946,900,1,1,1,1,349B2B5C1B159372,3,Memoryless,0,recorded_allocated_size,2,0,0,Now,0.0,0,True,False,True
