case,pipeline,stage,source,function,basic_block,static_instructions,metal_debug_line
empire1,0x174186400,vertex,2D0003307A2DDCE2,agc.main.constant_program,',81,0
empire1,0x174186400,vertex,2D0003307A2DDCE2,agc.main,',64,158
empire1,0x174186400,vertex,2D0003307A2DDCE2,agc.main,',95,252
empire1,0x174186400,vertex,2D0003307A2DDCE2,agc.main,',15,334
empire1,0x174186400,vertex,2D0003307A2DDCE2,agc.main,',1,
empire1,0x174186400,vertex,2D0003307A2DDCE2,agc.main,',3,0
empire1,0x174186400,vertex,2D0003307A2DDCE2,agc.main,',3,365
empire1,0x174186400,vertex,2D0003307A2DDCE2,agc.main,',217,
empire1,0x174186400,fragment,D398500030572B2,agc.main.constant_program,',56,115
empire1,0x174186400,fragment,D398500030572B2,agc.main,',4,
empire1,0x174186400,fragment,D398500030572B2,agc.main,',39,59
empire1,0x174186400,fragment,D398500030572B2,agc.main,',14,59
empire1,0x174186400,fragment,D398500030572B2,agc.main,',20,59
empire1,0x174186400,fragment,D398500030572B2,agc.main,',14,
empire1,0x174186400,fragment,D398500030572B2,agc.main,',1,
empire1,0x174186400,fragment,D398500030572B2,agc.main,',2,59
empire1,0x174186400,fragment,D398500030572B2,agc.main,',1,
empire1,0x174186400,fragment,D398500030572B2,agc.main,',125,59
empire1,0x174186400,fragment,D398500030572B2,agc.main,',1,
empire1,0x174186400,fragment,D398500030572B2,agc.main,',1,
empire1,0x1743a8c00,vertex,C193988139C3BC84,agc.main,',58,
empire1,0x1743a8c00,fragment,A6EC8DD3FDAD4C6E,agc.main.constant_program,',139,81
empire1,0x1743a8c00,fragment,A6EC8DD3FDAD4C6E,agc.main,',117,55
empire1,0x174379800,vertex,C193988139C3BC84,agc.main,',58,
empire1,0x174379800,fragment,5C7B364CA13D6F7,agc.main.constant_program,',90,79
empire1,0x174379800,fragment,5C7B364CA13D6F7,agc.main,',72,46
empire1,0x17427e400,vertex,923CBC7F3247AAF9,agc.main.constant_program,',44,265
empire1,0x17427e400,vertex,923CBC7F3247AAF9,agc.main,',53,160
empire1,0x17427e400,vertex,923CBC7F3247AAF9,agc.main,',3,179
empire1,0x17427e400,vertex,923CBC7F3247AAF9,agc.main,',3,183
empire1,0x17427e400,vertex,923CBC7F3247AAF9,agc.main,',1,
empire1,0x17427e400,vertex,923CBC7F3247AAF9,agc.main,',3,
empire1,0x17427e400,vertex,923CBC7F3247AAF9,agc.main,',1,
empire1,0x17427e400,vertex,923CBC7F3247AAF9,agc.main,',3,
empire1,0x17427e400,vertex,923CBC7F3247AAF9,agc.main,',1,
empire1,0x17427e400,vertex,923CBC7F3247AAF9,agc.main,',3,
empire1,0x17427e400,vertex,923CBC7F3247AAF9,agc.main,',5,
empire1,0x17427e400,vertex,923CBC7F3247AAF9,agc.main,',5,194
empire1,0x17427e400,vertex,923CBC7F3247AAF9,agc.main,',3,201
empire1,0x17427e400,vertex,923CBC7F3247AAF9,agc.main,',3,205
empire1,0x17427e400,vertex,923CBC7F3247AAF9,agc.main,',1,
empire1,0x17427e400,vertex,923CBC7F3247AAF9,agc.main,',3,
empire1,0x17427e400,vertex,923CBC7F3247AAF9,agc.main,',1,
empire1,0x17427e400,vertex,923CBC7F3247AAF9,agc.main,',3,
empire1,0x17427e400,vertex,923CBC7F3247AAF9,agc.main,',1,
empire1,0x17427e400,vertex,923CBC7F3247AAF9,agc.main,',4,
empire1,0x17427e400,vertex,923CBC7F3247AAF9,agc.main,',8,215
empire1,0x17427e400,vertex,923CBC7F3247AAF9,agc.main,',1,
empire1,0x17427e400,vertex,923CBC7F3247AAF9,agc.main,',33,161
empire1,0x17427e400,vertex,923CBC7F3247AAF9,agc.main,',95,259
empire1,0x17427e400,vertex,923CBC7F3247AAF9,agc.main,',15,341
empire1,0x17427e400,vertex,923CBC7F3247AAF9,agc.main,',1,
empire1,0x17427e400,vertex,923CBC7F3247AAF9,agc.main,',179,370
empire1,0x17427e400,fragment,AE7E8102E2F2CBEB,agc.main.constant_program,',43,169
empire1,0x17427e400,fragment,AE7E8102E2F2CBEB,agc.main,',29,91
empire1,0x17427e400,fragment,AE7E8102E2F2CBEB,agc.main,',20,91
empire1,0x17427e400,fragment,AE7E8102E2F2CBEB,agc.main,',14,
empire1,0x17427e400,fragment,AE7E8102E2F2CBEB,agc.main,',1,
empire1,0x17427e400,fragment,AE7E8102E2F2CBEB,agc.main,',1,220
empire1,0x17427e400,fragment,AE7E8102E2F2CBEB,agc.main,',1,
empire1,0x17427e400,fragment,AE7E8102E2F2CBEB,agc.main,',230,91
empire1,0x174397000,vertex,72909EDA43C96810,agc.main.constant_program,',9,0
empire1,0x174397000,vertex,72909EDA43C96810,agc.main,',69,80
empire1,0x174397000,fragment,BE9835242F6F26A,agc.main.constant_program,',136,103
empire1,0x174397000,fragment,BE9835242F6F26A,agc.main,',122,74
empire1,0x1764b6400,vertex,37D7280164AA460A,agc.main.constant_program,',14,68
empire1,0x1764b6400,vertex,37D7280164AA460A,agc.main,',134,
empire1,0x1764b6400,fragment,33EDB6F482810399,agc.main,',17,
empire1,0x17427cc00,vertex,9F92DC298725FA72,agc.main,',58,
empire1,0x17427cc00,fragment,C86DAFF697CC7867,agc.main.constant_program,',35,50
empire1,0x17427cc00,fragment,C86DAFF697CC7867,agc.main,',43,37
empire1,0x174207000,vertex,BA139042AA7CEE38,agc.main.constant_program,',51,0
empire1,0x174207000,vertex,BA139042AA7CEE38,agc.main,',47,169
empire1,0x174207000,vertex,BA139042AA7CEE38,agc.main,',1,
empire1,0x174207000,vertex,BA139042AA7CEE38,agc.main,',4,196
empire1,0x174207000,vertex,BA139042AA7CEE38,agc.main,',1,
empire1,0x174207000,vertex,BA139042AA7CEE38,agc.main,',4,200
empire1,0x174207000,vertex,BA139042AA7CEE38,agc.main,',1,
empire1,0x174207000,vertex,BA139042AA7CEE38,agc.main,',3,
empire1,0x174207000,vertex,BA139042AA7CEE38,agc.main,',1,
empire1,0x174207000,vertex,BA139042AA7CEE38,agc.main,',1,
empire1,0x174207000,vertex,BA139042AA7CEE38,agc.main,',31,170
empire1,0x174207000,vertex,BA139042AA7CEE38,agc.main,',95,269
empire1,0x174207000,vertex,BA139042AA7CEE38,agc.main,',15,351
empire1,0x174207000,vertex,BA139042AA7CEE38,agc.main,',1,
empire1,0x174207000,vertex,BA139042AA7CEE38,agc.main,',3,
empire1,0x174207000,vertex,BA139042AA7CEE38,agc.main,',3,382
empire1,0x174207000,vertex,BA139042AA7CEE38,agc.main,',220,
empire1,0x174207000,fragment,AD0CA4181D52BC8D,agc.main.constant_program,',57,188
empire1,0x174207000,fragment,AD0CA4181D52BC8D,agc.main,',21,89
empire1,0x174207000,fragment,AD0CA4181D52BC8D,agc.main,',20,89
empire1,0x174207000,fragment,AD0CA4181D52BC8D,agc.main,',14,
empire1,0x174207000,fragment,AD0CA4181D52BC8D,agc.main,',1,
empire1,0x174207000,fragment,AD0CA4181D52BC8D,agc.main,',1,230
empire1,0x174207000,fragment,AD0CA4181D52BC8D,agc.main,',1,
empire1,0x174207000,fragment,AD0CA4181D52BC8D,agc.main,',165,89
empire1,0x17419d800,vertex,CC7620EBED6C48DE,agc.main.constant_program,',48,0
empire1,0x17419d800,vertex,CC7620EBED6C48DE,agc.main,',42,140
empire1,0x17419d800,vertex,CC7620EBED6C48DE,agc.main,',95,202
empire1,0x17419d800,vertex,CC7620EBED6C48DE,agc.main,',15,284
empire1,0x17419d800,vertex,CC7620EBED6C48DE,agc.main,',1,
empire1,0x17419d800,vertex,CC7620EBED6C48DE,agc.main,',1,
empire1,0x17419d800,vertex,CC7620EBED6C48DE,agc.main,',3,315
empire1,0x17419d800,vertex,CC7620EBED6C48DE,agc.main,',220,
empire1,0x17419d800,fragment,74B67F909E32C446,agc.main.constant_program,',52,181
empire1,0x17419d800,fragment,74B67F909E32C446,agc.main,',21,110
empire1,0x17419d800,fragment,74B67F909E32C446,agc.main,',20,110
empire1,0x17419d800,fragment,74B67F909E32C446,agc.main,',14,
empire1,0x17419d800,fragment,74B67F909E32C446,agc.main,',1,
empire1,0x17419d800,fragment,74B67F909E32C446,agc.main,',1,252
empire1,0x17419d800,fragment,74B67F909E32C446,agc.main,',1,
empire1,0x17419d800,fragment,74B67F909E32C446,agc.main,',165,110
empire1,0x1742a8000,vertex,4552894A96D16654,agc.main.constant_program,',129,0
empire1,0x1742a8000,vertex,4552894A96D16654,agc.main,',145,162
empire1,0x1742a8000,vertex,4552894A96D16654,agc.main,',90,226
empire1,0x1742a8000,vertex,4552894A96D16654,agc.main,',1,
empire1,0x1742a8000,vertex,4552894A96D16654,agc.main,',41,163
empire1,0x1742a8000,vertex,4552894A96D16654,agc.main,',95,312
empire1,0x1742a8000,vertex,4552894A96D16654,agc.main,',15,394
empire1,0x1742a8000,vertex,4552894A96D16654,agc.main,',1,
empire1,0x1742a8000,vertex,4552894A96D16654,agc.main,',179,423
empire1,0x1742a8000,fragment,6889EB0DFEE058CA,agc.main.constant_program,',103,218
empire1,0x1742a8000,fragment,6889EB0DFEE058CA,agc.main,',36,105
empire1,0x1742a8000,fragment,6889EB0DFEE058CA,agc.main,',20,105
empire1,0x1742a8000,fragment,6889EB0DFEE058CA,agc.main,',14,
empire1,0x1742a8000,fragment,6889EB0DFEE058CA,agc.main,',1,
empire1,0x1742a8000,fragment,6889EB0DFEE058CA,agc.main,',1,290
empire1,0x1742a8000,fragment,6889EB0DFEE058CA,agc.main,',1,
empire1,0x1742a8000,fragment,6889EB0DFEE058CA,agc.main,',302,105
empire1,0x17418b000,vertex,CC7620EBED6C48DE,agc.main.constant_program,',48,0
empire1,0x17418b000,vertex,CC7620EBED6C48DE,agc.main,',43,140
empire1,0x17418b000,vertex,CC7620EBED6C48DE,agc.main,',95,202
empire1,0x17418b000,vertex,CC7620EBED6C48DE,agc.main,',15,284
empire1,0x17418b000,vertex,CC7620EBED6C48DE,agc.main,',1,
empire1,0x17418b000,vertex,CC7620EBED6C48DE,agc.main,',3,0
empire1,0x17418b000,vertex,CC7620EBED6C48DE,agc.main,',3,315
empire1,0x17418b000,vertex,CC7620EBED6C48DE,agc.main,',219,
empire1,0x17418b000,fragment,74B67F909E32C446,agc.main.constant_program,',52,181
empire1,0x17418b000,fragment,74B67F909E32C446,agc.main,',21,110
empire1,0x17418b000,fragment,74B67F909E32C446,agc.main,',20,110
empire1,0x17418b000,fragment,74B67F909E32C446,agc.main,',14,
empire1,0x17418b000,fragment,74B67F909E32C446,agc.main,',1,
empire1,0x17418b000,fragment,74B67F909E32C446,agc.main,',1,252
empire1,0x17418b000,fragment,74B67F909E32C446,agc.main,',1,
empire1,0x17418b000,fragment,74B67F909E32C446,agc.main,',165,110
empire1,0x16b553000,vertex,B5B6D85014F58E9A,agc.main.constant_program,',6,0
empire1,0x16b553000,vertex,B5B6D85014F58E9A,agc.main,',88,116
empire1,0x16b553000,fragment,D1B904E519407191,agc.main,',2,23
empire1,0x174181800,vertex,14788CCAB56E96D8,agc.main.constant_program,',48,0
empire1,0x174181800,vertex,14788CCAB56E96D8,agc.main,',42,139
empire1,0x174181800,vertex,14788CCAB56E96D8,agc.main,',95,178
empire1,0x174181800,vertex,14788CCAB56E96D8,agc.main,',15,260
empire1,0x174181800,vertex,14788CCAB56E96D8,agc.main,',1,
empire1,0x174181800,vertex,14788CCAB56E96D8,agc.main,',1,
empire1,0x174181800,vertex,14788CCAB56E96D8,agc.main,',3,291
empire1,0x174181800,vertex,14788CCAB56E96D8,agc.main,',186,
empire1,0x174181800,fragment,2984D55E52C1E153,agc.main.constant_program,',52,185
empire1,0x174181800,fragment,2984D55E52C1E153,agc.main,',21,111
empire1,0x174181800,fragment,2984D55E52C1E153,agc.main,',20,111
empire1,0x174181800,fragment,2984D55E52C1E153,agc.main,',14,
empire1,0x174181800,fragment,2984D55E52C1E153,agc.main,',1,
empire1,0x174181800,fragment,2984D55E52C1E153,agc.main,',1,267
empire1,0x174181800,fragment,2984D55E52C1E153,agc.main,',1,
empire1,0x174181800,fragment,2984D55E52C1E153,agc.main,',264,111
empire1,0x16852c000,vertex,BF8E952ACC8411F5,agc.main.constant_program,',99,74
empire1,0x16852c000,vertex,BF8E952ACC8411F5,agc.main,',174,
empire1,0x16852c000,fragment,8A5B8921A26C4885,agc.main,',55,
empire1,0x174183000,vertex,69B88B548D033785,agc.main.constant_program,',48,165
empire1,0x174183000,vertex,69B88B548D033785,agc.main,',48,97
empire1,0x174183000,vertex,69B88B548D033785,agc.main,',95,159
empire1,0x174183000,vertex,69B88B548D033785,agc.main,',15,241
empire1,0x174183000,vertex,69B88B548D033785,agc.main,',1,
empire1,0x174183000,vertex,69B88B548D033785,agc.main,',212,
empire1,0x174183000,fragment,D592BEC78CA5E7C9,agc.main.constant_program,',57,143
empire1,0x174183000,fragment,D592BEC78CA5E7C9,agc.main,',28,77
empire1,0x174183000,fragment,D592BEC78CA5E7C9,agc.main,',20,77
empire1,0x174183000,fragment,D592BEC78CA5E7C9,agc.main,',14,
empire1,0x174183000,fragment,D592BEC78CA5E7C9,agc.main,',1,
empire1,0x174183000,fragment,D592BEC78CA5E7C9,agc.main,',1,223
empire1,0x174183000,fragment,D592BEC78CA5E7C9,agc.main,',1,
empire1,0x174183000,fragment,D592BEC78CA5E7C9,agc.main,',158,77
empire1,0x174188c00,vertex,2D0003307A2DDCE2,agc.main.constant_program,',81,0
empire1,0x174188c00,vertex,2D0003307A2DDCE2,agc.main,',63,158
empire1,0x174188c00,vertex,2D0003307A2DDCE2,agc.main,',95,252
empire1,0x174188c00,vertex,2D0003307A2DDCE2,agc.main,',15,334
empire1,0x174188c00,vertex,2D0003307A2DDCE2,agc.main,',1,
empire1,0x174188c00,vertex,2D0003307A2DDCE2,agc.main,',1,
empire1,0x174188c00,vertex,2D0003307A2DDCE2,agc.main,',3,365
empire1,0x174188c00,vertex,2D0003307A2DDCE2,agc.main,',218,
empire1,0x174188c00,fragment,733A19A0DCE8699,agc.main.constant_program,',63,267
empire1,0x174188c00,fragment,733A19A0DCE8699,agc.main,',4,
empire1,0x174188c00,fragment,733A19A0DCE8699,agc.main,',39,77
empire1,0x174188c00,fragment,733A19A0DCE8699,agc.main,',17,77
empire1,0x174188c00,fragment,733A19A0DCE8699,agc.main,',20,77
empire1,0x174188c00,fragment,733A19A0DCE8699,agc.main,',14,
empire1,0x174188c00,fragment,733A19A0DCE8699,agc.main,',1,
empire1,0x174188c00,fragment,733A19A0DCE8699,agc.main,',1,242
empire1,0x174188c00,fragment,733A19A0DCE8699,agc.main,',1,
empire1,0x174188c00,fragment,733A19A0DCE8699,agc.main,',155,
empire1,0x174188c00,fragment,733A19A0DCE8699,agc.main,',1,
empire1,0x174188c00,fragment,733A19A0DCE8699,agc.main,',1,
empire1,0x174396400,vertex,72909EDA43C96810,agc.main.constant_program,',6,0
empire1,0x174396400,vertex,72909EDA43C96810,agc.main,',69,80
empire1,0x174396400,fragment,BE9835242F6F26A,agc.main.constant_program,',136,103
empire1,0x174396400,fragment,BE9835242F6F26A,agc.main,',122,74
empire1,0x174169800,vertex,4A0D8380ECEC865B,agc.main.constant_program,',61,0
empire1,0x174169800,vertex,4A0D8380ECEC865B,agc.main,',155,156
empire1,0x174169800,vertex,4A0D8380ECEC865B,agc.main,',95,279
empire1,0x174169800,vertex,4A0D8380ECEC865B,agc.main,',15,361
empire1,0x174169800,vertex,4A0D8380ECEC865B,agc.main,',1,
empire1,0x174169800,vertex,4A0D8380ECEC865B,agc.main,',3,0
empire1,0x174169800,vertex,4A0D8380ECEC865B,agc.main,',3,392
empire1,0x174169800,vertex,4A0D8380ECEC865B,agc.main,',207,0
empire1,0x174169800,fragment,5F656BBB84FAD980,agc.main.constant_program,',59,177
empire1,0x174169800,fragment,5F656BBB84FAD980,agc.main,',4,
empire1,0x174169800,fragment,5F656BBB84FAD980,agc.main,',38,77
empire1,0x174169800,fragment,5F656BBB84FAD980,agc.main,',14,77
empire1,0x174169800,fragment,5F656BBB84FAD980,agc.main,',20,77
empire1,0x174169800,fragment,5F656BBB84FAD980,agc.main,',14,
empire1,0x174169800,fragment,5F656BBB84FAD980,agc.main,',1,
empire1,0x174169800,fragment,5F656BBB84FAD980,agc.main,',1,243
empire1,0x174169800,fragment,5F656BBB84FAD980,agc.main,',1,
empire1,0x174169800,fragment,5F656BBB84FAD980,agc.main,',166,
empire1,0x174169800,fragment,5F656BBB84FAD980,agc.main,',1,
empire1,0x174169800,fragment,5F656BBB84FAD980,agc.main,',1,
empire1,0x1743f4c00,vertex,87892EA381D07BFD,agc.main,',57,
empire1,0x1743f4c00,fragment,A1A7F78082E9C6A7,agc.main,',38,
empire1,0x17419cc00,vertex,E8383A36BFC8A08F,agc.main.constant_program,',44,214
empire1,0x17419cc00,vertex,E8383A36BFC8A08F,agc.main,',45,138
empire1,0x17419cc00,vertex,E8383A36BFC8A08F,agc.main,',95,208
empire1,0x17419cc00,vertex,E8383A36BFC8A08F,agc.main,',15,290
empire1,0x17419cc00,vertex,E8383A36BFC8A08F,agc.main,',1,
empire1,0x17419cc00,vertex,E8383A36BFC8A08F,agc.main,',212,
empire1,0x17419cc00,fragment,D2C560C2AD694FD5,agc.main.constant_program,',52,179
empire1,0x17419cc00,fragment,D2C560C2AD694FD5,agc.main,',21,108
empire1,0x17419cc00,fragment,D2C560C2AD694FD5,agc.main,',20,108
empire1,0x17419cc00,fragment,D2C560C2AD694FD5,agc.main,',14,
empire1,0x17419cc00,fragment,D2C560C2AD694FD5,agc.main,',1,
empire1,0x17419cc00,fragment,D2C560C2AD694FD5,agc.main,',1,240
empire1,0x17419cc00,fragment,D2C560C2AD694FD5,agc.main,',1,
empire1,0x17419cc00,fragment,D2C560C2AD694FD5,agc.main,',155,108
empire1,0x1741d2400,vertex,518EE59035279A02,agc.main.constant_program,',48,190
empire1,0x1741d2400,vertex,518EE59035279A02,agc.main,',46,137
empire1,0x1741d2400,vertex,518EE59035279A02,agc.main,',95,184
empire1,0x1741d2400,vertex,518EE59035279A02,agc.main,',15,266
empire1,0x1741d2400,vertex,518EE59035279A02,agc.main,',1,
empire1,0x1741d2400,vertex,518EE59035279A02,agc.main,',192,296
empire1,0x1741d2400,fragment,64FFE712E711D3D5,agc.main.constant_program,',57,184
empire1,0x1741d2400,fragment,64FFE712E711D3D5,agc.main,',22,110
empire1,0x1741d2400,fragment,64FFE712E711D3D5,agc.main,',20,110
empire1,0x1741d2400,fragment,64FFE712E711D3D5,agc.main,',14,
empire1,0x1741d2400,fragment,64FFE712E711D3D5,agc.main,',1,
empire1,0x1741d2400,fragment,64FFE712E711D3D5,agc.main,',1,257
empire1,0x1741d2400,fragment,64FFE712E711D3D5,agc.main,',1,
empire1,0x1741d2400,fragment,64FFE712E711D3D5,agc.main,',260,110
empire1,0x174184c00,vertex,2D0003307A2DDCE2,agc.main.constant_program,',81,0
empire1,0x174184c00,vertex,2D0003307A2DDCE2,agc.main,',64,158
empire1,0x174184c00,vertex,2D0003307A2DDCE2,agc.main,',95,252
empire1,0x174184c00,vertex,2D0003307A2DDCE2,agc.main,',15,334
empire1,0x174184c00,vertex,2D0003307A2DDCE2,agc.main,',1,
empire1,0x174184c00,vertex,2D0003307A2DDCE2,agc.main,',3,0
empire1,0x174184c00,vertex,2D0003307A2DDCE2,agc.main,',3,365
empire1,0x174184c00,vertex,2D0003307A2DDCE2,agc.main,',217,
empire1,0x174184c00,fragment,DC527BA668D83F94,agc.main.constant_program,',70,280
empire1,0x174184c00,fragment,DC527BA668D83F94,agc.main,',4,
empire1,0x174184c00,fragment,DC527BA668D83F94,agc.main,',39,80
empire1,0x174184c00,fragment,DC527BA668D83F94,agc.main,',17,80
empire1,0x174184c00,fragment,DC527BA668D83F94,agc.main,',20,80
empire1,0x174184c00,fragment,DC527BA668D83F94,agc.main,',14,
empire1,0x174184c00,fragment,DC527BA668D83F94,agc.main,',1,
empire1,0x174184c00,fragment,DC527BA668D83F94,agc.main,',1,255
empire1,0x174184c00,fragment,DC527BA668D83F94,agc.main,',1,
empire1,0x174184c00,fragment,DC527BA668D83F94,agc.main,',163,
empire1,0x174184c00,fragment,DC527BA668D83F94,agc.main,',1,
empire1,0x174184c00,fragment,DC527BA668D83F94,agc.main,',1,
empire1,0x1740ac000,vertex,B5B6D85014F58E9A,agc.main.constant_program,',6,0
empire1,0x1740ac000,vertex,B5B6D85014F58E9A,agc.main,',88,116
empire1,0x1740ac000,fragment,D1B904E519407191,agc.main,',2,23
empire1,0x1741e8000,vertex,FF8503E22E795756,agc.main.constant_program,',44,274
empire1,0x1741e8000,vertex,FF8503E22E795756,agc.main,',87,124
empire1,0x1741e8000,vertex,FF8503E22E795756,agc.main,',73,166
empire1,0x1741e8000,vertex,FF8503E22E795756,agc.main,',1,
empire1,0x1741e8000,vertex,FF8503E22E795756,agc.main,',41,125
empire1,0x1741e8000,vertex,FF8503E22E795756,agc.main,',95,268
empire1,0x1741e8000,vertex,FF8503E22E795756,agc.main,',15,350
empire1,0x1741e8000,vertex,FF8503E22E795756,agc.main,',1,
empire1,0x1741e8000,vertex,FF8503E22E795756,agc.main,',225,
empire1,0x1741e8000,fragment,2707632F1253D56F,agc.main.constant_program,',50,170
empire1,0x1741e8000,fragment,2707632F1253D56F,agc.main,',21,75
empire1,0x1741e8000,fragment,2707632F1253D56F,agc.main,',20,75
empire1,0x1741e8000,fragment,2707632F1253D56F,agc.main,',14,
empire1,0x1741e8000,fragment,2707632F1253D56F,agc.main,',1,
empire1,0x1741e8000,fragment,2707632F1253D56F,agc.main,',1,205
empire1,0x1741e8000,fragment,2707632F1253D56F,agc.main,',1,
empire1,0x1741e8000,fragment,2707632F1253D56F,agc.main,',155,75
empire1,0x1743ab000,vertex,9DBB7524CB526D97,agc.main,',72,
empire1,0x1743ab000,fragment,DF9230398DF35216,agc.main.constant_program,',124,90
empire1,0x1743ab000,fragment,DF9230398DF35216,agc.main,',128,58
empire1,0x17b2f7000,vertex,2EB35058C7F2CB6C,agc.main.constant_program,',30,0
empire1,0x17b2f7000,vertex,2EB35058C7F2CB6C,agc.main,',72,
empire1,0x17b2f7000,fragment,36230B57011F2EC6,agc.main.constant_program,',25,38
empire1,0x17b2f7000,fragment,36230B57011F2EC6,agc.main,',22,29
empire1,0x1742fa400,vertex,C193988139C3BC84,agc.main,',72,
empire1,0x1742fa400,fragment,2465498F1DE737E1,agc.main.constant_program,',99,94
empire1,0x1742fa400,fragment,2465498F1DE737E1,agc.main,',95,59
empire1,0x174341800,vertex,C193988139C3BC84,agc.main,',72,
empire1,0x174341800,fragment,FC73153FD62F03C,agc.main.constant_program,',182,111
empire1,0x174341800,fragment,FC73153FD62F03C,agc.main,',166,78
empire1,0x174340000,vertex,C193988139C3BC84,agc.main,',58,
empire1,0x174340000,fragment,5C7B364CA13D6F7,agc.main.constant_program,',90,79
empire1,0x174340000,fragment,5C7B364CA13D6F7,agc.main,',72,46
empire1,0x17435c000,vertex,C193988139C3BC84,agc.main,',58,
empire1,0x17435c000,fragment,9860E55E92BF8AC1,agc.main.constant_program,',113,87
empire1,0x17435c000,fragment,9860E55E92BF8AC1,agc.main,',101,50
empire1,0x1741d1800,vertex,E8383A36BFC8A08F,agc.main.constant_program,',48,214
empire1,0x1741d1800,vertex,E8383A36BFC8A08F,agc.main,',46,138
empire1,0x1741d1800,vertex,E8383A36BFC8A08F,agc.main,',95,208
empire1,0x1741d1800,vertex,E8383A36BFC8A08F,agc.main,',15,290
empire1,0x1741d1800,vertex,E8383A36BFC8A08F,agc.main,',1,
empire1,0x1741d1800,vertex,E8383A36BFC8A08F,agc.main,',212,
empire1,0x1741d1800,fragment,D2C560C2AD694FD5,agc.main.constant_program,',52,179
empire1,0x1741d1800,fragment,D2C560C2AD694FD5,agc.main,',21,108
empire1,0x1741d1800,fragment,D2C560C2AD694FD5,agc.main,',20,108
empire1,0x1741d1800,fragment,D2C560C2AD694FD5,agc.main,',14,
empire1,0x1741d1800,fragment,D2C560C2AD694FD5,agc.main,',1,
empire1,0x1741d1800,fragment,D2C560C2AD694FD5,agc.main,',1,240
empire1,0x1741d1800,fragment,D2C560C2AD694FD5,agc.main,',1,
empire1,0x1741d1800,fragment,D2C560C2AD694FD5,agc.main,',155,108
empire1,0x17426c000,vertex,C61761D692A8436B,agc.main.constant_program,',40,178
empire1,0x17426c000,vertex,C61761D692A8436B,agc.main,',31,
empire1,0x17426c000,vertex,C61761D692A8436B,agc.main,',95,172
empire1,0x17426c000,vertex,C61761D692A8436B,agc.main,',15,254
empire1,0x17426c000,vertex,C61761D692A8436B,agc.main,',1,
empire1,0x17426c000,vertex,C61761D692A8436B,agc.main,',204,283
empire1,0x17426c000,fragment,D5ABDC78338227A0,agc.main.constant_program,',48,142
empire1,0x17426c000,fragment,D5ABDC78338227A0,agc.main,',94,62
empire1,0x17426c000,fragment,D5ABDC78338227A0,agc.main,',20,62
empire1,0x17426c000,fragment,D5ABDC78338227A0,agc.main,',14,
empire1,0x17426c000,fragment,D5ABDC78338227A0,agc.main,',1,
empire1,0x17426c000,fragment,D5ABDC78338227A0,agc.main,',1,267
empire1,0x17426c000,fragment,D5ABDC78338227A0,agc.main,',1,
empire1,0x17426c000,fragment,D5ABDC78338227A0,agc.main,',148,62
empire1,0x1741d0c00,vertex,FF8503E22E795756,agc.main.constant_program,',44,274
empire1,0x1741d0c00,vertex,FF8503E22E795756,agc.main,',87,124
empire1,0x1741d0c00,vertex,FF8503E22E795756,agc.main,',73,166
empire1,0x1741d0c00,vertex,FF8503E22E795756,agc.main,',1,
empire1,0x1741d0c00,vertex,FF8503E22E795756,agc.main,',41,125
empire1,0x1741d0c00,vertex,FF8503E22E795756,agc.main,',95,268
empire1,0x1741d0c00,vertex,FF8503E22E795756,agc.main,',15,350
empire1,0x1741d0c00,vertex,FF8503E22E795756,agc.main,',1,
empire1,0x1741d0c00,vertex,FF8503E22E795756,agc.main,',225,
empire1,0x1741d0c00,fragment,2707632F1253D56F,agc.main.constant_program,',50,170
empire1,0x1741d0c00,fragment,2707632F1253D56F,agc.main,',21,75
empire1,0x1741d0c00,fragment,2707632F1253D56F,agc.main,',20,75
empire1,0x1741d0c00,fragment,2707632F1253D56F,agc.main,',14,
empire1,0x1741d0c00,fragment,2707632F1253D56F,agc.main,',1,
empire1,0x1741d0c00,fragment,2707632F1253D56F,agc.main,',1,205
empire1,0x1741d0c00,fragment,2707632F1253D56F,agc.main,',1,
empire1,0x1741d0c00,fragment,2707632F1253D56F,agc.main,',155,75
empire1,0x1743ef000,vertex,C193988139C3BC84,agc.main,',58,
empire1,0x1743ef000,fragment,8D93CB5787D86000,agc.main.constant_program,',116,87
empire1,0x1743ef000,fragment,8D93CB5787D86000,agc.main,',88,51
empire1,0x1743f6400,vertex,B0DCE88977007BE3,agc.main,',104,
empire1,0x1743f6400,fragment,EC1CD231E73733A3,agc.main,',90,
empire1,0x17426f000,vertex,A488685C8F1BA0B8,agc.main.constant_program,',79,0
empire1,0x17426f000,vertex,A488685C8F1BA0B8,agc.main,',24,
empire1,0x17426f000,vertex,A488685C8F1BA0B8,agc.main,',39,134
empire1,0x17426f000,vertex,A488685C8F1BA0B8,agc.main,',14,164
empire1,0x17426f000,vertex,A488685C8F1BA0B8,agc.main,',1,
empire1,0x17426f000,vertex,A488685C8F1BA0B8,agc.main,',36,196
empire1,0x17426f000,fragment,D309BA442F33E25F,agc.main,',27,32
empire1,0x17b2de400,vertex,C193988139C3BC84,agc.main,',58,
empire1,0x17b2de400,fragment,46D23D7FFA994B60,agc.main.constant_program,',59,86
empire1,0x17b2de400,fragment,46D23D7FFA994B60,agc.main,',60,41
empire1,0x176403000,vertex,35E744FC2162B835,agc.main,',42,
empire1,0x176403000,fragment,48AF95639F3762C4,agc.main,',43,
empire1,0x174324000,vertex,C193988139C3BC84,agc.main,',58,
empire1,0x174324000,fragment,9860E55E92BF8AC1,agc.main.constant_program,',113,87
empire1,0x174324000,fragment,9860E55E92BF8AC1,agc.main,',101,50
empire1,0x1743ecc00,vertex,9DBB7524CB526D97,agc.main,',72,
empire1,0x1743ecc00,fragment,D37DAE5812AF2F9,agc.main.constant_program,',89,75
empire1,0x1743ecc00,fragment,D37DAE5812AF2F9,agc.main,',96,49
empire1,0x1764b4c00,vertex,64C2E4E483C4CE99,agc.main.constant_program,',55,0
empire1,0x1764b4c00,vertex,64C2E4E483C4CE99,agc.main,',320,176
empire1,0x1764b4c00,fragment,DF376854D1774666,agc.main.constant_program,',79,328
empire1,0x1764b4c00,fragment,DF376854D1774666,agc.main,',297,99
empire1,0x17435d800,vertex,85FDEF5B00BDFF60,agc.main,',36,
empire1,0x17435d800,vertex,85FDEF5B00BDFF60,agc.main,',39,113
empire1,0x17435d800,vertex,85FDEF5B00BDFF60,agc.main,',14,143
empire1,0x17435d800,vertex,85FDEF5B00BDFF60,agc.main,',1,
empire1,0x17435d800,vertex,85FDEF5B00BDFF60,agc.main,',43,
empire1,0x17435d800,fragment,7AFEBB89254F0758,agc.main.constant_program,',40,59
empire1,0x17435d800,fragment,7AFEBB89254F0758,agc.main,',57,46
empire1,0x1741d3000,vertex,518EE59035279A02,agc.main.constant_program,',44,190
empire1,0x1741d3000,vertex,518EE59035279A02,agc.main,',47,137
empire1,0x1741d3000,vertex,518EE59035279A02,agc.main,',95,184
empire1,0x1741d3000,vertex,518EE59035279A02,agc.main,',15,266
empire1,0x1741d3000,vertex,518EE59035279A02,agc.main,',1,
empire1,0x1741d3000,vertex,518EE59035279A02,agc.main,',192,296
empire1,0x1741d3000,fragment,64FFE712E711D3D5,agc.main.constant_program,',57,184
empire1,0x1741d3000,fragment,64FFE712E711D3D5,agc.main,',22,110
empire1,0x1741d3000,fragment,64FFE712E711D3D5,agc.main,',20,110
empire1,0x1741d3000,fragment,64FFE712E711D3D5,agc.main,',14,
empire1,0x1741d3000,fragment,64FFE712E711D3D5,agc.main,',1,
empire1,0x1741d3000,fragment,64FFE712E711D3D5,agc.main,',1,257
empire1,0x1741d3000,fragment,64FFE712E711D3D5,agc.main,',1,
empire1,0x1741d3000,fragment,64FFE712E711D3D5,agc.main,',260,110
empire1,0x1743ee400,vertex,C193988139C3BC84,agc.main,',72,
empire1,0x1743ee400,fragment,2DEBF7C98BFF98A2,agc.main.constant_program,',149,95
empire1,0x1743ee400,fragment,2DEBF7C98BFF98A2,agc.main,',137,68
empire1,0x13b2b4c00,vertex,37D7280164AA460A,agc.main.constant_program,',14,68
empire1,0x13b2b4c00,vertex,37D7280164AA460A,agc.main,',134,
empire1,0x13b2b4c00,fragment,CD68E5030B8C188A,agc.main,',51,
empire1,0x17b330000,vertex,C193988139C3BC84,agc.main,',58,
empire1,0x17b330000,fragment,46D23D7FFA994B60,agc.main.constant_program,',59,86
empire1,0x17b330000,fragment,46D23D7FFA994B60,agc.main,',60,41
empire1,0x1742f8c00,vertex,F2806ABBA36C2A28,agc.main.constant_program,',55,0
empire1,0x1742f8c00,vertex,F2806ABBA36C2A28,agc.main,',45,177
empire1,0x1742f8c00,vertex,F2806ABBA36C2A28,agc.main,',95,224
empire1,0x1742f8c00,vertex,F2806ABBA36C2A28,agc.main,',15,306
empire1,0x1742f8c00,vertex,F2806ABBA36C2A28,agc.main,',1,
empire1,0x1742f8c00,vertex,F2806ABBA36C2A28,agc.main,',182,206
empire1,0x1742f8c00,fragment,84DC1364D846CE97,agc.main.constant_program,',106,240
empire1,0x1742f8c00,fragment,84DC1364D846CE97,agc.main,',280,
empire1,0x174168000,vertex,CC7620EBED6C48DE,agc.main.constant_program,',51,0
empire1,0x174168000,vertex,CC7620EBED6C48DE,agc.main,',44,140
empire1,0x174168000,vertex,CC7620EBED6C48DE,agc.main,',95,202
empire1,0x174168000,vertex,CC7620EBED6C48DE,agc.main,',15,284
empire1,0x174168000,vertex,CC7620EBED6C48DE,agc.main,',1,
empire1,0x174168000,vertex,CC7620EBED6C48DE,agc.main,',3,0
empire1,0x174168000,vertex,CC7620EBED6C48DE,agc.main,',3,315
empire1,0x174168000,vertex,CC7620EBED6C48DE,agc.main,',219,
empire1,0x174168000,fragment,74B67F909E32C446,agc.main.constant_program,',52,181
empire1,0x174168000,fragment,74B67F909E32C446,agc.main,',21,110
empire1,0x174168000,fragment,74B67F909E32C446,agc.main,',20,110
empire1,0x174168000,fragment,74B67F909E32C446,agc.main,',14,
empire1,0x174168000,fragment,74B67F909E32C446,agc.main,',1,
empire1,0x174168000,fragment,74B67F909E32C446,agc.main,',1,252
empire1,0x174168000,fragment,74B67F909E32C446,agc.main,',1,
empire1,0x174168000,fragment,74B67F909E32C446,agc.main,',165,110
empire1,0x17419e400,vertex,E8383A36BFC8A08F,agc.main.constant_program,',44,214
empire1,0x17419e400,vertex,E8383A36BFC8A08F,agc.main,',47,138
empire1,0x17419e400,vertex,E8383A36BFC8A08F,agc.main,',95,208
empire1,0x17419e400,vertex,E8383A36BFC8A08F,agc.main,',15,290
empire1,0x17419e400,vertex,E8383A36BFC8A08F,agc.main,',1,
empire1,0x17419e400,vertex,E8383A36BFC8A08F,agc.main,',212,
empire1,0x17419e400,fragment,D2C560C2AD694FD5,agc.main.constant_program,',52,179
empire1,0x17419e400,fragment,D2C560C2AD694FD5,agc.main,',21,108
empire1,0x17419e400,fragment,D2C560C2AD694FD5,agc.main,',20,108
empire1,0x17419e400,fragment,D2C560C2AD694FD5,agc.main,',14,
empire1,0x17419e400,fragment,D2C560C2AD694FD5,agc.main,',1,
empire1,0x17419e400,fragment,D2C560C2AD694FD5,agc.main,',1,240
empire1,0x17419e400,fragment,D2C560C2AD694FD5,agc.main,',1,
empire1,0x17419e400,fragment,D2C560C2AD694FD5,agc.main,',155,108
empire1,0x174191800,vertex,CC7620EBED6C48DE,agc.main.constant_program,',51,0
empire1,0x174191800,vertex,CC7620EBED6C48DE,agc.main,',43,140
empire1,0x174191800,vertex,CC7620EBED6C48DE,agc.main,',95,202
empire1,0x174191800,vertex,CC7620EBED6C48DE,agc.main,',15,284
empire1,0x174191800,vertex,CC7620EBED6C48DE,agc.main,',1,
empire1,0x174191800,vertex,CC7620EBED6C48DE,agc.main,',1,
empire1,0x174191800,vertex,CC7620EBED6C48DE,agc.main,',3,315
empire1,0x174191800,vertex,CC7620EBED6C48DE,agc.main,',220,
empire1,0x174191800,fragment,74B67F909E32C446,agc.main.constant_program,',52,181
empire1,0x174191800,fragment,74B67F909E32C446,agc.main,',21,110
empire1,0x174191800,fragment,74B67F909E32C446,agc.main,',20,110
empire1,0x174191800,fragment,74B67F909E32C446,agc.main,',14,
empire1,0x174191800,fragment,74B67F909E32C446,agc.main,',1,
empire1,0x174191800,fragment,74B67F909E32C446,agc.main,',1,252
empire1,0x174191800,fragment,74B67F909E32C446,agc.main,',1,
empire1,0x174191800,fragment,74B67F909E32C446,agc.main,',165,110
empire1,0x174327000,vertex,C193988139C3BC84,agc.main,',58,
empire1,0x174327000,fragment,5C7B364CA13D6F7,agc.main.constant_program,',90,79
empire1,0x174327000,fragment,5C7B364CA13D6F7,agc.main,',72,46
empire1,0x176413000,vertex,72909EDA43C96810,agc.main.constant_program,',9,0
empire1,0x176413000,vertex,72909EDA43C96810,agc.main,',67,80
empire1,0x176413000,fragment,A6CC9973B6F2EF4D,agc.main.constant_program,',77,84
empire1,0x176413000,fragment,A6CC9973B6F2EF4D,agc.main,',79,49
empire1,0x174325800,vertex,C193988139C3BC84,agc.main,',72,
empire1,0x174325800,fragment,62E3049CB2FAFD0F,agc.main.constant_program,',123,101
empire1,0x174325800,fragment,62E3049CB2FAFD0F,agc.main,',121,63
empire1,0x17418a400,vertex,CC7620EBED6C48DE,agc.main.constant_program,',48,0
empire1,0x17418a400,vertex,CC7620EBED6C48DE,agc.main,',41,140
empire1,0x17418a400,vertex,CC7620EBED6C48DE,agc.main,',95,202
empire1,0x17418a400,vertex,CC7620EBED6C48DE,agc.main,',15,284
empire1,0x17418a400,vertex,CC7620EBED6C48DE,agc.main,',1,
empire1,0x17418a400,vertex,CC7620EBED6C48DE,agc.main,',3,0
empire1,0x17418a400,vertex,CC7620EBED6C48DE,agc.main,',3,315
empire1,0x17418a400,vertex,CC7620EBED6C48DE,agc.main,',219,
empire1,0x17418a400,fragment,B188F609D61C2EF3,agc.main.constant_program,',59,164
empire1,0x17418a400,fragment,B188F609D61C2EF3,agc.main,',4,
empire1,0x17418a400,fragment,B188F609D61C2EF3,agc.main,',38,75
empire1,0x17418a400,fragment,B188F609D61C2EF3,agc.main,',14,75
empire1,0x17418a400,fragment,B188F609D61C2EF3,agc.main,',20,75
empire1,0x17418a400,fragment,B188F609D61C2EF3,agc.main,',14,
empire1,0x17418a400,fragment,B188F609D61C2EF3,agc.main,',1,
empire1,0x17418a400,fragment,B188F609D61C2EF3,agc.main,',1,231
empire1,0x17418a400,fragment,B188F609D61C2EF3,agc.main,',1,
empire1,0x17418a400,fragment,B188F609D61C2EF3,agc.main,',149,
empire1,0x17418a400,fragment,B188F609D61C2EF3,agc.main,',1,
empire1,0x17418a400,fragment,B188F609D61C2EF3,agc.main,',1,
empire1,0x1742a8c00,vertex,4552894A96D16654,agc.main.constant_program,',129,0
empire1,0x1742a8c00,vertex,4552894A96D16654,agc.main,',145,162
empire1,0x1742a8c00,vertex,4552894A96D16654,agc.main,',90,226
empire1,0x1742a8c00,vertex,4552894A96D16654,agc.main,',1,
empire1,0x1742a8c00,vertex,4552894A96D16654,agc.main,',41,163
empire1,0x1742a8c00,vertex,4552894A96D16654,agc.main,',95,312
empire1,0x1742a8c00,vertex,4552894A96D16654,agc.main,',15,394
empire1,0x1742a8c00,vertex,4552894A96D16654,agc.main,',1,
empire1,0x1742a8c00,vertex,4552894A96D16654,agc.main,',179,423
empire1,0x1742a8c00,fragment,6889EB0DFEE058CA,agc.main.constant_program,',103,218
empire1,0x1742a8c00,fragment,6889EB0DFEE058CA,agc.main,',36,105
empire1,0x1742a8c00,fragment,6889EB0DFEE058CA,agc.main,',20,105
empire1,0x1742a8c00,fragment,6889EB0DFEE058CA,agc.main,',14,
empire1,0x1742a8c00,fragment,6889EB0DFEE058CA,agc.main,',1,
empire1,0x1742a8c00,fragment,6889EB0DFEE058CA,agc.main,',1,290
empire1,0x1742a8c00,fragment,6889EB0DFEE058CA,agc.main,',1,
empire1,0x1742a8c00,fragment,6889EB0DFEE058CA,agc.main,',302,105
empire1,0x174190c00,vertex,6698D44D00A79B98,agc.main.constant_program,',49,254
empire1,0x174190c00,vertex,6698D44D00A79B98,agc.main,',84,167
empire1,0x174190c00,vertex,6698D44D00A79B98,agc.main,',95,248
empire1,0x174190c00,vertex,6698D44D00A79B98,agc.main,',15,330
empire1,0x174190c00,vertex,6698D44D00A79B98,agc.main,',1,
empire1,0x174190c00,vertex,6698D44D00A79B98,agc.main,',206,359
empire1,0x174190c00,fragment,D184AC1F266B710B,agc.main.constant_program,',43,178
empire1,0x174190c00,fragment,D184AC1F266B710B,agc.main,',22,101
empire1,0x174190c00,fragment,D184AC1F266B710B,agc.main,',20,101
empire1,0x174190c00,fragment,D184AC1F266B710B,agc.main,',14,
empire1,0x174190c00,fragment,D184AC1F266B710B,agc.main,',1,
empire1,0x174190c00,fragment,D184AC1F266B710B,agc.main,',1,210
empire1,0x174190c00,fragment,D184AC1F266B710B,agc.main,',1,
empire1,0x174190c00,fragment,D184AC1F266B710B,agc.main,',126,101
empire1,0x174187000,vertex,2D0003307A2DDCE2,agc.main.constant_program,',81,0
empire1,0x174187000,vertex,2D0003307A2DDCE2,agc.main,',63,158
empire1,0x174187000,vertex,2D0003307A2DDCE2,agc.main,',95,252
empire1,0x174187000,vertex,2D0003307A2DDCE2,agc.main,',15,334
empire1,0x174187000,vertex,2D0003307A2DDCE2,agc.main,',1,
empire1,0x174187000,vertex,2D0003307A2DDCE2,agc.main,',1,
empire1,0x174187000,vertex,2D0003307A2DDCE2,agc.main,',3,365
empire1,0x174187000,vertex,2D0003307A2DDCE2,agc.main,',218,
empire1,0x174187000,fragment,DC527BA668D83F94,agc.main.constant_program,',70,280
empire1,0x174187000,fragment,DC527BA668D83F94,agc.main,',4,
empire1,0x174187000,fragment,DC527BA668D83F94,agc.main,',39,80
empire1,0x174187000,fragment,DC527BA668D83F94,agc.main,',17,80
empire1,0x174187000,fragment,DC527BA668D83F94,agc.main,',20,80
empire1,0x174187000,fragment,DC527BA668D83F94,agc.main,',14,
empire1,0x174187000,fragment,DC527BA668D83F94,agc.main,',1,
empire1,0x174187000,fragment,DC527BA668D83F94,agc.main,',1,255
empire1,0x174187000,fragment,DC527BA668D83F94,agc.main,',1,
empire1,0x174187000,fragment,DC527BA668D83F94,agc.main,',163,
empire1,0x174187000,fragment,DC527BA668D83F94,agc.main,',1,
empire1,0x174187000,fragment,DC527BA668D83F94,agc.main,',1,
empire1,0x16b551800,vertex,1B40A8F37A170B65,agc.main.constant_program,',6,0
empire1,0x16b551800,vertex,1B40A8F37A170B65,agc.main,',49,124
empire1,0x16b551800,vertex,1B40A8F37A170B65,agc.main,',3,143
empire1,0x16b551800,vertex,1B40A8F37A170B65,agc.main,',3,147
empire1,0x16b551800,vertex,1B40A8F37A170B65,agc.main,',1,
empire1,0x16b551800,vertex,1B40A8F37A170B65,agc.main,',3,
empire1,0x16b551800,vertex,1B40A8F37A170B65,agc.main,',1,
empire1,0x16b551800,vertex,1B40A8F37A170B65,agc.main,',3,
empire1,0x16b551800,vertex,1B40A8F37A170B65,agc.main,',1,
empire1,0x16b551800,vertex,1B40A8F37A170B65,agc.main,',3,
empire1,0x16b551800,vertex,1B40A8F37A170B65,agc.main,',4,
empire1,0x16b551800,vertex,1B40A8F37A170B65,agc.main,',5,158
empire1,0x16b551800,vertex,1B40A8F37A170B65,agc.main,',3,165
empire1,0x16b551800,vertex,1B40A8F37A170B65,agc.main,',3,169
empire1,0x16b551800,vertex,1B40A8F37A170B65,agc.main,',1,
empire1,0x16b551800,vertex,1B40A8F37A170B65,agc.main,',3,
empire1,0x16b551800,vertex,1B40A8F37A170B65,agc.main,',1,
empire1,0x16b551800,vertex,1B40A8F37A170B65,agc.main,',3,
empire1,0x16b551800,vertex,1B40A8F37A170B65,agc.main,',1,
empire1,0x16b551800,vertex,1B40A8F37A170B65,agc.main,',4,
empire1,0x16b551800,vertex,1B40A8F37A170B65,agc.main,',8,179
empire1,0x16b551800,vertex,1B40A8F37A170B65,agc.main,',1,
empire1,0x16b551800,vertex,1B40A8F37A170B65,agc.main,',46,125
empire1,0x16b551800,fragment,D1B904E519407191,agc.main,',2,23
empire1,0x16b552400,vertex,B5B6D85014F58E9A,agc.main.constant_program,',6,0
empire1,0x16b552400,vertex,B5B6D85014F58E9A,agc.main,',88,116
empire1,0x16b552400,fragment,D1B904E519407191,agc.main,',2,23
empire1,0x174394c00,vertex,72909EDA43C96810,agc.main.constant_program,',6,0
empire1,0x174394c00,vertex,72909EDA43C96810,agc.main,',69,80
empire1,0x174394c00,fragment,B194C9FD14F7FACE,agc.main.constant_program,',114,108
empire1,0x174394c00,fragment,B194C9FD14F7FACE,agc.main,',93,70
empire1,0x15bca5800,vertex,37D7280164AA460A,agc.main.constant_program,',14,68
empire1,0x15bca5800,vertex,37D7280164AA460A,agc.main,',133,
empire1,0x15bca5800,fragment,CD68E5030B8C188A,agc.main,',51,
empire1,0x174222400,vertex,8DD8400F218EC011,agc.main.constant_program,',48,0
empire1,0x174222400,vertex,8DD8400F218EC011,agc.main,',47,162
empire1,0x174222400,vertex,8DD8400F218EC011,agc.main,',1,
empire1,0x174222400,vertex,8DD8400F218EC011,agc.main,',4,189
empire1,0x174222400,vertex,8DD8400F218EC011,agc.main,',1,
empire1,0x174222400,vertex,8DD8400F218EC011,agc.main,',4,193
empire1,0x174222400,vertex,8DD8400F218EC011,agc.main,',1,
empire1,0x174222400,vertex,8DD8400F218EC011,agc.main,',3,
empire1,0x174222400,vertex,8DD8400F218EC011,agc.main,',1,
empire1,0x174222400,vertex,8DD8400F218EC011,agc.main,',1,
empire1,0x174222400,vertex,8DD8400F218EC011,agc.main,',33,163
empire1,0x174222400,vertex,8DD8400F218EC011,agc.main,',95,239
empire1,0x174222400,vertex,8DD8400F218EC011,agc.main,',15,321
empire1,0x174222400,vertex,8DD8400F218EC011,agc.main,',1,
empire1,0x174222400,vertex,8DD8400F218EC011,agc.main,',139,
empire1,0x174222400,fragment,9C9349FD038E4AD0,agc.main.constant_program,',63,206
empire1,0x174222400,fragment,9C9349FD038E4AD0,agc.main,',20,79
empire1,0x174222400,fragment,9C9349FD038E4AD0,agc.main,',20,79
empire1,0x174222400,fragment,9C9349FD038E4AD0,agc.main,',14,
empire1,0x174222400,fragment,9C9349FD038E4AD0,agc.main,',1,
empire1,0x174222400,fragment,9C9349FD038E4AD0,agc.main,',1,181
empire1,0x174222400,fragment,9C9349FD038E4AD0,agc.main,',1,
empire1,0x174222400,fragment,9C9349FD038E4AD0,agc.main,',178,79
empire1,0x17416b000,vertex,DB879FA045206D5C,agc.main.constant_program,',81,0
empire1,0x17416b000,vertex,DB879FA045206D5C,agc.main,',63,156
empire1,0x17416b000,vertex,DB879FA045206D5C,agc.main,',95,227
empire1,0x17416b000,vertex,DB879FA045206D5C,agc.main,',15,309
empire1,0x17416b000,vertex,DB879FA045206D5C,agc.main,',1,
empire1,0x17416b000,vertex,DB879FA045206D5C,agc.main,',1,
empire1,0x17416b000,vertex,DB879FA045206D5C,agc.main,',3,340
empire1,0x17416b000,vertex,DB879FA045206D5C,agc.main,',184,345
empire1,0x17416b000,fragment,F4BE18C4370788AD,agc.main.constant_program,',59,168
empire1,0x17416b000,fragment,F4BE18C4370788AD,agc.main,',4,
empire1,0x17416b000,fragment,F4BE18C4370788AD,agc.main,',38,75
empire1,0x17416b000,fragment,F4BE18C4370788AD,agc.main,',14,75
empire1,0x17416b000,fragment,F4BE18C4370788AD,agc.main,',20,75
empire1,0x17416b000,fragment,F4BE18C4370788AD,agc.main,',14,
empire1,0x17416b000,fragment,F4BE18C4370788AD,agc.main,',1,
empire1,0x17416b000,fragment,F4BE18C4370788AD,agc.main,',1,247
empire1,0x17416b000,fragment,F4BE18C4370788AD,agc.main,',1,
empire1,0x17416b000,fragment,F4BE18C4370788AD,agc.main,',186,
empire1,0x17416b000,fragment,F4BE18C4370788AD,agc.main,',1,
empire1,0x17416b000,fragment,F4BE18C4370788AD,agc.main,',1,
empire1,0x168785800,vertex,37D7280164AA460A,agc.main.constant_program,',14,68
empire1,0x168785800,vertex,37D7280164AA460A,agc.main,',134,
empire1,0x168785800,fragment,33EDB6F482810399,agc.main,',56,
empire1,0x17b2f4000,vertex,C193988139C3BC84,agc.main,',58,
empire1,0x17b2f4000,fragment,D0854CE3F6003FFD,agc.main.constant_program,',84,72
empire1,0x17b2f4000,fragment,D0854CE3F6003FFD,agc.main,',77,46
empire1,0x1741ea400,vertex,9C4F5F26F60487BC,agc.main.constant_program,',44,250
empire1,0x1741ea400,vertex,9C4F5F26F60487BC,agc.main,',87,123
empire1,0x1741ea400,vertex,9C4F5F26F60487BC,agc.main,',73,165
empire1,0x1741ea400,vertex,9C4F5F26F60487BC,agc.main,',1,
empire1,0x1741ea400,vertex,9C4F5F26F60487BC,agc.main,',41,124
empire1,0x1741ea400,vertex,9C4F5F26F60487BC,agc.main,',95,244
empire1,0x1741ea400,vertex,9C4F5F26F60487BC,agc.main,',15,326
empire1,0x1741ea400,vertex,9C4F5F26F60487BC,agc.main,',1,
empire1,0x1741ea400,vertex,9C4F5F26F60487BC,agc.main,',191,355
empire1,0x1741ea400,fragment,188D50A799517AAF,agc.main.constant_program,',50,174
empire1,0x1741ea400,fragment,188D50A799517AAF,agc.main,',21,77
empire1,0x1741ea400,fragment,188D50A799517AAF,agc.main,',20,77
empire1,0x1741ea400,fragment,188D50A799517AAF,agc.main,',14,
empire1,0x1741ea400,fragment,188D50A799517AAF,agc.main,',1,
empire1,0x1741ea400,fragment,188D50A799517AAF,agc.main,',1,221
empire1,0x1741ea400,fragment,188D50A799517AAF,agc.main,',1,
empire1,0x1741ea400,fragment,188D50A799517AAF,agc.main,',254,77
empire1,0x17419f000,vertex,80DF5FBA03B5F00C,agc.main.constant_program,',48,0
empire1,0x17419f000,vertex,80DF5FBA03B5F00C,agc.main,',40,139
empire1,0x17419f000,vertex,80DF5FBA03B5F00C,agc.main,',95,201
empire1,0x17419f000,vertex,80DF5FBA03B5F00C,agc.main,',15,283
empire1,0x17419f000,vertex,80DF5FBA03B5F00C,agc.main,',1,
empire1,0x17419f000,vertex,80DF5FBA03B5F00C,agc.main,',1,
empire1,0x17419f000,vertex,80DF5FBA03B5F00C,agc.main,',3,314
empire1,0x17419f000,vertex,80DF5FBA03B5F00C,agc.main,',220,
empire1,0x17419f000,fragment,D398500030572B2,agc.main.constant_program,',56,115
empire1,0x17419f000,fragment,D398500030572B2,agc.main,',4,
empire1,0x17419f000,fragment,D398500030572B2,agc.main,',39,59
empire1,0x17419f000,fragment,D398500030572B2,agc.main,',14,59
empire1,0x17419f000,fragment,D398500030572B2,agc.main,',20,59
empire1,0x17419f000,fragment,D398500030572B2,agc.main,',14,
empire1,0x17419f000,fragment,D398500030572B2,agc.main,',1,
empire1,0x17419f000,fragment,D398500030572B2,agc.main,',2,59
empire1,0x17419f000,fragment,D398500030572B2,agc.main,',1,
empire1,0x17419f000,fragment,D398500030572B2,agc.main,',125,59
empire1,0x17419f000,fragment,D398500030572B2,agc.main,',1,
empire1,0x17419f000,fragment,D398500030572B2,agc.main,',1,
empire1,0x176401800,vertex,BD70604646654C22,agc.main.constant_program,',12,0
empire1,0x176401800,vertex,BD70604646654C22,agc.main,',70,
empire1,0x176401800,fragment,EDEB96566F435129,agc.main,',56,
empire1,0x1743a9800,vertex,C193988139C3BC84,agc.main,',58,
empire1,0x1743a9800,fragment,A6EC8DD3FDAD4C6E,agc.main.constant_program,',139,81
empire1,0x1743a9800,fragment,A6EC8DD3FDAD4C6E,agc.main,',117,55
empire1,0x176410c00,vertex,408ADCBC4DA4210D,agc.main.constant_program,',25,0
empire1,0x176410c00,vertex,408ADCBC4DA4210D,agc.main,',109,
empire1,0x176410c00,fragment,46DC5A6F854C8B99,agc.main,',85,28
empire1,0x17426d800,vertex,9774F775C75AFF58,agc.main.constant_program,',20,0
empire1,0x17426d800,vertex,9774F775C75AFF58,agc.main,',48,
empire1,0x17426d800,fragment,41D9BA21D7508E63,agc.main.constant_program,',10,43
empire1,0x17426d800,fragment,41D9BA21D7508E63,agc.main,',23,
empire1,0x17437b000,vertex,C193988139C3BC84,agc.main,',58,
empire1,0x17437b000,fragment,8D93CB5787D86000,agc.main.constant_program,',116,87
empire1,0x17437b000,fragment,8D93CB5787D86000,agc.main,',88,51
empire1,0x17b2f6400,vertex,C193988139C3BC84,agc.main,',58,
empire1,0x17b2f6400,fragment,A79416C2A8490414,agc.main.constant_program,',42,69
empire1,0x17b2f6400,fragment,A79416C2A8490414,agc.main,',49,39
empire1,0x174180000,vertex,4A0D8380ECEC865B,agc.main.constant_program,',61,0
empire1,0x174180000,vertex,4A0D8380ECEC865B,agc.main,',154,156
empire1,0x174180000,vertex,4A0D8380ECEC865B,agc.main,',95,279
empire1,0x174180000,vertex,4A0D8380ECEC865B,agc.main,',15,361
empire1,0x174180000,vertex,4A0D8380ECEC865B,agc.main,',1,
empire1,0x174180000,vertex,4A0D8380ECEC865B,agc.main,',1,
empire1,0x174180000,vertex,4A0D8380ECEC865B,agc.main,',3,392
empire1,0x174180000,vertex,4A0D8380ECEC865B,agc.main,',208,0
empire1,0x174180000,fragment,5F656BBB84FAD980,agc.main.constant_program,',59,177
empire1,0x174180000,fragment,5F656BBB84FAD980,agc.main,',4,
empire1,0x174180000,fragment,5F656BBB84FAD980,agc.main,',38,77
empire1,0x174180000,fragment,5F656BBB84FAD980,agc.main,',14,77
empire1,0x174180000,fragment,5F656BBB84FAD980,agc.main,',20,77
empire1,0x174180000,fragment,5F656BBB84FAD980,agc.main,',14,
empire1,0x174180000,fragment,5F656BBB84FAD980,agc.main,',1,
empire1,0x174180000,fragment,5F656BBB84FAD980,agc.main,',1,243
empire1,0x174180000,fragment,5F656BBB84FAD980,agc.main,',1,
empire1,0x174180000,fragment,5F656BBB84FAD980,agc.main,',166,
empire1,0x174180000,fragment,5F656BBB84FAD980,agc.main,',1,
empire1,0x174180000,fragment,5F656BBB84FAD980,agc.main,',1,
empire1,0x17b340000,vertex,C193988139C3BC84,agc.main,',58,
empire1,0x17b340000,fragment,43912D3816DEDB30,agc.main.constant_program,',85,72
empire1,0x17b340000,fragment,43912D3816DEDB30,agc.main,',77,46
empire1,0x1742a9800,vertex,D1EF4F88A533C806,agc.main.constant_program,',44,286
empire1,0x1742a9800,vertex,D1EF4F88A533C806,agc.main,',87,159
empire1,0x1742a9800,vertex,D1EF4F88A533C806,agc.main,',73,201
empire1,0x1742a9800,vertex,D1EF4F88A533C806,agc.main,',1,
empire1,0x1742a9800,vertex,D1EF4F88A533C806,agc.main,',41,160
empire1,0x1742a9800,vertex,D1EF4F88A533C806,agc.main,',95,280
empire1,0x1742a9800,vertex,D1EF4F88A533C806,agc.main,',15,362
empire1,0x1742a9800,vertex,D1EF4F88A533C806,agc.main,',1,
empire1,0x1742a9800,vertex,D1EF4F88A533C806,agc.main,',191,391
empire1,0x1742a9800,fragment,AE7E8102E2F2CBEB,agc.main.constant_program,',43,169
empire1,0x1742a9800,fragment,AE7E8102E2F2CBEB,agc.main,',29,91
empire1,0x1742a9800,fragment,AE7E8102E2F2CBEB,agc.main,',20,91
empire1,0x1742a9800,fragment,AE7E8102E2F2CBEB,agc.main,',14,
empire1,0x1742a9800,fragment,AE7E8102E2F2CBEB,agc.main,',1,
empire1,0x1742a9800,fragment,AE7E8102E2F2CBEB,agc.main,',1,220
empire1,0x1742a9800,fragment,AE7E8102E2F2CBEB,agc.main,',1,
empire1,0x1742a9800,fragment,AE7E8102E2F2CBEB,agc.main,',230,91
empire1,0x174378c00,vertex,C193988139C3BC84,agc.main,',58,
empire1,0x174378c00,fragment,227CD4FB0731032F,agc.main.constant_program,',146,89
empire1,0x174378c00,fragment,227CD4FB0731032F,agc.main,',128,60
empire1,0x176400000,vertex,A3B4DDAA3ED2AE38,agc.main,',104,
empire1,0x176400000,fragment,70C4E390B5467EB4,agc.main,',86,
empire1,0x1741e8c00,vertex,CC7620EBED6C48DE,agc.main.constant_program,',48,0
empire1,0x1741e8c00,vertex,CC7620EBED6C48DE,agc.main,',43,140
empire1,0x1741e8c00,vertex,CC7620EBED6C48DE,agc.main,',95,202
empire1,0x1741e8c00,vertex,CC7620EBED6C48DE,agc.main,',15,284
empire1,0x1741e8c00,vertex,CC7620EBED6C48DE,agc.main,',1,
empire1,0x1741e8c00,vertex,CC7620EBED6C48DE,agc.main,',3,0
empire1,0x1741e8c00,vertex,CC7620EBED6C48DE,agc.main,',3,315
empire1,0x1741e8c00,vertex,CC7620EBED6C48DE,agc.main,',219,
empire1,0x1741e8c00,fragment,74B67F909E32C446,agc.main.constant_program,',52,181
empire1,0x1741e8c00,fragment,74B67F909E32C446,agc.main,',21,110
empire1,0x1741e8c00,fragment,74B67F909E32C446,agc.main,',20,110
empire1,0x1741e8c00,fragment,74B67F909E32C446,agc.main,',14,
empire1,0x1741e8c00,fragment,74B67F909E32C446,agc.main,',1,
empire1,0x1741e8c00,fragment,74B67F909E32C446,agc.main,',1,252
empire1,0x1741e8c00,fragment,74B67F909E32C446,agc.main,',1,
empire1,0x1741e8c00,fragment,74B67F909E32C446,agc.main,',165,110
empire1,0x174193000,vertex,518EE59035279A02,agc.main.constant_program,',44,190
empire1,0x174193000,vertex,518EE59035279A02,agc.main,',45,137
empire1,0x174193000,vertex,518EE59035279A02,agc.main,',95,184
empire1,0x174193000,vertex,518EE59035279A02,agc.main,',15,266
empire1,0x174193000,vertex,518EE59035279A02,agc.main,',1,
empire1,0x174193000,vertex,518EE59035279A02,agc.main,',192,296
empire1,0x174193000,fragment,64FFE712E711D3D5,agc.main.constant_program,',57,184
empire1,0x174193000,fragment,64FFE712E711D3D5,agc.main,',22,110
empire1,0x174193000,fragment,64FFE712E711D3D5,agc.main,',20,110
empire1,0x174193000,fragment,64FFE712E711D3D5,agc.main,',14,
empire1,0x174193000,fragment,64FFE712E711D3D5,agc.main,',1,
empire1,0x174193000,fragment,64FFE712E711D3D5,agc.main,',1,257
empire1,0x174193000,fragment,64FFE712E711D3D5,agc.main,',1,
empire1,0x174193000,fragment,64FFE712E711D3D5,agc.main,',260,110
empire1,0x17b2f5800,vertex,C193988139C3BC84,agc.main,',58,
empire1,0x17b2f5800,fragment,3AA60A6A70C58EA8,agc.main.constant_program,',121,84
empire1,0x17b2f5800,fragment,3AA60A6A70C58EA8,agc.main,',107,56
empire1,0x17435f000,vertex,72909EDA43C96810,agc.main.constant_program,',6,0
empire1,0x17435f000,vertex,72909EDA43C96810,agc.main,',69,80
empire1,0x17435f000,fragment,636B5ED715A13F15,agc.main.constant_program,',173,131
empire1,0x17435f000,fragment,636B5ED715A13F15,agc.main,',153,93
empire2,0x17b247000,vertex,1F05412574446FA1,agc.main.constant_program,',24,0
empire2,0x17b247000,vertex,1F05412574446FA1,agc.main,',43,87
empire2,0x17b247000,vertex,1F05412574446FA1,agc.main,',30,144
empire2,0x17b247000,vertex,1F05412574446FA1,agc.main,',21,
empire2,0x17b247000,vertex,1F05412574446FA1,agc.main,',1,
empire2,0x17b247000,vertex,1F05412574446FA1,agc.main,',188,89
empire2,0x17b247000,fragment,6540E2867800AF53,agc.main.constant_program,',141,214
empire2,0x17b247000,fragment,6540E2867800AF53,agc.main,',25,85
empire2,0x17b247000,fragment,6540E2867800AF53,agc.main,',23,85
empire2,0x17b247000,fragment,6540E2867800AF53,agc.main,',2,245
empire2,0x17b247000,fragment,6540E2867800AF53,agc.main,',25,246
empire2,0x17b247000,fragment,6540E2867800AF53,agc.main,',4,
empire2,0x17b247000,fragment,6540E2867800AF53,agc.main,',12,262
empire2,0x17b247000,fragment,6540E2867800AF53,agc.main,',1,
empire2,0x17b247000,fragment,6540E2867800AF53,agc.main,',3,276
empire2,0x17b247000,fragment,6540E2867800AF53,agc.main,',1,
empire2,0x17b247000,fragment,6540E2867800AF53,agc.main,',1,282
empire2,0x17b247000,fragment,6540E2867800AF53,agc.main,',27,
empire2,0x17b247000,fragment,6540E2867800AF53,agc.main,',1,
empire2,0x17b247000,fragment,6540E2867800AF53,agc.main,',4,
empire2,0x17b247000,fragment,6540E2867800AF53,agc.main,',35,334
empire2,0x17b247000,fragment,6540E2867800AF53,agc.main,',1,
empire2,0x17b247000,fragment,6540E2867800AF53,agc.main,',129,
empire2,0x17b247000,fragment,6540E2867800AF53,agc.main,',15,469
empire2,0x17b247000,fragment,6540E2867800AF53,agc.main,',1,
empire2,0x17b247000,fragment,6540E2867800AF53,agc.main,',162,85
empire2,0x17b386400,vertex,99EF5128A8DD78BE,agc.main.constant_program,',20,0
empire2,0x17b386400,vertex,99EF5128A8DD78BE,agc.main,',86,111
empire2,0x17b386400,vertex,99EF5128A8DD78BE,agc.main,',73,153
empire2,0x17b386400,vertex,99EF5128A8DD78BE,agc.main,',1,
empire2,0x17b386400,vertex,99EF5128A8DD78BE,agc.main,',38,112
empire2,0x17b386400,vertex,99EF5128A8DD78BE,agc.main,',27,227
empire2,0x17b386400,vertex,99EF5128A8DD78BE,agc.main,',17,
empire2,0x17b386400,vertex,99EF5128A8DD78BE,agc.main,',174,195
empire2,0x17b386400,fragment,DC296B865FA66B4C,agc.main.constant_program,',159,208
empire2,0x17b386400,fragment,DC296B865FA66B4C,agc.main,',18,88
empire2,0x17b386400,fragment,DC296B865FA66B4C,agc.main,',23,88
empire2,0x17b386400,fragment,DC296B865FA66B4C,agc.main,',2,253
empire2,0x17b386400,fragment,DC296B865FA66B4C,agc.main,',25,254
empire2,0x17b386400,fragment,DC296B865FA66B4C,agc.main,',4,
empire2,0x17b386400,fragment,DC296B865FA66B4C,agc.main,',12,270
empire2,0x17b386400,fragment,DC296B865FA66B4C,agc.main,',1,
empire2,0x17b386400,fragment,DC296B865FA66B4C,agc.main,',3,284
empire2,0x17b386400,fragment,DC296B865FA66B4C,agc.main,',1,
empire2,0x17b386400,fragment,DC296B865FA66B4C,agc.main,',1,290
empire2,0x17b386400,fragment,DC296B865FA66B4C,agc.main,',27,
empire2,0x17b386400,fragment,DC296B865FA66B4C,agc.main,',1,
empire2,0x17b386400,fragment,DC296B865FA66B4C,agc.main,',81,88
empire2,0x17b386400,fragment,DC296B865FA66B4C,agc.main,',35,400
empire2,0x17b386400,fragment,DC296B865FA66B4C,agc.main,',1,
empire2,0x17b386400,fragment,DC296B865FA66B4C,agc.main,',130,
empire2,0x17b386400,fragment,DC296B865FA66B4C,agc.main,',15,535
empire2,0x17b386400,fragment,DC296B865FA66B4C,agc.main,',1,
empire2,0x17b386400,fragment,DC296B865FA66B4C,agc.main,',166,88
empire2,0x17b29b000,vertex,A5471301C9A914FE,agc.main.constant_program,',20,0
empire2,0x17b29b000,vertex,A5471301C9A914FE,agc.main,',40,127
empire2,0x17b29b000,vertex,A5471301C9A914FE,agc.main,',30,194
empire2,0x17b29b000,vertex,A5471301C9A914FE,agc.main,',21,
empire2,0x17b29b000,vertex,A5471301C9A914FE,agc.main,',1,
empire2,0x17b29b000,vertex,A5471301C9A914FE,agc.main,',204,129
empire2,0x17b29b000,fragment,90DD8BBE11E20C25,agc.main.constant_program,',152,232
empire2,0x17b29b000,fragment,90DD8BBE11E20C25,agc.main,',4,
empire2,0x17b29b000,fragment,90DD8BBE11E20C25,agc.main,',36,98
empire2,0x17b29b000,fragment,90DD8BBE11E20C25,agc.main,',11,98
empire2,0x17b29b000,fragment,90DD8BBE11E20C25,agc.main,',23,98
empire2,0x17b29b000,fragment,90DD8BBE11E20C25,agc.main,',2,288
empire2,0x17b29b000,fragment,90DD8BBE11E20C25,agc.main,',25,289
empire2,0x17b29b000,fragment,90DD8BBE11E20C25,agc.main,',4,
empire2,0x17b29b000,fragment,90DD8BBE11E20C25,agc.main,',12,305
empire2,0x17b29b000,fragment,90DD8BBE11E20C25,agc.main,',1,
empire2,0x17b29b000,fragment,90DD8BBE11E20C25,agc.main,',3,319
empire2,0x17b29b000,fragment,90DD8BBE11E20C25,agc.main,',1,
empire2,0x17b29b000,fragment,90DD8BBE11E20C25,agc.main,',1,325
empire2,0x17b29b000,fragment,90DD8BBE11E20C25,agc.main,',27,
empire2,0x17b29b000,fragment,90DD8BBE11E20C25,agc.main,',1,
empire2,0x17b29b000,fragment,90DD8BBE11E20C25,agc.main,',2,
empire2,0x17b29b000,fragment,90DD8BBE11E20C25,agc.main,',34,382
empire2,0x17b29b000,fragment,90DD8BBE11E20C25,agc.main,',1,
empire2,0x17b29b000,fragment,90DD8BBE11E20C25,agc.main,',129,
empire2,0x17b29b000,fragment,90DD8BBE11E20C25,agc.main,',15,517
empire2,0x17b29b000,fragment,90DD8BBE11E20C25,agc.main,',1,
empire2,0x17b29b000,fragment,90DD8BBE11E20C25,agc.main,',159,98
empire2,0x17b29b000,fragment,90DD8BBE11E20C25,agc.main,',1,
empire2,0x17b29b000,fragment,90DD8BBE11E20C25,agc.main,',1,
empire2,0x171322400,vertex,1E7EF532F18FDDAF,agc.main.constant_program,',20,0
empire2,0x171322400,vertex,1E7EF532F18FDDAF,agc.main,',42,85
empire2,0x171322400,vertex,1E7EF532F18FDDAF,agc.main,',27,119
empire2,0x171322400,vertex,1E7EF532F18FDDAF,agc.main,',17,
empire2,0x171322400,vertex,1E7EF532F18FDDAF,agc.main,',161,87
empire2,0x171322400,fragment,11B7E8526834AE51,agc.main.constant_program,',159,184
empire2,0x171322400,fragment,11B7E8526834AE51,agc.main,',26,91
empire2,0x171322400,fragment,11B7E8526834AE51,agc.main,',23,91
empire2,0x171322400,fragment,11B7E8526834AE51,agc.main,',2,271
empire2,0x171322400,fragment,11B7E8526834AE51,agc.main,',25,272
empire2,0x171322400,fragment,11B7E8526834AE51,agc.main,',4,
empire2,0x171322400,fragment,11B7E8526834AE51,agc.main,',12,288
empire2,0x171322400,fragment,11B7E8526834AE51,agc.main,',1,
empire2,0x171322400,fragment,11B7E8526834AE51,agc.main,',3,302
empire2,0x171322400,fragment,11B7E8526834AE51,agc.main,',1,
empire2,0x171322400,fragment,11B7E8526834AE51,agc.main,',1,308
empire2,0x171322400,fragment,11B7E8526834AE51,agc.main,',27,
empire2,0x171322400,fragment,11B7E8526834AE51,agc.main,',1,
empire2,0x171322400,fragment,11B7E8526834AE51,agc.main,',81,91
empire2,0x171322400,fragment,11B7E8526834AE51,agc.main,',35,413
empire2,0x171322400,fragment,11B7E8526834AE51,agc.main,',1,
empire2,0x171322400,fragment,11B7E8526834AE51,agc.main,',130,
empire2,0x171322400,fragment,11B7E8526834AE51,agc.main,',15,548
empire2,0x171322400,fragment,11B7E8526834AE51,agc.main,',1,
empire2,0x171322400,fragment,11B7E8526834AE51,agc.main,',171,91
empire2,0x17c10b000,vertex,E2D1B6F77DE47514,agc.main,',45,
empire2,0x17c10b000,fragment,A9FC0B13C9C056C3,agc.main.constant_program,',11,48
empire2,0x17c10b000,fragment,A9FC0B13C9C056C3,agc.main,',363,29
empire2,0x17e008c00,vertex,4A50C017BC1680B1,agc.main.constant_program,',78,66
empire2,0x17e008c00,vertex,4A50C017BC1680B1,agc.main,',101,
empire2,0x17e008c00,fragment,55D6E02D88377CC7,agc.main.constant_program,',49,97
empire2,0x17e008c00,fragment,55D6E02D88377CC7,agc.main,',70,41
empire2,0x17b29a400,vertex,E31D63387007CEC0,agc.main.constant_program,',33,0
empire2,0x17b29a400,vertex,E31D63387007CEC0,agc.main,',157,140
empire2,0x17b29a400,vertex,E31D63387007CEC0,agc.main,',30,259
empire2,0x17b29a400,vertex,E31D63387007CEC0,agc.main,',21,
empire2,0x17b29a400,vertex,E31D63387007CEC0,agc.main,',1,
empire2,0x17b29a400,vertex,E31D63387007CEC0,agc.main,',183,142
empire2,0x17b29a400,fragment,90DD8BBE11E20C25,agc.main.constant_program,',152,232
empire2,0x17b29a400,fragment,90DD8BBE11E20C25,agc.main,',4,
empire2,0x17b29a400,fragment,90DD8BBE11E20C25,agc.main,',36,98
empire2,0x17b29a400,fragment,90DD8BBE11E20C25,agc.main,',11,98
empire2,0x17b29a400,fragment,90DD8BBE11E20C25,agc.main,',23,98
empire2,0x17b29a400,fragment,90DD8BBE11E20C25,agc.main,',2,288
empire2,0x17b29a400,fragment,90DD8BBE11E20C25,agc.main,',25,289
empire2,0x17b29a400,fragment,90DD8BBE11E20C25,agc.main,',4,
empire2,0x17b29a400,fragment,90DD8BBE11E20C25,agc.main,',12,305
empire2,0x17b29a400,fragment,90DD8BBE11E20C25,agc.main,',1,
empire2,0x17b29a400,fragment,90DD8BBE11E20C25,agc.main,',3,319
empire2,0x17b29a400,fragment,90DD8BBE11E20C25,agc.main,',1,
empire2,0x17b29a400,fragment,90DD8BBE11E20C25,agc.main,',1,325
empire2,0x17b29a400,fragment,90DD8BBE11E20C25,agc.main,',27,
empire2,0x17b29a400,fragment,90DD8BBE11E20C25,agc.main,',1,
empire2,0x17b29a400,fragment,90DD8BBE11E20C25,agc.main,',2,
empire2,0x17b29a400,fragment,90DD8BBE11E20C25,agc.main,',34,382
empire2,0x17b29a400,fragment,90DD8BBE11E20C25,agc.main,',1,
empire2,0x17b29a400,fragment,90DD8BBE11E20C25,agc.main,',129,
empire2,0x17b29a400,fragment,90DD8BBE11E20C25,agc.main,',15,517
empire2,0x17b29a400,fragment,90DD8BBE11E20C25,agc.main,',1,
empire2,0x17b29a400,fragment,90DD8BBE11E20C25,agc.main,',159,98
empire2,0x17b29a400,fragment,90DD8BBE11E20C25,agc.main,',1,
empire2,0x17b29a400,fragment,90DD8BBE11E20C25,agc.main,',1,
empire2,0x17b2ee400,vertex,4419AD67EC5DFFAF,agc.main.constant_program,',33,0
empire2,0x17b2ee400,vertex,4419AD67EC5DFFAF,agc.main,',157,137
empire2,0x17b2ee400,vertex,4419AD67EC5DFFAF,agc.main,',30,249
empire2,0x17b2ee400,vertex,4419AD67EC5DFFAF,agc.main,',21,
empire2,0x17b2ee400,vertex,4419AD67EC5DFFAF,agc.main,',1,
empire2,0x17b2ee400,vertex,4419AD67EC5DFFAF,agc.main,',177,139
empire2,0x17b2ee400,fragment,98BC6F212AB2AB07,agc.main.constant_program,',152,217
empire2,0x17b2ee400,fragment,98BC6F212AB2AB07,agc.main,',4,
empire2,0x17b2ee400,fragment,98BC6F212AB2AB07,agc.main,',36,96
empire2,0x17b2ee400,fragment,98BC6F212AB2AB07,agc.main,',11,96
empire2,0x17b2ee400,fragment,98BC6F212AB2AB07,agc.main,',23,96
empire2,0x17b2ee400,fragment,98BC6F212AB2AB07,agc.main,',2,273
empire2,0x17b2ee400,fragment,98BC6F212AB2AB07,agc.main,',25,274
empire2,0x17b2ee400,fragment,98BC6F212AB2AB07,agc.main,',4,
empire2,0x17b2ee400,fragment,98BC6F212AB2AB07,agc.main,',12,290
empire2,0x17b2ee400,fragment,98BC6F212AB2AB07,agc.main,',1,
empire2,0x17b2ee400,fragment,98BC6F212AB2AB07,agc.main,',3,304
empire2,0x17b2ee400,fragment,98BC6F212AB2AB07,agc.main,',1,
empire2,0x17b2ee400,fragment,98BC6F212AB2AB07,agc.main,',1,310
empire2,0x17b2ee400,fragment,98BC6F212AB2AB07,agc.main,',27,
empire2,0x17b2ee400,fragment,98BC6F212AB2AB07,agc.main,',1,
empire2,0x17b2ee400,fragment,98BC6F212AB2AB07,agc.main,',2,
empire2,0x17b2ee400,fragment,98BC6F212AB2AB07,agc.main,',34,367
empire2,0x17b2ee400,fragment,98BC6F212AB2AB07,agc.main,',1,
empire2,0x17b2ee400,fragment,98BC6F212AB2AB07,agc.main,',129,
empire2,0x17b2ee400,fragment,98BC6F212AB2AB07,agc.main,',15,502
empire2,0x17b2ee400,fragment,98BC6F212AB2AB07,agc.main,',1,
empire2,0x17b2ee400,fragment,98BC6F212AB2AB07,agc.main,',142,96
empire2,0x17b2ee400,fragment,98BC6F212AB2AB07,agc.main,',1,
empire2,0x17b2ee400,fragment,98BC6F212AB2AB07,agc.main,',1,
empire2,0x14387f000,vertex,FF75455F6679637C,agc.main.constant_program,',156,113
empire2,0x14387f000,vertex,FF75455F6679637C,agc.main,',66,
empire2,0x14387f000,vertex,FF75455F6679637C,agc.main,',41,89
empire2,0x14387f000,vertex,FF75455F6679637C,agc.main,',1,
empire2,0x14387f000,vertex,FF75455F6679637C,agc.main,',7,0
empire2,0x14387f000,vertex,FF75455F6679637C,agc.main,',42,
empire2,0x14387f000,vertex,FF75455F6679637C,agc.main,',8,115
empire2,0x14387f000,vertex,FF75455F6679637C,agc.main,',1,
empire2,0x14387f000,vertex,FF75455F6679637C,agc.main,',60,81
empire2,0x14387f000,fragment,204082A3AA1BC90A,agc.main.constant_program,',6,98
empire2,0x14387f000,fragment,204082A3AA1BC90A,agc.main,',8,0
empire2,0x14387f000,fragment,204082A3AA1BC90A,agc.main,',5,
empire2,0x14387f000,fragment,204082A3AA1BC90A,agc.main,',1,
empire2,0x14387f000,fragment,204082A3AA1BC90A,agc.main,',15,38
empire2,0x14387f000,fragment,204082A3AA1BC90A,agc.main,',6,
empire2,0x14387f000,fragment,204082A3AA1BC90A,agc.main,',5,
empire2,0x14387f000,fragment,204082A3AA1BC90A,agc.main,',1,
empire2,0x14387f000,fragment,204082A3AA1BC90A,agc.main,',6,
empire2,0x17b2ed800,vertex,DC308D1AF7BF025C,agc.main.constant_program,',20,0
empire2,0x17b2ed800,vertex,DC308D1AF7BF025C,agc.main,',37,122
empire2,0x17b2ed800,vertex,DC308D1AF7BF025C,agc.main,',30,179
empire2,0x17b2ed800,vertex,DC308D1AF7BF025C,agc.main,',21,
empire2,0x17b2ed800,vertex,DC308D1AF7BF025C,agc.main,',1,
empire2,0x17b2ed800,vertex,DC308D1AF7BF025C,agc.main,',195,216
empire2,0x17b2ed800,fragment,735A994C4DBEB7A0,agc.main.constant_program,',145,181
empire2,0x17b2ed800,fragment,735A994C4DBEB7A0,agc.main,',4,
empire2,0x17b2ed800,fragment,735A994C4DBEB7A0,agc.main,',37,93
empire2,0x17b2ed800,fragment,735A994C4DBEB7A0,agc.main,',11,93
empire2,0x17b2ed800,fragment,735A994C4DBEB7A0,agc.main,',23,93
empire2,0x17b2ed800,fragment,735A994C4DBEB7A0,agc.main,',2,268
empire2,0x17b2ed800,fragment,735A994C4DBEB7A0,agc.main,',25,269
empire2,0x17b2ed800,fragment,735A994C4DBEB7A0,agc.main,',4,
empire2,0x17b2ed800,fragment,735A994C4DBEB7A0,agc.main,',12,285
empire2,0x17b2ed800,fragment,735A994C4DBEB7A0,agc.main,',1,
empire2,0x17b2ed800,fragment,735A994C4DBEB7A0,agc.main,',4,299
empire2,0x17b2ed800,fragment,735A994C4DBEB7A0,agc.main,',1,
empire2,0x17b2ed800,fragment,735A994C4DBEB7A0,agc.main,',2,
empire2,0x17b2ed800,fragment,735A994C4DBEB7A0,agc.main,',34,341
empire2,0x17b2ed800,fragment,735A994C4DBEB7A0,agc.main,',1,
empire2,0x17b2ed800,fragment,735A994C4DBEB7A0,agc.main,',129,
empire2,0x17b2ed800,fragment,735A994C4DBEB7A0,agc.main,',15,476
empire2,0x17b2ed800,fragment,735A994C4DBEB7A0,agc.main,',1,
empire2,0x17b2ed800,fragment,735A994C4DBEB7A0,agc.main,',144,93
empire2,0x17b2ed800,fragment,735A994C4DBEB7A0,agc.main,',1,
empire2,0x17b2ed800,fragment,735A994C4DBEB7A0,agc.main,',1,
empire2,0x17c14c000,vertex,BD70604646654C22,agc.main.constant_program,',12,0
empire2,0x17c14c000,vertex,BD70604646654C22,agc.main,',70,
empire2,0x17c14c000,fragment,EDEB96566F435129,agc.main,',56,
empire2,0x17c0c4c00,vertex,7165489D9CC05C9D,agc.main,',72,
empire2,0x17c0c4c00,fragment,28AB1DF27C3B3F8C,agc.main.constant_program,',121,88
empire2,0x17c0c4c00,fragment,28AB1DF27C3B3F8C,agc.main,',125,57
empire2,0x17c030c00,vertex,B70C9B8C3CB291A8,agc.main,',58,
empire2,0x17c030c00,fragment,A823E8B0C4DC2A2E,agc.main.constant_program,',109,89
empire2,0x17c030c00,fragment,A823E8B0C4DC2A2E,agc.main,',103,49
empire2,0x17b34c000,vertex,E76E1AAEEE0FE6B3,agc.main.constant_program,',20,0
empire2,0x17b34c000,vertex,E76E1AAEEE0FE6B3,agc.main,',42,126
empire2,0x17b34c000,vertex,E76E1AAEEE0FE6B3,agc.main,',27,160
empire2,0x17b34c000,vertex,E76E1AAEEE0FE6B3,agc.main,',17,
empire2,0x17b34c000,vertex,E76E1AAEEE0FE6B3,agc.main,',175,207
empire2,0x17b34c000,fragment,3CAB235BF378FDC9,agc.main.constant_program,',169,256
empire2,0x17b34c000,fragment,3CAB235BF378FDC9,agc.main,',20,134
empire2,0x17b34c000,fragment,3CAB235BF378FDC9,agc.main,',23,134
empire2,0x17b34c000,fragment,3CAB235BF378FDC9,agc.main,',2,302
empire2,0x17b34c000,fragment,3CAB235BF378FDC9,agc.main,',25,303
empire2,0x17b34c000,fragment,3CAB235BF378FDC9,agc.main,',4,
empire2,0x17b34c000,fragment,3CAB235BF378FDC9,agc.main,',12,319
empire2,0x17b34c000,fragment,3CAB235BF378FDC9,agc.main,',1,
empire2,0x17b34c000,fragment,3CAB235BF378FDC9,agc.main,',3,333
empire2,0x17b34c000,fragment,3CAB235BF378FDC9,agc.main,',1,
empire2,0x17b34c000,fragment,3CAB235BF378FDC9,agc.main,',1,339
empire2,0x17b34c000,fragment,3CAB235BF378FDC9,agc.main,',27,
empire2,0x17b34c000,fragment,3CAB235BF378FDC9,agc.main,',1,
empire2,0x17b34c000,fragment,3CAB235BF378FDC9,agc.main,',81,134
empire2,0x17b34c000,fragment,3CAB235BF378FDC9,agc.main,',35,456
empire2,0x17b34c000,fragment,3CAB235BF378FDC9,agc.main,',1,
empire2,0x17b34c000,fragment,3CAB235BF378FDC9,agc.main,',130,
empire2,0x17b34c000,fragment,3CAB235BF378FDC9,agc.main,',15,591
empire2,0x17b34c000,fragment,3CAB235BF378FDC9,agc.main,',1,
empire2,0x17b34c000,fragment,3CAB235BF378FDC9,agc.main,',172,134
empire2,0x17c033000,vertex,B70C9B8C3CB291A8,agc.main,',58,
empire2,0x17c033000,fragment,DDF102376784B008,agc.main.constant_program,',81,81
empire2,0x17c033000,fragment,DDF102376784B008,agc.main,',70,44
empire2,0x17b245800,vertex,E0A8D0BC44A2BF3B,agc.main.constant_program,',53,0
empire2,0x17b245800,vertex,E0A8D0BC44A2BF3B,agc.main,',63,142
empire2,0x17b245800,vertex,E0A8D0BC44A2BF3B,agc.main,',30,232
empire2,0x17b245800,vertex,E0A8D0BC44A2BF3B,agc.main,',21,
empire2,0x17b245800,vertex,E0A8D0BC44A2BF3B,agc.main,',1,
empire2,0x17b245800,vertex,E0A8D0BC44A2BF3B,agc.main,',195,270
empire2,0x17b245800,fragment,B5938A74A6D4BC6,agc.main.constant_program,',154,263
empire2,0x17b245800,fragment,B5938A74A6D4BC6,agc.main,',4,
empire2,0x17b245800,fragment,B5938A74A6D4BC6,agc.main,',37,99
empire2,0x17b245800,fragment,B5938A74A6D4BC6,agc.main,',14,99
empire2,0x17b245800,fragment,B5938A74A6D4BC6,agc.main,',24,99
empire2,0x17b245800,fragment,B5938A74A6D4BC6,agc.main,',2,290
empire2,0x17b245800,fragment,B5938A74A6D4BC6,agc.main,',25,291
empire2,0x17b245800,fragment,B5938A74A6D4BC6,agc.main,',4,
empire2,0x17b245800,fragment,B5938A74A6D4BC6,agc.main,',13,307
empire2,0x17b245800,fragment,B5938A74A6D4BC6,agc.main,',1,
empire2,0x17b245800,fragment,B5938A74A6D4BC6,agc.main,',3,321
empire2,0x17b245800,fragment,B5938A74A6D4BC6,agc.main,',1,
empire2,0x17b245800,fragment,B5938A74A6D4BC6,agc.main,',1,327
empire2,0x17b245800,fragment,B5938A74A6D4BC6,agc.main,',27,
empire2,0x17b245800,fragment,B5938A74A6D4BC6,agc.main,',1,
empire2,0x17b245800,fragment,B5938A74A6D4BC6,agc.main,',2,
empire2,0x17b245800,fragment,B5938A74A6D4BC6,agc.main,',35,384
empire2,0x17b245800,fragment,B5938A74A6D4BC6,agc.main,',1,
empire2,0x17b245800,fragment,B5938A74A6D4BC6,agc.main,',129,
empire2,0x17b245800,fragment,B5938A74A6D4BC6,agc.main,',16,519
empire2,0x17b245800,fragment,B5938A74A6D4BC6,agc.main,',1,
empire2,0x17b245800,fragment,B5938A74A6D4BC6,agc.main,',148,99
empire2,0x17b245800,fragment,B5938A74A6D4BC6,agc.main,',1,
empire2,0x17b245800,fragment,B5938A74A6D4BC6,agc.main,',1,
empire2,0x17b244000,vertex,FC5D17909A869C1A,agc.main.constant_program,',24,0
empire2,0x17b244000,vertex,FC5D17909A869C1A,agc.main,',43,123
empire2,0x17b244000,vertex,FC5D17909A869C1A,agc.main,',30,180
empire2,0x17b244000,vertex,FC5D17909A869C1A,agc.main,',21,
empire2,0x17b244000,vertex,FC5D17909A869C1A,agc.main,',1,
empire2,0x17b244000,vertex,FC5D17909A869C1A,agc.main,',194,125
empire2,0x17b244000,fragment,FDA8C747A5187008,agc.main.constant_program,',152,254
empire2,0x17b244000,fragment,FDA8C747A5187008,agc.main,',19,131
empire2,0x17b244000,fragment,FDA8C747A5187008,agc.main,',23,131
empire2,0x17b244000,fragment,FDA8C747A5187008,agc.main,',2,287
empire2,0x17b244000,fragment,FDA8C747A5187008,agc.main,',25,288
empire2,0x17b244000,fragment,FDA8C747A5187008,agc.main,',4,
empire2,0x17b244000,fragment,FDA8C747A5187008,agc.main,',12,304
empire2,0x17b244000,fragment,FDA8C747A5187008,agc.main,',1,
empire2,0x17b244000,fragment,FDA8C747A5187008,agc.main,',3,318
empire2,0x17b244000,fragment,FDA8C747A5187008,agc.main,',1,
empire2,0x17b244000,fragment,FDA8C747A5187008,agc.main,',1,324
empire2,0x17b244000,fragment,FDA8C747A5187008,agc.main,',27,
empire2,0x17b244000,fragment,FDA8C747A5187008,agc.main,',1,
empire2,0x17b244000,fragment,FDA8C747A5187008,agc.main,',3,
empire2,0x17b244000,fragment,FDA8C747A5187008,agc.main,',35,381
empire2,0x17b244000,fragment,FDA8C747A5187008,agc.main,',1,
empire2,0x17b244000,fragment,FDA8C747A5187008,agc.main,',129,
empire2,0x17b244000,fragment,FDA8C747A5187008,agc.main,',15,516
empire2,0x17b244000,fragment,FDA8C747A5187008,agc.main,',1,
empire2,0x17b244000,fragment,FDA8C747A5187008,agc.main,',147,131
empire2,0x17e01a400,vertex,E0A8D0BC44A2BF3B,agc.main.constant_program,',53,0
empire2,0x17e01a400,vertex,E0A8D0BC44A2BF3B,agc.main,',63,142
empire2,0x17e01a400,vertex,E0A8D0BC44A2BF3B,agc.main,',30,232
empire2,0x17e01a400,vertex,E0A8D0BC44A2BF3B,agc.main,',21,
empire2,0x17e01a400,vertex,E0A8D0BC44A2BF3B,agc.main,',1,
empire2,0x17e01a400,vertex,E0A8D0BC44A2BF3B,agc.main,',195,270
empire2,0x17e01a400,fragment,3B4BA408BF949A09,agc.main.constant_program,',163,276
empire2,0x17e01a400,fragment,3B4BA408BF949A09,agc.main,',4,
empire2,0x17e01a400,fragment,3B4BA408BF949A09,agc.main,',37,102
empire2,0x17e01a400,fragment,3B4BA408BF949A09,agc.main,',14,102
empire2,0x17e01a400,fragment,3B4BA408BF949A09,agc.main,',24,102
empire2,0x17e01a400,fragment,3B4BA408BF949A09,agc.main,',2,303
empire2,0x17e01a400,fragment,3B4BA408BF949A09,agc.main,',25,304
empire2,0x17e01a400,fragment,3B4BA408BF949A09,agc.main,',4,
empire2,0x17e01a400,fragment,3B4BA408BF949A09,agc.main,',13,320
empire2,0x17e01a400,fragment,3B4BA408BF949A09,agc.main,',1,
empire2,0x17e01a400,fragment,3B4BA408BF949A09,agc.main,',3,334
empire2,0x17e01a400,fragment,3B4BA408BF949A09,agc.main,',1,
empire2,0x17e01a400,fragment,3B4BA408BF949A09,agc.main,',1,340
empire2,0x17e01a400,fragment,3B4BA408BF949A09,agc.main,',27,
empire2,0x17e01a400,fragment,3B4BA408BF949A09,agc.main,',1,
empire2,0x17e01a400,fragment,3B4BA408BF949A09,agc.main,',2,
empire2,0x17e01a400,fragment,3B4BA408BF949A09,agc.main,',35,397
empire2,0x17e01a400,fragment,3B4BA408BF949A09,agc.main,',1,
empire2,0x17e01a400,fragment,3B4BA408BF949A09,agc.main,',129,
empire2,0x17e01a400,fragment,3B4BA408BF949A09,agc.main,',16,532
empire2,0x17e01a400,fragment,3B4BA408BF949A09,agc.main,',1,
empire2,0x17e01a400,fragment,3B4BA408BF949A09,agc.main,',156,102
empire2,0x17e01a400,fragment,3B4BA408BF949A09,agc.main,',1,
empire2,0x17e01a400,fragment,3B4BA408BF949A09,agc.main,',1,
empire2,0x17b239800,vertex,4419AD67EC5DFFAF,agc.main.constant_program,',37,0
empire2,0x17b239800,vertex,4419AD67EC5DFFAF,agc.main,',155,137
empire2,0x17b239800,vertex,4419AD67EC5DFFAF,agc.main,',30,249
empire2,0x17b239800,vertex,4419AD67EC5DFFAF,agc.main,',21,
empire2,0x17b239800,vertex,4419AD67EC5DFFAF,agc.main,',1,
empire2,0x17b239800,vertex,4419AD67EC5DFFAF,agc.main,',178,139
empire2,0x17b239800,fragment,98BC6F212AB2AB07,agc.main.constant_program,',152,217
empire2,0x17b239800,fragment,98BC6F212AB2AB07,agc.main,',4,
empire2,0x17b239800,fragment,98BC6F212AB2AB07,agc.main,',36,96
empire2,0x17b239800,fragment,98BC6F212AB2AB07,agc.main,',11,96
empire2,0x17b239800,fragment,98BC6F212AB2AB07,agc.main,',23,96
empire2,0x17b239800,fragment,98BC6F212AB2AB07,agc.main,',2,273
empire2,0x17b239800,fragment,98BC6F212AB2AB07,agc.main,',25,274
empire2,0x17b239800,fragment,98BC6F212AB2AB07,agc.main,',4,
empire2,0x17b239800,fragment,98BC6F212AB2AB07,agc.main,',12,290
empire2,0x17b239800,fragment,98BC6F212AB2AB07,agc.main,',1,
empire2,0x17b239800,fragment,98BC6F212AB2AB07,agc.main,',3,304
empire2,0x17b239800,fragment,98BC6F212AB2AB07,agc.main,',1,
empire2,0x17b239800,fragment,98BC6F212AB2AB07,agc.main,',1,310
empire2,0x17b239800,fragment,98BC6F212AB2AB07,agc.main,',27,
empire2,0x17b239800,fragment,98BC6F212AB2AB07,agc.main,',1,
empire2,0x17b239800,fragment,98BC6F212AB2AB07,agc.main,',2,
empire2,0x17b239800,fragment,98BC6F212AB2AB07,agc.main,',34,367
empire2,0x17b239800,fragment,98BC6F212AB2AB07,agc.main,',1,
empire2,0x17b239800,fragment,98BC6F212AB2AB07,agc.main,',129,
empire2,0x17b239800,fragment,98BC6F212AB2AB07,agc.main,',15,502
empire2,0x17b239800,fragment,98BC6F212AB2AB07,agc.main,',1,
empire2,0x17b239800,fragment,98BC6F212AB2AB07,agc.main,',142,96
empire2,0x17b239800,fragment,98BC6F212AB2AB07,agc.main,',1,
empire2,0x17b239800,fragment,98BC6F212AB2AB07,agc.main,',1,
empire2,0x17b3a8c00,vertex,E633F210C5A48E31,agc.main.constant_program,',53,0
empire2,0x17b3a8c00,vertex,E633F210C5A48E31,agc.main,',66,144
empire2,0x17b3a8c00,vertex,E633F210C5A48E31,agc.main,',27,218
empire2,0x17b3a8c00,vertex,E633F210C5A48E31,agc.main,',17,
empire2,0x17b3a8c00,vertex,E633F210C5A48E31,agc.main,',167,146
empire2,0x17b3a8c00,fragment,3763AC95B0BD53FA,agc.main.constant_program,',182,242
empire2,0x17b3a8c00,fragment,3763AC95B0BD53FA,agc.main,',4,
empire2,0x17b3a8c00,fragment,3763AC95B0BD53FA,agc.main,',36,109
empire2,0x17b3a8c00,fragment,3763AC95B0BD53FA,agc.main,',11,109
empire2,0x17b3a8c00,fragment,3763AC95B0BD53FA,agc.main,',24,109
empire2,0x17b3a8c00,fragment,3763AC95B0BD53FA,agc.main,',2,386
empire2,0x17b3a8c00,fragment,3763AC95B0BD53FA,agc.main,',25,387
empire2,0x17b3a8c00,fragment,3763AC95B0BD53FA,agc.main,',4,
empire2,0x17b3a8c00,fragment,3763AC95B0BD53FA,agc.main,',13,403
empire2,0x17b3a8c00,fragment,3763AC95B0BD53FA,agc.main,',1,
empire2,0x17b3a8c00,fragment,3763AC95B0BD53FA,agc.main,',3,417
empire2,0x17b3a8c00,fragment,3763AC95B0BD53FA,agc.main,',1,
empire2,0x17b3a8c00,fragment,3763AC95B0BD53FA,agc.main,',1,423
empire2,0x17b3a8c00,fragment,3763AC95B0BD53FA,agc.main,',27,
empire2,0x17b3a8c00,fragment,3763AC95B0BD53FA,agc.main,',1,
empire2,0x17b3a8c00,fragment,3763AC95B0BD53FA,agc.main,',2,
empire2,0x17b3a8c00,fragment,3763AC95B0BD53FA,agc.main,',35,494
empire2,0x17b3a8c00,fragment,3763AC95B0BD53FA,agc.main,',1,
empire2,0x17b3a8c00,fragment,3763AC95B0BD53FA,agc.main,',130,
empire2,0x17b3a8c00,fragment,3763AC95B0BD53FA,agc.main,',16,629
empire2,0x17b3a8c00,fragment,3763AC95B0BD53FA,agc.main,',1,
empire2,0x17b3a8c00,fragment,3763AC95B0BD53FA,agc.main,',310,109
empire2,0x17b3a8c00,fragment,3763AC95B0BD53FA,agc.main,',1,
empire2,0x17b3a8c00,fragment,3763AC95B0BD53FA,agc.main,',1,
empire2,0x17b32d800,vertex,C5A23A39586A6494,agc.main.constant_program,',25,0
empire2,0x17b32d800,vertex,C5A23A39586A6494,agc.main,',79,158
empire2,0x17b32d800,vertex,C5A23A39586A6494,agc.main,',30,234
empire2,0x17b32d800,vertex,C5A23A39586A6494,agc.main,',21,
empire2,0x17b32d800,vertex,C5A23A39586A6494,agc.main,',1,
empire2,0x17b32d800,vertex,C5A23A39586A6494,agc.main,',188,160
empire2,0x17b32d800,fragment,CAE3F95F0F0257F7,agc.main.constant_program,',140,246
empire2,0x17b32d800,fragment,CAE3F95F0F0257F7,agc.main,',18,127
empire2,0x17b32d800,fragment,CAE3F95F0F0257F7,agc.main,',23,127
empire2,0x17b32d800,fragment,CAE3F95F0F0257F7,agc.main,',2,276
empire2,0x17b32d800,fragment,CAE3F95F0F0257F7,agc.main,',25,277
empire2,0x17b32d800,fragment,CAE3F95F0F0257F7,agc.main,',4,
empire2,0x17b32d800,fragment,CAE3F95F0F0257F7,agc.main,',12,293
empire2,0x17b32d800,fragment,CAE3F95F0F0257F7,agc.main,',1,
empire2,0x17b32d800,fragment,CAE3F95F0F0257F7,agc.main,',3,307
empire2,0x17b32d800,fragment,CAE3F95F0F0257F7,agc.main,',1,
empire2,0x17b32d800,fragment,CAE3F95F0F0257F7,agc.main,',1,313
empire2,0x17b32d800,fragment,CAE3F95F0F0257F7,agc.main,',27,
empire2,0x17b32d800,fragment,CAE3F95F0F0257F7,agc.main,',1,
empire2,0x17b32d800,fragment,CAE3F95F0F0257F7,agc.main,',4,
empire2,0x17b32d800,fragment,CAE3F95F0F0257F7,agc.main,',35,369
empire2,0x17b32d800,fragment,CAE3F95F0F0257F7,agc.main,',1,
empire2,0x17b32d800,fragment,CAE3F95F0F0257F7,agc.main,',129,
empire2,0x17b32d800,fragment,CAE3F95F0F0257F7,agc.main,',15,504
empire2,0x17b32d800,fragment,CAE3F95F0F0257F7,agc.main,',1,
empire2,0x17b32d800,fragment,CAE3F95F0F0257F7,agc.main,',151,127
empire2,0x17e018000,vertex,16AA5853F5F3E209,agc.main.constant_program,',9,0
empire2,0x17e018000,vertex,16AA5853F5F3E209,agc.main,',67,80
empire2,0x17e018000,fragment,46D23D7FFA994B60,agc.main.constant_program,',59,86
empire2,0x17e018000,fragment,46D23D7FFA994B60,agc.main,',60,41
empire2,0x14387c000,vertex,FF75455F6679637C,agc.main.constant_program,',156,113
empire2,0x14387c000,vertex,FF75455F6679637C,agc.main,',66,
empire2,0x14387c000,vertex,FF75455F6679637C,agc.main,',41,89
empire2,0x14387c000,vertex,FF75455F6679637C,agc.main,',1,
empire2,0x14387c000,vertex,FF75455F6679637C,agc.main,',7,0
empire2,0x14387c000,vertex,FF75455F6679637C,agc.main,',42,
empire2,0x14387c000,vertex,FF75455F6679637C,agc.main,',8,115
empire2,0x14387c000,vertex,FF75455F6679637C,agc.main,',1,
empire2,0x14387c000,vertex,FF75455F6679637C,agc.main,',60,81
empire2,0x14387c000,fragment,204082A3AA1BC90A,agc.main.constant_program,',6,98
empire2,0x14387c000,fragment,204082A3AA1BC90A,agc.main,',12,0
empire2,0x14387c000,fragment,204082A3AA1BC90A,agc.main,',14,
empire2,0x14387c000,fragment,204082A3AA1BC90A,agc.main,',1,
empire2,0x14387c000,fragment,204082A3AA1BC90A,agc.main,',14,38
empire2,0x14387c000,fragment,204082A3AA1BC90A,agc.main,',6,
empire2,0x14387c000,fragment,204082A3AA1BC90A,agc.main,',5,
empire2,0x14387c000,fragment,204082A3AA1BC90A,agc.main,',1,
empire2,0x14387c000,fragment,204082A3AA1BC90A,agc.main,',41,
empire2,0x17c124c00,vertex,B0DCE88977007BE3,agc.main,',104,
empire2,0x17c124c00,fragment,EC1CD231E73733A3,agc.main,',90,
empire2,0x17b277000,vertex,61B6956E2898C227,agc.main.constant_program,',77,0
empire2,0x17b277000,vertex,61B6956E2898C227,agc.main,',101,155
empire2,0x17b277000,vertex,61B6956E2898C227,agc.main,',27,252
empire2,0x17b277000,vertex,61B6956E2898C227,agc.main,',17,
empire2,0x17b277000,vertex,61B6956E2898C227,agc.main,',161,157
empire2,0x17b277000,fragment,89C52512CBAD6D,agc.main.constant_program,',182,231
empire2,0x17b277000,fragment,89C52512CBAD6D,agc.main,',4,
empire2,0x17b277000,fragment,89C52512CBAD6D,agc.main,',36,107
empire2,0x17b277000,fragment,89C52512CBAD6D,agc.main,',11,107
empire2,0x17b277000,fragment,89C52512CBAD6D,agc.main,',24,107
empire2,0x17b277000,fragment,89C52512CBAD6D,agc.main,',2,375
empire2,0x17b277000,fragment,89C52512CBAD6D,agc.main,',25,376
empire2,0x17b277000,fragment,89C52512CBAD6D,agc.main,',4,
empire2,0x17b277000,fragment,89C52512CBAD6D,agc.main,',13,392
empire2,0x17b277000,fragment,89C52512CBAD6D,agc.main,',1,
empire2,0x17b277000,fragment,89C52512CBAD6D,agc.main,',3,406
empire2,0x17b277000,fragment,89C52512CBAD6D,agc.main,',1,
empire2,0x17b277000,fragment,89C52512CBAD6D,agc.main,',1,412
empire2,0x17b277000,fragment,89C52512CBAD6D,agc.main,',27,
empire2,0x17b277000,fragment,89C52512CBAD6D,agc.main,',1,
empire2,0x17b277000,fragment,89C52512CBAD6D,agc.main,',2,
empire2,0x17b277000,fragment,89C52512CBAD6D,agc.main,',35,483
empire2,0x17b277000,fragment,89C52512CBAD6D,agc.main,',1,
empire2,0x17b277000,fragment,89C52512CBAD6D,agc.main,',130,
empire2,0x17b277000,fragment,89C52512CBAD6D,agc.main,',16,618
empire2,0x17b277000,fragment,89C52512CBAD6D,agc.main,',1,
empire2,0x17b277000,fragment,89C52512CBAD6D,agc.main,',294,107
empire2,0x17b277000,fragment,89C52512CBAD6D,agc.main,',1,
empire2,0x17b277000,fragment,89C52512CBAD6D,agc.main,',1,
empire2,0x17b384000,vertex,E76E1AAEEE0FE6B3,agc.main.constant_program,',25,0
empire2,0x17b384000,vertex,E76E1AAEEE0FE6B3,agc.main,',45,126
empire2,0x17b384000,vertex,E76E1AAEEE0FE6B3,agc.main,',27,160
empire2,0x17b384000,vertex,E76E1AAEEE0FE6B3,agc.main,',17,
empire2,0x17b384000,vertex,E76E1AAEEE0FE6B3,agc.main,',175,207
empire2,0x17b384000,fragment,3CAB235BF378FDC9,agc.main.constant_program,',169,256
empire2,0x17b384000,fragment,3CAB235BF378FDC9,agc.main,',20,134
empire2,0x17b384000,fragment,3CAB235BF378FDC9,agc.main,',23,134
empire2,0x17b384000,fragment,3CAB235BF378FDC9,agc.main,',2,302
empire2,0x17b384000,fragment,3CAB235BF378FDC9,agc.main,',25,303
empire2,0x17b384000,fragment,3CAB235BF378FDC9,agc.main,',4,
empire2,0x17b384000,fragment,3CAB235BF378FDC9,agc.main,',12,319
empire2,0x17b384000,fragment,3CAB235BF378FDC9,agc.main,',1,
empire2,0x17b384000,fragment,3CAB235BF378FDC9,agc.main,',3,333
empire2,0x17b384000,fragment,3CAB235BF378FDC9,agc.main,',1,
empire2,0x17b384000,fragment,3CAB235BF378FDC9,agc.main,',1,339
empire2,0x17b384000,fragment,3CAB235BF378FDC9,agc.main,',27,
empire2,0x17b384000,fragment,3CAB235BF378FDC9,agc.main,',1,
empire2,0x17b384000,fragment,3CAB235BF378FDC9,agc.main,',81,134
empire2,0x17b384000,fragment,3CAB235BF378FDC9,agc.main,',35,456
empire2,0x17b384000,fragment,3CAB235BF378FDC9,agc.main,',1,
empire2,0x17b384000,fragment,3CAB235BF378FDC9,agc.main,',130,
empire2,0x17b384000,fragment,3CAB235BF378FDC9,agc.main,',15,591
empire2,0x17b384000,fragment,3CAB235BF378FDC9,agc.main,',1,
empire2,0x17b384000,fragment,3CAB235BF378FDC9,agc.main,',172,134
empire2,0x17b3a9800,vertex,E633F210C5A48E31,agc.main.constant_program,',53,0
empire2,0x17b3a9800,vertex,E633F210C5A48E31,agc.main,',66,144
empire2,0x17b3a9800,vertex,E633F210C5A48E31,agc.main,',27,218
empire2,0x17b3a9800,vertex,E633F210C5A48E31,agc.main,',17,
empire2,0x17b3a9800,vertex,E633F210C5A48E31,agc.main,',167,146
empire2,0x17b3a9800,fragment,3763AC95B0BD53FA,agc.main.constant_program,',182,242
empire2,0x17b3a9800,fragment,3763AC95B0BD53FA,agc.main,',4,
empire2,0x17b3a9800,fragment,3763AC95B0BD53FA,agc.main,',36,109
empire2,0x17b3a9800,fragment,3763AC95B0BD53FA,agc.main,',11,109
empire2,0x17b3a9800,fragment,3763AC95B0BD53FA,agc.main,',24,109
empire2,0x17b3a9800,fragment,3763AC95B0BD53FA,agc.main,',2,386
empire2,0x17b3a9800,fragment,3763AC95B0BD53FA,agc.main,',25,387
empire2,0x17b3a9800,fragment,3763AC95B0BD53FA,agc.main,',4,
empire2,0x17b3a9800,fragment,3763AC95B0BD53FA,agc.main,',13,403
empire2,0x17b3a9800,fragment,3763AC95B0BD53FA,agc.main,',1,
empire2,0x17b3a9800,fragment,3763AC95B0BD53FA,agc.main,',3,417
empire2,0x17b3a9800,fragment,3763AC95B0BD53FA,agc.main,',1,
empire2,0x17b3a9800,fragment,3763AC95B0BD53FA,agc.main,',1,423
empire2,0x17b3a9800,fragment,3763AC95B0BD53FA,agc.main,',27,
empire2,0x17b3a9800,fragment,3763AC95B0BD53FA,agc.main,',1,
empire2,0x17b3a9800,fragment,3763AC95B0BD53FA,agc.main,',2,
empire2,0x17b3a9800,fragment,3763AC95B0BD53FA,agc.main,',35,494
empire2,0x17b3a9800,fragment,3763AC95B0BD53FA,agc.main,',1,
empire2,0x17b3a9800,fragment,3763AC95B0BD53FA,agc.main,',130,
empire2,0x17b3a9800,fragment,3763AC95B0BD53FA,agc.main,',16,629
empire2,0x17b3a9800,fragment,3763AC95B0BD53FA,agc.main,',1,
empire2,0x17b3a9800,fragment,3763AC95B0BD53FA,agc.main,',310,109
empire2,0x17b3a9800,fragment,3763AC95B0BD53FA,agc.main,',1,
empire2,0x17b3a9800,fragment,3763AC95B0BD53FA,agc.main,',1,
empire2,0x17c14d800,vertex,35E744FC2162B835,agc.main,',42,
empire2,0x17c14d800,fragment,B56E04AD50E89A8,agc.main,',74,
empire2,0x17e019800,vertex,E0A8D0BC44A2BF3B,agc.main.constant_program,',53,0
empire2,0x17e019800,vertex,E0A8D0BC44A2BF3B,agc.main,',66,142
empire2,0x17e019800,vertex,E0A8D0BC44A2BF3B,agc.main,',30,232
empire2,0x17e019800,vertex,E0A8D0BC44A2BF3B,agc.main,',21,
empire2,0x17e019800,vertex,E0A8D0BC44A2BF3B,agc.main,',1,
empire2,0x17e019800,vertex,E0A8D0BC44A2BF3B,agc.main,',194,144
empire2,0x17e019800,fragment,3B4BA408BF949A09,agc.main.constant_program,',163,276
empire2,0x17e019800,fragment,3B4BA408BF949A09,agc.main,',4,
empire2,0x17e019800,fragment,3B4BA408BF949A09,agc.main,',37,102
empire2,0x17e019800,fragment,3B4BA408BF949A09,agc.main,',14,102
empire2,0x17e019800,fragment,3B4BA408BF949A09,agc.main,',24,102
empire2,0x17e019800,fragment,3B4BA408BF949A09,agc.main,',2,303
empire2,0x17e019800,fragment,3B4BA408BF949A09,agc.main,',25,304
empire2,0x17e019800,fragment,3B4BA408BF949A09,agc.main,',4,
empire2,0x17e019800,fragment,3B4BA408BF949A09,agc.main,',13,320
empire2,0x17e019800,fragment,3B4BA408BF949A09,agc.main,',1,
empire2,0x17e019800,fragment,3B4BA408BF949A09,agc.main,',3,334
empire2,0x17e019800,fragment,3B4BA408BF949A09,agc.main,',1,
empire2,0x17e019800,fragment,3B4BA408BF949A09,agc.main,',1,340
empire2,0x17e019800,fragment,3B4BA408BF949A09,agc.main,',27,
empire2,0x17e019800,fragment,3B4BA408BF949A09,agc.main,',1,
empire2,0x17e019800,fragment,3B4BA408BF949A09,agc.main,',2,
empire2,0x17e019800,fragment,3B4BA408BF949A09,agc.main,',35,397
empire2,0x17e019800,fragment,3B4BA408BF949A09,agc.main,',1,
empire2,0x17e019800,fragment,3B4BA408BF949A09,agc.main,',129,
empire2,0x17e019800,fragment,3B4BA408BF949A09,agc.main,',16,532
empire2,0x17e019800,fragment,3B4BA408BF949A09,agc.main,',1,
empire2,0x17e019800,fragment,3B4BA408BF949A09,agc.main,',156,102
empire2,0x17e019800,fragment,3B4BA408BF949A09,agc.main,',1,
empire2,0x17e019800,fragment,3B4BA408BF949A09,agc.main,',1,
empire2,0x17b36d800,vertex,AB6A7887745B5B4,agc.main.constant_program,',20,0
empire2,0x17b36d800,vertex,AB6A7887745B5B4,agc.main,',19,166
empire2,0x17b36d800,vertex,AB6A7887745B5B4,agc.main,',13,174
empire2,0x17b36d800,vertex,AB6A7887745B5B4,agc.main,',16,179
empire2,0x17b36d800,vertex,AB6A7887745B5B4,agc.main,',102,
empire2,0x17b36d800,vertex,AB6A7887745B5B4,agc.main,',86,238
empire2,0x17b36d800,vertex,AB6A7887745B5B4,agc.main,',1,
empire2,0x17b36d800,vertex,AB6A7887745B5B4,agc.main,',38,167
empire2,0x17b36d800,vertex,AB6A7887745B5B4,agc.main,',30,347
empire2,0x17b36d800,vertex,AB6A7887745B5B4,agc.main,',21,
empire2,0x17b36d800,vertex,AB6A7887745B5B4,agc.main,',1,
empire2,0x17b36d800,vertex,AB6A7887745B5B4,agc.main,',207,384
empire2,0x17b36d800,fragment,29ECCBB5F84ABC85,agc.main.constant_program,',151,232
empire2,0x17b36d800,fragment,29ECCBB5F84ABC85,agc.main,',18,110
empire2,0x17b36d800,fragment,29ECCBB5F84ABC85,agc.main,',23,110
empire2,0x17b36d800,fragment,29ECCBB5F84ABC85,agc.main,',2,264
empire2,0x17b36d800,fragment,29ECCBB5F84ABC85,agc.main,',25,265
empire2,0x17b36d800,fragment,29ECCBB5F84ABC85,agc.main,',4,
empire2,0x17b36d800,fragment,29ECCBB5F84ABC85,agc.main,',12,281
empire2,0x17b36d800,fragment,29ECCBB5F84ABC85,agc.main,',1,
empire2,0x17b36d800,fragment,29ECCBB5F84ABC85,agc.main,',3,295
empire2,0x17b36d800,fragment,29ECCBB5F84ABC85,agc.main,',1,
empire2,0x17b36d800,fragment,29ECCBB5F84ABC85,agc.main,',1,301
empire2,0x17b36d800,fragment,29ECCBB5F84ABC85,agc.main,',27,
empire2,0x17b36d800,fragment,29ECCBB5F84ABC85,agc.main,',1,
empire2,0x17b36d800,fragment,29ECCBB5F84ABC85,agc.main,',3,
empire2,0x17b36d800,fragment,29ECCBB5F84ABC85,agc.main,',35,358
empire2,0x17b36d800,fragment,29ECCBB5F84ABC85,agc.main,',1,
empire2,0x17b36d800,fragment,29ECCBB5F84ABC85,agc.main,',129,
empire2,0x17b36d800,fragment,29ECCBB5F84ABC85,agc.main,',15,493
empire2,0x17b36d800,fragment,29ECCBB5F84ABC85,agc.main,',1,
empire2,0x17b36d800,fragment,29ECCBB5F84ABC85,agc.main,',147,110
empire2,0x17b1c2400,vertex,69A910513AF15D,agc.main.constant_program,',52,0
empire2,0x17b1c2400,vertex,69A910513AF15D,agc.main,',112,180
empire2,0x17b1c2400,vertex,69A910513AF15D,agc.main,',30,286
empire2,0x17b1c2400,vertex,69A910513AF15D,agc.main,',21,
empire2,0x17b1c2400,vertex,69A910513AF15D,agc.main,',1,
empire2,0x17b1c2400,vertex,69A910513AF15D,agc.main,',187,326
empire2,0x17b1c2400,fragment,797332E8F0D8DD4E,agc.main.constant_program,',152,244
empire2,0x17b1c2400,fragment,797332E8F0D8DD4E,agc.main,',18,132
empire2,0x17b1c2400,fragment,797332E8F0D8DD4E,agc.main,',23,132
empire2,0x17b1c2400,fragment,797332E8F0D8DD4E,agc.main,',2,277
empire2,0x17b1c2400,fragment,797332E8F0D8DD4E,agc.main,',25,278
empire2,0x17b1c2400,fragment,797332E8F0D8DD4E,agc.main,',4,
empire2,0x17b1c2400,fragment,797332E8F0D8DD4E,agc.main,',12,294
empire2,0x17b1c2400,fragment,797332E8F0D8DD4E,agc.main,',1,
empire2,0x17b1c2400,fragment,797332E8F0D8DD4E,agc.main,',3,308
empire2,0x17b1c2400,fragment,797332E8F0D8DD4E,agc.main,',1,
empire2,0x17b1c2400,fragment,797332E8F0D8DD4E,agc.main,',1,314
empire2,0x17b1c2400,fragment,797332E8F0D8DD4E,agc.main,',27,
empire2,0x17b1c2400,fragment,797332E8F0D8DD4E,agc.main,',1,
empire2,0x17b1c2400,fragment,797332E8F0D8DD4E,agc.main,',3,
empire2,0x17b1c2400,fragment,797332E8F0D8DD4E,agc.main,',35,370
empire2,0x17b1c2400,fragment,797332E8F0D8DD4E,agc.main,',1,
empire2,0x17b1c2400,fragment,797332E8F0D8DD4E,agc.main,',128,359
empire2,0x17b1c2400,fragment,797332E8F0D8DD4E,agc.main,',15,505
empire2,0x17b1c2400,fragment,797332E8F0D8DD4E,agc.main,',1,
empire2,0x17b1c2400,fragment,797332E8F0D8DD4E,agc.main,',145,132
empire2,0x17b20cc00,vertex,534E3B771762AC50,agc.main.constant_program,',20,0
empire2,0x17b20cc00,vertex,534E3B771762AC50,agc.main,',39,123
empire2,0x17b20cc00,vertex,534E3B771762AC50,agc.main,',27,180
empire2,0x17b20cc00,vertex,534E3B771762AC50,agc.main,',17,
empire2,0x17b20cc00,vertex,534E3B771762AC50,agc.main,',190,218
empire2,0x17b20cc00,fragment,F00E73816488008D,agc.main.constant_program,',152,246
empire2,0x17b20cc00,fragment,F00E73816488008D,agc.main,',22,132
empire2,0x17b20cc00,fragment,F00E73816488008D,agc.main,',23,132
empire2,0x17b20cc00,fragment,F00E73816488008D,agc.main,',2,283
empire2,0x17b20cc00,fragment,F00E73816488008D,agc.main,',25,284
empire2,0x17b20cc00,fragment,F00E73816488008D,agc.main,',4,
empire2,0x17b20cc00,fragment,F00E73816488008D,agc.main,',12,300
empire2,0x17b20cc00,fragment,F00E73816488008D,agc.main,',1,
empire2,0x17b20cc00,fragment,F00E73816488008D,agc.main,',3,314
empire2,0x17b20cc00,fragment,F00E73816488008D,agc.main,',1,
empire2,0x17b20cc00,fragment,F00E73816488008D,agc.main,',1,320
empire2,0x17b20cc00,fragment,F00E73816488008D,agc.main,',27,
empire2,0x17b20cc00,fragment,F00E73816488008D,agc.main,',1,
empire2,0x17b20cc00,fragment,F00E73816488008D,agc.main,',3,
empire2,0x17b20cc00,fragment,F00E73816488008D,agc.main,',35,376
empire2,0x17b20cc00,fragment,F00E73816488008D,agc.main,',1,
empire2,0x17b20cc00,fragment,F00E73816488008D,agc.main,',128,365
empire2,0x17b20cc00,fragment,F00E73816488008D,agc.main,',15,511
empire2,0x17b20cc00,fragment,F00E73816488008D,agc.main,',1,
empire2,0x17b20cc00,fragment,F00E73816488008D,agc.main,',147,132
empire2,0x17134a400,vertex,F5D13132E7F44A41,agc.main.constant_program,',53,0
empire2,0x17134a400,vertex,F5D13132E7F44A41,agc.main,',66,141
empire2,0x17134a400,vertex,F5D13132E7F44A41,agc.main,',27,208
empire2,0x17134a400,vertex,F5D13132E7F44A41,agc.main,',17,
empire2,0x17134a400,vertex,F5D13132E7F44A41,agc.main,',161,143
empire2,0x17134a400,fragment,11385535CDA8BFA3,agc.main.constant_program,',184,246
empire2,0x17134a400,fragment,11385535CDA8BFA3,agc.main,',4,
empire2,0x17134a400,fragment,11385535CDA8BFA3,agc.main,',36,109
empire2,0x17134a400,fragment,11385535CDA8BFA3,agc.main,',14,109
empire2,0x17134a400,fragment,11385535CDA8BFA3,agc.main,',24,109
empire2,0x17134a400,fragment,11385535CDA8BFA3,agc.main,',2,390
empire2,0x17134a400,fragment,11385535CDA8BFA3,agc.main,',25,391
empire2,0x17134a400,fragment,11385535CDA8BFA3,agc.main,',4,
empire2,0x17134a400,fragment,11385535CDA8BFA3,agc.main,',13,407
empire2,0x17134a400,fragment,11385535CDA8BFA3,agc.main,',1,
empire2,0x17134a400,fragment,11385535CDA8BFA3,agc.main,',3,421
empire2,0x17134a400,fragment,11385535CDA8BFA3,agc.main,',1,
empire2,0x17134a400,fragment,11385535CDA8BFA3,agc.main,',1,427
empire2,0x17134a400,fragment,11385535CDA8BFA3,agc.main,',27,
empire2,0x17134a400,fragment,11385535CDA8BFA3,agc.main,',1,
empire2,0x17134a400,fragment,11385535CDA8BFA3,agc.main,',2,
empire2,0x17134a400,fragment,11385535CDA8BFA3,agc.main,',35,498
empire2,0x17134a400,fragment,11385535CDA8BFA3,agc.main,',1,
empire2,0x17134a400,fragment,11385535CDA8BFA3,agc.main,',130,
empire2,0x17134a400,fragment,11385535CDA8BFA3,agc.main,',16,633
empire2,0x17134a400,fragment,11385535CDA8BFA3,agc.main,',1,
empire2,0x17134a400,fragment,11385535CDA8BFA3,agc.main,',310,109
empire2,0x17134a400,fragment,11385535CDA8BFA3,agc.main,',1,
empire2,0x17134a400,fragment,11385535CDA8BFA3,agc.main,',1,
empire2,0x17c0a7000,vertex,B70C9B8C3CB291A8,agc.main,',58,
empire2,0x17c0a7000,fragment,DDF102376784B008,agc.main.constant_program,',81,81
empire2,0x17c0a7000,fragment,DDF102376784B008,agc.main,',70,44
empire2,0x17b23b000,vertex,FC5D17909A869C1A,agc.main.constant_program,',24,0
empire2,0x17b23b000,vertex,FC5D17909A869C1A,agc.main,',40,123
empire2,0x17b23b000,vertex,FC5D17909A869C1A,agc.main,',30,180
empire2,0x17b23b000,vertex,FC5D17909A869C1A,agc.main,',21,
empire2,0x17b23b000,vertex,FC5D17909A869C1A,agc.main,',1,
empire2,0x17b23b000,vertex,FC5D17909A869C1A,agc.main,',195,218
empire2,0x17b23b000,fragment,FDA8C747A5187008,agc.main.constant_program,',152,254
empire2,0x17b23b000,fragment,FDA8C747A5187008,agc.main,',19,131
empire2,0x17b23b000,fragment,FDA8C747A5187008,agc.main,',23,131
empire2,0x17b23b000,fragment,FDA8C747A5187008,agc.main,',2,287
empire2,0x17b23b000,fragment,FDA8C747A5187008,agc.main,',25,288
empire2,0x17b23b000,fragment,FDA8C747A5187008,agc.main,',4,
empire2,0x17b23b000,fragment,FDA8C747A5187008,agc.main,',12,304
empire2,0x17b23b000,fragment,FDA8C747A5187008,agc.main,',1,
empire2,0x17b23b000,fragment,FDA8C747A5187008,agc.main,',3,318
empire2,0x17b23b000,fragment,FDA8C747A5187008,agc.main,',1,
empire2,0x17b23b000,fragment,FDA8C747A5187008,agc.main,',1,324
empire2,0x17b23b000,fragment,FDA8C747A5187008,agc.main,',27,
empire2,0x17b23b000,fragment,FDA8C747A5187008,agc.main,',1,
empire2,0x17b23b000,fragment,FDA8C747A5187008,agc.main,',3,
empire2,0x17b23b000,fragment,FDA8C747A5187008,agc.main,',35,381
empire2,0x17b23b000,fragment,FDA8C747A5187008,agc.main,',1,
empire2,0x17b23b000,fragment,FDA8C747A5187008,agc.main,',129,
empire2,0x17b23b000,fragment,FDA8C747A5187008,agc.main,',15,516
empire2,0x17b23b000,fragment,FDA8C747A5187008,agc.main,',1,
empire2,0x17b23b000,fragment,FDA8C747A5187008,agc.main,',147,131
empire2,0x17b3aa400,vertex,E31D63387007CEC0,agc.main.constant_program,',33,0
empire2,0x17b3aa400,vertex,E31D63387007CEC0,agc.main,',154,140
empire2,0x17b3aa400,vertex,E31D63387007CEC0,agc.main,',30,259
empire2,0x17b3aa400,vertex,E31D63387007CEC0,agc.main,',21,
empire2,0x17b3aa400,vertex,E31D63387007CEC0,agc.main,',1,
empire2,0x17b3aa400,vertex,E31D63387007CEC0,agc.main,',184,142
empire2,0x17b3aa400,fragment,90DD8BBE11E20C25,agc.main.constant_program,',152,232
empire2,0x17b3aa400,fragment,90DD8BBE11E20C25,agc.main,',4,
empire2,0x17b3aa400,fragment,90DD8BBE11E20C25,agc.main,',36,98
empire2,0x17b3aa400,fragment,90DD8BBE11E20C25,agc.main,',11,98
empire2,0x17b3aa400,fragment,90DD8BBE11E20C25,agc.main,',23,98
empire2,0x17b3aa400,fragment,90DD8BBE11E20C25,agc.main,',2,288
empire2,0x17b3aa400,fragment,90DD8BBE11E20C25,agc.main,',25,289
empire2,0x17b3aa400,fragment,90DD8BBE11E20C25,agc.main,',4,
empire2,0x17b3aa400,fragment,90DD8BBE11E20C25,agc.main,',12,305
empire2,0x17b3aa400,fragment,90DD8BBE11E20C25,agc.main,',1,
empire2,0x17b3aa400,fragment,90DD8BBE11E20C25,agc.main,',3,319
empire2,0x17b3aa400,fragment,90DD8BBE11E20C25,agc.main,',1,
empire2,0x17b3aa400,fragment,90DD8BBE11E20C25,agc.main,',1,325
empire2,0x17b3aa400,fragment,90DD8BBE11E20C25,agc.main,',27,
empire2,0x17b3aa400,fragment,90DD8BBE11E20C25,agc.main,',1,
empire2,0x17b3aa400,fragment,90DD8BBE11E20C25,agc.main,',2,
empire2,0x17b3aa400,fragment,90DD8BBE11E20C25,agc.main,',34,382
empire2,0x17b3aa400,fragment,90DD8BBE11E20C25,agc.main,',1,
empire2,0x17b3aa400,fragment,90DD8BBE11E20C25,agc.main,',129,
empire2,0x17b3aa400,fragment,90DD8BBE11E20C25,agc.main,',15,517
empire2,0x17b3aa400,fragment,90DD8BBE11E20C25,agc.main,',1,
empire2,0x17b3aa400,fragment,90DD8BBE11E20C25,agc.main,',159,98
empire2,0x17b3aa400,fragment,90DD8BBE11E20C25,agc.main,',1,
empire2,0x17b3aa400,fragment,90DD8BBE11E20C25,agc.main,',1,
empire2,0x17c108000,vertex,B70C9B8C3CB291A8,agc.main,',58,
empire2,0x17c108000,fragment,EF49B877F4748DC5,agc.main.constant_program,',137,91
empire2,0x17c108000,fragment,EF49B877F4748DC5,agc.main,',128,59
empire2,0x17b1c1800,vertex,61348F89D3309B2A,agc.main.constant_program,',50,0
empire2,0x17b1c1800,vertex,61348F89D3309B2A,agc.main,',77,142
empire2,0x17b1c1800,vertex,61348F89D3309B2A,agc.main,',27,208
empire2,0x17b1c1800,vertex,61348F89D3309B2A,agc.main,',17,
empire2,0x17b1c1800,vertex,61348F89D3309B2A,agc.main,',162,144
empire2,0x17b1c1800,fragment,7039C9670E864F63,agc.main.constant_program,',182,510
empire2,0x17b1c1800,fragment,7039C9670E864F63,agc.main,',87,146
empire2,0x17b1c1800,fragment,7039C9670E864F63,agc.main,',23,146
empire2,0x17b1c1800,fragment,7039C9670E864F63,agc.main,',2,373
empire2,0x17b1c1800,fragment,7039C9670E864F63,agc.main,',25,374
empire2,0x17b1c1800,fragment,7039C9670E864F63,agc.main,',4,
empire2,0x17b1c1800,fragment,7039C9670E864F63,agc.main,',12,390
empire2,0x17b1c1800,fragment,7039C9670E864F63,agc.main,',1,
empire2,0x17b1c1800,fragment,7039C9670E864F63,agc.main,',3,404
empire2,0x17b1c1800,fragment,7039C9670E864F63,agc.main,',1,
empire2,0x17b1c1800,fragment,7039C9670E864F63,agc.main,',1,410
empire2,0x17b1c1800,fragment,7039C9670E864F63,agc.main,',27,
empire2,0x17b1c1800,fragment,7039C9670E864F63,agc.main,',1,
empire2,0x17b1c1800,fragment,7039C9670E864F63,agc.main,',3,
empire2,0x17b1c1800,fragment,7039C9670E864F63,agc.main,',35,496
empire2,0x17b1c1800,fragment,7039C9670E864F63,agc.main,',1,
empire2,0x17b1c1800,fragment,7039C9670E864F63,agc.main,',129,485
empire2,0x17b1c1800,fragment,7039C9670E864F63,agc.main,',15,631
empire2,0x17b1c1800,fragment,7039C9670E864F63,agc.main,',1,
empire2,0x17b1c1800,fragment,7039C9670E864F63,agc.main,',240,146
empire2,0x17b188c00,vertex,9774F775C75AFF58,agc.main.constant_program,',20,0
empire2,0x17b188c00,vertex,9774F775C75AFF58,agc.main,',48,
empire2,0x17b188c00,fragment,41D9BA21D7508E63,agc.main.constant_program,',10,43
empire2,0x17b188c00,fragment,41D9BA21D7508E63,agc.main,',23,
empire2,0x17c010c00,vertex,24B4211C998DA423,agc.main.constant_program,',31,0
empire2,0x17c010c00,vertex,24B4211C998DA423,agc.main,',40,171
empire2,0x17c010c00,vertex,24B4211C998DA423,agc.main,',27,210
empire2,0x17c010c00,vertex,24B4211C998DA423,agc.main,',17,
empire2,0x17c010c00,vertex,24B4211C998DA423,agc.main,',185,200
empire2,0x17c010c00,fragment,13EBDB9A014E1EC2,agc.main.constant_program,',196,217
empire2,0x17c010c00,fragment,13EBDB9A014E1EC2,agc.main,',59,131
empire2,0x17c010c00,fragment,13EBDB9A014E1EC2,agc.main,',2,313
empire2,0x17c010c00,fragment,13EBDB9A014E1EC2,agc.main,',17,315
empire2,0x17c010c00,fragment,13EBDB9A014E1EC2,agc.main,',1,
empire2,0x17c010c00,fragment,13EBDB9A014E1EC2,agc.main,',1,336
empire2,0x17c010c00,fragment,13EBDB9A014E1EC2,agc.main,',27,
empire2,0x17c010c00,fragment,13EBDB9A014E1EC2,agc.main,',1,
empire2,0x17c010c00,fragment,13EBDB9A014E1EC2,agc.main,',57,131
empire2,0x17c010c00,fragment,13EBDB9A014E1EC2,agc.main,',35,426
empire2,0x17c010c00,fragment,13EBDB9A014E1EC2,agc.main,',1,
empire2,0x17c010c00,fragment,13EBDB9A014E1EC2,agc.main,',129,415
empire2,0x17c010c00,fragment,13EBDB9A014E1EC2,agc.main,',15,562
empire2,0x17c010c00,fragment,13EBDB9A014E1EC2,agc.main,',1,
empire2,0x17c010c00,fragment,13EBDB9A014E1EC2,agc.main,',175,131
empire2,0x17b275800,vertex,1F05412574446FA1,agc.main.constant_program,',20,0
empire2,0x17b275800,vertex,1F05412574446FA1,agc.main,',42,87
empire2,0x17b275800,vertex,1F05412574446FA1,agc.main,',30,144
empire2,0x17b275800,vertex,1F05412574446FA1,agc.main,',21,
empire2,0x17b275800,vertex,1F05412574446FA1,agc.main,',1,
empire2,0x17b275800,vertex,1F05412574446FA1,agc.main,',194,89
empire2,0x17b275800,fragment,D42C9EF079F78D62,agc.main.constant_program,',152,179
empire2,0x17b275800,fragment,D42C9EF079F78D62,agc.main,',25,89
empire2,0x17b275800,fragment,D42C9EF079F78D62,agc.main,',23,89
empire2,0x17b275800,fragment,D42C9EF079F78D62,agc.main,',2,253
empire2,0x17b275800,fragment,D42C9EF079F78D62,agc.main,',25,254
empire2,0x17b275800,fragment,D42C9EF079F78D62,agc.main,',4,
empire2,0x17b275800,fragment,D42C9EF079F78D62,agc.main,',12,270
empire2,0x17b275800,fragment,D42C9EF079F78D62,agc.main,',1,
empire2,0x17b275800,fragment,D42C9EF079F78D62,agc.main,',3,284
empire2,0x17b275800,fragment,D42C9EF079F78D62,agc.main,',1,
empire2,0x17b275800,fragment,D42C9EF079F78D62,agc.main,',1,290
empire2,0x17b275800,fragment,D42C9EF079F78D62,agc.main,',27,
empire2,0x17b275800,fragment,D42C9EF079F78D62,agc.main,',1,
empire2,0x17b275800,fragment,D42C9EF079F78D62,agc.main,',3,
empire2,0x17b275800,fragment,D42C9EF079F78D62,agc.main,',35,342
empire2,0x17b275800,fragment,D42C9EF079F78D62,agc.main,',1,
empire2,0x17b275800,fragment,D42C9EF079F78D62,agc.main,',129,
empire2,0x17b275800,fragment,D42C9EF079F78D62,agc.main,',15,477
empire2,0x17b275800,fragment,D42C9EF079F78D62,agc.main,',1,
empire2,0x17b275800,fragment,D42C9EF079F78D62,agc.main,',151,89
empire2,0x17e01b000,vertex,ECF84F140BD2A332,agc.main.constant_program,',53,0
empire2,0x17e01b000,vertex,ECF84F140BD2A332,agc.main,',66,141
empire2,0x17e01b000,vertex,ECF84F140BD2A332,agc.main,',30,231
empire2,0x17e01b000,vertex,ECF84F140BD2A332,agc.main,',21,
empire2,0x17e01b000,vertex,ECF84F140BD2A332,agc.main,',1,
empire2,0x17e01b000,vertex,ECF84F140BD2A332,agc.main,',194,143
empire2,0x17e01b000,fragment,735A994C4DBEB7A0,agc.main.constant_program,',145,181
empire2,0x17e01b000,fragment,735A994C4DBEB7A0,agc.main,',4,
empire2,0x17e01b000,fragment,735A994C4DBEB7A0,agc.main,',37,93
empire2,0x17e01b000,fragment,735A994C4DBEB7A0,agc.main,',11,93
empire2,0x17e01b000,fragment,735A994C4DBEB7A0,agc.main,',23,93
empire2,0x17e01b000,fragment,735A994C4DBEB7A0,agc.main,',2,268
empire2,0x17e01b000,fragment,735A994C4DBEB7A0,agc.main,',25,269
empire2,0x17e01b000,fragment,735A994C4DBEB7A0,agc.main,',4,
empire2,0x17e01b000,fragment,735A994C4DBEB7A0,agc.main,',12,285
empire2,0x17e01b000,fragment,735A994C4DBEB7A0,agc.main,',1,
empire2,0x17e01b000,fragment,735A994C4DBEB7A0,agc.main,',4,299
empire2,0x17e01b000,fragment,735A994C4DBEB7A0,agc.main,',1,
empire2,0x17e01b000,fragment,735A994C4DBEB7A0,agc.main,',2,
empire2,0x17e01b000,fragment,735A994C4DBEB7A0,agc.main,',34,341
empire2,0x17e01b000,fragment,735A994C4DBEB7A0,agc.main,',1,
empire2,0x17e01b000,fragment,735A994C4DBEB7A0,agc.main,',129,
empire2,0x17e01b000,fragment,735A994C4DBEB7A0,agc.main,',15,476
empire2,0x17e01b000,fragment,735A994C4DBEB7A0,agc.main,',1,
empire2,0x17e01b000,fragment,735A994C4DBEB7A0,agc.main,',144,93
empire2,0x17e01b000,fragment,735A994C4DBEB7A0,agc.main,',1,
empire2,0x17e01b000,fragment,735A994C4DBEB7A0,agc.main,',1,
empire2,0x17c07cc00,vertex,B70C9B8C3CB291A8,agc.main,',72,
empire2,0x17c07cc00,fragment,1413EF1EEFFFD4F8,agc.main.constant_program,',173,112
empire2,0x17c07cc00,fragment,1413EF1EEFFFD4F8,agc.main,',168,77
empire2,0x17b34f000,vertex,37291EC15CECC475,agc.main.constant_program,',20,0
empire2,0x17b34f000,vertex,37291EC15CECC475,agc.main,',86,113
empire2,0x17b34f000,vertex,37291EC15CECC475,agc.main,',73,155
empire2,0x17b34f000,vertex,37291EC15CECC475,agc.main,',1,
empire2,0x17b34f000,vertex,37291EC15CECC475,agc.main,',38,114
empire2,0x17b34f000,vertex,37291EC15CECC475,agc.main,',30,252
empire2,0x17b34f000,vertex,37291EC15CECC475,agc.main,',21,
empire2,0x17b34f000,vertex,37291EC15CECC475,agc.main,',1,
empire2,0x17b34f000,vertex,37291EC15CECC475,agc.main,',207,289
empire2,0x17b34f000,fragment,21820F54954DE970,agc.main.constant_program,',151,206
empire2,0x17b34f000,fragment,21820F54954DE970,agc.main,',18,86
empire2,0x17b34f000,fragment,21820F54954DE970,agc.main,',23,86
empire2,0x17b34f000,fragment,21820F54954DE970,agc.main,',2,238
empire2,0x17b34f000,fragment,21820F54954DE970,agc.main,',25,239
empire2,0x17b34f000,fragment,21820F54954DE970,agc.main,',4,
empire2,0x17b34f000,fragment,21820F54954DE970,agc.main,',12,255
empire2,0x17b34f000,fragment,21820F54954DE970,agc.main,',1,
empire2,0x17b34f000,fragment,21820F54954DE970,agc.main,',3,269
empire2,0x17b34f000,fragment,21820F54954DE970,agc.main,',1,
empire2,0x17b34f000,fragment,21820F54954DE970,agc.main,',1,275
empire2,0x17b34f000,fragment,21820F54954DE970,agc.main,',27,
empire2,0x17b34f000,fragment,21820F54954DE970,agc.main,',1,
empire2,0x17b34f000,fragment,21820F54954DE970,agc.main,',3,
empire2,0x17b34f000,fragment,21820F54954DE970,agc.main,',35,332
empire2,0x17b34f000,fragment,21820F54954DE970,agc.main,',1,
empire2,0x17b34f000,fragment,21820F54954DE970,agc.main,',129,
empire2,0x17b34f000,fragment,21820F54954DE970,agc.main,',15,467
empire2,0x17b34f000,fragment,21820F54954DE970,agc.main,',1,
empire2,0x17b34f000,fragment,21820F54954DE970,agc.main,',147,86
empire2,0x17c060c00,vertex,B70C9B8C3CB291A8,agc.main,',58,
empire2,0x17c060c00,fragment,D8A2333527888AEA,agc.main.constant_program,',135,83
empire2,0x17c060c00,fragment,D8A2333527888AEA,agc.main,',119,54
empire2,0x171352400,vertex,B70C9B8C3CB291A8,agc.main,',72,
empire2,0x171352400,fragment,81CAFF7A2CFB6A7C,agc.main.constant_program,',142,97
empire2,0x171352400,fragment,81CAFF7A2CFB6A7C,agc.main,',139,67
empire2,0x17b20c000,vertex,534E3B771762AC50,agc.main.constant_program,',24,0
empire2,0x17b20c000,vertex,534E3B771762AC50,agc.main,',40,123
empire2,0x17b20c000,vertex,534E3B771762AC50,agc.main,',27,180
empire2,0x17b20c000,vertex,534E3B771762AC50,agc.main,',17,
empire2,0x17b20c000,vertex,534E3B771762AC50,agc.main,',190,218
empire2,0x17b20c000,fragment,F00E73816488008D,agc.main.constant_program,',152,246
empire2,0x17b20c000,fragment,F00E73816488008D,agc.main,',22,132
empire2,0x17b20c000,fragment,F00E73816488008D,agc.main,',23,132
empire2,0x17b20c000,fragment,F00E73816488008D,agc.main,',2,283
empire2,0x17b20c000,fragment,F00E73816488008D,agc.main,',25,284
empire2,0x17b20c000,fragment,F00E73816488008D,agc.main,',4,
empire2,0x17b20c000,fragment,F00E73816488008D,agc.main,',12,300
empire2,0x17b20c000,fragment,F00E73816488008D,agc.main,',1,
empire2,0x17b20c000,fragment,F00E73816488008D,agc.main,',3,314
empire2,0x17b20c000,fragment,F00E73816488008D,agc.main,',1,
empire2,0x17b20c000,fragment,F00E73816488008D,agc.main,',1,320
empire2,0x17b20c000,fragment,F00E73816488008D,agc.main,',27,
empire2,0x17b20c000,fragment,F00E73816488008D,agc.main,',1,
empire2,0x17b20c000,fragment,F00E73816488008D,agc.main,',3,
empire2,0x17b20c000,fragment,F00E73816488008D,agc.main,',35,376
empire2,0x17b20c000,fragment,F00E73816488008D,agc.main,',1,
empire2,0x17b20c000,fragment,F00E73816488008D,agc.main,',128,365
empire2,0x17b20c000,fragment,F00E73816488008D,agc.main,',15,511
empire2,0x17b20c000,fragment,F00E73816488008D,agc.main,',1,
empire2,0x17b20c000,fragment,F00E73816488008D,agc.main,',147,132
empire2,0x17b238000,vertex,30DC02723A6AFF2F,agc.main.constant_program,',20,0
empire2,0x17b238000,vertex,30DC02723A6AFF2F,agc.main,',53,138
empire2,0x17b238000,vertex,30DC02723A6AFF2F,agc.main,',3,157
empire2,0x17b238000,vertex,30DC02723A6AFF2F,agc.main,',3,161
empire2,0x17b238000,vertex,30DC02723A6AFF2F,agc.main,',1,
empire2,0x17b238000,vertex,30DC02723A6AFF2F,agc.main,',3,
empire2,0x17b238000,vertex,30DC02723A6AFF2F,agc.main,',1,
empire2,0x17b238000,vertex,30DC02723A6AFF2F,agc.main,',3,
empire2,0x17b238000,vertex,30DC02723A6AFF2F,agc.main,',1,
empire2,0x17b238000,vertex,30DC02723A6AFF2F,agc.main,',3,
empire2,0x17b238000,vertex,30DC02723A6AFF2F,agc.main,',4,
empire2,0x17b238000,vertex,30DC02723A6AFF2F,agc.main,',5,172
empire2,0x17b238000,vertex,30DC02723A6AFF2F,agc.main,',3,179
empire2,0x17b238000,vertex,30DC02723A6AFF2F,agc.main,',3,183
empire2,0x17b238000,vertex,30DC02723A6AFF2F,agc.main,',1,
empire2,0x17b238000,vertex,30DC02723A6AFF2F,agc.main,',3,
empire2,0x17b238000,vertex,30DC02723A6AFF2F,agc.main,',1,
empire2,0x17b238000,vertex,30DC02723A6AFF2F,agc.main,',3,
empire2,0x17b238000,vertex,30DC02723A6AFF2F,agc.main,',1,
empire2,0x17b238000,vertex,30DC02723A6AFF2F,agc.main,',4,
empire2,0x17b238000,vertex,30DC02723A6AFF2F,agc.main,',8,193
empire2,0x17b238000,vertex,30DC02723A6AFF2F,agc.main,',1,
empire2,0x17b238000,vertex,30DC02723A6AFF2F,agc.main,',30,139
empire2,0x17b238000,vertex,30DC02723A6AFF2F,agc.main,',27,234
empire2,0x17b238000,vertex,30DC02723A6AFF2F,agc.main,',17,
empire2,0x17b238000,vertex,30DC02723A6AFF2F,agc.main,',164,272
empire2,0x17b238000,fragment,ACFE2168C54BAD9C,agc.main.constant_program,',153,223
empire2,0x17b238000,fragment,ACFE2168C54BAD9C,agc.main,',26,117
empire2,0x17b238000,fragment,ACFE2168C54BAD9C,agc.main,',23,117
empire2,0x17b238000,fragment,ACFE2168C54BAD9C,agc.main,',2,271
empire2,0x17b238000,fragment,ACFE2168C54BAD9C,agc.main,',25,272
empire2,0x17b238000,fragment,ACFE2168C54BAD9C,agc.main,',4,
empire2,0x17b238000,fragment,ACFE2168C54BAD9C,agc.main,',12,288
empire2,0x17b238000,fragment,ACFE2168C54BAD9C,agc.main,',1,
empire2,0x17b238000,fragment,ACFE2168C54BAD9C,agc.main,',3,302
empire2,0x17b238000,fragment,ACFE2168C54BAD9C,agc.main,',1,
empire2,0x17b238000,fragment,ACFE2168C54BAD9C,agc.main,',1,308
empire2,0x17b238000,fragment,ACFE2168C54BAD9C,agc.main,',27,
empire2,0x17b238000,fragment,ACFE2168C54BAD9C,agc.main,',1,
empire2,0x17b238000,fragment,ACFE2168C54BAD9C,agc.main,',71,117
empire2,0x17b238000,fragment,ACFE2168C54BAD9C,agc.main,',35,446
empire2,0x17b238000,fragment,ACFE2168C54BAD9C,agc.main,',1,
empire2,0x17b238000,fragment,ACFE2168C54BAD9C,agc.main,',130,
empire2,0x17b238000,fragment,ACFE2168C54BAD9C,agc.main,',15,581
empire2,0x17b238000,fragment,ACFE2168C54BAD9C,agc.main,',1,
empire2,0x17b238000,fragment,ACFE2168C54BAD9C,agc.main,',218,117
empire2,0x17b3ed800,vertex,24B4211C998DA423,agc.main.constant_program,',31,0
empire2,0x17b3ed800,vertex,24B4211C998DA423,agc.main,',37,171
empire2,0x17b3ed800,vertex,24B4211C998DA423,agc.main,',27,210
empire2,0x17b3ed800,vertex,24B4211C998DA423,agc.main,',17,
empire2,0x17b3ed800,vertex,24B4211C998DA423,agc.main,',186,173
empire2,0x17b3ed800,fragment,8A841B7474DF6D4E,agc.main.constant_program,',190,213
empire2,0x17b3ed800,fragment,8A841B7474DF6D4E,agc.main,',59,129
empire2,0x17b3ed800,fragment,8A841B7474DF6D4E,agc.main,',2,310
empire2,0x17b3ed800,fragment,8A841B7474DF6D4E,agc.main,',17,312
empire2,0x17b3ed800,fragment,8A841B7474DF6D4E,agc.main,',1,
empire2,0x17b3ed800,fragment,8A841B7474DF6D4E,agc.main,',1,333
empire2,0x17b3ed800,fragment,8A841B7474DF6D4E,agc.main,',27,
empire2,0x17b3ed800,fragment,8A841B7474DF6D4E,agc.main,',1,
empire2,0x17b3ed800,fragment,8A841B7474DF6D4E,agc.main,',2,
empire2,0x17b3ed800,fragment,8A841B7474DF6D4E,agc.main,',34,401
empire2,0x17b3ed800,fragment,8A841B7474DF6D4E,agc.main,',1,
empire2,0x17b3ed800,fragment,8A841B7474DF6D4E,agc.main,',129,390
empire2,0x17b3ed800,fragment,8A841B7474DF6D4E,agc.main,',15,537
empire2,0x17b3ed800,fragment,8A841B7474DF6D4E,agc.main,',1,
empire2,0x17b3ed800,fragment,8A841B7474DF6D4E,agc.main,',199,129
empire2,0x17b20e400,vertex,CD61BFF2AB5FDFE5,agc.main.constant_program,',108,0
empire2,0x17b20e400,vertex,CD61BFF2AB5FDFE5,agc.main,',139,151
empire2,0x17b20e400,vertex,CD61BFF2AB5FDFE5,agc.main,',86,223
empire2,0x17b20e400,vertex,CD61BFF2AB5FDFE5,agc.main,',1,
empire2,0x17b20e400,vertex,CD61BFF2AB5FDFE5,agc.main,',38,152
empire2,0x17b20e400,vertex,CD61BFF2AB5FDFE5,agc.main,',27,311
empire2,0x17b20e400,vertex,CD61BFF2AB5FDFE5,agc.main,',17,
empire2,0x17b20e400,vertex,CD61BFF2AB5FDFE5,agc.main,',164,277
empire2,0x17b20e400,fragment,3EFBC51F256CC4C6,agc.main.constant_program,',138,235
empire2,0x17b20e400,fragment,3EFBC51F256CC4C6,agc.main,',25,120
empire2,0x17b20e400,fragment,3EFBC51F256CC4C6,agc.main,',25,120
empire2,0x17b20e400,fragment,3EFBC51F256CC4C6,agc.main,',1,
empire2,0x17b20e400,fragment,3EFBC51F256CC4C6,agc.main,',2,120
empire2,0x17b20e400,fragment,3EFBC51F256CC4C6,agc.main,',27,
empire2,0x17b20e400,fragment,3EFBC51F256CC4C6,agc.main,',1,
empire2,0x17b20e400,fragment,3EFBC51F256CC4C6,agc.main,',72,120
empire2,0x17b20e400,fragment,3EFBC51F256CC4C6,agc.main,',35,420
empire2,0x17b20e400,fragment,3EFBC51F256CC4C6,agc.main,',1,
empire2,0x17b20e400,fragment,3EFBC51F256CC4C6,agc.main,',130,
empire2,0x17b20e400,fragment,3EFBC51F256CC4C6,agc.main,',15,555
empire2,0x17b20e400,fragment,3EFBC51F256CC4C6,agc.main,',1,
empire2,0x17b20e400,fragment,3EFBC51F256CC4C6,agc.main,',244,120
empire2,0x17b18a400,vertex,9C1452166BD01029,agc.main.constant_program,',25,0
empire2,0x17b18a400,vertex,9C1452166BD01029,agc.main,',42,122
empire2,0x17b18a400,vertex,9C1452166BD01029,agc.main,',27,156
empire2,0x17b18a400,vertex,9C1452166BD01029,agc.main,',17,
empire2,0x17b18a400,vertex,9C1452166BD01029,agc.main,',162,124
empire2,0x17b18a400,fragment,75B0E8BB7D998BB6,agc.main.constant_program,',162,246
empire2,0x17b18a400,fragment,75B0E8BB7D998BB6,agc.main,',19,134
empire2,0x17b18a400,fragment,75B0E8BB7D998BB6,agc.main,',23,134
empire2,0x17b18a400,fragment,75B0E8BB7D998BB6,agc.main,',2,296
empire2,0x17b18a400,fragment,75B0E8BB7D998BB6,agc.main,',25,297
empire2,0x17b18a400,fragment,75B0E8BB7D998BB6,agc.main,',4,
empire2,0x17b18a400,fragment,75B0E8BB7D998BB6,agc.main,',12,313
empire2,0x17b18a400,fragment,75B0E8BB7D998BB6,agc.main,',1,
empire2,0x17b18a400,fragment,75B0E8BB7D998BB6,agc.main,',3,327
empire2,0x17b18a400,fragment,75B0E8BB7D998BB6,agc.main,',1,
empire2,0x17b18a400,fragment,75B0E8BB7D998BB6,agc.main,',1,333
empire2,0x17b18a400,fragment,75B0E8BB7D998BB6,agc.main,',27,
empire2,0x17b18a400,fragment,75B0E8BB7D998BB6,agc.main,',1,
empire2,0x17b18a400,fragment,75B0E8BB7D998BB6,agc.main,',71,134
empire2,0x17b18a400,fragment,75B0E8BB7D998BB6,agc.main,',35,436
empire2,0x17b18a400,fragment,75B0E8BB7D998BB6,agc.main,',1,
empire2,0x17b18a400,fragment,75B0E8BB7D998BB6,agc.main,',129,425
empire2,0x17b18a400,fragment,75B0E8BB7D998BB6,agc.main,',15,571
empire2,0x17b18a400,fragment,75B0E8BB7D998BB6,agc.main,',1,
empire2,0x17b18a400,fragment,75B0E8BB7D998BB6,agc.main,',175,134
empire2,0x17b1c0000,vertex,97C2DE9615BCB3FD,agc.main.constant_program,',52,0
empire2,0x17b1c0000,vertex,97C2DE9615BCB3FD,agc.main,',112,180
empire2,0x17b1c0000,vertex,97C2DE9615BCB3FD,agc.main,',27,286
empire2,0x17b1c0000,vertex,97C2DE9615BCB3FD,agc.main,',17,
empire2,0x17b1c0000,vertex,97C2DE9615BCB3FD,agc.main,',188,326
empire2,0x17b1c0000,fragment,797332E8F0D8DD4E,agc.main.constant_program,',152,244
empire2,0x17b1c0000,fragment,797332E8F0D8DD4E,agc.main,',18,132
empire2,0x17b1c0000,fragment,797332E8F0D8DD4E,agc.main,',23,132
empire2,0x17b1c0000,fragment,797332E8F0D8DD4E,agc.main,',2,277
empire2,0x17b1c0000,fragment,797332E8F0D8DD4E,agc.main,',25,278
empire2,0x17b1c0000,fragment,797332E8F0D8DD4E,agc.main,',4,
empire2,0x17b1c0000,fragment,797332E8F0D8DD4E,agc.main,',12,294
empire2,0x17b1c0000,fragment,797332E8F0D8DD4E,agc.main,',1,
empire2,0x17b1c0000,fragment,797332E8F0D8DD4E,agc.main,',3,308
empire2,0x17b1c0000,fragment,797332E8F0D8DD4E,agc.main,',1,
empire2,0x17b1c0000,fragment,797332E8F0D8DD4E,agc.main,',1,314
empire2,0x17b1c0000,fragment,797332E8F0D8DD4E,agc.main,',27,
empire2,0x17b1c0000,fragment,797332E8F0D8DD4E,agc.main,',1,
empire2,0x17b1c0000,fragment,797332E8F0D8DD4E,agc.main,',3,
empire2,0x17b1c0000,fragment,797332E8F0D8DD4E,agc.main,',35,370
empire2,0x17b1c0000,fragment,797332E8F0D8DD4E,agc.main,',1,
empire2,0x17b1c0000,fragment,797332E8F0D8DD4E,agc.main,',128,359
empire2,0x17b1c0000,fragment,797332E8F0D8DD4E,agc.main,',15,505
empire2,0x17b1c0000,fragment,797332E8F0D8DD4E,agc.main,',1,
empire2,0x17b1c0000,fragment,797332E8F0D8DD4E,agc.main,',145,132
empire2,0x171348c00,vertex,1E7EF532F18FDDAF,agc.main.constant_program,',20,0
empire2,0x171348c00,vertex,1E7EF532F18FDDAF,agc.main,',42,85
empire2,0x171348c00,vertex,1E7EF532F18FDDAF,agc.main,',27,119
empire2,0x171348c00,vertex,1E7EF532F18FDDAF,agc.main,',17,
empire2,0x171348c00,vertex,1E7EF532F18FDDAF,agc.main,',161,87
empire2,0x171348c00,fragment,B92355BC99986829,agc.main.constant_program,',148,219
empire2,0x171348c00,fragment,B92355BC99986829,agc.main,',25,88
empire2,0x171348c00,fragment,B92355BC99986829,agc.main,',23,88
empire2,0x171348c00,fragment,B92355BC99986829,agc.main,',2,262
empire2,0x171348c00,fragment,B92355BC99986829,agc.main,',25,263
empire2,0x171348c00,fragment,B92355BC99986829,agc.main,',4,
empire2,0x171348c00,fragment,B92355BC99986829,agc.main,',12,279
empire2,0x171348c00,fragment,B92355BC99986829,agc.main,',1,
empire2,0x171348c00,fragment,B92355BC99986829,agc.main,',3,293
empire2,0x171348c00,fragment,B92355BC99986829,agc.main,',1,
empire2,0x171348c00,fragment,B92355BC99986829,agc.main,',1,299
empire2,0x171348c00,fragment,B92355BC99986829,agc.main,',27,
empire2,0x171348c00,fragment,B92355BC99986829,agc.main,',1,
empire2,0x171348c00,fragment,B92355BC99986829,agc.main,',68,88
empire2,0x171348c00,fragment,B92355BC99986829,agc.main,',35,404
empire2,0x171348c00,fragment,B92355BC99986829,agc.main,',1,
empire2,0x171348c00,fragment,B92355BC99986829,agc.main,',130,
empire2,0x171348c00,fragment,B92355BC99986829,agc.main,',15,539
empire2,0x171348c00,fragment,B92355BC99986829,agc.main,',1,
empire2,0x171348c00,fragment,B92355BC99986829,agc.main,',196,88
empire2,0x171350000,vertex,278FCB7A4626D051,agc.main.constant_program,',40,0
empire2,0x171350000,vertex,278FCB7A4626D051,agc.main,',260,215
empire2,0x171350000,fragment,665FA03EBF2921A1,agc.main.constant_program,',274,318
empire2,0x171350000,fragment,665FA03EBF2921A1,agc.main,',242,170
empire2,0x171350000,fragment,665FA03EBF2921A1,agc.main,',14,170
empire2,0x171350000,fragment,665FA03EBF2921A1,agc.main,',1,
empire2,0x171350000,fragment,665FA03EBF2921A1,agc.main,',51,564
empire2,0x171350000,fragment,665FA03EBF2921A1,agc.main,',37,643
empire2,0x171350000,fragment,665FA03EBF2921A1,agc.main,',1,
empire2,0x171350000,fragment,665FA03EBF2921A1,agc.main,',129,676
empire2,0x171350000,fragment,665FA03EBF2921A1,agc.main,',16,779
empire2,0x171350000,fragment,665FA03EBF2921A1,agc.main,',1,
empire2,0x171350000,fragment,665FA03EBF2921A1,agc.main,',240,170
empire2,0x17b274c00,vertex,1F05412574446FA1,agc.main.constant_program,',24,0
empire2,0x17b274c00,vertex,1F05412574446FA1,agc.main,',43,87
empire2,0x17b274c00,vertex,1F05412574446FA1,agc.main,',30,144
empire2,0x17b274c00,vertex,1F05412574446FA1,agc.main,',21,
empire2,0x17b274c00,vertex,1F05412574446FA1,agc.main,',1,
empire2,0x17b274c00,vertex,1F05412574446FA1,agc.main,',194,89
empire2,0x17b274c00,fragment,D42C9EF079F78D62,agc.main.constant_program,',152,179
empire2,0x17b274c00,fragment,D42C9EF079F78D62,agc.main,',25,89
empire2,0x17b274c00,fragment,D42C9EF079F78D62,agc.main,',23,89
empire2,0x17b274c00,fragment,D42C9EF079F78D62,agc.main,',2,253
empire2,0x17b274c00,fragment,D42C9EF079F78D62,agc.main,',25,254
empire2,0x17b274c00,fragment,D42C9EF079F78D62,agc.main,',4,
empire2,0x17b274c00,fragment,D42C9EF079F78D62,agc.main,',12,270
empire2,0x17b274c00,fragment,D42C9EF079F78D62,agc.main,',1,
empire2,0x17b274c00,fragment,D42C9EF079F78D62,agc.main,',3,284
empire2,0x17b274c00,fragment,D42C9EF079F78D62,agc.main,',1,
empire2,0x17b274c00,fragment,D42C9EF079F78D62,agc.main,',1,290
empire2,0x17b274c00,fragment,D42C9EF079F78D62,agc.main,',27,
empire2,0x17b274c00,fragment,D42C9EF079F78D62,agc.main,',1,
empire2,0x17b274c00,fragment,D42C9EF079F78D62,agc.main,',3,
empire2,0x17b274c00,fragment,D42C9EF079F78D62,agc.main,',35,342
empire2,0x17b274c00,fragment,D42C9EF079F78D62,agc.main,',1,
empire2,0x17b274c00,fragment,D42C9EF079F78D62,agc.main,',129,
empire2,0x17b274c00,fragment,D42C9EF079F78D62,agc.main,',15,477
empire2,0x17b274c00,fragment,D42C9EF079F78D62,agc.main,',1,
empire2,0x17b274c00,fragment,D42C9EF079F78D62,agc.main,',151,89
empire2,0x171353000,vertex,ECF84F140BD2A332,agc.main.constant_program,',59,0
empire2,0x171353000,vertex,ECF84F140BD2A332,agc.main,',62,141
empire2,0x171353000,vertex,ECF84F140BD2A332,agc.main,',30,231
empire2,0x171353000,vertex,ECF84F140BD2A332,agc.main,',21,
empire2,0x171353000,vertex,ECF84F140BD2A332,agc.main,',1,
empire2,0x171353000,vertex,ECF84F140BD2A332,agc.main,',195,268
empire2,0x171353000,fragment,735A994C4DBEB7A0,agc.main.constant_program,',145,181
empire2,0x171353000,fragment,735A994C4DBEB7A0,agc.main,',4,
empire2,0x171353000,fragment,735A994C4DBEB7A0,agc.main,',37,93
empire2,0x171353000,fragment,735A994C4DBEB7A0,agc.main,',11,93
empire2,0x171353000,fragment,735A994C4DBEB7A0,agc.main,',23,93
empire2,0x171353000,fragment,735A994C4DBEB7A0,agc.main,',2,268
empire2,0x171353000,fragment,735A994C4DBEB7A0,agc.main,',25,269
empire2,0x171353000,fragment,735A994C4DBEB7A0,agc.main,',4,
empire2,0x171353000,fragment,735A994C4DBEB7A0,agc.main,',12,285
empire2,0x171353000,fragment,735A994C4DBEB7A0,agc.main,',1,
empire2,0x171353000,fragment,735A994C4DBEB7A0,agc.main,',4,299
empire2,0x171353000,fragment,735A994C4DBEB7A0,agc.main,',1,
empire2,0x171353000,fragment,735A994C4DBEB7A0,agc.main,',2,
empire2,0x171353000,fragment,735A994C4DBEB7A0,agc.main,',34,341
empire2,0x171353000,fragment,735A994C4DBEB7A0,agc.main,',1,
empire2,0x171353000,fragment,735A994C4DBEB7A0,agc.main,',129,
empire2,0x171353000,fragment,735A994C4DBEB7A0,agc.main,',15,476
empire2,0x171353000,fragment,735A994C4DBEB7A0,agc.main,',1,
empire2,0x171353000,fragment,735A994C4DBEB7A0,agc.main,',144,93
empire2,0x171353000,fragment,735A994C4DBEB7A0,agc.main,',1,
empire2,0x171353000,fragment,735A994C4DBEB7A0,agc.main,',1,
empire2,0x17c07f000,vertex,16AA5853F5F3E209,agc.main.constant_program,',9,0
empire2,0x17c07f000,vertex,16AA5853F5F3E209,agc.main,',69,80
empire2,0x17c07f000,fragment,9D724AFF578D9744,agc.main.constant_program,',107,111
empire2,0x17c07f000,fragment,9D724AFF578D9744,agc.main,',108,68
empire2,0x17b00b000,vertex,5FEB678AF446310D,agc.main.constant_program,',22,0
empire2,0x17b00b000,vertex,5FEB678AF446310D,agc.main,',50,112
empire2,0x17b00b000,vertex,5FEB678AF446310D,agc.main,',3,131
empire2,0x17b00b000,vertex,5FEB678AF446310D,agc.main,',3,135
empire2,0x17b00b000,vertex,5FEB678AF446310D,agc.main,',1,
empire2,0x17b00b000,vertex,5FEB678AF446310D,agc.main,',3,
empire2,0x17b00b000,vertex,5FEB678AF446310D,agc.main,',1,
empire2,0x17b00b000,vertex,5FEB678AF446310D,agc.main,',3,
empire2,0x17b00b000,vertex,5FEB678AF446310D,agc.main,',1,
empire2,0x17b00b000,vertex,5FEB678AF446310D,agc.main,',3,
empire2,0x17b00b000,vertex,5FEB678AF446310D,agc.main,',5,
empire2,0x17b00b000,vertex,5FEB678AF446310D,agc.main,',5,146
empire2,0x17b00b000,vertex,5FEB678AF446310D,agc.main,',3,153
empire2,0x17b00b000,vertex,5FEB678AF446310D,agc.main,',3,157
empire2,0x17b00b000,vertex,5FEB678AF446310D,agc.main,',1,
empire2,0x17b00b000,vertex,5FEB678AF446310D,agc.main,',3,
empire2,0x17b00b000,vertex,5FEB678AF446310D,agc.main,',1,
empire2,0x17b00b000,vertex,5FEB678AF446310D,agc.main,',3,
empire2,0x17b00b000,vertex,5FEB678AF446310D,agc.main,',1,
empire2,0x17b00b000,vertex,5FEB678AF446310D,agc.main,',4,
empire2,0x17b00b000,vertex,5FEB678AF446310D,agc.main,',8,167
empire2,0x17b00b000,vertex,5FEB678AF446310D,agc.main,',1,
empire2,0x17b00b000,vertex,5FEB678AF446310D,agc.main,',47,113
empire2,0x17b00b000,fragment,791277F879E1FBC9,agc.main.constant_program,',16,40
empire2,0x17b00b000,fragment,791277F879E1FBC9,agc.main,',22,49
empire2,0x17c0c6400,vertex,7165489D9CC05C9D,agc.main,',72,
empire2,0x17c0c6400,fragment,B5C0778AABCA22B2,agc.main.constant_program,',86,73
empire2,0x17c0c6400,fragment,B5C0778AABCA22B2,agc.main,',93,48
empire2,0x17e08a400,vertex,2EB35058C7F2CB6C,agc.main.constant_program,',30,0
empire2,0x17e08a400,vertex,2EB35058C7F2CB6C,agc.main,',72,
empire2,0x17e08a400,fragment,36230B57011F2EC6,agc.main.constant_program,',25,38
empire2,0x17e08a400,fragment,36230B57011F2EC6,agc.main,',22,29
empire2,0x17c013000,vertex,B70C9B8C3CB291A8,agc.main,',72,
empire2,0x17c013000,fragment,313951F9DAEAB9DE,agc.main.constant_program,',84,96
empire2,0x17c013000,fragment,313951F9DAEAB9DE,agc.main,',93,57
empire2,0x17b02b000,vertex,DFE0F5CD7D6882E2,agc.main.constant_program,',16,132
empire2,0x17b02b000,vertex,DFE0F5CD7D6882E2,agc.main,',24,
empire2,0x17b02b000,vertex,DFE0F5CD7D6882E2,agc.main,',27,131
empire2,0x17b02b000,vertex,DFE0F5CD7D6882E2,agc.main,',17,
empire2,0x17b02b000,vertex,DFE0F5CD7D6882E2,agc.main,',109,168
empire2,0x17b02b000,fragment,9023C3FAB0141D27,agc.main.constant_program,',143,232
empire2,0x17b02b000,fragment,9023C3FAB0141D27,agc.main,',37,76
empire2,0x17b02b000,fragment,9023C3FAB0141D27,agc.main,',12,76
empire2,0x17b02b000,fragment,9023C3FAB0141D27,agc.main,',3,
empire2,0x17b02b000,fragment,9023C3FAB0141D27,agc.main,',2,216
empire2,0x17b02b000,fragment,9023C3FAB0141D27,agc.main,',4,
empire2,0x17b02b000,fragment,9023C3FAB0141D27,agc.main,',10,76
empire2,0x17b02b000,fragment,9023C3FAB0141D27,agc.main,',2,230
empire2,0x17b02b000,fragment,9023C3FAB0141D27,agc.main,',27,231
empire2,0x17b02b000,fragment,9023C3FAB0141D27,agc.main,',4,
empire2,0x17b02b000,fragment,9023C3FAB0141D27,agc.main,',2,250
empire2,0x17b02b000,fragment,9023C3FAB0141D27,agc.main,',4,
empire2,0x17b02b000,fragment,9023C3FAB0141D27,agc.main,',6,
empire2,0x17b02b000,fragment,9023C3FAB0141D27,agc.main,',1,
empire2,0x17b02b000,fragment,9023C3FAB0141D27,agc.main,',3,265
empire2,0x17b02b000,fragment,9023C3FAB0141D27,agc.main,',1,
empire2,0x17b02b000,fragment,9023C3FAB0141D27,agc.main,',1,271
empire2,0x17b02b000,fragment,9023C3FAB0141D27,agc.main,',27,
empire2,0x17b02b000,fragment,9023C3FAB0141D27,agc.main,',1,
empire2,0x17b02b000,fragment,9023C3FAB0141D27,agc.main,',2,
empire2,0x17b02b000,fragment,9023C3FAB0141D27,agc.main,',8,
empire2,0x17b02b000,fragment,9023C3FAB0141D27,agc.main,',1,
empire2,0x17b02b000,fragment,9023C3FAB0141D27,agc.main,',130,
empire2,0x17b02b000,fragment,9023C3FAB0141D27,agc.main,',15,445
empire2,0x17b02b000,fragment,9023C3FAB0141D27,agc.main,',1,
empire2,0x17b02b000,fragment,9023C3FAB0141D27,agc.main,',128,76
empire2,0x17b008c00,vertex,980E7674030BD3E2,agc.main.constant_program,',22,0
empire2,0x17b008c00,vertex,980E7674030BD3E2,agc.main,',91,105
empire2,0x17b008c00,fragment,791277F879E1FBC9,agc.main.constant_program,',16,40
empire2,0x17b008c00,fragment,791277F879E1FBC9,agc.main,',22,49
empire2,0x17b36e400,vertex,3CEB06A14A77D67F,agc.main.constant_program,',24,0
empire2,0x17b36e400,vertex,3CEB06A14A77D67F,agc.main,',40,127
empire2,0x17b36e400,vertex,3CEB06A14A77D67F,agc.main,',27,184
empire2,0x17b36e400,vertex,3CEB06A14A77D67F,agc.main,',17,
empire2,0x17b36e400,vertex,3CEB06A14A77D67F,agc.main,',196,231
empire2,0x17b36e400,fragment,FDA8C747A5187008,agc.main.constant_program,',152,254
empire2,0x17b36e400,fragment,FDA8C747A5187008,agc.main,',19,131
empire2,0x17b36e400,fragment,FDA8C747A5187008,agc.main,',23,131
empire2,0x17b36e400,fragment,FDA8C747A5187008,agc.main,',2,287
empire2,0x17b36e400,fragment,FDA8C747A5187008,agc.main,',25,288
empire2,0x17b36e400,fragment,FDA8C747A5187008,agc.main,',4,
empire2,0x17b36e400,fragment,FDA8C747A5187008,agc.main,',12,304
empire2,0x17b36e400,fragment,FDA8C747A5187008,agc.main,',1,
empire2,0x17b36e400,fragment,FDA8C747A5187008,agc.main,',3,318
empire2,0x17b36e400,fragment,FDA8C747A5187008,agc.main,',1,
empire2,0x17b36e400,fragment,FDA8C747A5187008,agc.main,',1,324
empire2,0x17b36e400,fragment,FDA8C747A5187008,agc.main,',27,
empire2,0x17b36e400,fragment,FDA8C747A5187008,agc.main,',1,
empire2,0x17b36e400,fragment,FDA8C747A5187008,agc.main,',3,
empire2,0x17b36e400,fragment,FDA8C747A5187008,agc.main,',35,381
empire2,0x17b36e400,fragment,FDA8C747A5187008,agc.main,',1,
empire2,0x17b36e400,fragment,FDA8C747A5187008,agc.main,',129,
empire2,0x17b36e400,fragment,FDA8C747A5187008,agc.main,',15,516
empire2,0x17b36e400,fragment,FDA8C747A5187008,agc.main,',1,
empire2,0x17b36e400,fragment,FDA8C747A5187008,agc.main,',147,131
empire2,0x17c062400,vertex,16AA5853F5F3E209,agc.main.constant_program,',9,0
empire2,0x17c062400,vertex,16AA5853F5F3E209,agc.main,',69,80
empire2,0x17c062400,fragment,4C1D15EA3966A13,agc.main.constant_program,',133,105
empire2,0x17c062400,fragment,4C1D15EA3966A13,agc.main,',124,73
empire2,0x171320000,vertex,FC5D17909A869C1A,agc.main.constant_program,',24,0
empire2,0x171320000,vertex,FC5D17909A869C1A,agc.main,',43,123
empire2,0x171320000,vertex,FC5D17909A869C1A,agc.main,',30,180
empire2,0x171320000,vertex,FC5D17909A869C1A,agc.main,',21,
empire2,0x171320000,vertex,FC5D17909A869C1A,agc.main,',1,
empire2,0x171320000,vertex,FC5D17909A869C1A,agc.main,',188,125
empire2,0x171320000,fragment,C7563D42F46C078C,agc.main.constant_program,',151,243
empire2,0x171320000,fragment,C7563D42F46C078C,agc.main,',19,131
empire2,0x171320000,fragment,C7563D42F46C078C,agc.main,',23,131
empire2,0x171320000,fragment,C7563D42F46C078C,agc.main,',2,277
empire2,0x171320000,fragment,C7563D42F46C078C,agc.main,',25,278
empire2,0x171320000,fragment,C7563D42F46C078C,agc.main,',4,
empire2,0x171320000,fragment,C7563D42F46C078C,agc.main,',12,294
empire2,0x171320000,fragment,C7563D42F46C078C,agc.main,',1,
empire2,0x171320000,fragment,C7563D42F46C078C,agc.main,',3,308
empire2,0x171320000,fragment,C7563D42F46C078C,agc.main,',1,
empire2,0x171320000,fragment,C7563D42F46C078C,agc.main,',1,314
empire2,0x171320000,fragment,C7563D42F46C078C,agc.main,',27,
empire2,0x171320000,fragment,C7563D42F46C078C,agc.main,',1,
empire2,0x171320000,fragment,C7563D42F46C078C,agc.main,',3,
empire2,0x171320000,fragment,C7563D42F46C078C,agc.main,',35,370
empire2,0x171320000,fragment,C7563D42F46C078C,agc.main,',1,
empire2,0x171320000,fragment,C7563D42F46C078C,agc.main,',128,359
empire2,0x171320000,fragment,C7563D42F46C078C,agc.main,',15,505
empire2,0x171320000,fragment,C7563D42F46C078C,agc.main,',1,
empire2,0x171320000,fragment,C7563D42F46C078C,agc.main,',146,131
empire2,0x17b009800,vertex,980E7674030BD3E2,agc.main.constant_program,',22,0
empire2,0x17b009800,vertex,980E7674030BD3E2,agc.main,',91,105
empire2,0x17b009800,fragment,791277F879E1FBC9,agc.main.constant_program,',16,40
empire2,0x17b009800,fragment,791277F879E1FBC9,agc.main,',22,49
empire2,0x17b3a8000,vertex,F5D13132E7F44A41,agc.main.constant_program,',53,0
empire2,0x17b3a8000,vertex,F5D13132E7F44A41,agc.main,',66,141
empire2,0x17b3a8000,vertex,F5D13132E7F44A41,agc.main,',27,208
empire2,0x17b3a8000,vertex,F5D13132E7F44A41,agc.main,',17,
empire2,0x17b3a8000,vertex,F5D13132E7F44A41,agc.main,',161,143
empire2,0x17b3a8000,fragment,11385535CDA8BFA3,agc.main.constant_program,',184,246
empire2,0x17b3a8000,fragment,11385535CDA8BFA3,agc.main,',4,
empire2,0x17b3a8000,fragment,11385535CDA8BFA3,agc.main,',36,109
empire2,0x17b3a8000,fragment,11385535CDA8BFA3,agc.main,',14,109
empire2,0x17b3a8000,fragment,11385535CDA8BFA3,agc.main,',24,109
empire2,0x17b3a8000,fragment,11385535CDA8BFA3,agc.main,',2,390
empire2,0x17b3a8000,fragment,11385535CDA8BFA3,agc.main,',25,391
empire2,0x17b3a8000,fragment,11385535CDA8BFA3,agc.main,',4,
empire2,0x17b3a8000,fragment,11385535CDA8BFA3,agc.main,',13,407
empire2,0x17b3a8000,fragment,11385535CDA8BFA3,agc.main,',1,
empire2,0x17b3a8000,fragment,11385535CDA8BFA3,agc.main,',3,421
empire2,0x17b3a8000,fragment,11385535CDA8BFA3,agc.main,',1,
empire2,0x17b3a8000,fragment,11385535CDA8BFA3,agc.main,',1,427
empire2,0x17b3a8000,fragment,11385535CDA8BFA3,agc.main,',27,
empire2,0x17b3a8000,fragment,11385535CDA8BFA3,agc.main,',1,
empire2,0x17b3a8000,fragment,11385535CDA8BFA3,agc.main,',2,
empire2,0x17b3a8000,fragment,11385535CDA8BFA3,agc.main,',35,498
empire2,0x17b3a8000,fragment,11385535CDA8BFA3,agc.main,',1,
empire2,0x17b3a8000,fragment,11385535CDA8BFA3,agc.main,',130,
empire2,0x17b3a8000,fragment,11385535CDA8BFA3,agc.main,',16,633
empire2,0x17b3a8000,fragment,11385535CDA8BFA3,agc.main,',1,
empire2,0x17b3a8000,fragment,11385535CDA8BFA3,agc.main,',310,109
empire2,0x17b3a8000,fragment,11385535CDA8BFA3,agc.main,',1,
empire2,0x17b3a8000,fragment,11385535CDA8BFA3,agc.main,',1,
empire2,0x171323000,vertex,9C1452166BD01029,agc.main.constant_program,',20,0
empire2,0x171323000,vertex,9C1452166BD01029,agc.main,',42,122
empire2,0x171323000,vertex,9C1452166BD01029,agc.main,',27,156
empire2,0x171323000,vertex,9C1452166BD01029,agc.main,',17,
empire2,0x171323000,vertex,9C1452166BD01029,agc.main,',161,124
empire2,0x171323000,fragment,537455CC7BB49C49,agc.main.constant_program,',160,256
empire2,0x171323000,fragment,537455CC7BB49C49,agc.main,',19,133
empire2,0x171323000,fragment,537455CC7BB49C49,agc.main,',23,133
empire2,0x171323000,fragment,537455CC7BB49C49,agc.main,',2,302
empire2,0x171323000,fragment,537455CC7BB49C49,agc.main,',25,303
empire2,0x171323000,fragment,537455CC7BB49C49,agc.main,',4,
empire2,0x171323000,fragment,537455CC7BB49C49,agc.main,',12,319
empire2,0x171323000,fragment,537455CC7BB49C49,agc.main,',1,
empire2,0x171323000,fragment,537455CC7BB49C49,agc.main,',3,333
empire2,0x171323000,fragment,537455CC7BB49C49,agc.main,',1,
empire2,0x171323000,fragment,537455CC7BB49C49,agc.main,',1,339
empire2,0x171323000,fragment,537455CC7BB49C49,agc.main,',27,
empire2,0x171323000,fragment,537455CC7BB49C49,agc.main,',1,
empire2,0x171323000,fragment,537455CC7BB49C49,agc.main,',81,133
empire2,0x171323000,fragment,537455CC7BB49C49,agc.main,',35,449
empire2,0x171323000,fragment,537455CC7BB49C49,agc.main,',1,
empire2,0x171323000,fragment,537455CC7BB49C49,agc.main,',130,
empire2,0x171323000,fragment,537455CC7BB49C49,agc.main,',15,584
empire2,0x171323000,fragment,537455CC7BB49C49,agc.main,',1,
empire2,0x171323000,fragment,537455CC7BB49C49,agc.main,',166,133
empire2,0x17c126400,vertex,A3B4DDAA3ED2AE38,agc.main,',104,
empire2,0x17c126400,fragment,70C4E390B5467EB4,agc.main,',86,
empire2,0x17c0a4c00,vertex,B70C9B8C3CB291A8,agc.main,',58,
empire2,0x17c0a4c00,fragment,12E0E4D166FFC495,agc.main.constant_program,',107,88
empire2,0x17c0a4c00,fragment,12E0E4D166FFC495,agc.main,',86,49
empire2,0x17b3cb000,vertex,112FEB9B48CDF289,agc.main.constant_program,',31,0
empire2,0x17b3cb000,vertex,112FEB9B48CDF289,agc.main,',33,152
empire2,0x17b3cb000,vertex,112FEB9B48CDF289,agc.main,',27,191
empire2,0x17b3cb000,vertex,112FEB9B48CDF289,agc.main,',17,
empire2,0x17b3cb000,vertex,112FEB9B48CDF289,agc.main,',182,154
empire2,0x17b3cb000,fragment,600AB73F661FDE98,agc.main.constant_program,',66,244
empire2,0x17b3cb000,fragment,600AB73F661FDE98,agc.main,',24,
empire2,0x17b3cb000,fragment,600AB73F661FDE98,agc.main,',2,187
empire2,0x17b3cb000,fragment,600AB73F661FDE98,agc.main,',18,189
empire2,0x17b3cb000,fragment,600AB73F661FDE98,agc.main,',1,
empire2,0x17b3cb000,fragment,600AB73F661FDE98,agc.main,',176,83
empire2,0x17b34d800,vertex,AB6A7887745B5B4,agc.main.constant_program,',20,0
empire2,0x17b34d800,vertex,AB6A7887745B5B4,agc.main,',20,166
empire2,0x17b34d800,vertex,AB6A7887745B5B4,agc.main,',13,174
empire2,0x17b34d800,vertex,AB6A7887745B5B4,agc.main,',16,179
empire2,0x17b34d800,vertex,AB6A7887745B5B4,agc.main,',102,
empire2,0x17b34d800,vertex,AB6A7887745B5B4,agc.main,',86,238
empire2,0x17b34d800,vertex,AB6A7887745B5B4,agc.main,',1,
empire2,0x17b34d800,vertex,AB6A7887745B5B4,agc.main,',40,167
empire2,0x17b34d800,vertex,AB6A7887745B5B4,agc.main,',30,347
empire2,0x17b34d800,vertex,AB6A7887745B5B4,agc.main,',21,
empire2,0x17b34d800,vertex,AB6A7887745B5B4,agc.main,',1,
empire2,0x17b34d800,vertex,AB6A7887745B5B4,agc.main,',206,292
empire2,0x17b34d800,fragment,29ECCBB5F84ABC85,agc.main.constant_program,',151,232
empire2,0x17b34d800,fragment,29ECCBB5F84ABC85,agc.main,',18,110
empire2,0x17b34d800,fragment,29ECCBB5F84ABC85,agc.main,',23,110
empire2,0x17b34d800,fragment,29ECCBB5F84ABC85,agc.main,',2,264
empire2,0x17b34d800,fragment,29ECCBB5F84ABC85,agc.main,',25,265
empire2,0x17b34d800,fragment,29ECCBB5F84ABC85,agc.main,',4,
empire2,0x17b34d800,fragment,29ECCBB5F84ABC85,agc.main,',12,281
empire2,0x17b34d800,fragment,29ECCBB5F84ABC85,agc.main,',1,
empire2,0x17b34d800,fragment,29ECCBB5F84ABC85,agc.main,',3,295
empire2,0x17b34d800,fragment,29ECCBB5F84ABC85,agc.main,',1,
empire2,0x17b34d800,fragment,29ECCBB5F84ABC85,agc.main,',1,301
empire2,0x17b34d800,fragment,29ECCBB5F84ABC85,agc.main,',27,
empire2,0x17b34d800,fragment,29ECCBB5F84ABC85,agc.main,',1,
empire2,0x17b34d800,fragment,29ECCBB5F84ABC85,agc.main,',3,
empire2,0x17b34d800,fragment,29ECCBB5F84ABC85,agc.main,',35,358
empire2,0x17b34d800,fragment,29ECCBB5F84ABC85,agc.main,',1,
empire2,0x17b34d800,fragment,29ECCBB5F84ABC85,agc.main,',129,
empire2,0x17b34d800,fragment,29ECCBB5F84ABC85,agc.main,',15,493
empire2,0x17b34d800,fragment,29ECCBB5F84ABC85,agc.main,',1,
empire2,0x17b34d800,fragment,29ECCBB5F84ABC85,agc.main,',147,110
empire2,0x17c011800,vertex,24B4211C998DA423,agc.main.constant_program,',36,0
empire2,0x17c011800,vertex,24B4211C998DA423,agc.main,',40,171
empire2,0x17c011800,vertex,24B4211C998DA423,agc.main,',27,210
empire2,0x17c011800,vertex,24B4211C998DA423,agc.main,',17,
empire2,0x17c011800,vertex,24B4211C998DA423,agc.main,',186,173
empire2,0x17c011800,fragment,13EBDB9A014E1EC2,agc.main.constant_program,',196,217
empire2,0x17c011800,fragment,13EBDB9A014E1EC2,agc.main,',59,131
empire2,0x17c011800,fragment,13EBDB9A014E1EC2,agc.main,',2,313
empire2,0x17c011800,fragment,13EBDB9A014E1EC2,agc.main,',17,315
empire2,0x17c011800,fragment,13EBDB9A014E1EC2,agc.main,',1,
empire2,0x17c011800,fragment,13EBDB9A014E1EC2,agc.main,',1,336
empire2,0x17c011800,fragment,13EBDB9A014E1EC2,agc.main,',27,
empire2,0x17c011800,fragment,13EBDB9A014E1EC2,agc.main,',1,
empire2,0x17c011800,fragment,13EBDB9A014E1EC2,agc.main,',57,131
empire2,0x17c011800,fragment,13EBDB9A014E1EC2,agc.main,',35,426
empire2,0x17c011800,fragment,13EBDB9A014E1EC2,agc.main,',1,
empire2,0x17c011800,fragment,13EBDB9A014E1EC2,agc.main,',129,415
empire2,0x17c011800,fragment,13EBDB9A014E1EC2,agc.main,',15,562
empire2,0x17c011800,fragment,13EBDB9A014E1EC2,agc.main,',1,
empire2,0x17c011800,fragment,13EBDB9A014E1EC2,agc.main,',175,131
empire2,0x14296c000,vertex,FF75455F6679637C,agc.main.constant_program,',156,113
empire2,0x14296c000,vertex,FF75455F6679637C,agc.main,',66,
empire2,0x14296c000,vertex,FF75455F6679637C,agc.main,',41,89
empire2,0x14296c000,vertex,FF75455F6679637C,agc.main,',1,
empire2,0x14296c000,vertex,FF75455F6679637C,agc.main,',4,0
empire2,0x14296c000,vertex,FF75455F6679637C,agc.main,',42,
empire2,0x14296c000,vertex,FF75455F6679637C,agc.main,',8,115
empire2,0x14296c000,vertex,FF75455F6679637C,agc.main,',1,
empire2,0x14296c000,vertex,FF75455F6679637C,agc.main,',61,0
empire2,0x14296c000,fragment,204082A3AA1BC90A,agc.main.constant_program,',6,98
empire2,0x14296c000,fragment,204082A3AA1BC90A,agc.main,',12,0
empire2,0x14296c000,fragment,204082A3AA1BC90A,agc.main,',14,
empire2,0x14296c000,fragment,204082A3AA1BC90A,agc.main,',1,
empire2,0x14296c000,fragment,204082A3AA1BC90A,agc.main,',14,38
empire2,0x14296c000,fragment,204082A3AA1BC90A,agc.main,',6,
empire2,0x14296c000,fragment,204082A3AA1BC90A,agc.main,',5,
empire2,0x14296c000,fragment,204082A3AA1BC90A,agc.main,',1,
empire2,0x14296c000,fragment,204082A3AA1BC90A,agc.main,',41,
empire2,0x17b3ecc00,vertex,24B4211C998DA423,agc.main.constant_program,',36,0
empire2,0x17b3ecc00,vertex,24B4211C998DA423,agc.main,',40,171
empire2,0x17b3ecc00,vertex,24B4211C998DA423,agc.main,',27,210
empire2,0x17b3ecc00,vertex,24B4211C998DA423,agc.main,',17,
empire2,0x17b3ecc00,vertex,24B4211C998DA423,agc.main,',186,173
empire2,0x17b3ecc00,fragment,8A841B7474DF6D4E,agc.main.constant_program,',190,213
empire2,0x17b3ecc00,fragment,8A841B7474DF6D4E,agc.main,',59,129
empire2,0x17b3ecc00,fragment,8A841B7474DF6D4E,agc.main,',2,310
empire2,0x17b3ecc00,fragment,8A841B7474DF6D4E,agc.main,',17,312
empire2,0x17b3ecc00,fragment,8A841B7474DF6D4E,agc.main,',1,
empire2,0x17b3ecc00,fragment,8A841B7474DF6D4E,agc.main,',1,333
empire2,0x17b3ecc00,fragment,8A841B7474DF6D4E,agc.main,',27,
empire2,0x17b3ecc00,fragment,8A841B7474DF6D4E,agc.main,',1,
empire2,0x17b3ecc00,fragment,8A841B7474DF6D4E,agc.main,',2,
empire2,0x17b3ecc00,fragment,8A841B7474DF6D4E,agc.main,',34,401
empire2,0x17b3ecc00,fragment,8A841B7474DF6D4E,agc.main,',1,
empire2,0x17b3ecc00,fragment,8A841B7474DF6D4E,agc.main,',129,390
empire2,0x17b3ecc00,fragment,8A841B7474DF6D4E,agc.main,',15,537
empire2,0x17b3ecc00,fragment,8A841B7474DF6D4E,agc.main,',1,
empire2,0x17b3ecc00,fragment,8A841B7474DF6D4E,agc.main,',199,129
empire2,0x17e00a400,vertex,16AA5853F5F3E209,agc.main.constant_program,',9,0
empire2,0x17e00a400,vertex,16AA5853F5F3E209,agc.main,',67,80
empire2,0x17e00a400,fragment,D0854CE3F6003FFD,agc.main.constant_program,',84,72
empire2,0x17e00a400,fragment,D0854CE3F6003FFD,agc.main,',77,46
empire2,0x17b384c00,vertex,37291EC15CECC475,agc.main.constant_program,',20,0
empire2,0x17b384c00,vertex,37291EC15CECC475,agc.main,',86,113
empire2,0x17b384c00,vertex,37291EC15CECC475,agc.main,',73,155
empire2,0x17b384c00,vertex,37291EC15CECC475,agc.main,',1,
empire2,0x17b384c00,vertex,37291EC15CECC475,agc.main,',38,114
empire2,0x17b384c00,vertex,37291EC15CECC475,agc.main,',30,252
empire2,0x17b384c00,vertex,37291EC15CECC475,agc.main,',21,
empire2,0x17b384c00,vertex,37291EC15CECC475,agc.main,',1,
empire2,0x17b384c00,vertex,37291EC15CECC475,agc.main,',207,289
empire2,0x17b384c00,fragment,21820F54954DE970,agc.main.constant_program,',151,206
empire2,0x17b384c00,fragment,21820F54954DE970,agc.main,',18,86
empire2,0x17b384c00,fragment,21820F54954DE970,agc.main,',23,86
empire2,0x17b384c00,fragment,21820F54954DE970,agc.main,',2,238
empire2,0x17b384c00,fragment,21820F54954DE970,agc.main,',25,239
empire2,0x17b384c00,fragment,21820F54954DE970,agc.main,',4,
empire2,0x17b384c00,fragment,21820F54954DE970,agc.main,',12,255
empire2,0x17b384c00,fragment,21820F54954DE970,agc.main,',1,
empire2,0x17b384c00,fragment,21820F54954DE970,agc.main,',3,269
empire2,0x17b384c00,fragment,21820F54954DE970,agc.main,',1,
empire2,0x17b384c00,fragment,21820F54954DE970,agc.main,',1,275
empire2,0x17b384c00,fragment,21820F54954DE970,agc.main,',27,
empire2,0x17b384c00,fragment,21820F54954DE970,agc.main,',1,
empire2,0x17b384c00,fragment,21820F54954DE970,agc.main,',3,
empire2,0x17b384c00,fragment,21820F54954DE970,agc.main,',35,332
empire2,0x17b384c00,fragment,21820F54954DE970,agc.main,',1,
empire2,0x17b384c00,fragment,21820F54954DE970,agc.main,',129,
empire2,0x17b384c00,fragment,21820F54954DE970,agc.main,',15,467
empire2,0x17b384c00,fragment,21820F54954DE970,agc.main,',1,
empire2,0x17b384c00,fragment,21820F54954DE970,agc.main,',147,86
empire2,0x17b36cc00,vertex,9C1452166BD01029,agc.main.constant_program,',20,0
empire2,0x17b36cc00,vertex,9C1452166BD01029,agc.main,',39,122
empire2,0x17b36cc00,vertex,9C1452166BD01029,agc.main,',27,156
empire2,0x17b36cc00,vertex,9C1452166BD01029,agc.main,',17,
empire2,0x17b36cc00,vertex,9C1452166BD01029,agc.main,',162,124
empire2,0x17b36cc00,fragment,537455CC7BB49C49,agc.main.constant_program,',160,256
empire2,0x17b36cc00,fragment,537455CC7BB49C49,agc.main,',19,133
empire2,0x17b36cc00,fragment,537455CC7BB49C49,agc.main,',23,133
empire2,0x17b36cc00,fragment,537455CC7BB49C49,agc.main,',2,302
empire2,0x17b36cc00,fragment,537455CC7BB49C49,agc.main,',25,303
empire2,0x17b36cc00,fragment,537455CC7BB49C49,agc.main,',4,
empire2,0x17b36cc00,fragment,537455CC7BB49C49,agc.main,',12,319
empire2,0x17b36cc00,fragment,537455CC7BB49C49,agc.main,',1,
empire2,0x17b36cc00,fragment,537455CC7BB49C49,agc.main,',3,333
empire2,0x17b36cc00,fragment,537455CC7BB49C49,agc.main,',1,
empire2,0x17b36cc00,fragment,537455CC7BB49C49,agc.main,',1,339
empire2,0x17b36cc00,fragment,537455CC7BB49C49,agc.main,',27,
empire2,0x17b36cc00,fragment,537455CC7BB49C49,agc.main,',1,
empire2,0x17b36cc00,fragment,537455CC7BB49C49,agc.main,',81,133
empire2,0x17b36cc00,fragment,537455CC7BB49C49,agc.main,',35,449
empire2,0x17b36cc00,fragment,537455CC7BB49C49,agc.main,',1,
empire2,0x17b36cc00,fragment,537455CC7BB49C49,agc.main,',130,
empire2,0x17b36cc00,fragment,537455CC7BB49C49,agc.main,',15,584
empire2,0x17b36cc00,fragment,537455CC7BB49C49,agc.main,',1,
empire2,0x17b36cc00,fragment,537455CC7BB49C49,agc.main,',166,133
empire2,0x17b32f000,vertex,E76E1AAEEE0FE6B3,agc.main.constant_program,',20,0
empire2,0x17b32f000,vertex,E76E1AAEEE0FE6B3,agc.main,',39,126
empire2,0x17b32f000,vertex,E76E1AAEEE0FE6B3,agc.main,',27,160
empire2,0x17b32f000,vertex,E76E1AAEEE0FE6B3,agc.main,',17,
empire2,0x17b32f000,vertex,E76E1AAEEE0FE6B3,agc.main,',176,128
empire2,0x17b32f000,fragment,3CAB235BF378FDC9,agc.main.constant_program,',169,256
empire2,0x17b32f000,fragment,3CAB235BF378FDC9,agc.main,',20,134
empire2,0x17b32f000,fragment,3CAB235BF378FDC9,agc.main,',23,134
empire2,0x17b32f000,fragment,3CAB235BF378FDC9,agc.main,',2,302
empire2,0x17b32f000,fragment,3CAB235BF378FDC9,agc.main,',25,303
empire2,0x17b32f000,fragment,3CAB235BF378FDC9,agc.main,',4,
empire2,0x17b32f000,fragment,3CAB235BF378FDC9,agc.main,',12,319
empire2,0x17b32f000,fragment,3CAB235BF378FDC9,agc.main,',1,
empire2,0x17b32f000,fragment,3CAB235BF378FDC9,agc.main,',3,333
empire2,0x17b32f000,fragment,3CAB235BF378FDC9,agc.main,',1,
empire2,0x17b32f000,fragment,3CAB235BF378FDC9,agc.main,',1,339
empire2,0x17b32f000,fragment,3CAB235BF378FDC9,agc.main,',27,
empire2,0x17b32f000,fragment,3CAB235BF378FDC9,agc.main,',1,
empire2,0x17b32f000,fragment,3CAB235BF378FDC9,agc.main,',81,134
empire2,0x17b32f000,fragment,3CAB235BF378FDC9,agc.main,',35,456
empire2,0x17b32f000,fragment,3CAB235BF378FDC9,agc.main,',1,
empire2,0x17b32f000,fragment,3CAB235BF378FDC9,agc.main,',130,
empire2,0x17b32f000,fragment,3CAB235BF378FDC9,agc.main,',15,591
empire2,0x17b32f000,fragment,3CAB235BF378FDC9,agc.main,',1,
empire2,0x17b32f000,fragment,3CAB235BF378FDC9,agc.main,',172,134
empire2,0x17b32c000,vertex,FC5D17909A869C1A,agc.main.constant_program,',20,0
empire2,0x17b32c000,vertex,FC5D17909A869C1A,agc.main,',39,123
empire2,0x17b32c000,vertex,FC5D17909A869C1A,agc.main,',30,180
empire2,0x17b32c000,vertex,FC5D17909A869C1A,agc.main,',21,
empire2,0x17b32c000,vertex,FC5D17909A869C1A,agc.main,',1,
empire2,0x17b32c000,vertex,FC5D17909A869C1A,agc.main,',195,218
empire2,0x17b32c000,fragment,FDA8C747A5187008,agc.main.constant_program,',152,254
empire2,0x17b32c000,fragment,FDA8C747A5187008,agc.main,',19,131
empire2,0x17b32c000,fragment,FDA8C747A5187008,agc.main,',23,131
empire2,0x17b32c000,fragment,FDA8C747A5187008,agc.main,',2,287
empire2,0x17b32c000,fragment,FDA8C747A5187008,agc.main,',25,288
empire2,0x17b32c000,fragment,FDA8C747A5187008,agc.main,',4,
empire2,0x17b32c000,fragment,FDA8C747A5187008,agc.main,',12,304
empire2,0x17b32c000,fragment,FDA8C747A5187008,agc.main,',1,
empire2,0x17b32c000,fragment,FDA8C747A5187008,agc.main,',3,318
empire2,0x17b32c000,fragment,FDA8C747A5187008,agc.main,',1,
empire2,0x17b32c000,fragment,FDA8C747A5187008,agc.main,',1,324
empire2,0x17b32c000,fragment,FDA8C747A5187008,agc.main,',27,
empire2,0x17b32c000,fragment,FDA8C747A5187008,agc.main,',1,
empire2,0x17b32c000,fragment,FDA8C747A5187008,agc.main,',3,
empire2,0x17b32c000,fragment,FDA8C747A5187008,agc.main,',35,381
empire2,0x17b32c000,fragment,FDA8C747A5187008,agc.main,',1,
empire2,0x17b32c000,fragment,FDA8C747A5187008,agc.main,',129,
empire2,0x17b32c000,fragment,FDA8C747A5187008,agc.main,',15,516
empire2,0x17b32c000,fragment,FDA8C747A5187008,agc.main,',1,
empire2,0x17b32c000,fragment,FDA8C747A5187008,agc.main,',147,131
empire2,0x17b3c9800,vertex,FC5D17909A869C1A,agc.main.constant_program,',24,0
empire2,0x17b3c9800,vertex,FC5D17909A869C1A,agc.main,',43,123
empire2,0x17b3c9800,vertex,FC5D17909A869C1A,agc.main,',30,180
empire2,0x17b3c9800,vertex,FC5D17909A869C1A,agc.main,',21,
empire2,0x17b3c9800,vertex,FC5D17909A869C1A,agc.main,',1,
empire2,0x17b3c9800,vertex,FC5D17909A869C1A,agc.main,',188,125
empire2,0x17b3c9800,fragment,3E7759CA7E3AA058,agc.main.constant_program,',152,263
empire2,0x17b3c9800,fragment,3E7759CA7E3AA058,agc.main,',22,132
empire2,0x17b3c9800,fragment,3E7759CA7E3AA058,agc.main,',23,132
empire2,0x17b3c9800,fragment,3E7759CA7E3AA058,agc.main,',2,295
empire2,0x17b3c9800,fragment,3E7759CA7E3AA058,agc.main,',25,296
empire2,0x17b3c9800,fragment,3E7759CA7E3AA058,agc.main,',4,
empire2,0x17b3c9800,fragment,3E7759CA7E3AA058,agc.main,',12,312
empire2,0x17b3c9800,fragment,3E7759CA7E3AA058,agc.main,',1,
empire2,0x17b3c9800,fragment,3E7759CA7E3AA058,agc.main,',3,326
empire2,0x17b3c9800,fragment,3E7759CA7E3AA058,agc.main,',1,
empire2,0x17b3c9800,fragment,3E7759CA7E3AA058,agc.main,',1,332
empire2,0x17b3c9800,fragment,3E7759CA7E3AA058,agc.main,',27,
empire2,0x17b3c9800,fragment,3E7759CA7E3AA058,agc.main,',1,
empire2,0x17b3c9800,fragment,3E7759CA7E3AA058,agc.main,',3,
empire2,0x17b3c9800,fragment,3E7759CA7E3AA058,agc.main,',35,388
empire2,0x17b3c9800,fragment,3E7759CA7E3AA058,agc.main,',1,
empire2,0x17b3c9800,fragment,3E7759CA7E3AA058,agc.main,',128,377
empire2,0x17b3c9800,fragment,3E7759CA7E3AA058,agc.main,',15,523
empire2,0x17b3c9800,fragment,3E7759CA7E3AA058,agc.main,',1,
empire2,0x17b3c9800,fragment,3E7759CA7E3AA058,agc.main,',157,132
empire2,0x17b2ec000,vertex,A5471301C9A914FE,agc.main.constant_program,',24,0
empire2,0x17b2ec000,vertex,A5471301C9A914FE,agc.main,',38,127
empire2,0x17b2ec000,vertex,A5471301C9A914FE,agc.main,',30,194
empire2,0x17b2ec000,vertex,A5471301C9A914FE,agc.main,',21,
empire2,0x17b2ec000,vertex,A5471301C9A914FE,agc.main,',1,
empire2,0x17b2ec000,vertex,A5471301C9A914FE,agc.main,',205,129
empire2,0x17b2ec000,fragment,90DD8BBE11E20C25,agc.main.constant_program,',152,232
empire2,0x17b2ec000,fragment,90DD8BBE11E20C25,agc.main,',4,
empire2,0x17b2ec000,fragment,90DD8BBE11E20C25,agc.main,',36,98
empire2,0x17b2ec000,fragment,90DD8BBE11E20C25,agc.main,',11,98
empire2,0x17b2ec000,fragment,90DD8BBE11E20C25,agc.main,',23,98
empire2,0x17b2ec000,fragment,90DD8BBE11E20C25,agc.main,',2,288
empire2,0x17b2ec000,fragment,90DD8BBE11E20C25,agc.main,',25,289
empire2,0x17b2ec000,fragment,90DD8BBE11E20C25,agc.main,',4,
empire2,0x17b2ec000,fragment,90DD8BBE11E20C25,agc.main,',12,305
empire2,0x17b2ec000,fragment,90DD8BBE11E20C25,agc.main,',1,
empire2,0x17b2ec000,fragment,90DD8BBE11E20C25,agc.main,',3,319
empire2,0x17b2ec000,fragment,90DD8BBE11E20C25,agc.main,',1,
empire2,0x17b2ec000,fragment,90DD8BBE11E20C25,agc.main,',1,325
empire2,0x17b2ec000,fragment,90DD8BBE11E20C25,agc.main,',27,
empire2,0x17b2ec000,fragment,90DD8BBE11E20C25,agc.main,',1,
empire2,0x17b2ec000,fragment,90DD8BBE11E20C25,agc.main,',2,
empire2,0x17b2ec000,fragment,90DD8BBE11E20C25,agc.main,',34,382
empire2,0x17b2ec000,fragment,90DD8BBE11E20C25,agc.main,',1,
empire2,0x17b2ec000,fragment,90DD8BBE11E20C25,agc.main,',129,
empire2,0x17b2ec000,fragment,90DD8BBE11E20C25,agc.main,',15,517
empire2,0x17b2ec000,fragment,90DD8BBE11E20C25,agc.main,',1,
empire2,0x17b2ec000,fragment,90DD8BBE11E20C25,agc.main,',159,98
empire2,0x17b2ec000,fragment,90DD8BBE11E20C25,agc.main,',1,
empire2,0x17b2ec000,fragment,90DD8BBE11E20C25,agc.main,',1,
empire2,0x171320c00,vertex,9C1452166BD01029,agc.main.constant_program,',25,0
empire2,0x171320c00,vertex,9C1452166BD01029,agc.main,',45,122
empire2,0x171320c00,vertex,9C1452166BD01029,agc.main,',27,156
empire2,0x171320c00,vertex,9C1452166BD01029,agc.main,',17,
empire2,0x171320c00,vertex,9C1452166BD01029,agc.main,',161,124
empire2,0x171320c00,fragment,75B0E8BB7D998BB6,agc.main.constant_program,',162,246
empire2,0x171320c00,fragment,75B0E8BB7D998BB6,agc.main,',19,134
empire2,0x171320c00,fragment,75B0E8BB7D998BB6,agc.main,',23,134
empire2,0x171320c00,fragment,75B0E8BB7D998BB6,agc.main,',2,296
empire2,0x171320c00,fragment,75B0E8BB7D998BB6,agc.main,',25,297
empire2,0x171320c00,fragment,75B0E8BB7D998BB6,agc.main,',4,
empire2,0x171320c00,fragment,75B0E8BB7D998BB6,agc.main,',12,313
empire2,0x171320c00,fragment,75B0E8BB7D998BB6,agc.main,',1,
empire2,0x171320c00,fragment,75B0E8BB7D998BB6,agc.main,',3,327
empire2,0x171320c00,fragment,75B0E8BB7D998BB6,agc.main,',1,
empire2,0x171320c00,fragment,75B0E8BB7D998BB6,agc.main,',1,333
empire2,0x171320c00,fragment,75B0E8BB7D998BB6,agc.main,',27,
empire2,0x171320c00,fragment,75B0E8BB7D998BB6,agc.main,',1,
empire2,0x171320c00,fragment,75B0E8BB7D998BB6,agc.main,',71,134
empire2,0x171320c00,fragment,75B0E8BB7D998BB6,agc.main,',35,436
empire2,0x171320c00,fragment,75B0E8BB7D998BB6,agc.main,',1,
empire2,0x171320c00,fragment,75B0E8BB7D998BB6,agc.main,',129,425
empire2,0x171320c00,fragment,75B0E8BB7D998BB6,agc.main,',15,571
empire2,0x171320c00,fragment,75B0E8BB7D998BB6,agc.main,',1,
empire2,0x171320c00,fragment,75B0E8BB7D998BB6,agc.main,',175,134
empire2,0x17c109800,vertex,B70C9B8C3CB291A8,agc.main,',58,
empire2,0x17c109800,fragment,559B5AD3FC2AA6C3,agc.main.constant_program,',60,80
empire2,0x17c109800,fragment,559B5AD3FC2AA6C3,agc.main,',68,47
empire2,0x17c109800,fragment,559B5AD3FC2AA6C3,agc.main,',15,151
empire2,0x17c109800,fragment,559B5AD3FC2AA6C3,agc.main,',1,
empire2,0x17c109800,fragment,559B5AD3FC2AA6C3,agc.main,',81,47
empire2,0x171349800,vertex,F5D13132E7F44A41,agc.main.constant_program,',53,0
empire2,0x171349800,vertex,F5D13132E7F44A41,agc.main,',66,141
empire2,0x171349800,vertex,F5D13132E7F44A41,agc.main,',27,208
empire2,0x171349800,vertex,F5D13132E7F44A41,agc.main,',17,
empire2,0x171349800,vertex,F5D13132E7F44A41,agc.main,',161,143
empire2,0x171349800,fragment,89C52512CBAD6D,agc.main.constant_program,',182,231
empire2,0x171349800,fragment,89C52512CBAD6D,agc.main,',4,
empire2,0x171349800,fragment,89C52512CBAD6D,agc.main,',36,107
empire2,0x171349800,fragment,89C52512CBAD6D,agc.main,',11,107
empire2,0x171349800,fragment,89C52512CBAD6D,agc.main,',24,107
empire2,0x171349800,fragment,89C52512CBAD6D,agc.main,',2,375
empire2,0x171349800,fragment,89C52512CBAD6D,agc.main,',25,376
empire2,0x171349800,fragment,89C52512CBAD6D,agc.main,',4,
empire2,0x171349800,fragment,89C52512CBAD6D,agc.main,',13,392
empire2,0x171349800,fragment,89C52512CBAD6D,agc.main,',1,
empire2,0x171349800,fragment,89C52512CBAD6D,agc.main,',3,406
empire2,0x171349800,fragment,89C52512CBAD6D,agc.main,',1,
empire2,0x171349800,fragment,89C52512CBAD6D,agc.main,',1,412
empire2,0x171349800,fragment,89C52512CBAD6D,agc.main,',27,
empire2,0x171349800,fragment,89C52512CBAD6D,agc.main,',1,
empire2,0x171349800,fragment,89C52512CBAD6D,agc.main,',2,
empire2,0x171349800,fragment,89C52512CBAD6D,agc.main,',35,483
empire2,0x171349800,fragment,89C52512CBAD6D,agc.main,',1,
empire2,0x171349800,fragment,89C52512CBAD6D,agc.main,',130,
empire2,0x171349800,fragment,89C52512CBAD6D,agc.main,',16,618
empire2,0x171349800,fragment,89C52512CBAD6D,agc.main,',1,
empire2,0x171349800,fragment,89C52512CBAD6D,agc.main,',294,107
empire2,0x171349800,fragment,89C52512CBAD6D,agc.main,',1,
empire2,0x171349800,fragment,89C52512CBAD6D,agc.main,',1,
empire2,0x17b2ef000,vertex,3CEB06A14A77D67F,agc.main.constant_program,',20,0
empire2,0x17b2ef000,vertex,3CEB06A14A77D67F,agc.main,',39,127
empire2,0x17b2ef000,vertex,3CEB06A14A77D67F,agc.main,',27,184
empire2,0x17b2ef000,vertex,3CEB06A14A77D67F,agc.main,',17,
empire2,0x17b2ef000,vertex,3CEB06A14A77D67F,agc.main,',196,231
empire2,0x17b2ef000,fragment,FDA8C747A5187008,agc.main.constant_program,',152,254
empire2,0x17b2ef000,fragment,FDA8C747A5187008,agc.main,',19,131
empire2,0x17b2ef000,fragment,FDA8C747A5187008,agc.main,',23,131
empire2,0x17b2ef000,fragment,FDA8C747A5187008,agc.main,',2,287
empire2,0x17b2ef000,fragment,FDA8C747A5187008,agc.main,',25,288
empire2,0x17b2ef000,fragment,FDA8C747A5187008,agc.main,',4,
empire2,0x17b2ef000,fragment,FDA8C747A5187008,agc.main,',12,304
empire2,0x17b2ef000,fragment,FDA8C747A5187008,agc.main,',1,
empire2,0x17b2ef000,fragment,FDA8C747A5187008,agc.main,',3,318
empire2,0x17b2ef000,fragment,FDA8C747A5187008,agc.main,',1,
empire2,0x17b2ef000,fragment,FDA8C747A5187008,agc.main,',1,324
empire2,0x17b2ef000,fragment,FDA8C747A5187008,agc.main,',27,
empire2,0x17b2ef000,fragment,FDA8C747A5187008,agc.main,',1,
empire2,0x17b2ef000,fragment,FDA8C747A5187008,agc.main,',3,
empire2,0x17b2ef000,fragment,FDA8C747A5187008,agc.main,',35,381
empire2,0x17b2ef000,fragment,FDA8C747A5187008,agc.main,',1,
empire2,0x17b2ef000,fragment,FDA8C747A5187008,agc.main,',129,
empire2,0x17b2ef000,fragment,FDA8C747A5187008,agc.main,',15,516
empire2,0x17b2ef000,fragment,FDA8C747A5187008,agc.main,',1,
empire2,0x17b2ef000,fragment,FDA8C747A5187008,agc.main,',147,131
empire2,0x17b298c00,vertex,7899A635D90D2E9,agc.main.constant_program,',77,0
empire2,0x17b298c00,vertex,7899A635D90D2E9,agc.main,',101,158
empire2,0x17b298c00,vertex,7899A635D90D2E9,agc.main,',27,262
empire2,0x17b298c00,vertex,7899A635D90D2E9,agc.main,',17,
empire2,0x17b298c00,vertex,7899A635D90D2E9,agc.main,',167,160
empire2,0x17b298c00,fragment,3763AC95B0BD53FA,agc.main.constant_program,',182,242
empire2,0x17b298c00,fragment,3763AC95B0BD53FA,agc.main,',4,
empire2,0x17b298c00,fragment,3763AC95B0BD53FA,agc.main,',36,109
empire2,0x17b298c00,fragment,3763AC95B0BD53FA,agc.main,',11,109
empire2,0x17b298c00,fragment,3763AC95B0BD53FA,agc.main,',24,109
empire2,0x17b298c00,fragment,3763AC95B0BD53FA,agc.main,',2,386
empire2,0x17b298c00,fragment,3763AC95B0BD53FA,agc.main,',25,387
empire2,0x17b298c00,fragment,3763AC95B0BD53FA,agc.main,',4,
empire2,0x17b298c00,fragment,3763AC95B0BD53FA,agc.main,',13,403
empire2,0x17b298c00,fragment,3763AC95B0BD53FA,agc.main,',1,
empire2,0x17b298c00,fragment,3763AC95B0BD53FA,agc.main,',3,417
empire2,0x17b298c00,fragment,3763AC95B0BD53FA,agc.main,',1,
empire2,0x17b298c00,fragment,3763AC95B0BD53FA,agc.main,',1,423
empire2,0x17b298c00,fragment,3763AC95B0BD53FA,agc.main,',27,
empire2,0x17b298c00,fragment,3763AC95B0BD53FA,agc.main,',1,
empire2,0x17b298c00,fragment,3763AC95B0BD53FA,agc.main,',2,
empire2,0x17b298c00,fragment,3763AC95B0BD53FA,agc.main,',35,494
empire2,0x17b298c00,fragment,3763AC95B0BD53FA,agc.main,',1,
empire2,0x17b298c00,fragment,3763AC95B0BD53FA,agc.main,',130,
empire2,0x17b298c00,fragment,3763AC95B0BD53FA,agc.main,',16,629
empire2,0x17b298c00,fragment,3763AC95B0BD53FA,agc.main,',1,
empire2,0x17b298c00,fragment,3763AC95B0BD53FA,agc.main,',310,109
empire2,0x17b298c00,fragment,3763AC95B0BD53FA,agc.main,',1,
empire2,0x17b298c00,fragment,3763AC95B0BD53FA,agc.main,',1,
empire2,0x17b36f000,vertex,C5A23A39586A6494,agc.main.constant_program,',29,0
empire2,0x17b36f000,vertex,C5A23A39586A6494,agc.main,',80,158
empire2,0x17b36f000,vertex,C5A23A39586A6494,agc.main,',30,234
empire2,0x17b36f000,vertex,C5A23A39586A6494,agc.main,',21,
empire2,0x17b36f000,vertex,C5A23A39586A6494,agc.main,',1,
empire2,0x17b36f000,vertex,C5A23A39586A6494,agc.main,',188,160
empire2,0x17b36f000,fragment,CAE3F95F0F0257F7,agc.main.constant_program,',140,246
empire2,0x17b36f000,fragment,CAE3F95F0F0257F7,agc.main,',18,127
empire2,0x17b36f000,fragment,CAE3F95F0F0257F7,agc.main,',23,127
empire2,0x17b36f000,fragment,CAE3F95F0F0257F7,agc.main,',2,276
empire2,0x17b36f000,fragment,CAE3F95F0F0257F7,agc.main,',25,277
empire2,0x17b36f000,fragment,CAE3F95F0F0257F7,agc.main,',4,
empire2,0x17b36f000,fragment,CAE3F95F0F0257F7,agc.main,',12,293
empire2,0x17b36f000,fragment,CAE3F95F0F0257F7,agc.main,',1,
empire2,0x17b36f000,fragment,CAE3F95F0F0257F7,agc.main,',3,307
empire2,0x17b36f000,fragment,CAE3F95F0F0257F7,agc.main,',1,
empire2,0x17b36f000,fragment,CAE3F95F0F0257F7,agc.main,',1,313
empire2,0x17b36f000,fragment,CAE3F95F0F0257F7,agc.main,',27,
empire2,0x17b36f000,fragment,CAE3F95F0F0257F7,agc.main,',1,
empire2,0x17b36f000,fragment,CAE3F95F0F0257F7,agc.main,',4,
empire2,0x17b36f000,fragment,CAE3F95F0F0257F7,agc.main,',35,369
empire2,0x17b36f000,fragment,CAE3F95F0F0257F7,agc.main,',1,
empire2,0x17b36f000,fragment,CAE3F95F0F0257F7,agc.main,',129,
empire2,0x17b36f000,fragment,CAE3F95F0F0257F7,agc.main,',15,504
empire2,0x17b36f000,fragment,CAE3F95F0F0257F7,agc.main,',1,
empire2,0x17b36f000,fragment,CAE3F95F0F0257F7,agc.main,',151,127
empire2,0x171350c00,vertex,24B4211C998DA423,agc.main.constant_program,',31,0
empire2,0x171350c00,vertex,24B4211C998DA423,agc.main,',37,171
empire2,0x171350c00,vertex,24B4211C998DA423,agc.main,',27,210
empire2,0x171350c00,vertex,24B4211C998DA423,agc.main,',17,
empire2,0x171350c00,vertex,24B4211C998DA423,agc.main,',186,173
empire2,0x171350c00,fragment,13EBDB9A014E1EC2,agc.main.constant_program,',196,217
empire2,0x171350c00,fragment,13EBDB9A014E1EC2,agc.main,',59,131
empire2,0x171350c00,fragment,13EBDB9A014E1EC2,agc.main,',2,313
empire2,0x171350c00,fragment,13EBDB9A014E1EC2,agc.main,',17,315
empire2,0x171350c00,fragment,13EBDB9A014E1EC2,agc.main,',1,
empire2,0x171350c00,fragment,13EBDB9A014E1EC2,agc.main,',1,336
empire2,0x171350c00,fragment,13EBDB9A014E1EC2,agc.main,',27,
empire2,0x171350c00,fragment,13EBDB9A014E1EC2,agc.main,',1,
empire2,0x171350c00,fragment,13EBDB9A014E1EC2,agc.main,',57,131
empire2,0x171350c00,fragment,13EBDB9A014E1EC2,agc.main,',35,426
empire2,0x171350c00,fragment,13EBDB9A014E1EC2,agc.main,',1,
empire2,0x171350c00,fragment,13EBDB9A014E1EC2,agc.main,',129,415
empire2,0x171350c00,fragment,13EBDB9A014E1EC2,agc.main,',15,562
empire2,0x171350c00,fragment,13EBDB9A014E1EC2,agc.main,',1,
empire2,0x171350c00,fragment,13EBDB9A014E1EC2,agc.main,',175,131
empire2,0x17b00a400,vertex,3EA5D56C463C3D2A,agc.main.constant_program,',22,0
empire2,0x17b00a400,vertex,3EA5D56C463C3D2A,agc.main,',91,90
empire2,0x17b00a400,fragment,791277F879E1FBC9,agc.main.constant_program,',16,40
empire2,0x17b00a400,fragment,791277F879E1FBC9,agc.main,',22,49
empire2,0x17b028000,vertex,3EA5D56C463C3D2A,agc.main.constant_program,',22,0
empire2,0x17b028000,vertex,3EA5D56C463C3D2A,agc.main,',91,90
empire2,0x17b028000,fragment,791277F879E1FBC9,agc.main.constant_program,',16,40
empire2,0x17b028000,fragment,791277F879E1FBC9,agc.main,',22,49
empire2,0x17c0a6400,vertex,B70C9B8C3CB291A8,agc.main,',72,
empire2,0x17c0a6400,fragment,D5988DA6CDB91FD3,agc.main.constant_program,',37,57
empire2,0x17c0a6400,fragment,D5988DA6CDB91FD3,agc.main,',48,44
empire2,0x17c063000,vertex,B70C9B8C3CB291A8,agc.main,',58,
empire2,0x17c063000,fragment,D8A2333527888AEA,agc.main.constant_program,',135,83
empire2,0x17c063000,fragment,D8A2333527888AEA,agc.main,',119,54
empire2,0x17c032400,vertex,B70C9B8C3CB291A8,agc.main,',58,
empire2,0x17c032400,fragment,DDF102376784B008,agc.main.constant_program,',81,81
empire2,0x17c032400,fragment,DDF102376784B008,agc.main,',70,44
empire2,0x17c07d800,vertex,B70C9B8C3CB291A8,agc.main,',58,
empire2,0x17c07d800,fragment,A823E8B0C4DC2A2E,agc.main.constant_program,',109,89
empire2,0x17c07d800,fragment,A823E8B0C4DC2A2E,agc.main,',103,49
empire2,0x17b3c8000,vertex,9C1452166BD01029,agc.main.constant_program,',25,0
empire2,0x17b3c8000,vertex,9C1452166BD01029,agc.main,',45,122
empire2,0x17b3c8000,vertex,9C1452166BD01029,agc.main,',27,156
empire2,0x17b3c8000,vertex,9C1452166BD01029,agc.main,',17,
empire2,0x17b3c8000,vertex,9C1452166BD01029,agc.main,',168,124
empire2,0x17b3c8000,fragment,5BD7ADC28BED71D0,agc.main.constant_program,',132,224
empire2,0x17b3c8000,fragment,5BD7ADC28BED71D0,agc.main,',18,130
empire2,0x17b3c8000,fragment,5BD7ADC28BED71D0,agc.main,',23,130
empire2,0x17b3c8000,fragment,5BD7ADC28BED71D0,agc.main,',2,274
empire2,0x17b3c8000,fragment,5BD7ADC28BED71D0,agc.main,',25,275
empire2,0x17b3c8000,fragment,5BD7ADC28BED71D0,agc.main,',4,
empire2,0x17b3c8000,fragment,5BD7ADC28BED71D0,agc.main,',12,291
empire2,0x17b3c8000,fragment,5BD7ADC28BED71D0,agc.main,',1,
empire2,0x17b3c8000,fragment,5BD7ADC28BED71D0,agc.main,',3,305
empire2,0x17b3c8000,fragment,5BD7ADC28BED71D0,agc.main,',1,
empire2,0x17b3c8000,fragment,5BD7ADC28BED71D0,agc.main,',1,311
empire2,0x17b3c8000,fragment,5BD7ADC28BED71D0,agc.main,',27,
empire2,0x17b3c8000,fragment,5BD7ADC28BED71D0,agc.main,',1,
empire2,0x17b3c8000,fragment,5BD7ADC28BED71D0,agc.main,',3,
empire2,0x17b3c8000,fragment,5BD7ADC28BED71D0,agc.main,',35,360
empire2,0x17b3c8000,fragment,5BD7ADC28BED71D0,agc.main,',1,
empire2,0x17b3c8000,fragment,5BD7ADC28BED71D0,agc.main,',130,
empire2,0x17b3c8000,fragment,5BD7ADC28BED71D0,agc.main,',15,495
empire2,0x17b3c8000,fragment,5BD7ADC28BED71D0,agc.main,',1,
empire2,0x17b3c8000,fragment,5BD7ADC28BED71D0,agc.main,',132,130
